{
    "speed": 0.00010738990214253022,
    "steer": 0.011805636808276176,
    "throttle": 0.75,
    "brake": 0.0,
    "wp_4": [
        0.8799111247062683,
        14.41301441192627
    ],
    "wp_3": [
        0.49682536721229553,
        10.524470329284668
    ],
    "wp_2": [
        0.25401604175567627,
        6.702873706817627
    ],
    "wp_1": [
        0.05327176675200462,
        3.0698699951171875
    ],
    "aim": [
        0.05327176675200462,
        3.0698699951171875
    ],
    "target": [
        6.480299089943477,
        54.271795678589534
    ],
    "desired_speed": 7.935202503204346,
    "angle": 0.011046209444154097,
    "angle_last": 0.07119960957346562,
    "angle_target": 0.07565709246493152,
    "angle_final": 0.011046209444154097,
    "delta": 0.25,
    "agent": "only_traj",
    "steer_traj": 0.011805636343439691,
    "throttle_traj": 0.75,
    "brake_traj": 0.0,
    "plan": [
        [
            0.05327176675200462,
            3.0698699951171875
        ],
        [
            0.25401604175567627,
            6.702873706817627
        ],
        [
            0.49682536721229553,
            10.524470329284668
        ],
        [
            0.8799111247062683,
            14.41301441192627
        ],
        [
            1.2590258121490479,
            18.61597442626953
        ],
        [
            1.7325485944747925,
            22.832233428955078
        ]
    ]
}