{
    "speed": 8.688970961564222e-05,
    "steer": 0.0020300683099776506,
    "throttle": 0.75,
    "brake": 0.0,
    "wp_4": [
        0.030466699972748756,
        6.896506309509277
    ],
    "wp_3": [
        -0.018878770992159843,
        4.08211612701416
    ],
    "wp_2": [
        0.013475978747010231,
        1.7848914861679077
    ],
    "wp_1": [
        -0.004124168306589127,
        0.3418999910354614
    ],
    "aim": [
        0.013475978747010231,
        1.7848914861679077
    ],
    "target": [
        6.546812688443649,
        54.12040376476872
    ],
    "desired_speed": 4.332743358612061,
    "angle": 0.004806376291402781,
    "angle_last": 0.011648783910930778,
    "angle_target": 0.07663796401117144,
    "angle_final": 0.004806376291402781,
    "delta": 0.25,
    "agent": "only_traj",
    "steer_traj": 0.0020300682552683823,
    "throttle_traj": 0.75,
    "brake_traj": 0.0,
    "plan": [
        [
            -0.004124168306589127,
            0.3418999910354614
        ],
        [
            0.013475978747010231,
            1.7848914861679077
        ],
        [
            -0.018878770992159843,
            4.08211612701416
        ],
        [
            0.030466699972748756,
            6.896506309509277
        ],
        [
            0.1563214659690857,
            9.847257614135742
        ],
        [
            0.18052905797958374,
            11.170086860656738
        ]
    ]
}