{
    "speed": 8.499969525252796e-05,
    "steer": -0.0014560010749846697,
    "throttle": 0.75,
    "brake": 0.0,
    "wp_4": [
        0.04738869518041611,
        7.524494171142578
    ],
    "wp_3": [
        -0.02714359760284424,
        4.613248348236084
    ],
    "wp_2": [
        -0.000996297225356102,
        2.177389621734619
    ],
    "wp_1": [
        -0.008179251104593277,
        0.5335426330566406
    ],
    "aim": [
        -0.000996297225356102,
        2.177389621734619
    ],
    "target": [
        5.903203337607119,
        54.16203480458669
    ],
    "desired_speed": 5.398715162277222,
    "angle": -0.00029129745014084673,
    "angle_last": 0.04394040048693551,
    "angle_target": 0.06911335864291948,
    "angle_final": -0.00029129745014084673,
    "delta": 0.25,
    "agent": "only_traj",
    "steer_traj": -0.0014560010547171728,
    "throttle_traj": 0.75,
    "brake_traj": 0.0,
    "plan": [
        [
            -0.008179251104593277,
            0.5335426330566406
        ],
        [
            -0.000996297225356102,
            2.177389621734619
        ],
        [
            -0.02714359760284424,
            4.613248348236084
        ],
        [
            0.04738869518041611,
            7.524494171142578
        ],
        [
            0.21490809321403503,
            10.710168838500977
        ],
        [
            0.4435083866119385,
            14.016926765441895
        ]
    ]
}