{
    "speed": 6.17576804877051e-05,
    "steer": -0.010686174035072327,
    "throttle": 0.75,
    "brake": 0.0,
    "wp_4": [
        -0.014332689344882965,
        6.524282932281494
    ],
    "wp_3": [
        -0.06139150261878967,
        3.7745039463043213
    ],
    "wp_2": [
        -0.002589559182524681,
        1.6123521327972412
    ],
    "wp_1": [
        -0.01270771399140358,
        0.2966756522655487
    ],
    "aim": [
        -0.06139150261878967,
        3.7745039463043213
    ],
    "target": [
        6.245064642069786,
        54.59118954783633
    ],
    "desired_speed": 5.0123467445373535,
    "angle": -0.010353532135403631,
    "angle_last": 0.04147523343349635,
    "angle_target": 0.07251213184932645,
    "angle_final": -0.010353532135403631,
    "delta": 0.25,
    "agent": "only_traj",
    "steer_traj": -0.010686174079318825,
    "throttle_traj": 0.75,
    "brake_traj": 0.0,
    "plan": [
        [
            -0.01270771399140358,
            0.2966756522655487
        ],
        [
            -0.002589559182524681,
            1.6123521327972412
        ],
        [
            -0.06139150261878967,
            3.7745039463043213
        ],
        [
            -0.014332689344882965,
            6.524282932281494
        ],
        [
            0.12555158138275146,
            9.552018165588379
        ],
        [
            0.3385072946548462,
            12.816132545471191
        ]
    ]
}