{
    "speed": 5.425947270513325e-05,
    "steer": -0.009439922869205475,
    "throttle": 0.75,
    "brake": 0.0,
    "wp_4": [
        -0.057434625923633575,
        7.005311965942383
    ],
    "wp_3": [
        -0.10486780107021332,
        4.207561492919922
    ],
    "wp_2": [
        -0.035924993455410004,
        1.9329965114593506
    ],
    "wp_1": [
        -0.02215004339814186,
        0.4603726267814636
    ],
    "aim": [
        -0.035924993455410004,
        1.9329965114593506
    ],
    "target": [
        5.547702784095563,
        53.9340793268015
    ],
    "desired_speed": 5.191084003448486,
    "angle": -0.011830294924951166,
    "angle_last": 0.0487037744141024,
    "angle_target": 0.06525373195155884,
    "angle_final": -0.011830294924951166,
    "delta": 0.25,
    "agent": "only_traj",
    "steer_traj": -0.009439922632607737,
    "throttle_traj": 0.75,
    "brake_traj": 0.0,
    "plan": [
        [
            -0.02215004339814186,
            0.4603726267814636
        ],
        [
            -0.035924993455410004,
            1.9329965114593506
        ],
        [
            -0.10486780107021332,
            4.207561492919922
        ],
        [
            -0.057434625923633575,
            7.005311965942383
        ],
        [
            0.09078625589609146,
            10.113823890686035
        ],
        [
            0.3444707989692688,
            13.423331260681152
        ]
    ]
}