{
    "speed": 5.183297044637482e-05,
    "steer": -0.01326683722436428,
    "throttle": 0.75,
    "brake": 0.0,
    "wp_4": [
        -0.05022735148668289,
        6.071565628051758
    ],
    "wp_3": [
        -0.08586527407169342,
        3.4993319511413574
    ],
    "wp_2": [
        -0.009085854515433311,
        1.5142827033996582
    ],
    "wp_1": [
        -0.012054089456796646,
        0.3115796446800232
    ],
    "aim": [
        -0.08586527407169342,
        3.4993319511413574
    ],
    "target": [
        5.658059968871442,
        54.01914973699568
    ],
    "desired_speed": 4.74148268699646,
    "angle": -0.015618014274677126,
    "angle_last": 0.04021665724243533,
    "angle_target": 0.06643841058410338,
    "angle_final": -0.015618014274677126,
    "delta": 0.25,
    "agent": "only_traj",
    "steer_traj": -0.013266836880605929,
    "throttle_traj": 0.75,
    "brake_traj": 0.0,
    "plan": [
        [
            -0.012054089456796646,
            0.3115796446800232
        ],
        [
            -0.009085854515433311,
            1.5142827033996582
        ],
        [
            -0.08586527407169342,
            3.4993319511413574
        ],
        [
            -0.05022735148668289,
            6.071565628051758
        ],
        [
            0.07859248667955399,
            8.976093292236328
        ],
        [
            0.2796369791030884,
            12.154343605041504
        ]
    ]
}