{
    "speed": 4.366385640626187e-05,
    "steer": -0.01080816425383091,
    "throttle": 0.75,
    "brake": 0.0,
    "wp_4": [
        -0.048056334257125854,
        5.474417686462402
    ],
    "wp_3": [
        -0.06887143850326538,
        3.1075689792633057
    ],
    "wp_2": [
        0.00707305409014225,
        1.3118098974227905
    ],
    "wp_1": [
        -0.012298140674829483,
        0.2574739158153534
    ],
    "aim": [
        -0.06887143850326538,
        3.1075689792633057
    ],
    "target": [
        6.617645764311881,
        54.70078734207553
    ],
    "desired_speed": 4.394948196411132,
    "angle": -0.01410672108432564,
    "angle_last": 0.028535591832888747,
    "angle_target": 0.07664513867349537,
    "angle_final": -0.01410672108432564,
    "delta": 0.25,
    "agent": "only_traj",
    "steer_traj": -0.010808164246150187,
    "throttle_traj": 0.75,
    "brake_traj": 0.0,
    "plan": [
        [
            -0.012298140674829483,
            0.2574739158153534
        ],
        [
            0.00707305409014225,
            1.3118098974227905
        ],
        [
            -0.06887143850326538,
            3.1075689792633057
        ],
        [
            -0.048056334257125854,
            5.474417686462402
        ],
        [
            0.057939641177654266,
            8.209687232971191
        ],
        [
            0.19376474618911743,
            11.237872123718262
        ]
    ]
}