{
    "speed": 3.6726438103154015e-05,
    "steer": -0.010709209367632866,
    "throttle": 0.75,
    "brake": 0.0,
    "wp_4": [
        -0.026160024106502533,
        6.3209309577941895
    ],
    "wp_3": [
        -0.07750079035758972,
        3.697323799133301
    ],
    "wp_2": [
        -0.009727319702506065,
        1.6275479793548584
    ],
    "wp_1": [
        -0.013387296348810196,
        0.3441409766674042
    ],
    "aim": [
        -0.07750079035758972,
        3.697323799133301
    ],
    "target": [
        6.3039577422689375,
        54.778028825874024
    ],
    "desired_speed": 4.853372287750243,
    "angle": -0.013342422916201212,
    "angle_last": 0.04177970808849736,
    "angle_target": 0.07294250754253948,
    "angle_final": -0.013342422916201212,
    "delta": 0.25,
    "agent": "only_traj",
    "steer_traj": -0.010709209556403757,
    "throttle_traj": 0.75,
    "brake_traj": 0.0,
    "plan": [
        [
            -0.013387296348810196,
            0.3441409766674042
        ],
        [
            -0.009727319702506065,
            1.6275479793548584
        ],
        [
            -0.07750079035758972,
            3.697323799133301
        ],
        [
            -0.026160024106502533,
            6.3209309577941895
        ],
        [
            0.1306634545326233,
            9.269089698791504
        ],
        [
            0.3406974971294403,
            12.464892387390137
        ]
    ]
}