{
    "speed": 3.7401274253006755e-05,
    "steer": 0.0010744485771283507,
    "throttle": 0.75,
    "brake": 0.0,
    "wp_4": [
        0.030831769108772278,
        6.856039047241211
    ],
    "wp_3": [
        -0.04192839562892914,
        4.107209205627441
    ],
    "wp_2": [
        -0.005483051761984825,
        1.8684754371643066
    ],
    "wp_1": [
        -0.01368052139878273,
        0.4290047883987427
    ],
    "aim": [
        -0.005483051761984825,
        1.8684754371643066
    ],
    "target": [
        5.602655742832464,
        54.72316677863455
    ],
    "desired_speed": 5.110181093215942,
    "angle": -0.001868160456524457,
    "angle_last": 0.03893280935144527,
    "angle_target": 0.0649519596155604,
    "angle_final": -0.001868160456524457,
    "delta": 0.25,
    "agent": "only_traj",
    "steer_traj": 0.0010744485672596732,
    "throttle_traj": 0.75,
    "brake_traj": 0.0,
    "plan": [
        [
            -0.01368052139878273,
            0.4290047883987427
        ],
        [
            -0.005483051761984825,
            1.8684754371643066
        ],
        [
            -0.04192839562892914,
            4.107209205627441
        ],
        [
            0.030831769108772278,
            6.856039047241211
        ],
        [
            0.19650180637836456,
            9.927774429321289
        ],
        [
            0.3964129090309143,
            13.192595481872559
        ]
    ]
}