{
    "speed": 2.5954628400735042e-05,
    "steer": -0.005999040324240923,
    "throttle": 0.75,
    "brake": 0.0,
    "wp_4": [
        0.03595922142267227,
        7.330531120300293
    ],
    "wp_3": [
        -0.07002764940261841,
        4.512613296508789
    ],
    "wp_2": [
        -0.03200923651456833,
        2.1394433975219727
    ],
    "wp_1": [
        -0.015783194452524185,
        0.5657778382301331
    ],
    "aim": [
        -0.03200923651456833,
        2.1394433975219727
    ],
    "target": [
        6.273701777116694,
        53.707204241452985
    ],
    "desired_speed": 5.30818738937378,
    "angle": -0.00952404360620097,
    "angle_last": 0.05617759507690269,
    "angle_target": 0.07402998713064467,
    "angle_final": -0.00952404360620097,
    "delta": 0.25,
    "agent": "only_traj",
    "steer_traj": -0.005999040099301887,
    "throttle_traj": 0.75,
    "brake_traj": 0.0,
    "plan": [
        [
            -0.015783194452524185,
            0.5657778382301331
        ],
        [
            -0.03200923651456833,
            2.1394433975219727
        ],
        [
            -0.07002764940261841,
            4.512613296508789
        ],
        [
            0.03595922142267227,
            7.330531120300293
        ],
        [
            0.24972578883171082,
            10.47965145111084
        ],
        [
            0.5446911454200745,
            13.81359577178955
        ]
    ]
}