{
    "speed": 3.237914661423121e-05,
    "steer": -0.00939924642443657,
    "throttle": 0.75,
    "brake": 0.0,
    "wp_4": [
        -0.022930003702640533,
        5.909201622009277
    ],
    "wp_3": [
        -0.05468133091926575,
        3.4547841548919678
    ],
    "wp_2": [
        0.009017089381814003,
        1.5347641706466675
    ],
    "wp_1": [
        -0.009255025535821915,
        0.3517812490463257
    ],
    "aim": [
        -0.05468133091926575,
        3.4547841548919678
    ],
    "target": [
        6.1436846168281845,
        54.56158413468509
    ],
    "desired_speed": 4.583112144470215,
    "angle": -0.010075391654202556,
    "angle_last": 0.028616036283113343,
    "angle_target": 0.07138329707916734,
    "angle_final": -0.010075391654202556,
    "delta": 0.25,
    "agent": "only_traj",
    "steer_traj": -0.009399246816639995,
    "throttle_traj": 0.75,
    "brake_traj": 0.0,
    "plan": [
        [
            -0.009255025535821915,
            0.3517812490463257
        ],
        [
            0.009017089381814003,
            1.5347641706466675
        ],
        [
            -0.05468133091926575,
            3.4547841548919678
        ],
        [
            -0.022930003702640533,
            5.909201622009277
        ],
        [
            0.09152241051197052,
            8.72916316986084
        ],
        [
            0.22977221012115479,
            11.802729606628418
        ]
    ]
}