{
    "speed": 0.10273885173436384,
    "steer": -0.011969643644988537,
    "throttle": 0.75,
    "brake": 0.0,
    "wp_4": [
        -0.03482937067747116,
        6.0486650466918945
    ],
    "wp_3": [
        -0.06834208965301514,
        3.491793632507324
    ],
    "wp_2": [
        0.002426186576485634,
        1.5129029750823975
    ],
    "wp_1": [
        -0.010456744581460953,
        0.315147340297699
    ],
    "aim": [
        -0.06834208965301514,
        3.491793632507324
    ],
    "target": [
        6.3725902106355825,
        54.60277288969576
    ],
    "desired_speed": 4.736914014816284,
    "angle": -0.012458444655620005,
    "angle_last": 0.0342391033538125,
    "angle_target": 0.07396412884683656,
    "angle_final": -0.012458444655620005,
    "delta": 0.25,
    "agent": "only_traj",
    "steer_traj": -0.011969643891020718,
    "throttle_traj": 0.75,
    "brake_traj": 0.0,
    "plan": [
        [
            -0.010456744581460953,
            0.315147340297699
        ],
        [
            0.002426186576485634,
            1.5129029750823975
        ],
        [
            -0.06834208965301514,
            3.491793632507324
        ],
        [
            -0.03482937067747116,
            6.0486650466918945
        ],
        [
            0.08654995262622833,
            8.957611083984375
        ],
        [
            0.2583421468734741,
            12.148726463317871
        ]
    ]
}