{
    "speed": 0.5256339064593194,
    "steer": 0.009666637517511845,
    "throttle": 0.75,
    "brake": 0.0,
    "wp_4": [
        0.00823933258652687,
        6.995370864868164
    ],
    "wp_3": [
        -0.008558360859751701,
        4.445564270019531
    ],
    "wp_2": [
        0.0256743673235178,
        2.2280380725860596
    ],
    "wp_1": [
        -0.00464240089058876,
        0.6570867896080017
    ],
    "aim": [
        0.0256743673235178,
        2.2280380725860596
    ],
    "target": [
        5.948854995501177,
        55.150944114042524
    ],
    "desired_speed": 4.858348894119263,
    "angle": 0.00733567123204928,
    "angle_last": 0.020629344304635873,
    "angle_target": 0.06840449942493967,
    "angle_final": 0.00733567123204928,
    "delta": 0.25,
    "agent": "only_traj",
    "steer_traj": 0.009666637527058191,
    "throttle_traj": 0.75,
    "brake_traj": 0.0,
    "plan": [
        [
            -0.00464240089058876,
            0.6570867896080017
        ],
        [
            0.0256743673235178,
            2.2280380725860596
        ],
        [
            -0.008558360859751701,
            4.445564270019531
        ],
        [
            0.00823933258652687,
            6.995370864868164
        ],
        [
            0.11770473420619965,
            9.856077194213867
        ],
        [
            0.21309275925159454,
            12.798707962036133
        ]
    ]
}