{
    "speed": 0.8246377725352846,
    "steer": 0.00109300937037915,
    "throttle": 0.75,
    "brake": 0.0,
    "wp_4": [
        0.017940910533070564,
        7.527794361114502
    ],
    "wp_3": [
        -0.008173495531082153,
        4.932892799377441
    ],
    "wp_2": [
        0.01946946419775486,
        2.6142373085021973
    ],
    "wp_1": [
        -0.004365567117929459,
        0.8617514967918396
    ],
    "aim": [
        0.01946946419775486,
        2.6142373085021973
    ],
    "target": [
        6.449120537370563,
        54.378661913937556
    ],
    "desired_speed": 5.014737987518311,
    "angle": 0.00474111003933377,
    "angle_last": 0.03477671513248329,
    "angle_target": 0.0751498758442683,
    "angle_final": 0.00474111003933377,
    "delta": 0.25,
    "agent": "only_traj",
    "steer_traj": 0.0010930093216436284,
    "throttle_traj": 0.75,
    "brake_traj": 0.0,
    "plan": [
        [
            -0.004365567117929459,
            0.8617514967918396
        ],
        [
            0.01946946419775486,
            2.6142373085021973
        ],
        [
            -0.008173495531082153,
            4.932892799377441
        ],
        [
            0.017940910533070564,
            7.527794361114502
        ],
        [
            0.1634160429239273,
            10.422575950622559
        ],
        [
            0.32568222284317017,
            13.39005184173584
        ]
    ]
}