{
    "speed": 1.1321980819014408,
    "steer": -0.007811438292264938,
    "throttle": 0.75,
    "brake": 0.0,
    "wp_4": [
        0.02515147626399994,
        8.397505760192871
    ],
    "wp_3": [
        -0.024157553911209106,
        5.577102184295654
    ],
    "wp_2": [
        -0.02348119579255581,
        3.060218334197998
    ],
    "wp_1": [
        -0.021293286234140396,
        1.0745437145233154
    ],
    "aim": [
        -0.02348119579255581,
        3.060218334197998
    ],
    "target": [
        6.174395486621659,
        54.45472411309441
    ],
    "desired_speed": 5.447019100189209,
    "angle": -0.004884675557965199,
    "angle_last": 0.04157912819987132,
    "angle_target": 0.07187670249646493,
    "angle_final": -0.004884675557965199,
    "delta": 0.25,
    "agent": "only_traj",
    "steer_traj": -0.007811438195030711,
    "throttle_traj": 0.75,
    "brake_traj": 0.0,
    "plan": [
        [
            -0.021293286234140396,
            1.0745437145233154
        ],
        [
            -0.02348119579255581,
            3.060218334197998
        ],
        [
            -0.024157553911209106,
            5.577102184295654
        ],
        [
            0.02515147626399994,
            8.397505760192871
        ],
        [
            0.20530551671981812,
            11.507708549499512
        ],
        [
            0.41276878118515015,
            14.679668426513672
        ]
    ]
}