{
    "speed": 1.2747640188411697,
    "steer": -0.007084195967763662,
    "throttle": 0.75,
    "brake": 0.0,
    "wp_4": [
        0.05733542889356613,
        9.0426607131958
    ],
    "wp_3": [
        -0.008031101897358894,
        6.129085540771484
    ],
    "wp_2": [
        -0.03506792336702347,
        3.4912140369415283
    ],
    "wp_1": [
        -0.022176120430231094,
        1.308633804321289
    ],
    "aim": [
        -0.03506792336702347,
        3.4912140369415283
    ],
    "target": [
        5.434044320674736,
        53.477784209017976
    ],
    "desired_speed": 5.6256684303283695,
    "angle": -0.0063943750375103515,
    "angle_last": 0.043579690607768055,
    "angle_target": 0.06446764579056355,
    "angle_final": -0.0063943750375103515,
    "delta": 0.25,
    "agent": "only_traj",
    "steer_traj": -0.007084195747875966,
    "throttle_traj": 0.75,
    "brake_traj": 0.0,
    "plan": [
        [
            -0.022176120430231094,
            1.308633804321289
        ],
        [
            -0.03506792336702347,
            3.4912140369415283
        ],
        [
            -0.008031101897358894,
            6.129085540771484
        ],
        [
            0.05733542889356613,
            9.0426607131958
        ],
        [
            0.22892257571220398,
            12.190605163574219
        ],
        [
            0.4462074637413025,
            15.359782218933105
        ]
    ]
}