{
    "speed": 1.4446719006309368,
    "steer": -0.0013075836468487978,
    "throttle": 0.75,
    "brake": 0.0,
    "wp_4": [
        0.03142645210027695,
        8.350141525268555
    ],
    "wp_3": [
        0.003593146800994873,
        5.670744895935059
    ],
    "wp_2": [
        -0.006613677367568016,
        3.2363786697387695
    ],
    "wp_1": [
        -0.012672189623117447,
        1.2149326801300049
    ],
    "aim": [
        -0.006613677367568016,
        3.2363786697387695
    ],
    "target": [
        5.711648114817394,
        53.45667153391054
    ],
    "desired_speed": 5.222096157073975,
    "angle": -0.001300951191450287,
    "angle_last": 0.03370202281207717,
    "angle_target": 0.06776338879804203,
    "angle_final": -0.001300951191450287,
    "delta": 0.25,
    "agent": "only_traj",
    "steer_traj": -0.0013075837004890452,
    "throttle_traj": 0.75,
    "brake_traj": 0.0,
    "plan": [
        [
            -0.012672189623117447,
            1.2149326801300049
        ],
        [
            -0.006613677367568016,
            3.2363786697387695
        ],
        [
            0.003593146800994873,
            5.670744895935059
        ],
        [
            0.03142645210027695,
            8.350141525268555
        ],
        [
            0.1685400903224945,
            11.292760848999023
        ],
        [
            0.32590967416763306,
            14.262639045715332
        ]
    ]
}