{
    "speed": 1.531232600537871,
    "steer": -0.005722809117287397,
    "throttle": 0.75,
    "brake": 0.0,
    "wp_4": [
        -0.0035754870623350143,
        7.966733932495117
    ],
    "wp_3": [
        -0.01893937587738037,
        5.4780707359313965
    ],
    "wp_2": [
        -0.019931470975279808,
        3.188415050506592
    ],
    "wp_1": [
        -0.017838839441537857,
        1.2242977619171143
    ],
    "aim": [
        -0.019931470975279808,
        3.188415050506592
    ],
    "target": [
        6.476473883354739,
        54.92577803547968
    ],
    "desired_speed": 4.895066213607787,
    "angle": -0.0039795996019477324,
    "angle_last": 0.02793643246069707,
    "angle_target": 0.07472085063238201,
    "angle_final": -0.0039795996019477324,
    "delta": 0.25,
    "agent": "only_traj",
    "steer_traj": -0.005722809177865901,
    "throttle_traj": 0.75,
    "brake_traj": 0.0,
    "plan": [
        [
            -0.017838839441537857,
            1.2242977619171143
        ],
        [
            -0.019931470975279808,
            3.188415050506592
        ],
        [
            -0.01893937587738037,
            5.4780707359313965
        ],
        [
            -0.0035754870623350143,
            7.966733932495117
        ],
        [
            0.1159372553229332,
            10.698657989501953
        ],
        [
            0.23704200983047485,
            13.456644058227539
        ]
    ]
}