{
    "speed": 1.6552315521855783,
    "steer": -0.001786477747373283,
    "throttle": 0.75,
    "brake": 0.0,
    "wp_4": [
        0.1007399782538414,
        9.590349197387695
    ],
    "wp_3": [
        0.025618823245167732,
        6.575527667999268
    ],
    "wp_2": [
        -0.005837058648467064,
        3.797435998916626
    ],
    "wp_1": [
        -0.00843176618218422,
        1.4788603782653809
    ],
    "aim": [
        -0.005837058648467064,
        3.797435998916626
    ],
    "target": [
        5.761379239490298,
        53.54193409733518
    ],
    "desired_speed": 5.830424213409423,
    "angle": -0.0009785662626256852,
    "angle_last": 0.05017188563070125,
    "angle_target": 0.06824088876981602,
    "angle_final": -0.0009785662626256852,
    "delta": 0.25,
    "agent": "only_traj",
    "steer_traj": -0.00178647776585275,
    "throttle_traj": 0.75,
    "brake_traj": 0.0,
    "plan": [
        [
            -0.00843176618218422,
            1.4788603782653809
        ],
        [
            -0.005837058648467064,
            3.797435998916626
        ],
        [
            0.025618823245167732,
            6.575527667999268
        ],
        [
            0.1007399782538414,
            9.590349197387695
        ],
        [
            0.29660770297050476,
            12.813117980957031
        ],
        [
            0.5512733459472656,
            16.037818908691406
        ]
    ]
}