{
    "speed": 1.8434851357891722,
    "steer": 0.004561536479741335,
    "throttle": 0.75,
    "brake": 0.0,
    "wp_4": [
        0.08945736289024353,
        9.46059799194336
    ],
    "wp_3": [
        0.06669497489929199,
        6.562437534332275
    ],
    "wp_2": [
        0.03531231731176376,
        3.862102508544922
    ],
    "wp_1": [
        0.005966272205114365,
        1.5591368675231934
    ],
    "aim": [
        0.03531231731176376,
        3.862102508544922
    ],
    "target": [
        5.55638038122293,
        53.697731821483494
    ],
    "desired_speed": 5.681013870239258,
    "angle": 0.005820659383149675,
    "angle_last": 0.028937586411039388,
    "angle_target": 0.06564071200795037,
    "angle_final": 0.005820659383149675,
    "delta": 0.25,
    "agent": "only_traj",
    "steer_traj": 0.00456153652384882,
    "throttle_traj": 0.75,
    "brake_traj": 0.0,
    "plan": [
        [
            0.005966272205114365,
            1.5591368675231934
        ],
        [
            0.03531231731176376,
            3.862102508544922
        ],
        [
            0.06669497489929199,
            6.562437534332275
        ],
        [
            0.08945736289024353,
            9.46059799194336
        ],
        [
            0.23583638668060303,
            12.62949275970459
        ],
        [
            0.37798646092414856,
            15.754602432250977
        ]
    ]
}