{
    "speed": 1.9663556022960098,
    "steer": -0.004086580593138933,
    "throttle": 0.75,
    "brake": 0.0,
    "wp_4": [
        0.04425199329853058,
        9.0543212890625
    ],
    "wp_3": [
        0.019670754671096802,
        6.287939071655273
    ],
    "wp_2": [
        -0.002723967656493187,
        3.731687545776367
    ],
    "wp_1": [
        -0.004185650497674942,
        1.5025169849395752
    ],
    "aim": [
        -0.002723967656493187,
        3.731687545776367
    ],
    "target": [
        5.835515989098029,
        53.133757415343375
    ],
    "desired_speed": 5.432080936431884,
    "angle": -0.00046470836406839266,
    "angle_last": 0.03721319539140839,
    "angle_target": 0.06963887903204577,
    "angle_final": -0.00046470836406839266,
    "delta": 0.25,
    "agent": "only_traj",
    "steer_traj": -0.004086580586289041,
    "throttle_traj": 0.75,
    "brake_traj": 0.0,
    "plan": [
        [
            -0.004185650497674942,
            1.5025169849395752
        ],
        [
            -0.002723967656493187,
            3.731687545776367
        ],
        [
            0.019670754671096802,
            6.287939071655273
        ],
        [
            0.04425199329853058,
            9.0543212890625
        ],
        [
            0.19699664413928986,
            12.071662902832031
        ],
        [
            0.37266790866851807,
            15.073512077331543
        ]
    ]
}