{
    "speed": 2.1113368851324186,
    "steer": -0.0008279192261397839,
    "throttle": 0.75,
    "brake": 0.0,
    "wp_4": [
        0.07516660541296005,
        9.187681198120117
    ],
    "wp_3": [
        0.052753448486328125,
        6.593165397644043
    ],
    "wp_2": [
        0.0008859280496835709,
        4.105114936828613
    ],
    "wp_1": [
        0.002294357866048813,
        1.7637050151824951
    ],
    "aim": [
        0.002294357866048813,
        1.7637050151824951
    ],
    "target": [
        6.705659234545433,
        54.95590085186251
    ],
    "desired_speed": 5.1593708992004395,
    "angle": 0.0008281705548242432,
    "angle_last": 0.022772809448167432,
    "angle_target": 0.07729754555121371,
    "angle_final": 0.0008281705548242432,
    "delta": 0.25,
    "agent": "only_traj",
    "steer_traj": -0.0008279191993833986,
    "throttle_traj": 0.75,
    "brake_traj": 0.0,
    "plan": [
        [
            0.002294357866048813,
            1.7637050151824951
        ],
        [
            0.0008859280496835709,
            4.105114936828613
        ],
        [
            0.052753448486328125,
            6.593165397644043
        ],
        [
            0.07516660541296005,
            9.187681198120117
        ],
        [
            0.1758982092142105,
            11.957830429077148
        ],
        [
            0.2725261151790619,
            14.65793514251709
        ]
    ]
}