{
    "speed": 2.2748974521489287,
    "steer": -0.0046355240046978,
    "throttle": 0.75,
    "brake": 0.0,
    "wp_4": [
        0.10675477236509323,
        9.998291969299316
    ],
    "wp_3": [
        0.04938432574272156,
        7.006878852844238
    ],
    "wp_2": [
        0.016320163384079933,
        4.193556308746338
    ],
    "wp_1": [
        -0.006432715803384781,
        1.716228723526001
    ],
    "aim": [
        -0.006432715803384781,
        1.716228723526001
    ],
    "target": [
        6.348172087911526,
        53.978692879397414
    ],
    "desired_speed": 5.827225494384766,
    "angle": -0.0023861164685837575,
    "angle_last": 0.03903829782862658,
    "angle_target": 0.0745274242748345,
    "angle_final": -0.0023861164685837575,
    "delta": 0.25,
    "agent": "only_traj",
    "steer_traj": -0.004635523933415536,
    "throttle_traj": 0.75,
    "brake_traj": 0.0,
    "plan": [
        [
            -0.006432715803384781,
            1.716228723526001
        ],
        [
            0.016320163384079933,
            4.193556308746338
        ],
        [
            0.04938432574272156,
            7.006878852844238
        ],
        [
            0.10675477236509323,
            9.998291969299316
        ],
        [
            0.29525840282440186,
            13.16677188873291
        ],
        [
            0.48591330647468567,
            16.27199363708496
        ]
    ]
}