{
    "speed": 2.4538813875278995,
    "steer": 0.0008911472978070378,
    "throttle": 0.75,
    "brake": 0.0,
    "wp_4": [
        0.14308491349220276,
        10.475493431091309
    ],
    "wp_3": [
        0.0816621482372284,
        7.460009574890137
    ],
    "wp_2": [
        0.043300386518239975,
        4.570145606994629
    ],
    "wp_1": [
        0.005888696759939194,
        1.947784423828125
    ],
    "aim": [
        0.005888696759939194,
        1.947784423828125
    ],
    "target": [
        6.1036174098819815,
        52.790650348924615
    ],
    "desired_speed": 5.908800792694091,
    "angle": 0.0019246435895836236,
    "angle_last": 0.03996720355574831,
    "angle_target": 0.07328014883377246,
    "angle_final": 0.0019246435895836236,
    "delta": 0.25,
    "agent": "only_traj",
    "steer_traj": 0.0008911473019873079,
    "throttle_traj": 0.75,
    "brake_traj": 0.0,
    "plan": [
        [
            0.005888696759939194,
            1.947784423828125
        ],
        [
            0.043300386518239975,
            4.570145606994629
        ],
        [
            0.0816621482372284,
            7.460009574890137
        ],
        [
            0.14308491349220276,
            10.475493431091309
        ],
        [
            0.3442865312099457,
            13.6362886428833
        ],
        [
            0.5372689962387085,
            16.7061824798584
        ]
    ]
}