{
    "speed": 2.8501968095780237,
    "steer": 0.003096978645771742,
    "throttle": 0.75,
    "brake": 0.0,
    "wp_4": [
        0.16589830815792084,
        10.453848838806152
    ],
    "wp_3": [
        0.10745207220315933,
        7.44146728515625
    ],
    "wp_2": [
        0.06312945485115051,
        4.557896137237549
    ],
    "wp_1": [
        0.01622125133872032,
        1.9511563777923584
    ],
    "aim": [
        0.01622125133872032,
        1.9511563777923584
    ],
    "target": [
        5.60914442387373,
        53.04276141182062
    ],
    "desired_speed": 5.903689479827881,
    "angle": 0.005292533978326133,
    "angle_last": 0.03463388828783924,
    "angle_target": 0.06707173961650935,
    "angle_final": 0.005292533978326133,
    "delta": 0.25,
    "agent": "only_traj",
    "steer_traj": 0.003096978618207589,
    "throttle_traj": 0.75,
    "brake_traj": 0.0,
    "plan": [
        [
            0.01622125133872032,
            1.9511563777923584
        ],
        [
            0.06312945485115051,
            4.557896137237549
        ],
        [
            0.10745207220315933,
            7.44146728515625
        ],
        [
            0.16589830815792084,
            10.453848838806152
        ],
        [
            0.36363160610198975,
            13.630966186523438
        ],
        [
            0.5306709408760071,
            16.6983585357666
        ]
    ]
}