{
    "speed": 3.064088827539428,
    "steer": 0.0012321884278208017,
    "throttle": 0.75,
    "brake": 0.0,
    "wp_4": [
        0.11836174130439758,
        10.020180702209473
    ],
    "wp_3": [
        0.07365354895591736,
        7.291296482086182
    ],
    "wp_2": [
        0.023222023621201515,
        4.644830703735352
    ],
    "wp_1": [
        0.013729270547628403,
        2.0672199726104736
    ],
    "aim": [
        0.013729270547628403,
        2.0672199726104736
    ],
    "target": [
        6.475954434443862,
        52.529913733195386
    ],
    "desired_speed": 5.413951396942139,
    "angle": 0.0042280110506842565,
    "angle_last": 0.04294175093928886,
    "angle_target": 0.07808927688344254,
    "angle_final": 0.0042280110506842565,
    "delta": 0.25,
    "agent": "only_traj",
    "steer_traj": 0.0012321884655958066,
    "throttle_traj": 0.75,
    "brake_traj": 0.0,
    "plan": [
        [
            0.013729270547628403,
            2.0672199726104736
        ],
        [
            0.023222023621201515,
            4.644830703735352
        ],
        [
            0.07365354895591736,
            7.291296482086182
        ],
        [
            0.11836174130439758,
            10.020180702209473
        ],
        [
            0.2880805432796478,
            12.858550071716309
        ],
        [
            0.47260013222694397,
            15.58993911743164
        ]
    ]
}