{
    "speed": 3.285685935652954,
    "steer": 0.00386568414978683,
    "throttle": 0.75,
    "brake": 0.0,
    "wp_4": [
        0.18829244375228882,
        10.630443572998047
    ],
    "wp_3": [
        0.12337733060121536,
        7.7031965255737305
    ],
    "wp_2": [
        0.06422263383865356,
        4.843269348144531
    ],
    "wp_1": [
        0.021297182887792587,
        2.1455259323120117
    ],
    "aim": [
        0.021297182887792587,
        2.1455259323120117
    ],
    "target": [
        5.573242504493316,
        52.72337076717354
    ],
    "desired_speed": 5.786552429199219,
    "angle": 0.00631911141057905,
    "angle_last": 0.03544706025402465,
    "angle_target": 0.0670463390945527,
    "angle_final": 0.00631911141057905,
    "delta": 0.25,
    "agent": "only_traj",
    "steer_traj": 0.003865684060726259,
    "throttle_traj": 0.75,
    "brake_traj": 0.0,
    "plan": [
        [
            0.021297182887792587,
            2.1455259323120117
        ],
        [
            0.06422263383865356,
            4.843269348144531
        ],
        [
            0.12337733060121536,
            7.7031965255737305
        ],
        [
            0.18829244375228882,
            10.630443572998047
        ],
        [
            0.3749581277370453,
            13.679041862487793
        ],
        [
            0.5377650260925293,
            16.599990844726562
        ]
    ]
}