{
    "speed": 3.5172817675721784,
    "steer": 0.003083339426666498,
    "throttle": 0.75,
    "brake": 0.0,
    "wp_4": [
        0.18858939409255981,
        10.35704517364502
    ],
    "wp_3": [
        0.11557763814926147,
        7.623186111450195
    ],
    "wp_2": [
        0.03808631747961044,
        4.929804801940918
    ],
    "wp_1": [
        0.021473970264196396,
        2.254638671875
    ],
    "aim": [
        0.021473970264196396,
        2.254638671875
    ],
    "target": [
        6.600579168147839,
        52.691811109492676
    ],
    "desired_speed": 5.446034812927246,
    "angle": 0.006063206989675905,
    "angle_last": 0.04584496079149818,
    "angle_target": 0.07933461048242413,
    "angle_final": 0.006063206989675905,
    "delta": 0.25,
    "agent": "only_traj",
    "steer_traj": 0.0030833394418659428,
    "throttle_traj": 0.75,
    "brake_traj": 0.0,
    "plan": [
        [
            0.021473970264196396,
            2.254638671875
        ],
        [
            0.03808631747961044,
            4.929804801940918
        ],
        [
            0.11557763814926147,
            7.623186111450195
        ],
        [
            0.18858939409255981,
            10.35704517364502
        ],
        [
            0.37976184487342834,
            13.171722412109375
        ],
        [
            0.5732648372650146,
            15.854129791259766
        ]
    ]
}