{
    "speed": 3.7528124107295815,
    "steer": 0.002270159311592579,
    "throttle": 0.75,
    "brake": 0.0,
    "wp_4": [
        0.3487282693386078,
        11.291183471679688
    ],
    "wp_3": [
        0.19462785124778748,
        8.263906478881836
    ],
    "wp_2": [
        0.09002315998077393,
        5.260798454284668
    ],
    "wp_1": [
        0.019182618707418442,
        2.3831777572631836
    ],
    "aim": [
        0.019182618707418442,
        2.3831777572631836
    ],
    "target": [
        5.705462632039612,
        52.117316093910254
    ],
    "desired_speed": 6.0763334274292,
    "angle": 0.00512413186978993,
    "angle_last": 0.05936494079858452,
    "angle_target": 0.0694165403347597,
    "angle_final": 0.00512413186978993,
    "delta": 0.25,
    "agent": "only_traj",
    "steer_traj": 0.002270159364815173,
    "throttle_traj": 0.75,
    "brake_traj": 0.0,
    "plan": [
        [
            0.019182618707418442,
            2.3831777572631836
        ],
        [
            0.09002315998077393,
            5.260798454284668
        ],
        [
            0.19462785124778748,
            8.263906478881836
        ],
        [
            0.3487282693386078,
            11.291183471679688
        ],
        [
            0.6341466903686523,
            14.480178833007812
        ],
        [
            0.920426607131958,
            17.54129409790039
        ]
    ]
}