{
    "speed": 3.9781873718407823,
    "steer": 0.006958875805139542,
    "throttle": 0.75,
    "brake": 0.0,
    "wp_4": [
        0.28345757722854614,
        10.54470157623291
    ],
    "wp_3": [
        0.14571210741996765,
        7.747133255004883
    ],
    "wp_2": [
        0.06474035978317261,
        4.98513126373291
    ],
    "wp_1": [
        0.03293981775641441,
        2.289722442626953
    ],
    "aim": [
        0.03293981775641441,
        2.289722442626953
    ],
    "target": [
        6.594769690173327,
        52.65811431138677
    ],
    "desired_speed": 5.594918537139893,
    "angle": 0.00915773802963635,
    "angle_last": 0.06509501416628055,
    "angle_target": 0.0793157043287687,
    "angle_final": 0.00915773802963635,
    "delta": 0.25,
    "agent": "only_traj",
    "steer_traj": 0.006958875956675388,
    "throttle_traj": 0.75,
    "brake_traj": 0.0,
    "plan": [
        [
            0.03293981775641441,
            2.289722442626953
        ],
        [
            0.06474035978317261,
            4.98513126373291
        ],
        [
            0.14571210741996765,
            7.747133255004883
        ],
        [
            0.28345757722854614,
            10.54470157623291
        ],
        [
            0.5549803972244263,
            13.447447776794434
        ],
        [
            0.8420233130455017,
            16.244895935058594
        ]
    ]
}