{
    "speed": 4.193355216785388,
    "steer": 0.002669835463166237,
    "throttle": 0.75,
    "brake": 0.0,
    "wp_4": [
        0.378457248210907,
        11.212430953979492
    ],
    "wp_3": [
        0.2186516523361206,
        8.239784240722656
    ],
    "wp_2": [
        0.10084399580955505,
        5.284395217895508
    ],
    "wp_1": [
        0.023256804794073105,
        2.420682668685913
    ],
    "aim": [
        0.023256804794073105,
        2.420682668685913
    ],
    "target": [
        6.4318150867788315,
        52.673707566589364
    ],
    "desired_speed": 5.97039566040039,
    "angle": 0.0061161789012388924,
    "angle_last": 0.06285752008517516,
    "angle_target": 0.07735264213395582,
    "angle_final": 0.0061161789012388924,
    "delta": 0.25,
    "agent": "only_traj",
    "steer_traj": 0.0026698353783023614,
    "throttle_traj": 0.75,
    "brake_traj": 0.0,
    "plan": [
        [
            0.023256804794073105,
            2.420682668685913
        ],
        [
            0.10084399580955505,
            5.284395217895508
        ],
        [
            0.2186516523361206,
            8.239784240722656
        ],
        [
            0.378457248210907,
            11.212430953979492
        ],
        [
            0.6788011789321899,
            14.324043273925781
        ],
        [
            0.9745762348175049,
            17.309906005859375
        ]
    ]
}