{
    "speed": 4.401900964522389,
    "steer": 0.005805072374641895,
    "throttle": 0.75,
    "brake": 0.0,
    "wp_4": [
        0.5413572788238525,
        12.096029281616211
    ],
    "wp_3": [
        0.32716500759124756,
        8.944904327392578
    ],
    "wp_2": [
        0.15400540828704834,
        5.780138969421387
    ],
    "wp_1": [
        0.03421413525938988,
        2.6926937103271484
    ],
    "aim": [
        0.03421413525938988,
        2.6926937103271484
    ],
    "target": [
        5.716763108798503,
        51.78341372789497
    ],
    "desired_speed": 6.358559894561768,
    "angle": 0.008088661642547797,
    "angle_last": 0.07323751034882509,
    "angle_target": 0.06999782600561814,
    "angle_final": 0.008088661642547797,
    "delta": 0.25,
    "agent": "only_traj",
    "steer_traj": 0.005805072400993719,
    "throttle_traj": 0.75,
    "brake_traj": 0.0,
    "plan": [
        [
            0.03421413525938988,
            2.6926937103271484
        ],
        [
            0.15400540828704834,
            5.780138969421387
        ],
        [
            0.32716500759124756,
            8.944904327392578
        ],
        [
            0.5413572788238525,
            12.096029281616211
        ],
        [
            0.8780462741851807,
            15.395638465881348
        ],
        [
            1.2410041093826294,
            18.536731719970703
        ]
    ]
}