{
    "speed": 4.607119131833021,
    "steer": 0.00853787362575531,
    "throttle": 0.75,
    "brake": 0.0,
    "wp_4": [
        0.5941628813743591,
        11.84933853149414
    ],
    "wp_3": [
        0.3628527522087097,
        8.789905548095703
    ],
    "wp_2": [
        0.18179845809936523,
        5.710456371307373
    ],
    "wp_1": [
        0.04656552895903587,
        2.6806817054748535
    ],
    "aim": [
        0.04656552895903587,
        2.6806817054748535
    ],
    "target": [
        6.091706122265832,
        51.160234697929894
    ],
    "desired_speed": 6.202555084228516,
    "angle": 0.011057441310789229,
    "angle_last": 0.07900408728308529,
    "angle_target": 0.07544779892647666,
    "angle_final": 0.011057441310789229,
    "delta": 0.25,
    "agent": "only_traj",
    "steer_traj": 0.00853787325483185,
    "throttle_traj": 0.75,
    "brake_traj": 0.0,
    "plan": [
        [
            0.04656552895903587,
            2.6806817054748535
        ],
        [
            0.18179845809936523,
            5.710456371307373
        ],
        [
            0.3628527522087097,
            8.789905548095703
        ],
        [
            0.5941628813743591,
            11.84933853149414
        ],
        [
            0.9441509246826172,
            15.051544189453125
        ],
        [
            1.327796459197998,
            18.127098083496094
        ]
    ]
}