{
    "speed": 4.810704339077509,
    "steer": 0.003447455121204257,
    "throttle": 0.75,
    "brake": 0.0,
    "wp_4": [
        0.4497302174568176,
        11.382922172546387
    ],
    "wp_3": [
        0.24818405508995056,
        8.504581451416016
    ],
    "wp_2": [
        0.11320275068283081,
        5.573205947875977
    ],
    "wp_1": [
        0.02870684489607811,
        2.635568141937256
    ],
    "aim": [
        0.02870684489607811,
        2.635568141937256
    ],
    "target": [
        6.055315974653839,
        52.24722101237049
    ],
    "desired_speed": 5.872585201263428,
    "angle": 0.006933828435880197,
    "angle_last": 0.07341418457535609,
    "angle_target": 0.07345484606960902,
    "angle_final": 0.006933828435880197,
    "delta": 0.25,
    "agent": "only_traj",
    "steer_traj": 0.00344745511887769,
    "throttle_traj": 0.75,
    "brake_traj": 0.0,
    "plan": [
        [
            0.02870684489607811,
            2.635568141937256
        ],
        [
            0.11320275068283081,
            5.573205947875977
        ],
        [
            0.24818405508995056,
            8.504581451416016
        ],
        [
            0.4497302174568176,
            11.382922172546387
        ],
        [
            0.7587137222290039,
            14.38607120513916
        ],
        [
            1.0928274393081665,
            17.270523071289062
        ]
    ]
}