{
    "speed": 5.013641777787958,
    "steer": 0.0068704052828252316,
    "throttle": 0.0,
    "brake": 0.0,
    "wp_4": [
        0.7067470550537109,
        13.13525676727295
    ],
    "wp_3": [
        0.44147244095802307,
        9.77899169921875
    ],
    "wp_2": [
        0.2140626311302185,
        6.352330207824707
    ],
    "wp_1": [
        0.04191940650343895,
        3.012730121612549
    ],
    "aim": [
        0.04191940650343895,
        3.012730121612549
    ],
    "target": [
        5.3203876063232896,
        51.26534574753656
    ],
    "desired_speed": 6.809371852874756,
    "angle": 0.008857437379128122,
    "angle_last": 0.07997222865243922,
    "angle_target": 0.06583358945963634,
    "angle_final": 0.008857437379128122,
    "delta": 0.25,
    "agent": "only_traj",
    "steer_traj": 0.0068704053226193735,
    "throttle_traj": 0.0,
    "brake_traj": 0.0,
    "plan": [
        [
            0.04191940650343895,
            3.012730121612549
        ],
        [
            0.2140626311302185,
            6.352330207824707
        ],
        [
            0.44147244095802307,
            9.77899169921875
        ],
        [
            0.7067470550537109,
            13.13525676727295
        ],
        [
            1.0744409561157227,
            16.654542922973633
        ],
        [
            1.4929120540618896,
            19.968246459960938
        ]
    ]
}