{
    "speed": 5.186026848675462,
    "steer": 0.009015939198434353,
    "throttle": 0.0,
    "brake": 0.0,
    "wp_4": [
        0.5626928210258484,
        11.841434478759766
    ],
    "wp_3": [
        0.3359459936618805,
        8.830907821655273
    ],
    "wp_2": [
        0.17079704999923706,
        5.779904365539551
    ],
    "wp_1": [
        0.04863676056265831,
        2.7521159648895264
    ],
    "aim": [
        0.04863676056265831,
        2.7521159648895264
    ],
    "target": [
        6.438980598329397,
        51.26925951557826
    ],
    "desired_speed": 6.138760948181153,
    "angle": 0.011249521408448144,
    "angle_last": 0.08417051826227372,
    "angle_target": 0.0795375567621201,
    "angle_final": 0.011249521408448144,
    "delta": 0.25,
    "agent": "only_traj",
    "steer_traj": 0.009015939396839421,
    "throttle_traj": 0.0,
    "brake_traj": 0.0,
    "plan": [
        [
            0.04863676056265831,
            2.7521159648895264
        ],
        [
            0.17079704999923706,
            5.779904365539551
        ],
        [
            0.3359459936618805,
            8.830907821655273
        ],
        [
            0.5626928210258484,
            11.841434478759766
        ],
        [
            0.9099405407905579,
            14.993490219116211
        ],
        [
            1.3147902488708496,
            18.037689208984375
        ]
    ]
}