{
    "speed": 5.137272467020235,
    "steer": 0.0051564606837928295,
    "throttle": 0.0,
    "brake": 0.0,
    "wp_4": [
        0.6226932406425476,
        12.855774879455566
    ],
    "wp_3": [
        0.3923613727092743,
        9.492544174194336
    ],
    "wp_2": [
        0.19419801235198975,
        6.115023136138916
    ],
    "wp_1": [
        0.03659292683005333,
        2.871474266052246
    ],
    "aim": [
        0.03659292683005333,
        2.871474266052246
    ],
    "target": [
        5.206639239496802,
        50.28549201743949
    ],
    "desired_speed": 6.81187105178833,
    "angle": 0.008112415522661285,
    "angle_last": 0.07155925697876217,
    "angle_target": 0.0656825592275593,
    "angle_final": 0.008112415522661285,
    "delta": 0.25,
    "agent": "only_traj",
    "steer_traj": 0.005156460799017112,
    "throttle_traj": 0.0,
    "brake_traj": 0.0,
    "plan": [
        [
            0.03659292683005333,
            2.871474266052246
        ],
        [
            0.19419801235198975,
            6.115023136138916
        ],
        [
            0.3923613727092743,
            9.492544174194336
        ],
        [
            0.6226932406425476,
            12.855774879455566
        ],
        [
            0.9611115455627441,
            16.431692123413086
        ],
        [
            1.346519112586975,
            19.845977783203125
        ]
    ]
}