{
    "speed": 5.017026462530141,
    "steer": 0.007560934871435165,
    "throttle": 0.0,
    "brake": 0.0,
    "wp_4": [
        0.535505473613739,
        11.939813613891602
    ],
    "wp_3": [
        0.3326318860054016,
        8.791078567504883
    ],
    "wp_2": [
        0.1655920445919037,
        5.643707275390625
    ],
    "wp_1": [
        0.039288487285375595,
        2.6234798431396484
    ],
    "aim": [
        0.039288487285375595,
        2.6234798431396484
    ],
    "target": [
        5.1530857869723805,
        49.83530530546676
    ],
    "desired_speed": 6.371064758300781,
    "angle": 0.009533094870023937,
    "angle_last": 0.07032792565339044,
    "angle_target": 0.06559483833049502,
    "angle_final": 0.009533094870023937,
    "delta": 0.25,
    "agent": "only_traj",
    "steer_traj": 0.007560934981219014,
    "throttle_traj": 0.0,
    "brake_traj": 0.0,
    "plan": [
        [
            0.039288487285375595,
            2.6234798431396484
        ],
        [
            0.1655920445919037,
            5.643707275390625
        ],
        [
            0.3326318860054016,
            8.791078567504883
        ],
        [
            0.535505473613739,
            11.939813613891602
        ],
        [
            0.8670238256454468,
            15.280543327331543
        ],
        [
            1.2242871522903442,
            18.501380920410156
        ]
    ]
}