{
    "speed": 4.918438810566621,
    "steer": 0.006395725999027491,
    "throttle": 0.75,
    "brake": 0.0,
    "wp_4": [
        0.6198195815086365,
        12.07953929901123
    ],
    "wp_3": [
        0.3736220896244049,
        8.918696403503418
    ],
    "wp_2": [
        0.18262743949890137,
        5.727295875549316
    ],
    "wp_1": [
        0.03669407591223717,
        2.666910171508789
    ],
    "aim": [
        0.03669407591223717,
        2.666910171508789
    ],
    "target": [
        5.552148109990835,
        49.591267825331194
    ],
    "desired_speed": 6.406203651428223,
    "angle": 0.008758703200126049,
    "angle_last": 0.08021690120670723,
    "angle_target": 0.07097921002096133,
    "angle_final": 0.008758703200126049,
    "delta": 0.25,
    "agent": "only_traj",
    "steer_traj": 0.006395726053155997,
    "throttle_traj": 0.75,
    "brake_traj": 0.0,
    "plan": [
        [
            0.03669407591223717,
            2.666910171508789
        ],
        [
            0.18262743949890137,
            5.727295875549316
        ],
        [
            0.3736220896244049,
            8.918696403503418
        ],
        [
            0.6198195815086365,
            12.07953929901123
        ],
        [
            0.9744932651519775,
            15.41981029510498
        ],
        [
            1.3797920942306519,
            18.619312286376953
        ]
    ]
}