{
    "speed": 4.792157733125966,
    "steer": 0.007120461668819189,
    "throttle": 0.75,
    "brake": 0.0,
    "wp_4": [
        0.4561218023300171,
        11.218995094299316
    ],
    "wp_3": [
        0.25881651043891907,
        8.279350280761719
    ],
    "wp_2": [
        0.125626802444458,
        5.315140247344971
    ],
    "wp_1": [
        0.035329725593328476,
        2.4821596145629883
    ],
    "aim": [
        0.035329725593328476,
        2.4821596145629883
    ],
    "target": [
        5.186002412907993,
        49.875117085870656
    ],
    "desired_speed": 5.979983234405518,
    "angle": 0.009060673452431391,
    "angle_last": 0.06540252446091267,
    "angle_target": 0.0659585389754827,
    "angle_final": 0.009060673452431391,
    "delta": 0.25,
    "agent": "only_traj",
    "steer_traj": 0.0071204617734692026,
    "throttle_traj": 0.75,
    "brake_traj": 0.0,
    "plan": [
        [
            0.035329725593328476,
            2.4821596145629883
        ],
        [
            0.125626802444458,
            5.315140247344971
        ],
        [
            0.25881651043891907,
            8.279350280761719
        ],
        [
            0.4561218023300171,
            11.218995094299316
        ],
        [
            0.7526178359985352,
            14.350275039672852
        ],
        [
            1.0661022663116455,
            17.39095115661621
        ]
    ]
}