{
    "speed": 4.706930502617011,
    "steer": 0.00825525913387537,
    "throttle": 0.75,
    "brake": 0.0,
    "wp_4": [
        0.4316352307796478,
        11.046074867248535
    ],
    "wp_3": [
        0.2489222288131714,
        8.186461448669434
    ],
    "wp_2": [
        0.12744805216789246,
        5.29757022857666
    ],
    "wp_1": [
        0.038782473653554916,
        2.502136707305908
    ],
    "aim": [
        0.038782473653554916,
        2.502136707305908
    ],
    "target": [
        5.776218415156455,
        49.856124655958176
    ],
    "desired_speed": 5.8398887634277346,
    "angle": 0.009866635774492895,
    "angle_last": 0.06639578574821409,
    "angle_target": 0.07342995160348403,
    "angle_final": 0.009866635774492895,
    "delta": 0.25,
    "agent": "only_traj",
    "steer_traj": 0.00825525928425274,
    "throttle_traj": 0.75,
    "brake_traj": 0.0,
    "plan": [
        [
            0.038782473653554916,
            2.502136707305908
        ],
        [
            0.12744805216789246,
            5.29757022857666
        ],
        [
            0.2489222288131714,
            8.186461448669434
        ],
        [
            0.4316352307796478,
            11.046074867248535
        ],
        [
            0.7188717722892761,
            14.093108177185059
        ],
        [
            1.0296729803085327,
            17.06233787536621
        ]
    ]
}