{
    "speed": 4.806889434359069,
    "steer": 0.009642752818763256,
    "throttle": 0.75,
    "brake": 0.0,
    "wp_4": [
        0.6073175668716431,
        12.039487838745117
    ],
    "wp_3": [
        0.36911824345588684,
        8.96025562286377
    ],
    "wp_2": [
        0.18296566605567932,
        5.7955851554870605
    ],
    "wp_1": [
        0.0437886081635952,
        2.7444169521331787
    ],
    "aim": [
        0.0437886081635952,
        2.7444169521331787
    ],
    "target": [
        5.207546713387519,
        49.99819438262209
    ],
    "desired_speed": 6.250688743591308,
    "angle": 0.01015676703223688,
    "angle_last": 0.071763327852964,
    "angle_target": 0.06606871689506287,
    "angle_final": 0.01015676703223688,
    "delta": 0.25,
    "agent": "only_traj",
    "steer_traj": 0.009642752449985591,
    "throttle_traj": 0.75,
    "brake_traj": 0.0,
    "plan": [
        [
            0.0437886081635952,
            2.7444169521331787
        ],
        [
            0.18296566605567932,
            5.7955851554870605
        ],
        [
            0.36911824345588684,
            8.96025562286377
        ],
        [
            0.6073175668716431,
            12.039487838745117
        ],
        [
            0.929948627948761,
            15.264579772949219
        ],
        [
            1.275578260421753,
            18.317697525024414
        ]
    ]
}