{
    "speed": 4.9451242012076,
    "steer": 0.01072336919605732,
    "throttle": 0.75,
    "brake": 0.0,
    "wp_4": [
        0.6347989439964294,
        12.091262817382812
    ],
    "wp_3": [
        0.3954635560512543,
        9.072839736938477
    ],
    "wp_2": [
        0.1917099952697754,
        5.940096855163574
    ],
    "wp_1": [
        0.050447430461645126,
        2.8525750637054443
    ],
    "aim": [
        0.050447430461645126,
        2.8525750637054443
    ],
    "target": [
        5.289734479214007,
        49.33536036719698
    ],
    "desired_speed": 6.1543137550354,
    "angle": 0.011257338180498268,
    "angle_last": 0.07739261798490696,
    "angle_target": 0.0679985560471067,
    "angle_final": 0.011257338180498268,
    "delta": 0.25,
    "agent": "only_traj",
    "steer_traj": 0.010723369485178002,
    "throttle_traj": 0.75,
    "brake_traj": 0.0,
    "plan": [
        [
            0.050447430461645126,
            2.8525750637054443
        ],
        [
            0.1917099952697754,
            5.940096855163574
        ],
        [
            0.3954635560512543,
            9.072839736938477
        ],
        [
            0.6347989439964294,
            12.091262817382812
        ],
        [
            0.9678570628166199,
            15.21865463256836
        ],
        [
            1.3295652866363525,
            18.179338455200195
        ]
    ]
}