{
    "speed": 5.109726324199636,
    "steer": 0.011072787456214428,
    "throttle": 0.0,
    "brake": 0.0,
    "wp_4": [
        0.6966836452484131,
        12.294865608215332
    ],
    "wp_3": [
        0.4286881983280182,
        9.19217300415039
    ],
    "wp_2": [
        0.2111828625202179,
        5.998351097106934
    ],
    "wp_1": [
        0.051628824323415756,
        2.8673322200775146
    ],
    "aim": [
        0.051628824323415756,
        2.8673322200775146
    ],
    "target": [
        5.927930210302731,
        48.59683162209218
    ],
    "desired_speed": 6.319236850738525,
    "angle": 0.011461636727672427,
    "angle_last": 0.08792734997875307,
    "angle_target": 0.07727428144293508,
    "angle_final": 0.011461636727672427,
    "delta": 0.25,
    "agent": "only_traj",
    "steer_traj": 0.011072787733555084,
    "throttle_traj": 0.0,
    "brake_traj": 0.0,
    "plan": [
        [
            0.051628824323415756,
            2.8673322200775146
        ],
        [
            0.2111828625202179,
            5.998351097106934
        ],
        [
            0.4286881983280182,
            9.19217300415039
        ],
        [
            0.6966836452484131,
            12.294865608215332
        ],
        [
            1.0734782218933105,
            15.524022102355957
        ],
        [
            1.4997931718826294,
            18.591014862060547
        ]
    ]
}