{
    "speed": 5.254221688842276,
    "steer": 0.008000059053301811,
    "throttle": 0.0,
    "brake": 0.0,
    "wp_4": [
        0.49084895849227905,
        11.844352722167969
    ],
    "wp_3": [
        0.3018375635147095,
        8.879019737243652
    ],
    "wp_2": [
        0.13710609078407288,
        5.80891227722168
    ],
    "wp_1": [
        0.03687193617224693,
        2.7909598350524902
    ],
    "aim": [
        0.03687193617224693,
        2.7909598350524902
    ],
    "target": [
        5.596655027198311,
        49.74184309566345
    ],
    "desired_speed": 6.045304203033447,
    "angle": 0.008410059988492286,
    "angle_last": 0.07029028372196458,
    "angle_target": 0.07132867017329593,
    "angle_final": 0.008410059988492286,
    "delta": 0.25,
    "agent": "only_traj",
    "steer_traj": 0.00800005922660775,
    "throttle_traj": 0.0,
    "brake_traj": 0.0,
    "plan": [
        [
            0.03687193617224693,
            2.7909598350524902
        ],
        [
            0.13710609078407288,
            5.80891227722168
        ],
        [
            0.3018375635147095,
            8.879019737243652
        ],
        [
            0.49084895849227905,
            11.844352722167969
        ],
        [
            0.7890884876251221,
            14.940860748291016
        ],
        [
            1.1127017736434937,
            17.859909057617188
        ]
    ]
}