{
    "speed": 5.097635188384133,
    "steer": 0.011187243275344372,
    "throttle": 0.0,
    "brake": 0.0,
    "wp_4": [
        0.7168086767196655,
        12.687285423278809
    ],
    "wp_3": [
        0.4223306477069855,
        9.531379699707031
    ],
    "wp_2": [
        0.20974302291870117,
        6.269047737121582
    ],
    "wp_1": [
        0.04767918214201927,
        3.0148863792419434
    ],
    "aim": [
        0.04767918214201927,
        3.0148863792419434
    ],
    "target": [
        5.853406889016936,
        47.547507608507445
    ],
    "desired_speed": 6.4639760017395025,
    "angle": 0.01006706388113738,
    "angle_last": 0.09420285189717001,
    "angle_target": 0.0779796740158101,
    "angle_final": 0.01006706388113738,
    "delta": 0.25,
    "agent": "only_traj",
    "steer_traj": 0.011187243205615495,
    "throttle_traj": 0.0,
    "brake_traj": 0.0,
    "plan": [
        [
            0.04767918214201927,
            3.0148863792419434
        ],
        [
            0.20974302291870117,
            6.269047737121582
        ],
        [
            0.4223306477069855,
            9.531379699707031
        ],
        [
            0.7168086767196655,
            12.687285423278809
        ],
        [
            1.0925142765045166,
            15.97082233428955
        ],
        [
            1.5580989122390747,
            19.09423065185547
        ]
    ]
}