{
    "speed": 5.002331129392973,
    "steer": 0.008081361651420593,
    "throttle": 0.0,
    "brake": 0.0,
    "wp_4": [
        0.39899224042892456,
        11.284284591674805
    ],
    "wp_3": [
        0.22536924481391907,
        8.39448356628418
    ],
    "wp_2": [
        0.09484550356864929,
        5.440717697143555
    ],
    "wp_1": [
        0.029422488063573837,
        2.5719621181488037
    ],
    "aim": [
        0.029422488063573837,
        2.5719621181488037
    ],
    "target": [
        5.175336685529019,
        47.82753906463715
    ],
    "desired_speed": 5.903185558319092,
    "angle": 0.007282395756523181,
    "angle_last": 0.06653891615682125,
    "angle_target": 0.0686205475341517,
    "angle_final": 0.007282395756523181,
    "delta": 0.25,
    "agent": "only_traj",
    "steer_traj": 0.008081361245028137,
    "throttle_traj": 0.0,
    "brake_traj": 0.0,
    "plan": [
        [
            0.029422488063573837,
            2.5719621181488037
        ],
        [
            0.09484550356864929,
            5.440717697143555
        ],
        [
            0.22536924481391907,
            8.39448356628418
        ],
        [
            0.39899224042892456,
            11.284284591674805
        ],
        [
            0.6715121269226074,
            14.361032485961914
        ],
        [
            0.9790747165679932,
            17.292953491210938
        ]
    ]
}