{
    "speed": 4.932489676272354,
    "steer": 0.009609398432075977,
    "throttle": 0.75,
    "brake": 0.0,
    "wp_4": [
        0.39740803837776184,
        11.392364501953125
    ],
    "wp_3": [
        0.24301022291183472,
        8.525111198425293
    ],
    "wp_2": [
        0.11833146214485168,
        5.575221061706543
    ],
    "wp_1": [
        0.03176456317305565,
        2.6516120433807373
    ],
    "aim": [
        0.03176456317305565,
        2.6516120433807373
    ],
    "target": [
        5.275805570703818,
        48.0432230026972
    ],
    "desired_speed": 5.838910293579102,
    "angle": 0.007625954271774823,
    "angle_last": 0.0666590515952227,
    "angle_target": 0.06963059383694639,
    "angle_final": 0.007625954271774823,
    "delta": 0.25,
    "agent": "only_traj",
    "steer_traj": 0.009609398359538697,
    "throttle_traj": 0.75,
    "brake_traj": 0.0,
    "plan": [
        [
            0.03176456317305565,
            2.6516120433807373
        ],
        [
            0.11833146214485168,
            5.575221061706543
        ],
        [
            0.24301022291183472,
            8.525111198425293
        ],
        [
            0.39740803837776184,
            11.392364501953125
        ],
        [
            0.654559850692749,
            14.38588809967041
        ],
        [
            0.9517951011657715,
            17.214218139648438
        ]
    ]
}