{
    "speed": 4.8136706944437515,
    "steer": 0.01167119387537241,
    "throttle": 0.75,
    "brake": 0.0,
    "wp_4": [
        0.3664029836654663,
        10.98025131225586
    ],
    "wp_3": [
        0.21428129076957703,
        8.19717788696289
    ],
    "wp_2": [
        0.11390018463134766,
        5.3569841384887695
    ],
    "wp_1": [
        0.037080880254507065,
        2.538367509841919
    ],
    "aim": [
        0.037080880254507065,
        2.538367509841919
    ],
    "target": [
        6.001253139152492,
        47.90430866956861
    ],
    "desired_speed": 5.663336658477784,
    "angle": 0.009299198836446391,
    "angle_last": 0.06570639198798747,
    "angle_target": 0.07933975428209068,
    "angle_final": 0.009299198836446391,
    "delta": 0.25,
    "agent": "only_traj",
    "steer_traj": 0.011671193413344595,
    "throttle_traj": 0.75,
    "brake_traj": 0.0,
    "plan": [
        [
            0.037080880254507065,
            2.538367509841919
        ],
        [
            0.11390018463134766,
            5.3569841384887695
        ],
        [
            0.21428129076957703,
            8.19717788696289
        ],
        [
            0.3664029836654663,
            10.98025131225586
        ],
        [
            0.6090002059936523,
            13.886627197265625
        ],
        [
            0.8967580199241638,
            16.664764404296875
        ]
    ]
}