{
    "speed": 4.732390736703879,
    "steer": 0.008695809170603752,
    "throttle": 0.75,
    "brake": 0.0,
    "wp_4": [
        0.47553080320358276,
        12.35344123840332
    ],
    "wp_3": [
        0.2952941656112671,
        9.151435852050781
    ],
    "wp_2": [
        0.13650408387184143,
        5.87727165222168
    ],
    "wp_1": [
        0.02987774834036827,
        2.7365238666534424
    ],
    "aim": [
        0.02987774834036827,
        2.7365238666534424
    ],
    "target": [
        5.0015677206146965,
        47.043570060319496
    ],
    "desired_speed": 6.467632865905761,
    "angle": 0.006950448562860561,
    "angle_last": 0.06735208812300666,
    "angle_target": 0.0674306924398625,
    "angle_final": 0.006950448562860561,
    "delta": 0.25,
    "agent": "only_traj",
    "steer_traj": 0.008695809331630715,
    "throttle_traj": 0.75,
    "brake_traj": 0.0,
    "plan": [
        [
            0.02987774834036827,
            2.7365238666534424
        ],
        [
            0.13650408387184143,
            5.87727165222168
        ],
        [
            0.2952941656112671,
            9.151435852050781
        ],
        [
            0.47553080320358276,
            12.35344123840332
        ],
        [
            0.7466933727264404,
            15.725703239440918
        ],
        [
            1.080206274986267,
            18.866336822509766
        ]
    ]
}