{
    "speed": 4.743541325347004,
    "steer": 0.012498189695179462,
    "throttle": 0.75,
    "brake": 0.0,
    "wp_4": [
        0.28733035922050476,
        10.765536308288574
    ],
    "wp_3": [
        0.17640453577041626,
        8.101285934448242
    ],
    "wp_2": [
        0.09014073014259338,
        5.352616310119629
    ],
    "wp_1": [
        0.03974252566695213,
        2.578845739364624
    ],
    "aim": [
        0.03974252566695213,
        2.578845739364624
    ],
    "target": [
        5.479576071852691,
        47.715970701799634
    ],
    "desired_speed": 5.413861656188965,
    "angle": 0.009810172877354122,
    "angle_last": 0.058883488353089396,
    "angle_target": 0.0727888803942005,
    "angle_final": 0.009810172877354122,
    "delta": 0.25,
    "agent": "only_traj",
    "steer_traj": 0.012498189872137582,
    "throttle_traj": 0.75,
    "brake_traj": 0.0,
    "plan": [
        [
            0.03974252566695213,
            2.578845739364624
        ],
        [
            0.09014073014259338,
            5.352616310119629
        ],
        [
            0.17640453577041626,
            8.101285934448242
        ],
        [
            0.28733035922050476,
            10.765536308288574
        ],
        [
            0.5061092376708984,
            13.502941131591797
        ],
        [
            0.7460395097732544,
            16.089548110961914
        ]
    ]
}