{
    "speed": 4.836330957225576,
    "steer": 0.009002523496747017,
    "throttle": 0.75,
    "brake": 0.0,
    "wp_4": [
        0.2610515356063843,
        11.538064956665039
    ],
    "wp_3": [
        0.19069930911064148,
        8.624958038330078
    ],
    "wp_2": [
        0.09325516223907471,
        5.6280341148376465
    ],
    "wp_1": [
        0.030358459800481796,
        2.674316644668579
    ],
    "aim": [
        0.030358459800481796,
        2.674316644668579
    ],
    "target": [
        5.3629636936768454,
        47.792142551076154
    ],
    "desired_speed": 5.864978408813476,
    "angle": 0.007226539987310633,
    "angle_last": 0.04763553282791241,
    "angle_target": 0.0711402623942105,
    "angle_final": 0.007226539987310633,
    "delta": 0.25,
    "agent": "only_traj",
    "steer_traj": 0.009002523245178369,
    "throttle_traj": 0.75,
    "brake_traj": 0.0,
    "plan": [
        [
            0.030358459800481796,
            2.674316644668579
        ],
        [
            0.09325516223907471,
            5.6280341148376465
        ],
        [
            0.19069930911064148,
            8.624958038330078
        ],
        [
            0.2610515356063843,
            11.538064956665039
        ],
        [
            0.44048410654067993,
            14.540374755859375
        ],
        [
            0.6488982439041138,
            17.32050132751465
        ]
    ]
}