{
    "speed": 4.975672736916931,
    "steer": 0.011156033724546432,
    "throttle": 0.75,
    "brake": 0.0,
    "wp_4": [
        0.49856770038604736,
        13.796356201171875
    ],
    "wp_3": [
        0.3216744661331177,
        10.250957489013672
    ],
    "wp_2": [
        0.16635675728321075,
        6.618154525756836
    ],
    "wp_1": [
        0.0408564917743206,
        3.1321351528167725
    ],
    "aim": [
        0.0408564917743206,
        3.1321351528167725
    ],
    "target": [
        5.124736104357586,
        46.57065796828562
    ],
    "desired_speed": 7.0776801109313965,
    "angle": 0.008303812601403199,
    "angle_last": 0.061012306535400816,
    "angle_target": 0.06977428405580446,
    "angle_final": 0.008303812601403199,
    "delta": 0.25,
    "agent": "only_traj",
    "steer_traj": 0.011156033509976768,
    "throttle_traj": 0.75,
    "brake_traj": 0.0,
    "plan": [
        [
            0.0408564917743206,
            3.1321351528167725
        ],
        [
            0.16635675728321075,
            6.618154525756836
        ],
        [
            0.3216744661331177,
            10.250957489013672
        ],
        [
            0.49856770038604736,
            13.796356201171875
        ],
        [
            0.7497004270553589,
            17.436922073364258
        ],
        [
            1.0722541809082031,
            20.79222869873047
        ]
    ]
}