{
    "speed": 5.140946098129436,
    "steer": 0.011701994575560093,
    "throttle": 0.0,
    "brake": 0.0,
    "wp_4": [
        0.3534910976886749,
        12.823894500732422
    ],
    "wp_3": [
        0.2481173574924469,
        9.484670639038086
    ],
    "wp_2": [
        0.13613776862621307,
        6.088595390319824
    ],
    "wp_1": [
        0.039740364998579025,
        2.8555498123168945
    ],
    "aim": [
        0.039740364998579025,
        2.8555498123168945
    ],
    "target": [
        5.246842550345544,
        46.74608063264549
    ],
    "desired_speed": 6.651994800567627,
    "angle": 0.008859182871916014,
    "angle_last": 0.05114936159192085,
    "angle_target": 0.07115723543625359,
    "angle_final": 0.008859182871916014,
    "delta": 0.25,
    "agent": "only_traj",
    "steer_traj": 0.011701994720589198,
    "throttle_traj": 0.0,
    "brake_traj": 0.0,
    "plan": [
        [
            0.039740364998579025,
            2.8555498123168945
        ],
        [
            0.13613776862621307,
            6.088595390319824
        ],
        [
            0.2481173574924469,
            9.484670639038086
        ],
        [
            0.3534910976886749,
            12.823894500732422
        ],
        [
            0.5688003897666931,
            16.282611846923828
        ],
        [
            0.8249292969703674,
            19.46360206604004
        ]
    ]
}