{
    "speed": 5.265274309851255,
    "steer": 0.013124845921993256,
    "throttle": 0.0,
    "brake": 0.0,
    "wp_4": [
        0.376647412776947,
        12.91596508026123
    ],
    "wp_3": [
        0.2714022099971771,
        9.653313636779785
    ],
    "wp_2": [
        0.15911602973937988,
        6.300008296966553
    ],
    "wp_1": [
        0.048481401056051254,
        3.0351290702819824
    ],
    "aim": [
        0.048481401056051254,
        3.0351290702819824
    ],
    "target": [
        5.523160947255814,
        45.79241821347344
    ],
    "desired_speed": 6.537853336334228,
    "angle": 0.010168150680853567,
    "angle_last": 0.0519747520076215,
    "angle_target": 0.07641549600426305,
    "angle_final": 0.010168150680853567,
    "delta": 0.25,
    "agent": "only_traj",
    "steer_traj": 0.013124845498925482,
    "throttle_traj": 0.0,
    "brake_traj": 0.0,
    "plan": [
        [
            0.048481401056051254,
            3.0351290702819824
        ],
        [
            0.15911602973937988,
            6.300008296966553
        ],
        [
            0.2714022099971771,
            9.653313636779785
        ],
        [
            0.376647412776947,
            12.91596508026123
        ],
        [
            0.5990203619003296,
            16.26471519470215
        ],
        [
            0.8520097732543945,
            19.356603622436523
        ]
    ]
}