{
    "speed": 5.171789605573981,
    "steer": 0.011863041669130325,
    "throttle": 0.0,
    "brake": 0.0,
    "wp_4": [
        0.2925923466682434,
        12.777247428894043
    ],
    "wp_3": [
        0.22925034165382385,
        9.37796401977539
    ],
    "wp_2": [
        0.13347479701042175,
        5.967513084411621
    ],
    "wp_1": [
        0.039588477462530136,
        2.7673022747039795
    ],
    "aim": [
        0.039588477462530136,
        2.7673022747039795
    ],
    "target": [
        4.422959051174873,
        45.94158684949008
    ],
    "desired_speed": 6.733282661437988,
    "angle": 0.009106739283833588,
    "angle_last": 0.03982361780119649,
    "angle_target": 0.06110132693463937,
    "angle_final": 0.009106739283833588,
    "delta": 0.25,
    "agent": "only_traj",
    "steer_traj": 0.011863042043481636,
    "throttle_traj": 0.0,
    "brake_traj": 0.0,
    "plan": [
        [
            0.039588477462530136,
            2.7673022747039795
        ],
        [
            0.13347479701042175,
            5.967513084411621
        ],
        [
            0.22925034165382385,
            9.37796401977539
        ],
        [
            0.2925923466682434,
            12.777247428894043
        ],
        [
            0.46643325686454773,
            16.30652618408203
        ],
        [
            0.6718789935112,
            19.586490631103516
        ]
    ]
}