{
    "speed": 5.0534829060022615,
    "steer": 0.012369915843009949,
    "throttle": 0.0,
    "brake": 0.0,
    "wp_4": [
        0.19819486141204834,
        12.069012641906738
    ],
    "wp_3": [
        0.18008700013160706,
        8.848373413085938
    ],
    "wp_2": [
        0.11028876900672913,
        5.648995399475098
    ],
    "wp_1": [
        0.037735726684331894,
        2.637955665588379
    ],
    "aim": [
        0.037735726684331894,
        2.637955665588379
    ],
    "target": [
        4.354991152536623,
        45.94264534435809
    ],
    "desired_speed": 6.417534351348877,
    "angle": 0.009106132155907363,
    "angle_last": 0.03525831935995997,
    "angle_target": 0.06016662544332915,
    "angle_final": 0.009106132155907363,
    "delta": 0.25,
    "agent": "only_traj",
    "steer_traj": 0.012369916073612588,
    "throttle_traj": 0.0,
    "brake_traj": 0.0,
    "plan": [
        [
            0.037735726684331894,
            2.637955665588379
        ],
        [
            0.11028876900672913,
            5.648995399475098
        ],
        [
            0.18008700013160706,
            8.848373413085938
        ],
        [
            0.19819486141204834,
            12.069012641906738
        ],
        [
            0.36458706855773926,
            15.462227821350098
        ],
        [
            0.5424880385398865,
            18.671100616455078
        ]
    ]
}