{
    "speed": 4.942159326908753,
    "steer": 0.014219980686903,
    "throttle": 0.75,
    "brake": 0.0,
    "wp_4": [
        0.2267322838306427,
        12.006649017333984
    ],
    "wp_3": [
        0.19325131177902222,
        8.80590534210205
    ],
    "wp_2": [
        0.11645255982875824,
        5.660839080810547
    ],
    "wp_1": [
        0.04534129425883293,
        2.677549362182617
    ],
    "aim": [
        0.04534129425883293,
        2.677549362182617
    ],
    "target": [
        4.756723363137788,
        44.97569359233538
    ],
    "desired_speed": 6.361049175262451,
    "angle": 0.010779376720578932,
    "angle_last": 0.044418134273882505,
    "angle_target": 0.06708086581901315,
    "angle_final": 0.010779376720578932,
    "delta": 0.25,
    "agent": "only_traj",
    "steer_traj": 0.014219980954972403,
    "throttle_traj": 0.75,
    "brake_traj": 0.0,
    "plan": [
        [
            0.04534129425883293,
            2.677549362182617
        ],
        [
            0.11645255982875824,
            5.660839080810547
        ],
        [
            0.19325131177902222,
            8.80590534210205
        ],
        [
            0.2267322838306427,
            12.006649017333984
        ],
        [
            0.44403696060180664,
            15.364680290222168
        ],
        [
            0.6675793528556824,
            18.563386917114258
        ]
    ]
}