{
    "speed": 4.754458421231727,
    "steer": 0.015705546364188194,
    "throttle": 0.0,
    "brake": 0.0,
    "wp_4": [
        0.07002723962068558,
        9.930891990661621
    ],
    "wp_3": [
        0.0846082866191864,
        7.658552169799805
    ],
    "wp_2": [
        0.05801495164632797,
        5.2356719970703125
    ],
    "wp_1": [
        0.047827210277318954,
        2.5533738136291504
    ],
    "aim": [
        0.047827210277318954,
        2.5533738136291504
    ],
    "target": [
        4.652099531714948,
        46.01572219096595
    ],
    "desired_speed": 4.685956764221191,
    "angle": 0.011923129842592957,
    "angle_last": 0.031109890131066555,
    "angle_target": 0.0641430750613203,
    "angle_final": 0.011923129842592957,
    "delta": 0.0,
    "agent": "only_traj",
    "steer_traj": 0.015705547099450178,
    "throttle_traj": 0.0,
    "brake_traj": 0.0,
    "plan": [
        [
            0.047827210277318954,
            2.5533738136291504
        ],
        [
            0.05801495164632797,
            5.2356719970703125
        ],
        [
            0.0846082866191864,
            7.658552169799805
        ],
        [
            0.07002723962068558,
            9.930891990661621
        ],
        [
            0.18727506697177887,
            12.157611846923828
        ],
        [
            0.290214866399765,
            14.262453079223633
        ]
    ]
}