{
    "speed": 4.722783832799389,
    "steer": 0.010721529833972454,
    "throttle": 0.75,
    "brake": 0.0,
    "wp_4": [
        0.21342319250106812,
        12.450136184692383
    ],
    "wp_3": [
        0.18129488825798035,
        9.142219543457031
    ],
    "wp_2": [
        0.11387786269187927,
        5.830562114715576
    ],
    "wp_1": [
        0.03301223739981651,
        2.730398416519165
    ],
    "aim": [
        0.03301223739981651,
        2.730398416519165
    ],
    "target": [
        3.8838533641515216,
        45.523665763285386
    ],
    "desired_speed": 6.5804187774658205,
    "angle": 0.007696760566170621,
    "angle_last": 0.03596357433725917,
    "angle_target": 0.05418203803940884,
    "angle_final": 0.007696760566170621,
    "delta": 0.25,
    "agent": "only_traj",
    "steer_traj": 0.01072152960297033,
    "throttle_traj": 0.75,
    "brake_traj": 0.0,
    "plan": [
        [
            0.03301223739981651,
            2.730398416519165
        ],
        [
            0.11387786269187927,
            5.830562114715576
        ],
        [
            0.18129488825798035,
            9.142219543457031
        ],
        [
            0.21342319250106812,
            12.450136184692383
        ],
        [
            0.36842021346092224,
            15.912022590637207
        ],
        [
            0.5527134537696838,
            19.170873641967773
        ]
    ]
}