{
    "speed": 4.700932764390982,
    "steer": 0.013201299123466015,
    "throttle": 0.75,
    "brake": 0.0,
    "wp_4": [
        0.1496765911579132,
        11.411436080932617
    ],
    "wp_3": [
        0.14623793959617615,
        8.402017593383789
    ],
    "wp_2": [
        0.08477270603179932,
        5.415745735168457
    ],
    "wp_1": [
        0.03672110661864281,
        2.565948009490967
    ],
    "aim": [
        0.03672110661864281,
        2.565948009490967
    ],
    "target": [
        4.432033193091373,
        43.71381167958402
    ],
    "desired_speed": 5.985234260559082,
    "angle": 0.009110002596437038,
    "angle_last": 0.029654149145964502,
    "angle_target": 0.06432546566563876,
    "angle_final": 0.009110002596437038,
    "delta": 0.25,
    "agent": "only_traj",
    "steer_traj": 0.013201299505991236,
    "throttle_traj": 0.75,
    "brake_traj": 0.0,
    "plan": [
        [
            0.03672110661864281,
            2.565948009490967
        ],
        [
            0.08477270603179932,
            5.415745735168457
        ],
        [
            0.14623793959617615,
            8.402017593383789
        ],
        [
            0.1496765911579132,
            11.411436080932617
        ],
        [
            0.3106178045272827,
            14.548542976379395
        ],
        [
            0.4491603970527649,
            17.520641326904297
        ]
    ]
}