{
    "speed": 4.822964281509808,
    "steer": 0.012930084019899368,
    "throttle": 0.75,
    "brake": 0.0,
    "wp_4": [
        0.16775478422641754,
        11.871471405029297
    ],
    "wp_3": [
        0.16219750046730042,
        8.78030014038086
    ],
    "wp_2": [
        0.09691017866134644,
        5.68361234664917
    ],
    "wp_1": [
        0.036399807780981064,
        2.7014238834381104
    ],
    "aim": [
        0.036399807780981064,
        2.7014238834381104
    ],
    "target": [
        3.639447111854196,
        44.46041397839115
    ],
    "desired_speed": 6.12015438079834,
    "angle": 0.008577475514148376,
    "angle_last": 0.03143758742924561,
    "angle_target": 0.05199658302431948,
    "angle_final": 0.008577475514148376,
    "delta": 0.25,
    "agent": "only_traj",
    "steer_traj": 0.012930084077698644,
    "throttle_traj": 0.75,
    "brake_traj": 0.0,
    "plan": [
        [
            0.036399807780981064,
            2.7014238834381104
        ],
        [
            0.09691017866134644,
            5.68361234664917
        ],
        [
            0.16219750046730042,
            8.78030014038086
        ],
        [
            0.16775478422641754,
            11.871471405029297
        ],
        [
            0.32804304361343384,
            15.054621696472168
        ],
        [
            0.473258376121521,
            17.992883682250977
        ]
    ]
}