{
    "speed": 4.9789124422213105,
    "steer": 0.01486547477543354,
    "throttle": 0.75,
    "brake": 0.0,
    "wp_4": [
        0.3245386779308319,
        12.238666534423828
    ],
    "wp_3": [
        0.24832653999328613,
        9.09793758392334
    ],
    "wp_2": [
        0.14369681477546692,
        5.947220802307129
    ],
    "wp_1": [
        0.04600730165839195,
        2.8714497089385986
    ],
    "aim": [
        0.04600730165839195,
        2.8714497089385986
    ],
    "target": [
        5.388387186951865,
        43.14875643286119
    ],
    "desired_speed": 6.339740371704101,
    "angle": 0.010199265987072516,
    "angle_last": 0.04887688176406683,
    "angle_target": 0.07909119933620173,
    "angle_final": 0.010199265987072516,
    "delta": 0.25,
    "agent": "only_traj",
    "steer_traj": 0.014865475097264842,
    "throttle_traj": 0.75,
    "brake_traj": 0.0,
    "plan": [
        [
            0.04600730165839195,
            2.8714497089385986
        ],
        [
            0.14369681477546692,
            5.947220802307129
        ],
        [
            0.24832653999328613,
            9.09793758392334
        ],
        [
            0.3245386779308319,
            12.238666534423828
        ],
        [
            0.5397751927375793,
            15.543188095092773
        ],
        [
            0.7826387882232666,
            18.700258255004883
        ]
    ]
}