{
    "speed": 5.153830614116703,
    "steer": 0.011056502349674702,
    "throttle": 0.0,
    "brake": 0.0,
    "wp_4": [
        0.2609817087650299,
        13.059466361999512
    ],
    "wp_3": [
        0.20977210998535156,
        9.649771690368652
    ],
    "wp_2": [
        0.120113804936409,
        6.209285736083984
    ],
    "wp_1": [
        0.03243143483996391,
        2.941828727722168
    ],
    "aim": [
        0.03243143483996391,
        2.941828727722168
    ],
    "target": [
        4.0985907632172305,
        43.26392817690653
    ],
    "desired_speed": 6.747056007385254,
    "angle": 0.007017991544652911,
    "angle_last": 0.03713487588892558,
    "angle_target": 0.06013046236187355,
    "angle_final": 0.007017991544652911,
    "delta": 0.25,
    "agent": "only_traj",
    "steer_traj": 0.011056502001252834,
    "throttle_traj": 0.0,
    "brake_traj": 0.0,
    "plan": [
        [
            0.03243143483996391,
            2.941828727722168
        ],
        [
            0.120113804936409,
            6.209285736083984
        ],
        [
            0.20977210998535156,
            9.649771690368652
        ],
        [
            0.2609817087650299,
            13.059466361999512
        ],
        [
            0.4099338948726654,
            16.55419921875
        ],
        [
            0.599366307258606,
            19.79804039001465
        ]
    ]
}