{
    "speed": 5.2643606044394105,
    "steer": 0.013183129951357841,
    "throttle": 0.0,
    "brake": 0.0,
    "wp_4": [
        0.30144691467285156,
        12.795306205749512
    ],
    "wp_3": [
        0.23163297772407532,
        9.486238479614258
    ],
    "wp_2": [
        0.13125258684158325,
        6.149313926696777
    ],
    "wp_1": [
        0.03731280192732811,
        2.939112663269043
    ],
    "aim": [
        0.03731280192732811,
        2.939112663269043
    ],
    "target": [
        4.058604581192471,
        42.804646376086936
    ],
    "desired_speed": 6.600415229797362,
    "angle": 0.008081603780405452,
    "angle_last": 0.04614344005822772,
    "angle_target": 0.060182402580443474,
    "angle_final": 0.008081603780405452,
    "delta": 0.25,
    "agent": "only_traj",
    "steer_traj": 0.013183129779842926,
    "throttle_traj": 0.0,
    "brake_traj": 0.0,
    "plan": [
        [
            0.03731280192732811,
            2.939112663269043
        ],
        [
            0.13125258684158325,
            6.149313926696777
        ],
        [
            0.23163297772407532,
            9.486238479614258
        ],
        [
            0.30144691467285156,
            12.795306205749512
        ],
        [
            0.4926484525203705,
            16.221845626831055
        ],
        [
            0.7250651717185974,
            19.422773361206055
        ]
    ]
}