{
    "speed": 5.177286594587117,
    "steer": 0.012748485431075096,
    "throttle": 0.0,
    "brake": 0.0,
    "wp_4": [
        0.16430337727069855,
        11.736035346984863
    ],
    "wp_3": [
        0.14662620425224304,
        8.587169647216797
    ],
    "wp_2": [
        0.09190651774406433,
        5.485772132873535
    ],
    "wp_1": [
        0.032170142978429794,
        2.5623416900634766
    ],
    "aim": [
        0.032170142978429794,
        2.5623416900634766
    ],
    "target": [
        4.116755426984412,
        42.8145085769503
    ],
    "desired_speed": 6.259989261627197,
    "angle": 0.007992355975250618,
    "angle_last": 0.033195298666653,
    "angle_target": 0.06102547122655688,
    "angle_final": 0.007992355975250618,
    "delta": 0.25,
    "agent": "only_traj",
    "steer_traj": 0.012748485000184856,
    "throttle_traj": 0.0,
    "brake_traj": 0.0,
    "plan": [
        [
            0.032170142978429794,
            2.5623416900634766
        ],
        [
            0.09190651774406433,
            5.485772132873535
        ],
        [
            0.14662620425224304,
            8.587169647216797
        ],
        [
            0.16430337727069855,
            11.736035346984863
        ],
        [
            0.32985126972198486,
            15.060484886169434
        ],
        [
            0.4938485324382782,
            18.202775955200195
        ]
    ]
}