{
    "speed": 5.0876237805228035,
    "steer": 0.012838825583457947,
    "throttle": 0.0,
    "brake": 0.0,
    "wp_4": [
        0.1240064725279808,
        10.82616901397705
    ],
    "wp_3": [
        0.12631765007972717,
        8.042530059814453
    ],
    "wp_2": [
        0.05797078460454941,
        5.272754192352295
    ],
    "wp_1": [
        0.03206109628081322,
        2.545194625854492
    ],
    "aim": [
        0.03206109628081322,
        2.545194625854492
    ],
    "target": [
        4.304612149701198,
        43.705612387505504
    ],
    "desired_speed": 5.584248638153076,
    "angle": 0.00801891782202289,
    "angle_last": 0.029497889595952766,
    "angle_target": 0.06249978434457068,
    "angle_final": 0.00801891782202289,
    "delta": 0.25,
    "agent": "only_traj",
    "steer_traj": 0.012838825635606892,
    "throttle_traj": 0.0,
    "brake_traj": 0.0,
    "plan": [
        [
            0.03206109628081322,
            2.545194625854492
        ],
        [
            0.05797078460454941,
            5.272754192352295
        ],
        [
            0.12631765007972717,
            8.042530059814453
        ],
        [
            0.1240064725279808,
            10.82616901397705
        ],
        [
            0.29352086782455444,
            13.71907901763916
        ],
        [
            0.42232412099838257,
            16.496902465820312
        ]
    ]
}