{
    "speed": 4.963020480884547,
    "steer": 0.012263898737728596,
    "throttle": 0.75,
    "brake": 0.0,
    "wp_4": [
        0.39500850439071655,
        13.396719932556152
    ],
    "wp_3": [
        0.26826146245002747,
        9.906368255615234
    ],
    "wp_2": [
        0.13752400875091553,
        6.369406700134277
    ],
    "wp_1": [
        0.03525828942656517,
        2.9968228340148926
    ],
    "aim": [
        0.03525828942656517,
        2.9968228340148926
    ],
    "target": [
        3.4486668815753125,
        42.38427406918577
    ],
    "desired_speed": 6.96118860244751,
    "angle": 0.007489654052337679,
    "angle_last": 0.051026114622897516,
    "angle_target": 0.05168576376321838,
    "angle_final": 0.007489654052337679,
    "delta": 0.25,
    "agent": "only_traj",
    "steer_traj": 0.012263898731089297,
    "throttle_traj": 0.75,
    "brake_traj": 0.0,
    "plan": [
        [
            0.03525828942656517,
            2.9968228340148926
        ],
        [
            0.13752400875091553,
            6.369406700134277
        ],
        [
            0.26826146245002747,
            9.906368255615234
        ],
        [
            0.39500850439071655,
            13.396719932556152
        ],
        [
            0.6050399541854858,
            17.004316329956055
        ],
        [
            0.8759110569953918,
            20.376558303833008
        ]
    ]
}