{
    "speed": 4.852555786339826,
    "steer": 0.011708049103617668,
    "throttle": 0.75,
    "brake": 0.0,
    "wp_4": [
        0.17911991477012634,
        11.55164909362793
    ],
    "wp_3": [
        0.1412166953086853,
        8.537403106689453
    ],
    "wp_2": [
        0.07833266258239746,
        5.517606258392334
    ],
    "wp_1": [
        0.028190787881612778,
        2.6070942878723145
    ],
    "aim": [
        0.028190787881612778,
        2.6070942878723145
    ],
    "target": [
        4.3032550941141405,
        42.56963382973887
    ],
    "desired_speed": 6.054615306854247,
    "angle": 0.006883588599985215,
    "angle_last": 0.03703265072434772,
    "angle_target": 0.06413638916554255,
    "angle_final": 0.006883588599985215,
    "delta": 0.25,
    "agent": "only_traj",
    "steer_traj": 0.0117080493986972,
    "throttle_traj": 0.75,
    "brake_traj": 0.0,
    "plan": [
        [
            0.028190787881612778,
            2.6070942878723145
        ],
        [
            0.07833266258239746,
            5.517606258392334
        ],
        [
            0.1412166953086853,
            8.537403106689453
        ],
        [
            0.17911991477012634,
            11.55164909362793
        ],
        [
            0.3427344262599945,
            14.726115226745605
        ],
        [
            0.5178446769714355,
            17.732999801635742
        ]
    ]
}