{
    "speed": 4.775986801193116,
    "steer": 0.011984067037701607,
    "throttle": 0.75,
    "brake": 0.0,
    "wp_4": [
        0.30684229731559753,
        12.229376792907715
    ],
    "wp_3": [
        0.20596185326576233,
        9.031801223754883
    ],
    "wp_2": [
        0.10374599695205688,
        5.777643203735352
    ],
    "wp_1": [
        0.029543843120336533,
        2.697331428527832
    ],
    "aim": [
        0.029543843120336533,
        2.697331428527832
    ],
    "target": [
        3.7950225462330125,
        42.385564246277184
    ],
    "desired_speed": 6.423416900634766,
    "angle": 0.006972608732167714,
    "angle_last": 0.050684301600433766,
    "angle_target": 0.05684862929387395,
    "angle_final": 0.006972608732167714,
    "delta": 0.25,
    "agent": "only_traj",
    "steer_traj": 0.011984067303749953,
    "throttle_traj": 0.75,
    "brake_traj": 0.0,
    "plan": [
        [
            0.029543843120336533,
            2.697331428527832
        ],
        [
            0.10374599695205688,
            5.777643203735352
        ],
        [
            0.20596185326576233,
            9.031801223754883
        ],
        [
            0.30684229731559753,
            12.229376792907715
        ],
        [
            0.5028057098388672,
            15.593913078308105
        ],
        [
            0.7534998059272766,
            18.73609733581543
        ]
    ]
}