{
    "speed": 4.883791301124043,
    "steer": 0.012699499726295471,
    "throttle": 0.75,
    "brake": 0.0,
    "wp_4": [
        0.20234811305999756,
        11.172131538391113
    ],
    "wp_3": [
        0.1469760537147522,
        8.410439491271973
    ],
    "wp_2": [
        0.07083079218864441,
        5.542923927307129
    ],
    "wp_1": [
        0.03296607360243797,
        2.6837158203125
    ],
    "aim": [
        0.03296607360243797,
        2.6837158203125
    ],
    "target": [
        4.223358000897479,
        42.036228906115895
    ],
    "desired_speed": 5.615059089660645,
    "angle": 0.007819703971230852,
    "angle_last": 0.040761478665230014,
    "angle_target": 0.06374694124889953,
    "angle_final": 0.007819703971230852,
    "delta": 0.25,
    "agent": "only_traj",
    "steer_traj": 0.012699499737231171,
    "throttle_traj": 0.75,
    "brake_traj": 0.0,
    "plan": [
        [
            0.03296607360243797,
            2.6837158203125
        ],
        [
            0.07083079218864441,
            5.542923927307129
        ],
        [
            0.1469760537147522,
            8.410439491271973
        ],
        [
            0.20234811305999756,
            11.172131538391113
        ],
        [
            0.36798834800720215,
            14.040718078613281
        ],
        [
            0.5390853881835938,
            16.70928955078125
        ]
    ]
}