{
    "speed": 5.023749443646014,
    "steer": 0.013526558876037598,
    "throttle": 0.0,
    "brake": 0.0,
    "wp_4": [
        0.5124481916427612,
        13.544528007507324
    ],
    "wp_3": [
        0.3228175938129425,
        10.205510139465332
    ],
    "wp_2": [
        0.16553711891174316,
        6.692758560180664
    ],
    "wp_1": [
        0.04458033666014671,
        3.2289578914642334
    ],
    "aim": [
        0.04458033666014671,
        3.2289578914642334
    ],
    "target": [
        4.08064375663005,
        40.36924780904867
    ],
    "desired_speed": 6.763694190979004,
    "angle": 0.00878890781445566,
    "angle_last": 0.06611794883097613,
    "angle_target": 0.06413357993872186,
    "angle_final": 0.00878890781445566,
    "delta": 0.25,
    "agent": "only_traj",
    "steer_traj": 0.01352655880609155,
    "throttle_traj": 0.0,
    "brake_traj": 0.0,
    "plan": [
        [
            0.04458033666014671,
            3.2289578914642334
        ],
        [
            0.16553711891174316,
            6.692758560180664
        ],
        [
            0.3228175938129425,
            10.205510139465332
        ],
        [
            0.5124481916427612,
            13.544528007507324
        ],
        [
            0.7634611129760742,
            16.956342697143555
        ],
        [
            1.091230034828186,
            20.10092544555664
        ]
    ]
}