{
    "speed": 4.988407896074781,
    "steer": 0.01438415888696909,
    "throttle": 0.75,
    "brake": 0.0,
    "wp_4": [
        0.4673655033111572,
        12.548863410949707
    ],
    "wp_3": [
        0.2986225187778473,
        9.493728637695312
    ],
    "wp_2": [
        0.15450316667556763,
        6.259888648986816
    ],
    "wp_1": [
        0.04586612805724144,
        3.029874801635742
    ],
    "aim": [
        0.04586612805724144,
        3.029874801635742
    ],
    "target": [
        3.790594225334995,
        39.693807362169224
    ],
    "desired_speed": 6.245930480957031,
    "angle": 0.009636382508472686,
    "angle_last": 0.06660182978817615,
    "angle_target": 0.06061075210120295,
    "angle_final": 0.009636382508472686,
    "delta": 0.25,
    "agent": "only_traj",
    "steer_traj": 0.01438415878123443,
    "throttle_traj": 0.75,
    "brake_traj": 0.0,
    "plan": [
        [
            0.04586612805724144,
            3.029874801635742
        ],
        [
            0.15450316667556763,
            6.259888648986816
        ],
        [
            0.2986225187778473,
            9.493728637695312
        ],
        [
            0.4673655033111572,
            12.548863410949707
        ],
        [
            0.6983757019042969,
            15.69470500946045
        ],
        [
            1.0045387744903564,
            18.61050796508789
        ]
    ]
}