{
    "speed": 4.832944422664829,
    "steer": 0.01450345478951931,
    "throttle": 0.75,
    "brake": 0.0,
    "wp_4": [
        0.34791192412376404,
        10.268821716308594
    ],
    "wp_3": [
        0.19736045598983765,
        7.733248233795166
    ],
    "wp_2": [
        0.06554009765386581,
        5.140387535095215
    ],
    "wp_1": [
        0.04001971706748009,
        2.4960732460021973
    ],
    "aim": [
        0.04001971706748009,
        2.4960732460021973
    ],
    "target": [
        4.21362794008307,
        40.08996679048753
    ],
    "desired_speed": 5.165968322753907,
    "angle": 0.010206096176242529,
    "angle_last": 0.061438282666637284,
    "angle_target": 0.06666670811147499,
    "angle_final": 0.010206096176242529,
    "delta": 0.25,
    "agent": "only_traj",
    "steer_traj": 0.014503455149869088,
    "throttle_traj": 0.75,
    "brake_traj": 0.0,
    "plan": [
        [
            0.04001971706748009,
            2.4960732460021973
        ],
        [
            0.06554009765386581,
            5.140387535095215
        ],
        [
            0.19736045598983765,
            7.733248233795166
        ],
        [
            0.34791192412376404,
            10.268821716308594
        ],
        [
            0.5885653495788574,
            12.88927936553955
        ],
        [
            0.8297236561775208,
            15.380383491516113
        ]
    ]
}