{
    "speed": 4.852736550012063,
    "steer": 0.013609252870082855,
    "throttle": 0.75,
    "brake": 0.0,
    "wp_4": [
        0.6360136270523071,
        12.38680362701416
    ],
    "wp_3": [
        0.3853144943714142,
        9.267226219177246
    ],
    "wp_2": [
        0.17554086446762085,
        6.0421881675720215
    ],
    "wp_1": [
        0.04355644807219505,
        2.900035858154297
    ],
    "aim": [
        0.04355644807219505,
        2.900035858154297
    ],
    "target": [
        3.0391860333219585,
        38.839036638852974
    ],
    "desired_speed": 6.316050624847412,
    "angle": 0.009560870972648657,
    "angle_last": 0.07831727381654513,
    "angle_target": 0.049714706448235745,
    "angle_final": 0.009560870972648657,
    "delta": 0.25,
    "agent": "only_traj",
    "steer_traj": 0.013609252475555327,
    "throttle_traj": 0.75,
    "brake_traj": 0.0,
    "plan": [
        [
            0.04355644807219505,
            2.900035858154297
        ],
        [
            0.17554086446762085,
            6.0421881675720215
        ],
        [
            0.3853144943714142,
            9.267226219177246
        ],
        [
            0.6360136270523071,
            12.38680362701416
        ],
        [
            0.9739488363265991,
            15.62222957611084
        ],
        [
            1.3458460569381714,
            18.630014419555664
        ]
    ]
}