{
    "speed": 4.950567690181974,
    "steer": 0.014388003386557102,
    "throttle": 0.75,
    "brake": 0.0,
    "wp_4": [
        0.3654785752296448,
        10.914085388183594
    ],
    "wp_3": [
        0.24126893281936646,
        8.236665725708008
    ],
    "wp_2": [
        0.10177144408226013,
        5.464385032653809
    ],
    "wp_1": [
        0.04258235916495323,
        2.6737093925476074
    ],
    "aim": [
        0.04258235916495323,
        2.6737093925476074
    ],
    "target": [
        3.3703185768065316,
        40.337381989302365
    ],
    "desired_speed": 5.440052700042725,
    "angle": 0.01013817373949629,
    "angle_last": 0.05757163668650229,
    "angle_target": 0.0530683750432442,
    "angle_final": 0.01013817373949629,
    "delta": 0.25,
    "agent": "only_traj",
    "steer_traj": 0.014388003608554713,
    "throttle_traj": 0.75,
    "brake_traj": 0.0,
    "plan": [
        [
            0.04258235916495323,
            2.6737093925476074
        ],
        [
            0.10177144408226013,
            5.464385032653809
        ],
        [
            0.24126893281936646,
            8.236665725708008
        ],
        [
            0.3654785752296448,
            10.914085388183594
        ],
        [
            0.6231844425201416,
            13.66707992553711
        ],
        [
            0.8568810224533081,
            16.244216918945312
        ]
    ]
}