{
    "speed": 5.091975117982227,
    "steer": 0.015020143240690231,
    "throttle": 0.0,
    "brake": 0.0,
    "wp_4": [
        0.5686004757881165,
        11.880009651184082
    ],
    "wp_3": [
        0.3562981188297272,
        8.944082260131836
    ],
    "wp_2": [
        0.16559523344039917,
        5.884856224060059
    ],
    "wp_1": [
        0.04868358001112938,
        2.839224338531494
    ],
    "aim": [
        0.04868358001112938,
        2.839224338531494
    ],
    "target": [
        3.349852801475004,
        39.94701777104504
    ],
    "desired_speed": 5.983240127563477,
    "angle": 0.010914918030108295,
    "angle_last": 0.07389616825778665,
    "angle_target": 0.053260664115081506,
    "angle_final": 0.010914918030108295,
    "delta": 0.25,
    "agent": "only_traj",
    "steer_traj": 0.015020143308063704,
    "throttle_traj": 0.0,
    "brake_traj": 0.0,
    "plan": [
        [
            0.04868358001112938,
            2.839224338531494
        ],
        [
            0.16559523344039917,
            5.884856224060059
        ],
        [
            0.3562981188297272,
            8.944082260131836
        ],
        [
            0.5686004757881165,
            11.880009651184082
        ],
        [
            0.8779454231262207,
            14.90463924407959
        ],
        [
            1.2093002796173096,
            17.74644660949707
        ]
    ]
}