{
    "speed": 5.083508195311102,
    "steer": 0.013866260647773743,
    "throttle": 0.0,
    "brake": 0.0,
    "wp_4": [
        0.6101740598678589,
        11.111104011535645
    ],
    "wp_3": [
        0.3454511761665344,
        8.297740936279297
    ],
    "wp_2": [
        0.157637357711792,
        5.415205001831055
    ],
    "wp_1": [
        0.045111265033483505,
        2.597722053527832
    ],
    "aim": [
        0.045111265033483505,
        2.597722053527832
    ],
    "target": [
        3.1380434802629233,
        38.971035185998794
    ],
    "desired_speed": 5.7583037376403805,
    "angle": 0.011054253889176555,
    "angle_last": 0.08688521489339068,
    "angle_target": 0.05115182448791668,
    "angle_final": 0.011054253889176555,
    "delta": 0.25,
    "agent": "only_traj",
    "steer_traj": 0.01386626111037429,
    "throttle_traj": 0.0,
    "brake_traj": 0.0,
    "plan": [
        [
            0.045111265033483505,
            2.597722053527832
        ],
        [
            0.157637357711792,
            5.415205001831055
        ],
        [
            0.3454511761665344,
            8.297740936279297
        ],
        [
            0.6101740598678589,
            11.111104011535645
        ],
        [
            0.9716448783874512,
            14.068306922912598
        ],
        [
            1.3638089895248413,
            16.92388343811035
        ]
    ]
}