{
    "speed": 5.000515612333199,
    "steer": 0.013793913647532463,
    "throttle": 0.0,
    "brake": 0.0,
    "wp_4": [
        0.5203853249549866,
        11.291230201721191
    ],
    "wp_3": [
        0.309976726770401,
        8.398154258728027
    ],
    "wp_2": [
        0.1425544023513794,
        5.457067489624023
    ],
    "wp_1": [
        0.04008510336279869,
        2.5960707664489746
    ],
    "aim": [
        0.04008510336279869,
        2.5960707664489746
    ],
    "target": [
        3.0628768391583314,
        39.425165568499324
    ],
    "desired_speed": 5.884088420867919,
    "angle": 0.009829069734057824,
    "angle_last": 0.07195783646232781,
    "angle_target": 0.04935881015214673,
    "angle_final": 0.009829069734057824,
    "delta": 0.25,
    "agent": "only_traj",
    "steer_traj": 0.013793913754547008,
    "throttle_traj": 0.0,
    "brake_traj": 0.0,
    "plan": [
        [
            0.04008510336279869,
            2.5960707664489746
        ],
        [
            0.1425544023513794,
            5.457067489624023
        ],
        [
            0.309976726770401,
            8.398154258728027
        ],
        [
            0.5203853249549866,
            11.291230201721191
        ],
        [
            0.8527116775512695,
            14.334733963012695
        ],
        [
            1.1842291355133057,
            17.25520896911621
        ]
    ]
}