{
    "speed": 4.909700704070182,
    "steer": 0.015203737653791904,
    "throttle": 0.75,
    "brake": 0.0,
    "wp_4": [
        0.7454513311386108,
        12.54798412322998
    ],
    "wp_3": [
        0.45786726474761963,
        9.402162551879883
    ],
    "wp_2": [
        0.21956196427345276,
        6.131645202636719
    ],
    "wp_1": [
        0.04962047562003136,
        2.9340081214904785
    ],
    "aim": [
        0.04962047562003136,
        2.9340081214904785
    ],
    "target": [
        2.7917991567075657,
        38.36279882668748
    ],
    "desired_speed": 6.376966094970703,
    "angle": 0.010765640451248129,
    "angle_last": 0.08531328480140762,
    "angle_target": 0.04624758826440623,
    "angle_final": 0.010765640451248129,
    "delta": 0.25,
    "agent": "only_traj",
    "steer_traj": 0.015203737369997571,
    "throttle_traj": 0.75,
    "brake_traj": 0.0,
    "plan": [
        [
            0.04962047562003136,
            2.9340081214904785
        ],
        [
            0.21956196427345276,
            6.131645202636719
        ],
        [
            0.45786726474761963,
            9.402162551879883
        ],
        [
            0.7454513311386108,
            12.54798412322998
        ],
        [
            1.1114239692687988,
            15.770939826965332
        ],
        [
            1.5200631618499756,
            18.80198860168457
        ]
    ]
}