{
    "speed": 4.782649750519187,
    "steer": 0.01442678738385439,
    "throttle": 0.75,
    "brake": 0.0,
    "wp_4": [
        0.4397486746311188,
        10.78814697265625
    ],
    "wp_3": [
        0.2492244839668274,
        8.002357482910156
    ],
    "wp_2": [
        0.11526808142662048,
        5.176736831665039
    ],
    "wp_1": [
        0.0395866297185421,
        2.452308177947998
    ],
    "aim": [
        0.0395866297185421,
        2.452308177947998
    ],
    "target": [
        2.78979770967868,
        38.29774054699507
    ],
    "desired_speed": 5.682760334014892,
    "angle": 0.010275839996767436,
    "angle_last": 0.06181819296647154,
    "angle_target": 0.046292780401398136,
    "angle_final": 0.010275839996767436,
    "delta": 0.25,
    "agent": "only_traj",
    "steer_traj": 0.014426787699391774,
    "throttle_traj": 0.75,
    "brake_traj": 0.0,
    "plan": [
        [
            0.0395866297185421,
            2.452308177947998
        ],
        [
            0.11526808142662048,
            5.176736831665039
        ],
        [
            0.2492244839668274,
            8.002357482910156
        ],
        [
            0.4397486746311188,
            10.78814697265625
        ],
        [
            0.7300851345062256,
            13.741341590881348
        ],
        [
            1.0105551481246948,
            16.6206111907959
        ]
    ]
}