{
    "speed": 4.697231740362682,
    "steer": 0.014585305005311966,
    "throttle": 0.75,
    "brake": 0.0,
    "wp_4": [
        0.452109158039093,
        10.996068954467773
    ],
    "wp_3": [
        0.2619287967681885,
        8.144794464111328
    ],
    "wp_2": [
        0.12147775292396545,
        5.277865409851074
    ],
    "wp_1": [
        0.04024418815970421,
        2.5046210289001465
    ],
    "aim": [
        0.04024418815970421,
        2.5046210289001465
    ],
    "target": [
        3.557467413303306,
        38.335319872170615
    ],
    "desired_speed": 5.782245826721192,
    "angle": 0.010228332236540459,
    "angle_last": 0.06919062326559253,
    "angle_target": 0.05890876711683391,
    "angle_final": 0.010228332236540459,
    "delta": 0.25,
    "agent": "only_traj",
    "steer_traj": 0.014585305006379152,
    "throttle_traj": 0.75,
    "brake_traj": 0.0,
    "plan": [
        [
            0.04024418815970421,
            2.5046210289001465
        ],
        [
            0.12147775292396545,
            5.277865409851074
        ],
        [
            0.2619287967681885,
            8.144794464111328
        ],
        [
            0.452109158039093,
            10.996068954467773
        ],
        [
            0.7712044715881348,
            14.000311851501465
        ],
        [
            1.0892468690872192,
            16.91507339477539
        ]
    ]
}