{
    "speed": 4.706066773246489,
    "steer": 0.013010858558118343,
    "throttle": 0.75,
    "brake": 0.0,
    "wp_4": [
        0.5142781138420105,
        11.972541809082031
    ],
    "wp_3": [
        0.3250502049922943,
        8.869132995605469
    ],
    "wp_2": [
        0.14826375246047974,
        5.715783596038818
    ],
    "wp_1": [
        0.03688421472907066,
        2.6881587505340576
    ],
    "aim": [
        0.03688421472907066,
        2.6881587505340576
    ],
    "target": [
        3.18365012386102,
        37.76754321269066
    ],
    "desired_speed": 6.2253642082214355,
    "angle": 0.008734493974067892,
    "angle_last": 0.05896932106365923,
    "angle_target": 0.05353788434271065,
    "angle_final": 0.008734493974067892,
    "delta": 0.25,
    "agent": "only_traj",
    "steer_traj": 0.013010858179414435,
    "throttle_traj": 0.75,
    "brake_traj": 0.0,
    "plan": [
        [
            0.03688421472907066,
            2.6881587505340576
        ],
        [
            0.14826375246047974,
            5.715783596038818
        ],
        [
            0.3250502049922943,
            8.869132995605469
        ],
        [
            0.5142781138420105,
            11.972541809082031
        ],
        [
            0.7996218204498291,
            15.187655448913574
        ],
        [
            1.0806732177734375,
            18.21314239501953
        ]
    ]
}