{
    "speed": 4.7977257610251725,
    "steer": 0.015392684377729893,
    "throttle": 0.75,
    "brake": 0.0,
    "wp_4": [
        0.5486986637115479,
        11.483753204345703
    ],
    "wp_3": [
        0.3225097060203552,
        8.532596588134766
    ],
    "wp_2": [
        0.1504397690296173,
        5.558326244354248
    ],
    "wp_1": [
        0.04386657103896141,
        2.6550281047821045
    ],
    "aim": [
        0.04386657103896141,
        2.6550281047821045
    ],
    "target": [
        4.3254764673837744,
        36.92655825682697
    ],
    "desired_speed": 5.984989166259766,
    "angle": 0.010517325129422776,
    "angle_last": 0.07527396919535978,
    "angle_target": 0.07423361648279556,
    "angle_final": 0.010517325129422776,
    "delta": 0.25,
    "agent": "only_traj",
    "steer_traj": 0.015392684592693433,
    "throttle_traj": 0.75,
    "brake_traj": 0.0,
    "plan": [
        [
            0.04386657103896141,
            2.6550281047821045
        ],
        [
            0.1504397690296173,
            5.558326244354248
        ],
        [
            0.3225097060203552,
            8.532596588134766
        ],
        [
            0.5486986637115479,
            11.483753204345703
        ],
        [
            0.8998094797134399,
            14.574563026428223
        ],
        [
            1.2545855045318604,
            17.561038970947266
        ]
    ]
}