{
    "speed": 4.936308418918944,
    "steer": 0.013215120881795883,
    "throttle": 0.75,
    "brake": 0.0,
    "wp_4": [
        0.4184505343437195,
        11.43171215057373
    ],
    "wp_3": [
        0.2514555752277374,
        8.565841674804688
    ],
    "wp_2": [
        0.10656318068504333,
        5.6055402755737305
    ],
    "wp_1": [
        0.03787901625037193,
        2.6967697143554688
    ],
    "aim": [
        0.03787901625037193,
        2.6967697143554688
    ],
    "target": [
        3.3158691847059965,
        37.047186470822275
    ],
    "desired_speed": 5.829558467864991,
    "angle": 0.008941448705919279,
    "angle_last": 0.054076325324243654,
    "angle_target": 0.05682855091313544,
    "angle_final": 0.008941448705919279,
    "delta": 0.25,
    "agent": "only_traj",
    "steer_traj": 0.013215120678367973,
    "throttle_traj": 0.75,
    "brake_traj": 0.0,
    "plan": [
        [
            0.03787901625037193,
            2.6967697143554688
        ],
        [
            0.10656318068504333,
            5.6055402755737305
        ],
        [
            0.2514555752277374,
            8.565841674804688
        ],
        [
            0.4184505343437195,
            11.43171215057373
        ],
        [
            0.664474368095398,
            14.393243789672852
        ],
        [
            0.9069498181343079,
            17.240943908691406
        ]
    ]
}