{
    "speed": 5.101304214148189,
    "steer": 0.013861862942576408,
    "throttle": 0.0,
    "brake": 0.0,
    "wp_4": [
        0.43135738372802734,
        11.75792121887207
    ],
    "wp_3": [
        0.26783275604248047,
        8.860967636108398
    ],
    "wp_2": [
        0.11536732316017151,
        5.841022491455078
    ],
    "wp_1": [
        0.040420230478048325,
        2.8266665935516357
    ],
    "aim": [
        0.040420230478048325,
        2.8266665935516357
    ],
    "target": [
        2.081019572659352,
        36.48272478909481
    ],
    "desired_speed": 5.896090412139892,
    "angle": 0.009102792952313135,
    "angle_last": 0.052257901294213926,
    "angle_target": 0.03627426838933733,
    "angle_final": 0.009102792952313135,
    "delta": 0.25,
    "agent": "only_traj",
    "steer_traj": 0.013861862753140016,
    "throttle_traj": 0.0,
    "brake_traj": 0.0,
    "plan": [
        [
            0.040420230478048325,
            2.8266665935516357
        ],
        [
            0.11536732316017151,
            5.841022491455078
        ],
        [
            0.26783275604248047,
            8.860967636108398
        ],
        [
            0.43135738372802734,
            11.75792121887207
        ],
        [
            0.6600261926651001,
            14.710131645202637
        ],
        [
            0.892769455909729,
            17.53910255432129
        ]
    ]
}