{
    "speed": 5.2345475580444285,
    "steer": 0.011077078990638256,
    "throttle": 0.0,
    "brake": 0.0,
    "wp_4": [
        0.287895530462265,
        10.849803924560547
    ],
    "wp_3": [
        0.19633039832115173,
        8.133420944213867
    ],
    "wp_2": [
        0.06392297148704529,
        5.411759376525879
    ],
    "wp_1": [
        0.027284499257802963,
        2.64729642868042
    ],
    "aim": [
        0.027284499257802963,
        2.64729642868042
    ],
    "target": [
        2.9877813448227273,
        37.15769921308258
    ],
    "desired_speed": 5.468062973022461,
    "angle": 0.006561127780169835,
    "angle_last": 0.04405332628121305,
    "angle_target": 0.05107951429106751,
    "angle_final": 0.006561127780169835,
    "delta": 0.23351541497803208,
    "agent": "only_traj",
    "steer_traj": 0.011077079369083575,
    "throttle_traj": 0.0,
    "brake_traj": 0.0,
    "plan": [
        [
            0.027284499257802963,
            2.64729642868042
        ],
        [
            0.06392297148704529,
            5.411759376525879
        ],
        [
            0.19633039832115173,
            8.133420944213867
        ],
        [
            0.287895530462265,
            10.849803924560547
        ],
        [
            0.5459598302841187,
            13.617834091186523
        ],
        [
            0.7314453125,
            16.294025421142578
        ]
    ]
}