{
    "speed": 5.132550529867256,
    "steer": 0.01769208535552025,
    "throttle": 0.0,
    "brake": 0.0,
    "wp_4": [
        0.5554181337356567,
        10.687239646911621
    ],
    "wp_3": [
        0.30000215768814087,
        8.079827308654785
    ],
    "wp_2": [
        0.12971752882003784,
        5.386510848999023
    ],
    "wp_1": [
        0.04984107241034508,
        2.6259217262268066
    ],
    "aim": [
        0.04984107241034508,
        2.6259217262268066
    ],
    "target": [
        3.2868802312116303,
        35.53271519017667
    ],
    "desired_speed": 5.389028835296631,
    "angle": 0.012081817904309585,
    "angle_last": 0.0834997177947877,
    "angle_target": 0.05872208321505618,
    "angle_final": 0.012081817904309585,
    "delta": 0.25,
    "agent": "only_traj",
    "steer_traj": 0.017692086275207228,
    "throttle_traj": 0.0,
    "brake_traj": 0.0,
    "plan": [
        [
            0.04984107241034508,
            2.6259217262268066
        ],
        [
            0.12971752882003784,
            5.386510848999023
        ],
        [
            0.30000215768814087,
            8.079827308654785
        ],
        [
            0.5554181337356567,
            10.687239646911621
        ],
        [
            0.9123278856277466,
            13.373772621154785
        ],
        [
            1.2631076574325562,
            16.032838821411133
        ]
    ]
}