{
    "speed": 5.016808574380863,
    "steer": 0.016088996082544327,
    "throttle": 0.0,
    "brake": 0.0,
    "wp_4": [
        0.3487512469291687,
        10.054996490478516
    ],
    "wp_3": [
        0.16813334822654724,
        7.517147541046143
    ],
    "wp_2": [
        0.04990934580564499,
        4.957858085632324
    ],
    "wp_1": [
        0.045463379472494125,
        2.3957881927490234
    ],
    "aim": [
        0.045463379472494125,
        2.3957881927490234
    ],
    "target": [
        2.918220821275371,
        36.03195402279045
    ],
    "desired_speed": 5.201117992401123,
    "angle": 0.012079313501613913,
    "angle_last": 0.056635141860302766,
    "angle_target": 0.05144741821206462,
    "angle_final": 0.012079313501613913,
    "delta": 0.18430941802026002,
    "agent": "only_traj",
    "steer_traj": 0.016088996765366844,
    "throttle_traj": 0.0,
    "brake_traj": 0.0,
    "plan": [
        [
            0.045463379472494125,
            2.3957881927490234
        ],
        [
            0.04990934580564499,
            4.957858085632324
        ],
        [
            0.16813334822654724,
            7.517147541046143
        ],
        [
            0.3487512469291687,
            10.054996490478516
        ],
        [
            0.6138087511062622,
            12.716775894165039
        ],
        [
            0.8500909805297852,
            15.36574935913086
        ]
    ]
}