{
    "speed": 4.790683915676984,
    "steer": 0.017356693744659424,
    "throttle": 0.41986286640167236,
    "brake": 0.0,
    "wp_4": [
        0.32159310579299927,
        9.349248886108398
    ],
    "wp_3": [
        0.13512304425239563,
        7.019619941711426
    ],
    "wp_2": [
        0.032005541026592255,
        4.672571182250977
    ],
    "wp_1": [
        0.048154231160879135,
        2.270599603652954
    ],
    "aim": [
        0.048154231160879135,
        2.270599603652954
    ],
    "target": [
        3.2100119575290993,
        35.54260370607379
    ],
    "desired_speed": 4.84145565032959,
    "angle": 0.013499233939068787,
    "angle_last": 0.06177114055218924,
    "angle_target": 0.0573404217049118,
    "angle_final": 0.013499233939068787,
    "delta": 0.050771734652606426,
    "agent": "only_traj",
    "steer_traj": 0.017356694104881984,
    "throttle_traj": 0.4198628650112748,
    "brake_traj": 0.0,
    "plan": [
        [
            0.048154231160879135,
            2.270599603652954
        ],
        [
            0.032005541026592255,
            4.672571182250977
        ],
        [
            0.13512304425239563,
            7.019619941711426
        ],
        [
            0.32159310579299927,
            9.349248886108398
        ],
        [
            0.551060140132904,
            11.839927673339844
        ],
        [
            0.7946100234985352,
            14.342096328735352
        ]
    ]
}