{
    "speed": 4.639110142625296,
    "steer": 0.015272733755409718,
    "throttle": 0.75,
    "brake": 0.0,
    "wp_4": [
        0.27181604504585266,
        10.032407760620117
    ],
    "wp_3": [
        0.10336291790008545,
        7.46903657913208
    ],
    "wp_2": [
        0.037928007543087006,
        4.855900287628174
    ],
    "wp_1": [
        0.041962411254644394,
        2.3032758235931396
    ],
    "aim": [
        0.041962411254644394,
        2.3032758235931396
    ],
    "target": [
        3.020531013969886,
        35.246264409768386
    ],
    "desired_speed": 5.273904037475586,
    "angle": 0.011597026255220235,
    "angle_last": 0.05484654298964875,
    "angle_target": 0.05442400826373925,
    "angle_final": 0.011597026255220235,
    "delta": 0.25,
    "agent": "only_traj",
    "steer_traj": 0.015272733664263313,
    "throttle_traj": 0.75,
    "brake_traj": 0.0,
    "plan": [
        [
            0.041962411254644394,
            2.3032758235931396
        ],
        [
            0.037928007543087006,
            4.855900287628174
        ],
        [
            0.10336291790008545,
            7.46903657913208
        ],
        [
            0.27181604504585266,
            10.032407760620117
        ],
        [
            0.5127926468849182,
            12.745524406433105
        ],
        [
            0.7473097443580627,
            15.460895538330078
        ]
    ]
}