{
    "speed": 4.544053578121495,
    "steer": 0.012884723022580147,
    "throttle": 0.75,
    "brake": 0.0,
    "wp_4": [
        0.3220287263393402,
        10.582682609558105
    ],
    "wp_3": [
        0.16444161534309387,
        7.895986080169678
    ],
    "wp_2": [
        0.06298115104436874,
        5.1485090255737305
    ],
    "wp_1": [
        0.034260328859090805,
        2.467287540435791
    ],
    "aim": [
        0.034260328859090805,
        2.467287540435791
    ],
    "target": [
        3.323936441101357,
        35.34551951432418
    ],
    "desired_speed": 5.505431365966796,
    "angle": 0.008839451214313756,
    "angle_last": 0.05164181823107877,
    "angle_target": 0.0596929551726869,
    "angle_final": 0.008839451214313756,
    "delta": 0.25,
    "agent": "only_traj",
    "steer_traj": 0.0128847230838733,
    "throttle_traj": 0.75,
    "brake_traj": 0.0,
    "plan": [
        [
            0.034260328859090805,
            2.467287540435791
        ],
        [
            0.06298115104436874,
            5.1485090255737305
        ],
        [
            0.16444161534309387,
            7.895986080169678
        ],
        [
            0.3220287263393402,
            10.582682609558105
        ],
        [
            0.5920902490615845,
            13.411179542541504
        ],
        [
            0.8189881443977356,
            16.202150344848633
        ]
    ]
}