{
    "speed": 4.631846981137693,
    "steer": 0.015773845836520195,
    "throttle": 0.75,
    "brake": 0.0,
    "wp_4": [
        0.49464645981788635,
        11.374490737915039
    ],
    "wp_3": [
        0.27775904536247253,
        8.582038879394531
    ],
    "wp_2": [
        0.1199086606502533,
        5.668246746063232
    ],
    "wp_1": [
        0.04619875177741051,
        2.7560911178588867
    ],
    "aim": [
        0.04619875177741051,
        2.7560911178588867
    ],
    "target": [
        3.2743508739432916,
        34.19055180440442
    ],
    "desired_speed": 5.714725112915039,
    "angle": 0.010670321366831062,
    "angle_last": 0.07092283513009855,
    "angle_target": 0.06078224993726113,
    "angle_final": 0.010670321366831062,
    "delta": 0.25,
    "agent": "only_traj",
    "steer_traj": 0.01577384614523815,
    "throttle_traj": 0.75,
    "brake_traj": 0.0,
    "plan": [
        [
            0.04619875177741051,
            2.7560911178588867
        ],
        [
            0.1199086606502533,
            5.668246746063232
        ],
        [
            0.27775904536247253,
            8.582038879394531
        ],
        [
            0.49464645981788635,
            11.374490737915039
        ],
        [
            0.79473876953125,
            14.223761558532715
        ],
        [
            1.104891300201416,
            16.996234893798828
        ]
    ]
}