{
    "speed": 4.768207135098626,
    "steer": 0.014616896398365498,
    "throttle": 0.75,
    "brake": 0.0,
    "wp_4": [
        0.34183239936828613,
        10.534063339233398
    ],
    "wp_3": [
        0.17396029829978943,
        7.929586410522461
    ],
    "wp_2": [
        0.06274237483739853,
        5.242679595947266
    ],
    "wp_1": [
        0.040296878665685654,
        2.5462381839752197
    ],
    "aim": [
        0.040296878665685654,
        2.5462381839752197
    ],
    "target": [
        2.4884689532988773,
        35.206965403862704
    ],
    "desired_speed": 5.328602123260498,
    "angle": 0.01007434941625206,
    "angle_last": 0.05280803508636306,
    "angle_target": 0.04492231173541726,
    "angle_final": 0.01007434941625206,
    "delta": 0.25,
    "agent": "only_traj",
    "steer_traj": 0.014616896054246537,
    "throttle_traj": 0.75,
    "brake_traj": 0.0,
    "plan": [
        [
            0.040296878665685654,
            2.5462381839752197
        ],
        [
            0.06274237483739853,
            5.242679595947266
        ],
        [
            0.17396029829978943,
            7.929586410522461
        ],
        [
            0.34183239936828613,
            10.534063339233398
        ],
        [
            0.5866751670837402,
            13.209305763244629
        ],
        [
            0.8053690195083618,
            15.839688301086426
        ]
    ]
}