{
    "speed": 4.932376943872002,
    "steer": 0.016374386847019196,
    "throttle": 0.75,
    "brake": 0.0,
    "wp_4": [
        0.6308040022850037,
        12.975761413574219
    ],
    "wp_3": [
        0.40337052941322327,
        9.738470077514648
    ],
    "wp_2": [
        0.19241774082183838,
        6.365843772888184
    ],
    "wp_1": [
        0.05524575337767601,
        3.05128812789917
    ],
    "aim": [
        0.05524575337767601,
        3.05128812789917
    ],
    "target": [
        2.3975483423738115,
        33.39651074836605
    ],
    "desired_speed": 6.581999588012696,
    "angle": 0.011525233377944323,
    "angle_last": 0.06424898140108831,
    "angle_target": 0.045624904128682364,
    "angle_final": 0.011525233377944323,
    "delta": 0.25,
    "agent": "only_traj",
    "steer_traj": 0.016374386259143288,
    "throttle_traj": 0.75,
    "brake_traj": 0.0,
    "plan": [
        [
            0.05524575337767601,
            3.05128812789917
        ],
        [
            0.19241774082183838,
            6.365843772888184
        ],
        [
            0.40337052941322327,
            9.738470077514648
        ],
        [
            0.6308040022850037,
            12.975761413574219
        ],
        [
            0.9240702390670776,
            16.300621032714844
        ],
        [
            1.24398934841156,
            19.459814071655273
        ]
    ]
}