{
    "speed": 5.112171613574891,
    "steer": 0.017058541998267174,
    "throttle": 0.0,
    "brake": 0.0,
    "wp_4": [
        0.497333288192749,
        10.706829071044922
    ],
    "wp_3": [
        0.2689976692199707,
        8.103151321411133
    ],
    "wp_2": [
        0.1181984543800354,
        5.4029765129089355
    ],
    "wp_1": [
        0.05202421173453331,
        2.6387970447540283
    ],
    "aim": [
        0.05202421173453331,
        2.6387970447540283
    ],
    "target": [
        2.122981936039575,
        34.47077280735078
    ],
    "desired_speed": 5.338802051544189,
    "angle": 0.012549382298492347,
    "angle_last": 0.07287991200027953,
    "angle_target": 0.039158603876746176,
    "angle_final": 0.012549382298492347,
    "delta": 0.22663043796929738,
    "agent": "only_traj",
    "steer_traj": 0.017058542118050156,
    "throttle_traj": 0.0,
    "brake_traj": 0.0,
    "plan": [
        [
            0.05202421173453331,
            2.6387970447540283
        ],
        [
            0.1181984543800354,
            5.4029765129089355
        ],
        [
            0.2689976692199707,
            8.103151321411133
        ],
        [
            0.497333288192749,
            10.706829071044922
        ],
        [
            0.8010867238044739,
            13.344935417175293
        ],
        [
            1.099048376083374,
            15.93630599975586
        ]
    ]
}