{
    "speed": 5.24608006999886,
    "steer": 0.01716581918299198,
    "throttle": 0.0,
    "brake": 0.0,
    "wp_4": [
        0.5964771509170532,
        11.100357055664062
    ],
    "wp_3": [
        0.3330407738685608,
        8.366229057312012
    ],
    "wp_2": [
        0.15866616368293762,
        5.556928634643555
    ],
    "wp_1": [
        0.05440893396735191,
        2.697239398956299
    ],
    "aim": [
        0.05440893396735191,
        2.697239398956299
    ],
    "target": [
        2.6141250680790913,
        34.54557473326168
    ],
    "desired_speed": 5.595434284210205,
    "angle": 0.012840196575153335,
    "angle_last": 0.0850291489319351,
    "angle_target": 0.04808251293523595,
    "angle_final": 0.012840196575153335,
    "delta": 0.25,
    "agent": "only_traj",
    "steer_traj": 0.01716581877670167,
    "throttle_traj": 0.0,
    "brake_traj": 0.0,
    "plan": [
        [
            0.05440893396735191,
            2.697239398956299
        ],
        [
            0.15866616368293762,
            5.556928634643555
        ],
        [
            0.3330407738685608,
            8.366229057312012
        ],
        [
            0.5964771509170532,
            11.100357055664062
        ],
        [
            0.9624900817871094,
            13.888092994689941
        ],
        [
            1.3292096853256226,
            16.61740493774414
        ]
    ]
}