{
    "speed": 5.1488449646786805,
    "steer": 0.017223196104168892,
    "throttle": 0.0,
    "brake": 0.0,
    "wp_4": [
        0.5860077142715454,
        10.890801429748535
    ],
    "wp_3": [
        0.32084015011787415,
        8.184059143066406
    ],
    "wp_2": [
        0.1516130566596985,
        5.396567344665527
    ],
    "wp_1": [
        0.052635397762060165,
        2.5988306999206543
    ],
    "aim": [
        0.052635397762060165,
        2.5988306999206543
    ],
    "target": [
        2.3194676294117413,
        33.147593981573074
    ],
    "desired_speed": 5.548919200897217,
    "angle": 0.012892030121854655,
    "angle_last": 0.08509775438759834,
    "angle_target": 0.04447429865646197,
    "angle_final": 0.012892030121854655,
    "delta": 0.25,
    "agent": "only_traj",
    "steer_traj": 0.017223195211641933,
    "throttle_traj": 0.0,
    "brake_traj": 0.0,
    "plan": [
        [
            0.052635397762060165,
            2.5988306999206543
        ],
        [
            0.1516130566596985,
            5.396567344665527
        ],
        [
            0.32084015011787415,
            8.184059143066406
        ],
        [
            0.5860077142715454,
            10.890801429748535
        ],
        [
            0.9519999623298645,
            13.679558753967285
        ],
        [
            1.3182110786437988,
            16.402862548828125
        ]
    ]
}