{
    "speed": 5.033744609785334,
    "steer": 0.017535945400595665,
    "throttle": 0.0,
    "brake": 0.0,
    "wp_4": [
        0.3316771984100342,
        9.576441764831543
    ],
    "wp_3": [
        0.133071631193161,
        7.185246467590332
    ],
    "wp_2": [
        0.034001462161540985,
        4.78046989440918
    ],
    "wp_1": [
        0.047810669988393784,
        2.3207688331604004
    ],
    "aim": [
        0.047810669988393784,
        2.3207688331604004
    ],
    "target": [
        2.122674105960786,
        33.378400269551534
    ],
    "desired_speed": 4.91622257232666,
    "angle": 0.013113252359972289,
    "angle_last": 0.07281707425991542,
    "angle_target": 0.040430907383533346,
    "angle_final": 0.013113252359972289,
    "delta": 0.0,
    "agent": "only_traj",
    "steer_traj": 0.017535945304868582,
    "throttle_traj": 0.0,
    "brake_traj": 0.0,
    "plan": [
        [
            0.047810669988393784,
            2.3207688331604004
        ],
        [
            0.034001462161540985,
            4.78046989440918
        ],
        [
            0.133071631193161,
            7.185246467590332
        ],
        [
            0.3316771984100342,
            9.576441764831543
        ],
        [
            0.5977731943130493,
            12.077054977416992
        ],
        [
            0.8842250108718872,
            14.570494651794434
        ]
    ]
}