{
    "speed": 4.9382088505508035,
    "steer": 0.01709718257188797,
    "throttle": 0.75,
    "brake": 0.0,
    "wp_4": [
        0.32736048102378845,
        10.245402336120605
    ],
    "wp_3": [
        0.16848546266555786,
        7.673954963684082
    ],
    "wp_2": [
        0.0679159089922905,
        5.078256607055664
    ],
    "wp_1": [
        0.04894673451781273,
        2.4580044746398926
    ],
    "aim": [
        0.04894673451781273,
        2.4580044746398926
    ],
    "target": [
        2.335091672905741,
        32.41375640678997
    ],
    "desired_speed": 5.246678638458252,
    "angle": 0.012675437234174471,
    "angle_last": 0.06263113725968462,
    "angle_target": 0.04578308784568355,
    "angle_final": 0.012675437234174471,
    "delta": 0.25,
    "agent": "only_traj",
    "steer_traj": 0.017097182490323427,
    "throttle_traj": 0.75,
    "brake_traj": 0.0,
    "plan": [
        [
            0.04894673451781273,
            2.4580044746398926
        ],
        [
            0.0679159089922905,
            5.078256607055664
        ],
        [
            0.16848546266555786,
            7.673954963684082
        ],
        [
            0.32736048102378845,
            10.245402336120605
        ],
        [
            0.5962926149368286,
            12.908392906188965
        ],
        [
            0.856173038482666,
            15.54144287109375
        ]
    ]
}