{
    "speed": 4.82526005562333,
    "steer": 0.018414722755551338,
    "throttle": 0.0,
    "brake": 0.0,
    "wp_4": [
        0.25011682510375977,
        9.416722297668457
    ],
    "wp_3": [
        0.10274648666381836,
        7.08576774597168
    ],
    "wp_2": [
        0.01604616269469261,
        4.736302375793457
    ],
    "wp_1": [
        0.049768563359975815,
        2.313270330429077
    ],
    "aim": [
        0.049768563359975815,
        2.313270330429077
    ],
    "target": [
        2.158310636770023,
        33.20872315608496
    ],
    "desired_speed": 4.811917018890381,
    "angle": 0.013694349676358818,
    "angle_last": 0.04844961548598714,
    "angle_target": 0.041317261284133176,
    "angle_final": 0.013694349676358818,
    "delta": 0.0,
    "agent": "only_traj",
    "steer_traj": 0.018414723135306732,
    "throttle_traj": 0.0,
    "brake_traj": 0.0,
    "plan": [
        [
            0.049768563359975815,
            2.313270330429077
        ],
        [
            0.01604616269469261,
            4.736302375793457
        ],
        [
            0.10274648666381836,
            7.08576774597168
        ],
        [
            0.25011682510375977,
            9.416722297668457
        ],
        [
            0.4193788766860962,
            11.880045890808105
        ],
        [
            0.6057096719741821,
            14.323673248291016
        ]
    ]
}