{
    "speed": 4.704506184996445,
    "steer": 0.019445672631263733,
    "throttle": 0.75,
    "brake": 0.0,
    "wp_4": [
        0.42802268266677856,
        10.304464340209961
    ],
    "wp_3": [
        0.22310751676559448,
        7.736614227294922
    ],
    "wp_2": [
        0.10227909684181213,
        5.119073390960693
    ],
    "wp_1": [
        0.057760294526815414,
        2.4798314571380615
    ],
    "aim": [
        0.057760294526815414,
        2.4798314571380615
    ],
    "target": [
        2.179325764010823,
        31.227693714360107
    ],
    "desired_speed": 5.302246761322022,
    "angle": 0.014825504893903708,
    "angle_last": 0.06670147465906755,
    "angle_target": 0.04435665482624021,
    "angle_final": 0.014825504893903708,
    "delta": 0.25,
    "agent": "only_traj",
    "steer_traj": 0.019445673311584533,
    "throttle_traj": 0.75,
    "brake_traj": 0.0,
    "plan": [
        [
            0.057760294526815414,
            2.4798314571380615
        ],
        [
            0.10227909684181213,
            5.119073390960693
        ],
        [
            0.22310751676559448,
            7.736614227294922
        ],
        [
            0.42802268266677856,
            10.304464340209961
        ],
        [
            0.7089128494262695,
            13.0051851272583
        ],
        [
            0.9917435646057129,
            15.694724082946777
        ]
    ]
}