{
    "speed": 4.564260915655291,
    "steer": 0.02007349394261837,
    "throttle": 0.0,
    "brake": 0.0,
    "wp_4": [
        0.19325098395347595,
        8.617859840393066
    ],
    "wp_3": [
        0.07178899645805359,
        6.482806205749512
    ],
    "wp_2": [
        -0.01273474469780922,
        4.395779132843018
    ],
    "wp_1": [
        0.053384359925985336,
        2.179141044616699
    ],
    "aim": [
        0.053384359925985336,
        2.179141044616699
    ],
    "target": [
        1.558031628663941,
        33.02269645679537
    ],
    "desired_speed": 4.459729862213135,
    "angle": 0.015592686919677697,
    "angle_last": 0.045220074373432784,
    "angle_target": 0.030013864835435264,
    "angle_final": 0.015592686919677697,
    "delta": 0.0,
    "agent": "only_traj",
    "steer_traj": 0.020073494339399568,
    "throttle_traj": 0.0,
    "brake_traj": 0.0,
    "plan": [
        [
            0.053384359925985336,
            2.179141044616699
        ],
        [
            -0.01273474469780922,
            4.395779132843018
        ],
        [
            0.07178899645805359,
            6.482806205749512
        ],
        [
            0.19325098395347595,
            8.617859840393066
        ],
        [
            0.3123522400856018,
            10.953986167907715
        ],
        [
            0.48022162914276123,
            13.313318252563477
        ]
    ]
}