{
    "speed": 4.432203655464282,
    "steer": 0.017957773059606552,
    "throttle": 0.75,
    "brake": 0.0,
    "wp_4": [
        0.13746094703674316,
        8.947989463806152
    ],
    "wp_3": [
        0.03148426488041878,
        6.61768102645874
    ],
    "wp_2": [
        -0.010086555033922195,
        4.356158256530762
    ],
    "wp_1": [
        0.04503124579787254,
        2.095250129699707
    ],
    "aim": [
        0.04503124579787254,
        2.095250129699707
    ],
    "target": [
        1.644641178642463,
        31.786761869878134
    ],
    "desired_speed": 4.797092628479003,
    "angle": 0.013680158061083346,
    "angle_last": 0.045828796010462476,
    "angle_target": 0.032909244074540406,
    "angle_final": 0.013680158061083346,
    "delta": 0.25,
    "agent": "only_traj",
    "steer_traj": 0.017957773519140338,
    "throttle_traj": 0.75,
    "brake_traj": 0.0,
    "plan": [
        [
            0.04503124579787254,
            2.095250129699707
        ],
        [
            -0.010086555033922195,
            4.356158256530762
        ],
        [
            0.03148426488041878,
            6.61768102645874
        ],
        [
            0.13746094703674316,
            8.947989463806152
        ],
        [
            0.2992890477180481,
            11.490897178649902
        ],
        [
            0.4854666590690613,
            14.072670936584473
        ]
    ]
}