{
    "speed": 4.290594830694788,
    "steer": 0.021655002608895302,
    "throttle": 0.38815242052078247,
    "brake": 0.0,
    "wp_4": [
        0.11287103593349457,
        8.2300386428833
    ],
    "wp_3": [
        0.0282929427921772,
        6.123694896697998
    ],
    "wp_2": [
        -0.03673483803868294,
        4.106195449829102
    ],
    "wp_1": [
        0.051661279052495956,
        1.9928193092346191
    ],
    "aim": [
        0.051661279052495956,
        1.9928193092346191
    ],
    "target": [
        2.268287527994853,
        32.149639340233726
    ],
    "desired_speed": 4.3791748046875,
    "angle": 0.016499887823436945,
    "angle_last": 0.02530620250231594,
    "angle_target": 0.044841801410124796,
    "angle_final": 0.016499887823436945,
    "delta": 0.08857997399271156,
    "agent": "only_traj",
    "steer_traj": 0.021655001874418784,
    "throttle_traj": 0.3881524312014307,
    "brake_traj": 0.0,
    "plan": [
        [
            0.051661279052495956,
            1.9928193092346191
        ],
        [
            -0.03673483803868294,
            4.106195449829102
        ],
        [
            0.0282929427921772,
            6.123694896697998
        ],
        [
            0.11287103593349457,
            8.2300386428833
        ],
        [
            0.20156311988830566,
            10.561319351196289
        ],
        [
            0.29587340354919434,
            12.932601928710938
        ]
    ]
}