{
    "speed": 4.195925260035837,
    "steer": 0.019265959039330482,
    "throttle": 0.75,
    "brake": 0.0,
    "wp_4": [
        0.1933833509683609,
        8.77823257446289
    ],
    "wp_3": [
        0.05812697485089302,
        6.481072425842285
    ],
    "wp_2": [
        -0.01283164694905281,
        4.238583564758301
    ],
    "wp_1": [
        0.04684000834822655,
        1.9981441497802734
    ],
    "aim": [
        0.04684000834822655,
        1.9981441497802734
    ],
    "target": [
        2.306072999436861,
        31.99667213131677
    ],
    "desired_speed": 4.717134952545166,
    "angle": 0.014920748087329997,
    "angle_last": 0.041235873248582786,
    "angle_target": 0.04580343846064143,
    "angle_final": 0.014920748087329997,
    "delta": 0.25,
    "agent": "only_traj",
    "steer_traj": 0.019265958227916803,
    "throttle_traj": 0.75,
    "brake_traj": 0.0,
    "plan": [
        [
            0.04684000834822655,
            1.9981441497802734
        ],
        [
            -0.01283164694905281,
            4.238583564758301
        ],
        [
            0.05812697485089302,
            6.481072425842285
        ],
        [
            0.1933833509683609,
            8.77823257446289
        ],
        [
            0.36366796493530273,
            11.270655632019043
        ],
        [
            0.526045560836792,
            13.774015426635742
        ]
    ]
}