{
    "speed": 4.16117226769752,
    "steer": 0.016908107325434685,
    "throttle": 0.75,
    "brake": 0.0,
    "wp_4": [
        0.2859259247779846,
        10.013387680053711
    ],
    "wp_3": [
        0.11751952767372131,
        7.387703895568848
    ],
    "wp_2": [
        0.03766363114118576,
        4.757961273193359
    ],
    "wp_1": [
        0.04240822419524193,
        2.2208092212677
    ],
    "aim": [
        0.04240822419524193,
        2.2208092212677
    ],
    "target": [
        1.8604324042884142,
        31.189084322526465
    ],
    "desired_speed": 5.308862495422363,
    "angle": 0.012155280383382613,
    "angle_last": 0.050359943505848936,
    "angle_target": 0.03792949786283466,
    "angle_final": 0.012155280383382613,
    "delta": 0.25,
    "agent": "only_traj",
    "steer_traj": 0.016908107201580626,
    "throttle_traj": 0.75,
    "brake_traj": 0.0,
    "plan": [
        [
            0.04240822419524193,
            2.2208092212677
        ],
        [
            0.03766363114118576,
            4.757961273193359
        ],
        [
            0.11751952767372131,
            7.387703895568848
        ],
        [
            0.2859259247779846,
            10.013387680053711
        ],
        [
            0.5075199604034424,
            12.772164344787598
        ],
        [
            0.7213005423545837,
            15.469008445739746
        ]
    ]
}