{
    "speed": 4.208709898691785,
    "steer": 0.01645941659808159,
    "throttle": 0.75,
    "brake": 0.0,
    "wp_4": [
        0.1639302670955658,
        9.82103157043457
    ],
    "wp_3": [
        0.07943400740623474,
        7.254637718200684
    ],
    "wp_2": [
        -0.003658238798379898,
        4.698589324951172
    ],
    "wp_1": [
        0.03760513290762901,
        2.199500799179077
    ],
    "aim": [
        0.03760513290762901,
        2.199500799179077
    ],
    "target": [
        1.9181231329666808,
        30.951965109969137
    ],
    "desired_speed": 5.1452361106872555,
    "angle": 0.010883271486953904,
    "angle_last": 0.024977746294229105,
    "angle_target": 0.039401553656524944,
    "angle_final": 0.010883271486953904,
    "delta": 0.25,
    "agent": "only_traj",
    "steer_traj": 0.016459416422485638,
    "throttle_traj": 0.75,
    "brake_traj": 0.0,
    "plan": [
        [
            0.03760513290762901,
            2.199500799179077
        ],
        [
            -0.003658238798379898,
            4.698589324951172
        ],
        [
            0.07943400740623474,
            7.254637718200684
        ],
        [
            0.1639302670955658,
            9.82103157043457
        ],
        [
            0.2961938679218292,
            12.470922470092773
        ],
        [
            0.3976013958454132,
            15.054221153259277
        ]
    ]
}