{
    "speed": 4.3234028682506755,
    "steer": 0.018936719745397568,
    "throttle": 0.75,
    "brake": 0.0,
    "wp_4": [
        0.34786784648895264,
        9.385466575622559
    ],
    "wp_3": [
        0.15828758478164673,
        7.063719749450684
    ],
    "wp_2": [
        0.018270188942551613,
        4.720026969909668
    ],
    "wp_1": [
        0.046101149171590805,
        2.2885854244232178
    ],
    "aim": [
        0.046101149171590805,
        2.2885854244232178
    ],
    "target": [
        2.2540751932742666,
        31.23914262746561
    ],
    "desired_speed": 4.726522541046143,
    "angle": 0.012822286301329745,
    "angle_last": 0.061801572839491184,
    "angle_target": 0.04585613065424972,
    "angle_final": 0.012822286301329745,
    "delta": 0.25,
    "agent": "only_traj",
    "steer_traj": 0.018936720342624957,
    "throttle_traj": 0.75,
    "brake_traj": 0.0,
    "plan": [
        [
            0.046101149171590805,
            2.2885854244232178
        ],
        [
            0.018270188942551613,
            4.720026969909668
        ],
        [
            0.15828758478164673,
            7.063719749450684
        ],
        [
            0.34786784648895264,
            9.385466575622559
        ],
        [
            0.568416953086853,
            11.75088882446289
        ],
        [
            0.7944153547286987,
            14.071588516235352
        ]
    ]
}