{
    "speed": 4.478893548914674,
    "steer": 0.01860654726624489,
    "throttle": 0.75,
    "brake": 0.0,
    "wp_4": [
        0.3488125801086426,
        10.01655387878418
    ],
    "wp_3": [
        0.16658976674079895,
        7.520022392272949
    ],
    "wp_2": [
        0.040267281234264374,
        4.977148056030273
    ],
    "wp_1": [
        0.049030330032110214,
        2.400768518447876
    ],
    "aim": [
        0.049030330032110214,
        2.400768518447876
    ],
    "target": [
        1.929284976910806,
        31.008448302002922
    ],
    "desired_speed": 5.086398887634278,
    "angle": 0.012999719437768523,
    "angle_last": 0.05838966567609748,
    "angle_target": 0.039558244662266186,
    "angle_final": 0.012999719437768523,
    "delta": 0.25,
    "agent": "only_traj",
    "steer_traj": 0.018606547575190462,
    "throttle_traj": 0.75,
    "brake_traj": 0.0,
    "plan": [
        [
            0.049030330032110214,
            2.400768518447876
        ],
        [
            0.040267281234264374,
            4.977148056030273
        ],
        [
            0.16658976674079895,
            7.520022392272949
        ],
        [
            0.3488125801086426,
            10.01655387878418
        ],
        [
            0.5623807907104492,
            12.581966400146484
        ],
        [
            0.792832612991333,
            15.087523460388184
        ]
    ]
}