{
    "speed": 5.034704720117445,
    "steer": 0.01377801038324833,
    "throttle": 0.0,
    "brake": 0.0,
    "wp_4": [
        0.3801915645599365,
        11.307952880859375
    ],
    "wp_3": [
        0.22156643867492676,
        8.473186492919922
    ],
    "wp_2": [
        0.07619491219520569,
        5.5551066398620605
    ],
    "wp_1": [
        0.027832921594381332,
        2.6750736236572266
    ],
    "aim": [
        0.027832921594381332,
        2.6750736236572266
    ],
    "target": [
        1.233148212979748,
        30.253593914821142
    ],
    "desired_speed": 5.770715427398682,
    "angle": 0.006623510174589284,
    "angle_last": 0.05435416224148162,
    "angle_target": 0.025934512393835138,
    "angle_final": 0.006623510174589284,
    "delta": 0.25,
    "agent": "only_traj",
    "steer_traj": 0.013778010797429494,
    "throttle_traj": 0.0,
    "brake_traj": 0.0,
    "plan": [
        [
            0.027832921594381332,
            2.6750736236572266
        ],
        [
            0.07619491219520569,
            5.5551066398620605
        ],
        [
            0.22156643867492676,
            8.473186492919922
        ],
        [
            0.3801915645599365,
            11.307952880859375
        ],
        [
            0.6490247249603271,
            14.24679183959961
        ],
        [
            0.8907250165939331,
            17.07080841064453
        ]
    ]
}