{
    "speed": 5.202676432240668,
    "steer": 0.014981092885136604,
    "throttle": 0.0,
    "brake": 0.0,
    "wp_4": [
        0.4621163606643677,
        11.295310974121094
    ],
    "wp_3": [
        0.2755088210105896,
        8.478240966796875
    ],
    "wp_2": [
        0.10740208625793457,
        5.584525108337402
    ],
    "wp_1": [
        0.03346612676978111,
        2.7098464965820312
    ],
    "aim": [
        0.03346612676978111,
        2.7098464965820312
    ],
    "target": [
        1.458531583949727,
        30.42077379437046
    ],
    "desired_speed": 5.738587284088135,
    "angle": 0.00786174758012182,
    "angle_last": 0.06021400920340789,
    "angle_target": 0.03049953777459734,
    "angle_final": 0.00786174758012182,
    "delta": 0.25,
    "agent": "only_traj",
    "steer_traj": 0.014981093124440235,
    "throttle_traj": 0.0,
    "brake_traj": 0.0,
    "plan": [
        [
            0.03346612676978111,
            2.7098464965820312
        ],
        [
            0.10740208625793457,
            5.584525108337402
        ],
        [
            0.2755088210105896,
            8.478240966796875
        ],
        [
            0.4621163606643677,
            11.295310974121094
        ],
        [
            0.7717515230178833,
            14.206626892089844
        ],
        [
            1.0382001399993896,
            17.015281677246094
        ]
    ]
}