{
    "speed": 5.168135981705545,
    "steer": 0.01695440523326397,
    "throttle": 0.0,
    "brake": 0.0,
    "wp_4": [
        0.5919904708862305,
        13.335027694702148
    ],
    "wp_3": [
        0.383575975894928,
        9.99969482421875
    ],
    "wp_2": [
        0.2040773332118988,
        6.551401138305664
    ],
    "wp_1": [
        0.05069955810904503,
        3.1703124046325684
    ],
    "aim": [
        0.05069955810904503,
        3.1703124046325684
    ],
    "target": [
        1.1616736574940434,
        28.0850496864565
    ],
    "desired_speed": 6.823358535766602,
    "angle": 0.010179913784424146,
    "angle_last": 0.055411171961036475,
    "angle_target": 0.026317314885494898,
    "angle_final": 0.010179913784424146,
    "delta": 0.25,
    "agent": "only_traj",
    "steer_traj": 0.016954405923460772,
    "throttle_traj": 0.0,
    "brake_traj": 0.0,
    "plan": [
        [
            0.05069955810904503,
            3.1703124046325684
        ],
        [
            0.2040773332118988,
            6.551401138305664
        ],
        [
            0.383575975894928,
            9.99969482421875
        ],
        [
            0.5919904708862305,
            13.335027694702148
        ],
        [
            0.8690001964569092,
            16.816574096679688
        ],
        [
            1.163386344909668,
            20.190235137939453
        ]
    ]
}