{
    "speed": 5.044392181384898,
    "steer": 0.01760794222354889,
    "throttle": 0.0,
    "brake": 0.0,
    "wp_4": [
        0.29710152745246887,
        10.233599662780762
    ],
    "wp_3": [
        0.17127618193626404,
        7.613238334655762
    ],
    "wp_2": [
        0.042544446885585785,
        5.00275182723999
    ],
    "wp_1": [
        0.04343142732977867,
        2.4129557609558105
    ],
    "aim": [
        0.04343142732977867,
        2.4129557609558105
    ],
    "target": [
        1.5638321652952387,
        29.14973947346605
    ],
    "desired_speed": 5.35796012878418,
    "angle": 0.011457462723179643,
    "angle_last": 0.04399276527057227,
    "angle_target": 0.03412081948805777,
    "angle_final": 0.011457462723179643,
    "delta": 0.25,
    "agent": "only_traj",
    "steer_traj": 0.0176079426135009,
    "throttle_traj": 0.0,
    "brake_traj": 0.0,
    "plan": [
        [
            0.04343142732977867,
            2.4129557609558105
        ],
        [
            0.042544446885585785,
            5.00275182723999
        ],
        [
            0.17127618193626404,
            7.613238334655762
        ],
        [
            0.29710152745246887,
            10.233599662780762
        ],
        [
            0.5213040113449097,
            13.020618438720703
        ],
        [
            0.7127100825309753,
            15.78604507446289
        ]
    ]
}