{
    "speed": 4.931887822152634,
    "steer": 0.016761016100645065,
    "throttle": 0.75,
    "brake": 0.0,
    "wp_4": [
        0.3087559938430786,
        10.271629333496094
    ],
    "wp_3": [
        0.18253380060195923,
        7.653711318969727
    ],
    "wp_2": [
        0.05360683053731918,
        5.044305801391602
    ],
    "wp_1": [
        0.04225790128111839,
        2.4465084075927734
    ],
    "aim": [
        0.04225790128111839,
        2.4465084075927734
    ],
    "target": [
        1.4963620896045045,
        29.499175250191094
    ],
    "desired_speed": 5.353057956695556,
    "angle": 0.010995058916369779,
    "angle_last": 0.045639523879462345,
    "angle_target": 0.032265237681957736,
    "angle_final": 0.010995058916369779,
    "delta": 0.25,
    "agent": "only_traj",
    "steer_traj": 0.01676101623189225,
    "throttle_traj": 0.75,
    "brake_traj": 0.0,
    "plan": [
        [
            0.04225790128111839,
            2.4465084075927734
        ],
        [
            0.05360683053731918,
            5.044305801391602
        ],
        [
            0.18253380060195923,
            7.653711318969727
        ],
        [
            0.3087559938430786,
            10.271629333496094
        ],
        [
            0.5387181043624878,
            13.04799747467041
        ],
        [
            0.7368009090423584,
            15.806293487548828
        ]
    ]
}