{
    "speed": 4.717789160842729,
    "steer": 0.01610676757991314,
    "throttle": 0.75,
    "brake": 0.0,
    "wp_4": [
        0.44336992502212524,
        10.645349502563477
    ],
    "wp_3": [
        0.24717190861701965,
        7.936982154846191
    ],
    "wp_2": [
        0.10101643204689026,
        5.212084770202637
    ],
    "wp_1": [
        0.042902495712041855,
        2.514324188232422
    ],
    "aim": [
        0.042902495712041855,
        2.514324188232422
    ],
    "target": [
        1.8199233163066317,
        27.83572211134369
    ],
    "desired_speed": 5.597144985198975,
    "angle": 0.010861718445572974,
    "angle_last": 0.057718409862666784,
    "angle_target": 0.041563589151255166,
    "angle_final": 0.010861718445572974,
    "delta": 0.25,
    "agent": "only_traj",
    "steer_traj": 0.016106768063813576,
    "throttle_traj": 0.75,
    "brake_traj": 0.0,
    "plan": [
        [
            0.042902495712041855,
            2.514324188232422
        ],
        [
            0.10101643204689026,
            5.212084770202637
        ],
        [
            0.24717190861701965,
            7.936982154846191
        ],
        [
            0.44336992502212524,
            10.645349502563477
        ],
        [
            0.7392137050628662,
            13.546862602233887
        ],
        [
            1.0048246383666992,
            16.468454360961914
        ]
    ]
}