{
    "speed": 4.726061388512084,
    "steer": 0.016376277431845665,
    "throttle": 0.75,
    "brake": 0.0,
    "wp_4": [
        0.48903170228004456,
        11.541350364685059
    ],
    "wp_3": [
        0.32003265619277954,
        8.522603988647461
    ],
    "wp_2": [
        0.1501256823539734,
        5.505366802215576
    ],
    "wp_1": [
        0.04242875799536705,
        2.5973846912384033
    ],
    "aim": [
        0.04242875799536705,
        2.5973846912384033
    ],
    "target": [
        1.4868216978768574,
        27.993196244665516
    ],
    "desired_speed": 6.0755727767944325,
    "angle": 0.010398403946873776,
    "angle_last": 0.04915631239211113,
    "angle_target": 0.03378147686438236,
    "angle_final": 0.010398403946873776,
    "delta": 0.25,
    "agent": "only_traj",
    "steer_traj": 0.016376277367769736,
    "throttle_traj": 0.75,
    "brake_traj": 0.0,
    "plan": [
        [
            0.04242875799536705,
            2.5973846912384033
        ],
        [
            0.1501256823539734,
            5.505366802215576
        ],
        [
            0.32003265619277954,
            8.522603988647461
        ],
        [
            0.48903170228004456,
            11.541350364685059
        ],
        [
            0.7802101969718933,
            14.706676483154297
        ],
        [
            1.0158488750457764,
            17.752349853515625
        ]
    ]
}