{
    "speed": 4.817177849561021,
    "steer": 0.016485556960105896,
    "throttle": 0.75,
    "brake": 0.0,
    "wp_4": [
        0.5100173950195312,
        11.913521766662598
    ],
    "wp_3": [
        0.3379778265953064,
        8.816840171813965
    ],
    "wp_2": [
        0.16399583220481873,
        5.69737434387207
    ],
    "wp_1": [
        0.04383864626288414,
        2.6984758377075195
    ],
    "aim": [
        0.04383864626288414,
        2.6984758377075195
    ],
    "target": [
        1.2173466391360233,
        27.679448722360043
    ],
    "desired_speed": 6.225603008270264,
    "angle": 0.010341409812799558,
    "angle_last": 0.049522941768559266,
    "angle_target": 0.027980609481596662,
    "angle_final": 0.010341409812799558,
    "delta": 0.25,
    "agent": "only_traj",
    "steer_traj": 0.016485557548577785,
    "throttle_traj": 0.75,
    "brake_traj": 0.0,
    "plan": [
        [
            0.04383864626288414,
            2.6984758377075195
        ],
        [
            0.16399583220481873,
            5.69737434387207
        ],
        [
            0.3379778265953064,
            8.816840171813965
        ],
        [
            0.5100173950195312,
            11.913521766662598
        ],
        [
            0.7922552824020386,
            15.1424560546875
        ],
        [
            1.032827377319336,
            18.22878074645996
        ]
    ]
}