{
    "speed": 4.950492399023925,
    "steer": 0.016146373003721237,
    "throttle": 0.75,
    "brake": 0.0,
    "wp_4": [
        0.43671995401382446,
        12.088323593139648
    ],
    "wp_3": [
        0.28529220819473267,
        8.996283531188965
    ],
    "wp_2": [
        0.1438066065311432,
        5.843192100524902
    ],
    "wp_1": [
        0.0438479445874691,
        2.788116931915283
    ],
    "aim": [
        0.0438479445874691,
        2.788116931915283
    ],
    "target": [
        0.8060379105314013,
        27.285298971258115
    ],
    "desired_speed": 6.271848011016845,
    "angle": 0.010011132220934053,
    "angle_last": 0.04480768272954557,
    "angle_target": 0.01880098441965176,
    "angle_final": 0.010011132220934053,
    "delta": 0.25,
    "agent": "only_traj",
    "steer_traj": 0.016146373200307106,
    "throttle_traj": 0.75,
    "brake_traj": 0.0,
    "plan": [
        [
            0.0438479445874691,
            2.788116931915283
        ],
        [
            0.1438066065311432,
            5.843192100524902
        ],
        [
            0.28529220819473267,
            8.996283531188965
        ],
        [
            0.43671995401382446,
            12.088323593139648
        ],
        [
            0.674041748046875,
            15.326238632202148
        ],
        [
            0.8937601447105408,
            18.44280242919922
        ]
    ]
}