{
    "speed": 5.128757215405787,
    "steer": 0.017221620306372643,
    "throttle": 0.0,
    "brake": 0.0,
    "wp_4": [
        0.6393861174583435,
        12.480828285217285
    ],
    "wp_3": [
        0.4119676947593689,
        9.280259132385254
    ],
    "wp_2": [
        0.20294633507728577,
        6.021132469177246
    ],
    "wp_1": [
        0.048996057361364365,
        2.85986328125
    ],
    "aim": [
        0.048996057361364365,
        2.85986328125
    ],
    "target": [
        1.4711826817170062,
        26.932004221164863
    ],
    "desired_speed": 6.515744304656982,
    "angle": 0.010905735220224168,
    "angle_last": 0.0643232027900691,
    "angle_target": 0.03474134557854721,
    "angle_final": 0.010905735220224168,
    "delta": 0.25,
    "agent": "only_traj",
    "steer_traj": 0.017221619999264595,
    "throttle_traj": 0.0,
    "brake_traj": 0.0,
    "plan": [
        [
            0.048996057361364365,
            2.85986328125
        ],
        [
            0.20294633507728577,
            6.021132469177246
        ],
        [
            0.4119676947593689,
            9.280259132385254
        ],
        [
            0.6393861174583435,
            12.480828285217285
        ],
        [
            0.9785538911819458,
            15.849183082580566
        ],
        [
            1.307833194732666,
            19.097030639648438
        ]
    ]
}