{
    "speed": 5.247739599550556,
    "steer": 0.01696246862411499,
    "throttle": 0.0,
    "brake": 0.0,
    "wp_4": [
        0.4373079538345337,
        12.204970359802246
    ],
    "wp_3": [
        0.2798866033554077,
        9.137331008911133
    ],
    "wp_2": [
        0.13891521096229553,
        5.9699225425720215
    ],
    "wp_1": [
        0.048988278955221176,
        2.865448236465454
    ],
    "aim": [
        0.048988278955221176,
        2.865448236465454
    ],
    "target": [
        1.0400057317867883,
        26.64922643429325
    ],
    "desired_speed": 6.259444618225097,
    "angle": 0.01088274025001846,
    "angle_last": 0.046163095824839205,
    "angle_target": 0.024831955206864636,
    "angle_final": 0.01088274025001846,
    "delta": 0.25,
    "agent": "only_traj",
    "steer_traj": 0.01696246839259354,
    "throttle_traj": 0.0,
    "brake_traj": 0.0,
    "plan": [
        [
            0.048988278955221176,
            2.865448236465454
        ],
        [
            0.13891521096229553,
            5.9699225425720215
        ],
        [
            0.2798866033554077,
            9.137331008911133
        ],
        [
            0.4373079538345337,
            12.204970359802246
        ],
        [
            0.671288251876831,
            15.400459289550781
        ],
        [
            0.8956326246261597,
            18.488893508911133
        ]
    ]
}