{
    "speed": 5.1377620531767665,
    "steer": 0.008561869151890278,
    "throttle": 0.0,
    "brake": 0.0,
    "wp_4": [
        0.25075697898864746,
        11.124612808227539
    ],
    "wp_3": [
        0.15712085366249084,
        8.287315368652344
    ],
    "wp_2": [
        0.066796213388443,
        5.393647193908691
    ],
    "wp_1": [
        0.03060021623969078,
        2.5718655586242676
    ],
    "aim": [
        0.03060021623969078,
        2.5718655586242676
    ],
    "target": [
        0.12762400576201394,
        27.632742377336356
    ],
    "desired_speed": 5.825892925262451,
    "angle": 0.007574196616064282,
    "angle_last": 0.028287959529980394,
    "angle_target": 0.002940257853790801,
    "angle_final": 0.002940257853790801,
    "delta": 0.25,
    "agent": "only_traj",
    "steer_traj": 0.008561869056496607,
    "throttle_traj": 0.0,
    "brake_traj": 0.0,
    "plan": [
        [
            0.03060021623969078,
            2.5718655586242676
        ],
        [
            0.066796213388443,
            5.393647193908691
        ],
        [
            0.15712085366249084,
            8.287315368652344
        ],
        [
            0.25075697898864746,
            11.124612808227539
        ],
        [
            0.41854023933410645,
            14.14765739440918
        ],
        [
            0.5509606599807739,
            17.125816345214844
        ]
    ]
}