{
    "speed": 5.025508846965855,
    "steer": 0.012267805635929108,
    "throttle": 0.0,
    "brake": 0.0,
    "wp_4": [
        0.3005194067955017,
        10.830205917358398
    ],
    "wp_3": [
        0.1836378574371338,
        8.087282180786133
    ],
    "wp_2": [
        0.08588117361068726,
        5.277551651000977
    ],
    "wp_1": [
        0.04571649059653282,
        2.529365062713623
    ],
    "aim": [
        0.04571649059653282,
        2.529365062713623
    ],
    "target": [
        0.18363550341345936,
        26.94445500031621
    ],
    "desired_speed": 5.665741920471191,
    "angle": 0.011505198156378953,
    "angle_last": 0.03250195857490593,
    "angle_target": 0.004338710223795233,
    "angle_final": 0.004338710223795233,
    "delta": 0.25,
    "agent": "only_traj",
    "steer_traj": 0.012267805494859913,
    "throttle_traj": 0.0,
    "brake_traj": 0.0,
    "plan": [
        [
            0.04571649059653282,
            2.529365062713623
        ],
        [
            0.08588117361068726,
            5.277551651000977
        ],
        [
            0.1836378574371338,
            8.087282180786133
        ],
        [
            0.3005194067955017,
            10.830205917358398
        ],
        [
            0.46905726194381714,
            13.759645462036133
        ],
        [
            0.6183124780654907,
            16.68058204650879
        ]
    ]
}