{
    "speed": 4.969816603905155,
    "steer": 0.015647629275918007,
    "throttle": 0.75,
    "brake": 0.0,
    "wp_4": [
        0.3189716339111328,
        12.113180160522461
    ],
    "wp_3": [
        0.21070590615272522,
        8.998409271240234
    ],
    "wp_2": [
        0.1078331470489502,
        5.820570945739746
    ],
    "wp_1": [
        0.03494575247168541,
        2.770540237426758
    ],
    "aim": [
        0.03494575247168541,
        2.770540237426758
    ],
    "target": [
        0.7207733206720862,
        25.737567061938904
    ],
    "desired_speed": 6.386790561676024,
    "angle": 0.00802946666974102,
    "angle_last": 0.030651812110731032,
    "angle_target": 0.017823698999697133,
    "angle_final": 0.00802946666974102,
    "delta": 0.25,
    "agent": "only_traj",
    "steer_traj": 0.015647629424004047,
    "throttle_traj": 0.75,
    "brake_traj": 0.0,
    "plan": [
        [
            0.03494575247168541,
            2.770540237426758
        ],
        [
            0.1078331470489502,
            5.820570945739746
        ],
        [
            0.21070590615272522,
            8.998409271240234
        ],
        [
            0.3189716339111328,
            12.113180160522461
        ],
        [
            0.4936760365962982,
            15.453461647033691
        ],
        [
            0.6513023376464844,
            18.72473907470703
        ]
    ]
}