{
    "speed": 4.875361217257713,
    "steer": 0.012466831132769585,
    "throttle": 0.75,
    "brake": 0.0,
    "wp_4": [
        0.1197032481431961,
        11.618985176086426
    ],
    "wp_3": [
        0.07432258129119873,
        8.650970458984375
    ],
    "wp_2": [
        0.04833041876554489,
        5.57807731628418
    ],
    "wp_1": [
        0.025872018188238144,
        2.6648364067077637
    ],
    "aim": [
        0.025872018188238144,
        2.6648364067077637
    ],
    "target": [
        -0.39492940221642825,
        26.447572373387057
    ],
    "desired_speed": 6.076750659942627,
    "angle": 0.006180534461418568,
    "angle_last": 0.007127274571373114,
    "angle_target": -0.009505643006854749,
    "angle_final": 0.006180534461418568,
    "delta": 0.25,
    "agent": "only_traj",
    "steer_traj": 0.012466831051920447,
    "throttle_traj": 0.75,
    "brake_traj": 0.0,
    "plan": [
        [
            0.025872018188238144,
            2.6648364067077637
        ],
        [
            0.04833041876554489,
            5.57807731628418
        ],
        [
            0.07432258129119873,
            8.650970458984375
        ],
        [
            0.1197032481431961,
            11.618985176086426
        ],
        [
            0.17917294800281525,
            14.779099464416504
        ],
        [
            0.21361514925956726,
            17.855417251586914
        ]
    ]
}