{
    "speed": 4.8143001049064615,
    "steer": 0.00023623710148967803,
    "throttle": 0.75,
    "brake": 0.0,
    "wp_4": [
        0.18833307921886444,
        10.723434448242188
    ],
    "wp_3": [
        0.1123085618019104,
        7.963264465332031
    ],
    "wp_2": [
        0.05872758477926254,
        5.128504753112793
    ],
    "wp_1": [
        0.034393634647130966,
        2.446455717086792
    ],
    "aim": [
        0.034393634647130966,
        2.446455717086792
    ],
    "target": [
        -0.23457844497316005,
        26.412466574226812
    ],
    "desired_speed": 5.66868314743042,
    "angle": 0.008949341368960181,
    "angle_last": 0.011523336103174877,
    "angle_target": -0.005653896409501421,
    "angle_final": -0.005653896409501421,
    "delta": 0.25,
    "agent": "only_traj",
    "steer_traj": 0.00023623710591550015,
    "throttle_traj": 0.75,
    "brake_traj": 0.0,
    "plan": [
        [
            0.034393634647130966,
            2.446455717086792
        ],
        [
            0.05872758477926254,
            5.128504753112793
        ],
        [
            0.1123085618019104,
            7.963264465332031
        ],
        [
            0.18833307921886444,
            10.723434448242188
        ],
        [
            0.27776893973350525,
            13.69107723236084
        ],
        [
            0.3306940793991089,
            16.614673614501953
        ]
    ]
}