{
    "speed": 4.841505592254297,
    "steer": 0.01711220107972622,
    "throttle": 0.75,
    "brake": 0.0,
    "wp_4": [
        0.12270524352788925,
        10.85778522491455
    ],
    "wp_3": [
        0.07232248783111572,
        8.096000671386719
    ],
    "wp_2": [
        0.03671696037054062,
        5.241212844848633
    ],
    "wp_1": [
        0.028044667094945908,
        2.508449077606201
    ],
    "aim": [
        0.028044667094945908,
        2.508449077606201
    ],
    "target": [
        -0.5459591485995283,
        26.370910823270865
    ],
    "desired_speed": 5.67840690612793,
    "angle": 0.00711718106959965,
    "angle_last": 0.005952557925121698,
    "angle_target": -0.013178109243885815,
    "angle_final": 0.00711718106959965,
    "delta": 0.25,
    "agent": "only_traj",
    "steer_traj": 0.017112200623017236,
    "throttle_traj": 0.75,
    "brake_traj": 0.0,
    "plan": [
        [
            0.028044667094945908,
            2.508449077606201
        ],
        [
            0.03671696037054062,
            5.241212844848633
        ],
        [
            0.07232248783111572,
            8.096000671386719
        ],
        [
            0.12270524352788925,
            10.85778522491455
        ],
        [
            0.1840076595544815,
            13.805864334106445
        ],
        [
            0.21109747886657715,
            16.703006744384766
        ]
    ]
}