{
    "speed": 4.943513140172324,
    "steer": 0.009050951339304447,
    "throttle": 0.75,
    "brake": 0.0,
    "wp_4": [
        0.10218201577663422,
        11.861385345458984
    ],
    "wp_3": [
        0.07282158732414246,
        8.825894355773926
    ],
    "wp_2": [
        0.04139425605535507,
        5.693774700164795
    ],
    "wp_1": [
        0.013816799968481064,
        2.710487127304077
    ],
    "aim": [
        0.013816799968481064,
        2.710487127304077
    ],
    "target": [
        0.2697826133579134,
        26.31348197610838
    ],
    "desired_speed": 6.187177371978759,
    "angle": 0.003245146829119422,
    "angle_last": 0.007836779444155883,
    "angle_target": 0.006526803581225944,
    "angle_final": 0.003245146829119422,
    "delta": 0.25,
    "agent": "only_traj",
    "steer_traj": 0.009050951186990558,
    "throttle_traj": 0.75,
    "brake_traj": 0.0,
    "plan": [
        [
            0.013816799968481064,
            2.710487127304077
        ],
        [
            0.04139425605535507,
            5.693774700164795
        ],
        [
            0.07282158732414246,
            8.825894355773926
        ],
        [
            0.10218201577663422,
            11.861385345458984
        ],
        [
            0.16560664772987366,
            15.076841354370117
        ],
        [
            0.20377342402935028,
            18.177143096923828
        ]
    ]
}