{
    "speed": 5.100737126627291,
    "steer": 0.004653689451515675,
    "throttle": 0.0,
    "brake": 0.0,
    "wp_4": [
        -0.035256437957286835,
        12.294551849365234
    ],
    "wp_3": [
        -0.016349464654922485,
        9.1773681640625
    ],
    "wp_2": [
        -0.011331295594573021,
        5.921830177307129
    ],
    "wp_1": [
        -0.00822848454117775,
        2.819366455078125
    ],
    "aim": [
        -0.00822848454117775,
        2.819366455078125
    ],
    "target": [
        -0.23903761523689615,
        25.85853046024882
    ],
    "desired_speed": 6.327565097808838,
    "angle": -0.0018579910637602159,
    "angle_last": -0.0014872635738100795,
    "angle_target": -0.005884779030523123,
    "angle_final": -0.0018579910637602159,
    "delta": 0.25,
    "agent": "only_traj",
    "steer_traj": 0.00465368962889712,
    "throttle_traj": 0.0,
    "brake_traj": 0.0,
    "plan": [
        [
            -0.00822848454117775,
            2.819366455078125
        ],
        [
            -0.011331295594573021,
            5.921830177307129
        ],
        [
            -0.016349464654922485,
            9.1773681640625
        ],
        [
            -0.035256437957286835,
            12.294551849365234
        ],
        [
            -0.023785222321748734,
            15.552112579345703
        ],
        [
            -0.030995093286037445,
            18.638187408447266
        ]
    ]
}