{
    "speed": 5.121632120201553,
    "steer": 0.00853410642594099,
    "throttle": 0.0,
    "brake": 0.0,
    "wp_4": [
        -0.05823405832052231,
        11.09482192993164
    ],
    "wp_3": [
        -0.03865331411361694,
        8.381741523742676
    ],
    "wp_2": [
        -0.025465046986937523,
        5.517448425292969
    ],
    "wp_1": [
        0.0024808011949062347,
        2.6610641479492188
    ],
    "aim": [
        0.0024808011949062347,
        2.6610641479492188
    ],
    "target": [
        -0.7524508187188068,
        24.605471517772113
    ],
    "desired_speed": 5.619822597503662,
    "angle": 0.0005935156113389162,
    "angle_last": -0.010143693545902685,
    "angle_target": -0.019462168332653247,
    "angle_final": 0.0005935156113389162,
    "delta": 0.25,
    "agent": "only_traj",
    "steer_traj": 0.008534106503627462,
    "throttle_traj": 0.0,
    "brake_traj": 0.0,
    "plan": [
        [
            0.0024808011949062347,
            2.6610641479492188
        ],
        [
            -0.025465046986937523,
            5.517448425292969
        ],
        [
            -0.03865331411361694,
            8.381741523742676
        ],
        [
            -0.05823405832052231,
            11.09482192993164
        ],
        [
            -0.06687431037425995,
            13.92404842376709
        ],
        [
            -0.11126886308193207,
            16.71001625061035
        ]
    ]
}