{
    "speed": 5.015458678506862,
    "steer": 0.008063768036663532,
    "throttle": 0.0,
    "brake": 0.0,
    "wp_4": [
        -0.04654088616371155,
        10.810646057128906
    ],
    "wp_3": [
        -0.03581094741821289,
        8.187201499938965
    ],
    "wp_2": [
        -0.029682163149118423,
        5.40956974029541
    ],
    "wp_1": [
        0.004991944879293442,
        2.602713108062744
    ],
    "aim": [
        0.004991944879293442,
        2.602713108062744
    ],
    "target": [
        -1.028953909250332,
        23.67671829342451
    ],
    "desired_speed": 5.45312385559082,
    "angle": 0.0012210582140815321,
    "angle_last": -0.010877635317715942,
    "angle_target": -0.027649122497853767,
    "angle_final": 0.0012210582140815321,
    "delta": 0.25,
    "agent": "only_traj",
    "steer_traj": 0.008063768293731769,
    "throttle_traj": 0.0,
    "brake_traj": 0.0,
    "plan": [
        [
            0.004991944879293442,
            2.602713108062744
        ],
        [
            -0.029682163149118423,
            5.40956974029541
        ],
        [
            -0.03581094741821289,
            8.187201499938965
        ],
        [
            -0.04654088616371155,
            10.810646057128906
        ],
        [
            -0.055188294500112534,
            13.55184555053711
        ],
        [
            -0.10103648900985718,
            16.234874725341797
        ]
    ]
}