{
    "speed": 4.951827184446259,
    "steer": 0.00482860067859292,
    "throttle": 0.75,
    "brake": 0.0,
    "wp_4": [
        -0.18617573380470276,
        10.46784782409668
    ],
    "wp_3": [
        -0.11954843252897263,
        7.968985080718994
    ],
    "wp_2": [
        -0.06346717476844788,
        5.301212310791016
    ],
    "wp_1": [
        -0.005739156156778336,
        2.5530033111572266
    ],
    "aim": [
        -0.005739156156778336,
        2.5530033111572266
    ],
    "target": [
        -1.0207613136903655,
        24.08864497833409
    ],
    "desired_speed": 5.249049091339112,
    "angle": -0.001431104240634419,
    "angle_last": -0.0406543003503312,
    "angle_target": -0.026960764819753718,
    "angle_final": -0.001431104240634419,
    "delta": 0.25,
    "agent": "only_traj",
    "steer_traj": 0.004828600812848607,
    "throttle_traj": 0.75,
    "brake_traj": 0.0,
    "plan": [
        [
            -0.005739156156778336,
            2.5530033111572266
        ],
        [
            -0.06346717476844788,
            5.301212310791016
        ],
        [
            -0.11954843252897263,
            7.968985080718994
        ],
        [
            -0.18617573380470276,
            10.46784782409668
        ],
        [
            -0.2975321114063263,
            13.114082336425781
        ],
        [
            -0.46071791648864746,
            15.665987968444824
        ]
    ]
}