{
    "speed": 4.793422863337895,
    "steer": -0.004683856386691332,
    "throttle": 0.75,
    "brake": 0.0,
    "wp_4": [
        -0.38797086477279663,
        14.14682388305664
    ],
    "wp_3": [
        -0.2656840980052948,
        10.544724464416504
    ],
    "wp_2": [
        -0.11563265323638916,
        6.802093505859375
    ],
    "wp_1": [
        -0.06029147282242775,
        3.2653284072875977
    ],
    "aim": [
        -0.06029147282242775,
        3.2653284072875977
    ],
    "target": [
        -1.8728599035914038,
        23.31458499333417
    ],
    "desired_speed": 7.3375067710876465,
    "angle": -0.011753265569311578,
    "angle_last": -0.029887569597676987,
    "angle_target": -0.05103007114975003,
    "angle_final": -0.011753265569311578,
    "delta": 0.25,
    "agent": "only_traj",
    "steer_traj": -0.004683856293603003,
    "throttle_traj": 0.75,
    "brake_traj": 0.0,
    "plan": [
        [
            -0.06029147282242775,
            3.2653284072875977
        ],
        [
            -0.11563265323638916,
            6.802093505859375
        ],
        [
            -0.2656840980052948,
            10.544724464416504
        ],
        [
            -0.38797086477279663,
            14.14682388305664
        ],
        [
            -0.5087069869041443,
            17.93793296813965
        ],
        [
            -0.6806458234786987,
            21.59762191772461
        ]
    ]
}