{
    "speed": 4.818481728946545,
    "steer": -0.00287649710662663,
    "throttle": 0.75,
    "brake": 0.0,
    "wp_4": [
        -0.30176427960395813,
        11.519418716430664
    ],
    "wp_3": [
        -0.2031063437461853,
        8.624449729919434
    ],
    "wp_2": [
        -0.08385893702507019,
        5.59351110458374
    ],
    "wp_1": [
        -0.04686478152871132,
        2.6479711532592773
    ],
    "aim": [
        -0.04686478152871132,
        2.6479711532592773
    ],
    "target": [
        -1.304987896762524,
        23.734934454050496
    ],
    "desired_speed": 6.0019834518432615,
    "angle": -0.011265969517526557,
    "angle_last": -0.0442215563718473,
    "angle_target": -0.03496725329179444,
    "angle_final": -0.011265969517526557,
    "delta": 0.25,
    "agent": "only_traj",
    "steer_traj": -0.002876497170028696,
    "throttle_traj": 0.75,
    "brake_traj": 0.0,
    "plan": [
        [
            -0.04686478152871132,
            2.6479711532592773
        ],
        [
            -0.08385893702507019,
            5.59351110458374
        ],
        [
            -0.2031063437461853,
            8.624449729919434
        ],
        [
            -0.30176427960395813,
            11.519418716430664
        ],
        [
            -0.41242220997810364,
            14.607381820678711
        ],
        [
            -0.6233720183372498,
            17.639360427856445
        ]
    ]
}