{
    "speed": 4.921064235314894,
    "steer": -0.0017582514556124806,
    "throttle": 0.75,
    "brake": 0.0,
    "wp_4": [
        -0.2750476598739624,
        10.930021286010742
    ],
    "wp_3": [
        -0.1777452826499939,
        8.197112083435059
    ],
    "wp_2": [
        -0.08114814758300781,
        5.350687026977539
    ],
    "wp_1": [
        -0.038120392709970474,
        2.511291980743408
    ],
    "aim": [
        -0.038120392709970474,
        2.511291980743408
    ],
    "target": [
        -1.031585367854318,
        23.72252654553428
    ],
    "desired_speed": 5.660784149169922,
    "angle": -0.009662848228333788,
    "angle_last": -0.052657371233748494,
    "angle_target": -0.0276662840037137,
    "angle_final": -0.009662848228333788,
    "delta": 0.25,
    "agent": "only_traj",
    "steer_traj": -0.0017582514843338256,
    "throttle_traj": 0.75,
    "brake_traj": 0.0,
    "plan": [
        [
            -0.038120392709970474,
            2.511291980743408
        ],
        [
            -0.08114814758300781,
            5.350687026977539
        ],
        [
            -0.1777452826499939,
            8.197112083435059
        ],
        [
            -0.2750476598739624,
            10.930021286010742
        ],
        [
            -0.41229182481765747,
            13.83560562133789
        ],
        [
            -0.6453381776809692,
            16.64667320251465
        ]
    ]
}