{
    "speed": 5.066108000041217,
    "steer": -7.858132448745891e-05,
    "throttle": 0.0,
    "brake": 0.0,
    "wp_4": [
        -0.24749504029750824,
        11.872838020324707
    ],
    "wp_3": [
        -0.16563159227371216,
        8.93149471282959
    ],
    "wp_2": [
        -0.06829679012298584,
        5.84065055847168
    ],
    "wp_1": [
        -0.031636033207178116,
        2.7849555015563965
    ],
    "aim": [
        -0.031636033207178116,
        2.7849555015563965
    ],
    "target": [
        -1.5581760410615395,
        22.969910540015384
    ],
    "desired_speed": 6.116589546203612,
    "angle": -0.007231452665790803,
    "angle_last": -0.030827934864406187,
    "angle_target": -0.04311938000380082,
    "angle_final": -0.007231452665790803,
    "delta": 0.25,
    "agent": "only_traj",
    "steer_traj": -7.858132433682626e-05,
    "throttle_traj": 0.0,
    "brake_traj": 0.0,
    "plan": [
        [
            -0.031636033207178116,
            2.7849555015563965
        ],
        [
            -0.06829679012298584,
            5.84065055847168
        ],
        [
            -0.16563159227371216,
            8.93149471282959
        ],
        [
            -0.24749504029750824,
            11.872838020324707
        ],
        [
            -0.33484065532684326,
            14.995667457580566
        ],
        [
            -0.4837675988674164,
            18.068710327148438
        ]
    ]
}