{
    "speed": 5.205659182949786,
    "steer": 0.0011059214593842626,
    "throttle": 0.0,
    "brake": 0.0,
    "wp_4": [
        -0.22766739130020142,
        12.499616622924805
    ],
    "wp_3": [
        -0.1559978723526001,
        9.432304382324219
    ],
    "wp_2": [
        -0.05619380250573158,
        6.186532020568848
    ],
    "wp_1": [
        -0.023748401552438736,
        2.9915308952331543
    ],
    "aim": [
        -0.023748401552438736,
        2.9915308952331543
    ],
    "target": [
        -1.2261787571262899,
        21.881968515927422
    ],
    "desired_speed": 6.397410488128663,
    "angle": -0.005053684794427626,
    "angle_last": -0.019344489594845304,
    "angle_target": -0.03563637927675596,
    "angle_final": -0.005053684794427626,
    "delta": 0.25,
    "agent": "only_traj",
    "steer_traj": 0.0011059214651754,
    "throttle_traj": 0.0,
    "brake_traj": 0.0,
    "plan": [
        [
            -0.023748401552438736,
            2.9915308952331543
        ],
        [
            -0.05619380250573158,
            6.186532020568848
        ],
        [
            -0.1559978723526001,
            9.432304382324219
        ],
        [
            -0.22766739130020142,
            12.499616622924805
        ],
        [
            -0.3061559498310089,
            15.752023696899414
        ],
        [
            -0.40427476167678833,
            18.980083465576172
        ]
    ]
}