{
    "speed": 5.140608908862055,
    "steer": 0.008753975853323936,
    "throttle": 0.0,
    "brake": 0.0,
    "wp_4": [
        -0.15629994869232178,
        9.996160507202148
    ],
    "wp_3": [
        -0.12317976355552673,
        7.631092071533203
    ],
    "wp_2": [
        -0.04920158162713051,
        5.112056732177734
    ],
    "wp_1": [
        0.012054767459630966,
        2.494957447052002
    ],
    "aim": [
        0.012054767459630966,
        2.494957447052002
    ],
    "target": [
        -1.0547125139716769,
        22.99815319447079
    ],
    "desired_speed": 5.056300926208496,
    "angle": 0.0030759099196846617,
    "angle_last": -0.03300615808171403,
    "angle_target": -0.02917541658145154,
    "angle_final": 0.0030759099196846617,
    "delta": 0.0,
    "agent": "only_traj",
    "steer_traj": 0.00875397598483448,
    "throttle_traj": 0.0,
    "brake_traj": 0.0,
    "plan": [
        [
            0.012054767459630966,
            2.494957447052002
        ],
        [
            -0.04920158162713051,
            5.112056732177734
        ],
        [
            -0.12317976355552673,
            7.631092071533203
        ],
        [
            -0.15629994869232178,
            9.996160507202148
        ],
        [
            -0.3209623694419861,
            12.578432083129883
        ],
        [
            -0.4531104564666748,
            15.125003814697266
        ]
    ]
}