{
    "speed": 5.017466473030636,
    "steer": -0.009788946248590946,
    "throttle": 0.0,
    "brake": 0.0,
    "wp_4": [
        -0.340954065322876,
        11.799839973449707
    ],
    "wp_3": [
        -0.21531137824058533,
        8.771513938903809
    ],
    "wp_2": [
        -0.08604210615158081,
        5.61214017868042
    ],
    "wp_1": [
        -0.048672351986169815,
        2.624232769012451
    ],
    "aim": [
        -0.048672351986169815,
        2.624232769012451
    ],
    "target": [
        -2.3129975102704714,
        22.31155291536902
    ],
    "desired_speed": 6.265017509460449,
    "angle": -0.011806161589883788,
    "angle_last": -0.04454151278896701,
    "angle_target": -0.06576228386399838,
    "angle_final": -0.011806161589883788,
    "delta": 0.25,
    "agent": "only_traj",
    "steer_traj": -0.00978894600790171,
    "throttle_traj": 0.0,
    "brake_traj": 0.0,
    "plan": [
        [
            -0.048672351986169815,
            2.624232769012451
        ],
        [
            -0.08604210615158081,
            5.61214017868042
        ],
        [
            -0.21531137824058533,
            8.771513938903809
        ],
        [
            -0.340954065322876,
            11.799839973449707
        ],
        [
            -0.4524420201778412,
            15.075535774230957
        ],
        [
            -0.6764196753501892,
            18.27155876159668
        ]
    ]
}