{
    "speed": 4.908930361405475,
    "steer": -0.004276529420167208,
    "throttle": 0.75,
    "brake": 0.0,
    "wp_4": [
        -0.2451300024986267,
        11.25446605682373
    ],
    "wp_3": [
        -0.15699166059494019,
        8.347023963928223
    ],
    "wp_2": [
        -0.06358546763658524,
        5.338825225830078
    ],
    "wp_1": [
        -0.04044318571686745,
        2.492419481277466
    ],
    "aim": [
        -0.04044318571686745,
        2.492419481277466
    ],
    "target": [
        -0.5554309781225607,
        21.72684216894044
    ],
    "desired_speed": 6.039178562164307,
    "angle": -0.01032917112736392,
    "angle_last": -0.033326038607842966,
    "angle_target": -0.016271179263024328,
    "angle_final": -0.01032917112736392,
    "delta": 0.25,
    "agent": "only_traj",
    "steer_traj": -0.004276529424712831,
    "throttle_traj": 0.75,
    "brake_traj": 0.0,
    "plan": [
        [
            -0.04044318571686745,
            2.492419481277466
        ],
        [
            -0.06358546763658524,
            5.338825225830078
        ],
        [
            -0.15699166059494019,
            8.347023963928223
        ],
        [
            -0.2451300024986267,
            11.25446605682373
        ],
        [
            -0.31474965810775757,
            14.432724952697754
        ],
        [
            -0.4797813892364502,
            17.5824031829834
        ]
    ]
}