{
    "speed": 4.77738684076091,
    "steer": -0.007129122503101826,
    "throttle": 0.75,
    "brake": 0.0,
    "wp_4": [
        -0.3626508116722107,
        10.637340545654297
    ],
    "wp_3": [
        -0.22018414735794067,
        7.920812606811523
    ],
    "wp_2": [
        -0.0962674617767334,
        5.091448783874512
    ],
    "wp_1": [
        -0.04554811492562294,
        2.3881144523620605
    ],
    "aim": [
        -0.04554811492562294,
        2.3881144523620605
    ],
    "target": [
        -0.5894705161013678,
        21.54774316543223
    ],
    "desired_speed": 5.597656440734864,
    "angle": -0.012140689077232857,
    "angle_last": -0.0704067561568883,
    "angle_target": -0.017411336804464217,
    "angle_final": -0.012140689077232857,
    "delta": 0.25,
    "agent": "only_traj",
    "steer_traj": -0.00712912235766673,
    "throttle_traj": 0.75,
    "brake_traj": 0.0,
    "plan": [
        [
            -0.04554811492562294,
            2.3881144523620605
        ],
        [
            -0.0962674617767334,
            5.091448783874512
        ],
        [
            -0.22018414735794067,
            7.920812606811523
        ],
        [
            -0.3626508116722107,
            10.637340545654297
        ],
        [
            -0.5409563779830933,
            13.555408477783203
        ],
        [
            -0.8515891432762146,
            16.352697372436523
        ]
    ]
}