{
    "speed": 4.689359853658103,
    "steer": -0.006625859998166561,
    "throttle": 0.75,
    "brake": 0.0,
    "wp_4": [
        -0.3563258945941925,
        13.270427703857422
    ],
    "wp_3": [
        -0.2246221899986267,
        9.663561820983887
    ],
    "wp_2": [
        -0.07615325599908829,
        6.024792671203613
    ],
    "wp_1": [
        -0.050446782261133194,
        2.732438564300537
    ],
    "aim": [
        -0.050446782261133194,
        2.732438564300537
    ],
    "target": [
        -1.6651810348360403,
        20.82011592570007
    ],
    "desired_speed": 7.250405883789062,
    "angle": -0.011752051313459131,
    "angle_last": -0.03873114675302795,
    "angle_target": -0.05080833624762715,
    "angle_final": -0.011752051313459131,
    "delta": 0.25,
    "agent": "only_traj",
    "steer_traj": -0.006625859790059419,
    "throttle_traj": 0.75,
    "brake_traj": 0.0,
    "plan": [
        [
            -0.050446782261133194,
            2.732438564300537
        ],
        [
            -0.07615325599908829,
            6.024792671203613
        ],
        [
            -0.2246221899986267,
            9.663561820983887
        ],
        [
            -0.3563258945941925,
            13.270427703857422
        ],
        [
            -0.4697566628456116,
            17.12651252746582
        ],
        [
            -0.696225643157959,
            20.844362258911133
        ]
    ]
}