{
    "speed": 4.696628449515961,
    "steer": -0.00999949686229229,
    "throttle": 0.75,
    "brake": 0.0,
    "wp_4": [
        -0.28697440028190613,
        11.928790092468262
    ],
    "wp_3": [
        -0.18001270294189453,
        8.806646347045898
    ],
    "wp_2": [
        -0.08190838247537613,
        5.563080787658691
    ],
    "wp_1": [
        -0.05826247110962868,
        2.5748801231384277
    ],
    "aim": [
        -0.05826247110962868,
        2.5748801231384277
    ],
    "target": [
        -0.9222213262192321,
        20.34736291270719
    ],
    "desired_speed": 6.351029586791992,
    "angle": -0.01440246827538719,
    "angle_last": -0.04102153685470555,
    "angle_target": -0.028834341220271717,
    "angle_final": -0.01440246827538719,
    "delta": 0.25,
    "agent": "only_traj",
    "steer_traj": -0.009999496549759896,
    "throttle_traj": 0.75,
    "brake_traj": 0.0,
    "plan": [
        [
            -0.05826247110962868,
            2.5748801231384277
        ],
        [
            -0.08190838247537613,
            5.563080787658691
        ],
        [
            -0.18001270294189453,
            8.806646347045898
        ],
        [
            -0.28697440028190613,
            11.928790092468262
        ],
        [
            -0.3712608516216278,
            15.261041641235352
        ],
        [
            -0.5764737725257874,
            18.44136619567871
        ]
    ]
}