{
    "speed": 4.78717845663958,
    "steer": -0.008645826019346714,
    "throttle": 0.75,
    "brake": 0.0,
    "wp_4": [
        -0.37063753604888916,
        13.469635009765625
    ],
    "wp_3": [
        -0.24130244553089142,
        9.868863105773926
    ],
    "wp_2": [
        -0.09241674840450287,
        6.196680545806885
    ],
    "wp_1": [
        -0.05987657979130745,
        2.8437793254852295
    ],
    "aim": [
        -0.05987657979130745,
        2.8437793254852295
    ],
    "target": [
        -1.964054817188779,
        21.01488317412022
    ],
    "desired_speed": 7.233379173278809,
    "angle": -0.013402225016934211,
    "angle_last": -0.03902643859814482,
    "angle_target": -0.05932626617134535,
    "angle_final": -0.013402225016934211,
    "delta": 0.25,
    "agent": "only_traj",
    "steer_traj": -0.008645825627023297,
    "throttle_traj": 0.75,
    "brake_traj": 0.0,
    "plan": [
        [
            -0.05987657979130745,
            2.8437793254852295
        ],
        [
            -0.09241674840450287,
            6.196680545806885
        ],
        [
            -0.24130244553089142,
            9.868863105773926
        ],
        [
            -0.37063753604888916,
            13.469635009765625
        ],
        [
            -0.4834841191768646,
            17.27712059020996
        ],
        [
            -0.7066659927368164,
            20.91321563720703
        ]
    ]
}