{
    "speed": 4.925201424607345,
    "steer": -0.008655156008899212,
    "throttle": 0.75,
    "brake": 0.0,
    "wp_4": [
        -0.27938348054885864,
        13.009405136108398
    ],
    "wp_3": [
        -0.1749339997768402,
        9.60470199584961
    ],
    "wp_2": [
        -0.0775161162018776,
        6.0718464851379395
    ],
    "wp_1": [
        -0.056074175983667374,
        2.8178107738494873
    ],
    "aim": [
        -0.056074175983667374,
        2.8178107738494873
    ],
    "target": [
        -1.8222386072227226,
        21.09384738551982
    ],
    "desired_speed": 6.784775352478026,
    "angle": -0.012666993098277728,
    "angle_last": -0.03852829013467856,
    "angle_target": -0.05485960814357979,
    "angle_final": -0.012666993098277728,
    "delta": 0.25,
    "agent": "only_traj",
    "steer_traj": -0.00865515595002075,
    "throttle_traj": 0.75,
    "brake_traj": 0.0,
    "plan": [
        [
            -0.056074175983667374,
            2.8178107738494873
        ],
        [
            -0.0775161162018776,
            6.0718464851379395
        ],
        [
            -0.1749339997768402,
            9.60470199584961
        ],
        [
            -0.27938348054885864,
            13.009405136108398
        ],
        [
            -0.3817303776741028,
            16.516929626464844
        ],
        [
            -0.5788034796714783,
            19.769275665283203
        ]
    ]
}