{
    "speed": 5.089831933598016,
    "steer": -0.0062384288758039474,
    "throttle": 0.0,
    "brake": 0.0,
    "wp_4": [
        -0.29595324397087097,
        11.973112106323242
    ],
    "wp_3": [
        -0.1746135950088501,
        8.965721130371094
    ],
    "wp_2": [
        -0.08226758241653442,
        5.780975341796875
    ],
    "wp_1": [
        -0.04211557283997536,
        2.760049819946289
    ],
    "aim": [
        -0.04211557283997536,
        2.760049819946289
    ],
    "target": [
        -1.17830347532626,
        20.94855158635434
    ],
    "desired_speed": 6.093872547149658,
    "angle": -0.00971339162819188,
    "angle_last": -0.04834296840802377,
    "angle_target": -0.035770573537097554,
    "angle_final": -0.00971339162819188,
    "delta": 0.25,
    "agent": "only_traj",
    "steer_traj": -0.006238428693039062,
    "throttle_traj": 0.0,
    "brake_traj": 0.0,
    "plan": [
        [
            -0.04211557283997536,
            2.760049819946289
        ],
        [
            -0.08226758241653442,
            5.780975341796875
        ],
        [
            -0.1746135950088501,
            8.965721130371094
        ],
        [
            -0.29595324397087097,
            11.973112106323242
        ],
        [
            -0.4262350797653198,
            15.079488754272461
        ],
        [
            -0.6468826532363892,
            17.97956657409668
        ]
    ]
}