{
    "speed": 5.240187086630081,
    "steer": -0.006015670485794544,
    "throttle": 0.0,
    "brake": 0.0,
    "wp_4": [
        -0.30209991335868835,
        14.476347923278809
    ],
    "wp_3": [
        -0.20673763751983643,
        10.745221138000488
    ],
    "wp_2": [
        -0.08569249510765076,
        6.9205732345581055
    ],
    "wp_1": [
        -0.04346737638115883,
        3.2974042892456055
    ],
    "aim": [
        -0.04346737638115883,
        3.2974042892456055
    ],
    "target": [
        -1.8851656341389185,
        19.356090160579267
    ],
    "desired_speed": 7.451053428649903,
    "angle": -0.008391598241812858,
    "angle_last": -0.024060052197822108,
    "angle_target": -0.06180796352874898,
    "angle_final": -0.008391598241812858,
    "delta": 0.25,
    "agent": "only_traj",
    "steer_traj": -0.00601567061099556,
    "throttle_traj": 0.0,
    "brake_traj": 0.0,
    "plan": [
        [
            -0.04346737638115883,
            3.2974042892456055
        ],
        [
            -0.08569249510765076,
            6.9205732345581055
        ],
        [
            -0.20673763751983643,
            10.745221138000488
        ],
        [
            -0.30209991335868835,
            14.476347923278809
        ],
        [
            -0.40179723501205444,
            18.302398681640625
        ],
        [
            -0.5384998321533203,
            21.917776107788086
        ]
    ]
}