{
    "speed": 5.162783226044771,
    "steer": -0.01335201971232891,
    "throttle": 0.0,
    "brake": 0.0,
    "wp_4": [
        -0.33238810300827026,
        12.477758407592773
    ],
    "wp_3": [
        -0.2176644206047058,
        9.257898330688477
    ],
    "wp_2": [
        -0.09910856187343597,
        5.891152381896973
    ],
    "wp_1": [
        -0.06339375674724579,
        2.7596678733825684
    ],
    "aim": [
        -0.06339375674724579,
        2.7596678733825684
    ],
    "target": [
        -1.2208481396871136,
        20.317942754584266
    ],
    "desired_speed": 6.486621761322022,
    "angle": -0.014621565565763044,
    "angle_last": -0.044483607963003456,
    "angle_target": -0.038206757607363404,
    "angle_final": -0.014621565565763044,
    "delta": 0.25,
    "agent": "only_traj",
    "steer_traj": -0.013352019487188567,
    "throttle_traj": 0.0,
    "brake_traj": 0.0,
    "plan": [
        [
            -0.06339375674724579,
            2.7596678733825684
        ],
        [
            -0.09910856187343597,
            5.891152381896973
        ],
        [
            -0.2176644206047058,
            9.257898330688477
        ],
        [
            -0.33238810300827026,
            12.477758407592773
        ],
        [
            -0.44342952966690063,
            15.846515655517578
        ],
        [
            -0.6615087985992432,
            18.96243667602539
        ]
    ]
}