{
    "speed": 5.043479626386701,
    "steer": -0.008656439371407032,
    "throttle": 0.0,
    "brake": 0.0,
    "wp_4": [
        -0.3366618752479553,
        10.423859596252441
    ],
    "wp_3": [
        -0.2143670618534088,
        7.839355945587158
    ],
    "wp_2": [
        -0.11593566834926605,
        5.13475227355957
    ],
    "wp_1": [
        -0.04500945284962654,
        2.4736528396606445
    ],
    "aim": [
        -0.04500945284962654,
        2.4736528396606445
    ],
    "target": [
        -1.2759294805002346,
        19.554601502255185
    ],
    "desired_speed": 5.341731834411621,
    "angle": -0.011582359058079705,
    "angle_last": -0.06085989718999837,
    "angle_target": -0.04148037001562303,
    "angle_final": -0.011582359058079705,
    "delta": 0.25,
    "agent": "only_traj",
    "steer_traj": -0.008656439456402284,
    "throttle_traj": 0.0,
    "brake_traj": 0.0,
    "plan": [
        [
            -0.04500945284962654,
            2.4736528396606445
        ],
        [
            -0.11593566834926605,
            5.13475227355957
        ],
        [
            -0.2143670618534088,
            7.839355945587158
        ],
        [
            -0.3366618752479553,
            10.423859596252441
        ],
        [
            -0.4802646338939667,
            13.172245025634766
        ],
        [
            -0.7328678369522095,
            15.806522369384766
        ]
    ]
}