{
    "speed": 4.9343779242011525,
    "steer": -0.00931245181709528,
    "throttle": 0.75,
    "brake": 0.0,
    "wp_4": [
        -0.23579183220863342,
        10.518412590026855
    ],
    "wp_3": [
        -0.14858537912368774,
        7.847605228424072
    ],
    "wp_2": [
        -0.09585332870483398,
        5.07676887512207
    ],
    "wp_1": [
        -0.0412600077688694,
        2.396092176437378
    ],
    "aim": [
        -0.0412600077688694,
        2.396092176437378
    ],
    "target": [
        -1.0593851019117606,
        19.78587363770284
    ],
    "desired_speed": 5.468275928497314,
    "angle": -0.01096126718955321,
    "angle_last": -0.04374017981734296,
    "angle_target": -0.034053696099082494,
    "angle_final": -0.01096126718955321,
    "delta": 0.25,
    "agent": "only_traj",
    "steer_traj": -0.009312452090016542,
    "throttle_traj": 0.75,
    "brake_traj": 0.0,
    "plan": [
        [
            -0.0412600077688694,
            2.396092176437378
        ],
        [
            -0.09585332870483398,
            5.07676887512207
        ],
        [
            -0.14858537912368774,
            7.847605228424072
        ],
        [
            -0.23579183220863342,
            10.518412590026855
        ],
        [
            -0.3170790374279022,
            13.354398727416992
        ],
        [
            -0.5030418038368225,
            16.056745529174805
        ]
    ]
}