{
    "speed": 4.734257136329093,
    "steer": -0.007684678770601749,
    "throttle": 0.75,
    "brake": 0.0,
    "wp_4": [
        -0.1812097728252411,
        10.930017471313477
    ],
    "wp_3": [
        -0.13669022917747498,
        8.223896026611328
    ],
    "wp_2": [
        -0.08432167768478394,
        5.376402854919434
    ],
    "wp_1": [
        -0.02903992310166359,
        2.5809783935546875
    ],
    "aim": [
        -0.02903992310166359,
        2.5809783935546875
    ],
    "target": [
        -1.9630789356989296,
        18.760176188624495
    ],
    "desired_speed": 5.586575126647949,
    "angle": -0.00716261953715523,
    "angle_last": -0.02284526510843995,
    "angle_target": -0.0663748136473698,
    "angle_final": -0.00716261953715523,
    "delta": 0.25,
    "agent": "only_traj",
    "steer_traj": -0.0076846785611069494,
    "throttle_traj": 0.75,
    "brake_traj": 0.0,
    "plan": [
        [
            -0.02903992310166359,
            2.5809783935546875
        ],
        [
            -0.08432167768478394,
            5.376402854919434
        ],
        [
            -0.13669022917747498,
            8.223896026611328
        ],
        [
            -0.1812097728252411,
            10.930017471313477
        ],
        [
            -0.20593217015266418,
            13.780284881591797
        ],
        [
            -0.3051561713218689,
            16.54413414001465
        ]
    ]
}