{
    "speed": 4.825973691385622,
    "steer": -0.012252412736415863,
    "throttle": 0.75,
    "brake": 0.0,
    "wp_4": [
        -0.14752449095249176,
        11.445550918579102
    ],
    "wp_3": [
        -0.08859097957611084,
        8.489140510559082
    ],
    "wp_2": [
        -0.0609213188290596,
        5.432538032531738
    ],
    "wp_1": [
        -0.04408082738518715,
        2.523507833480835
    ],
    "aim": [
        -0.04408082738518715,
        2.523507833480835
    ],
    "target": [
        -0.6939788674178436,
        18.566397359592113
    ],
    "desired_speed": 5.963088607788086,
    "angle": -0.011119348123343616,
    "angle_last": -0.025995727808603722,
    "angle_target": -0.023784640669958296,
    "angle_final": -0.011119348123343616,
    "delta": 0.25,
    "agent": "only_traj",
    "steer_traj": -0.012252413103147442,
    "throttle_traj": 0.75,
    "brake_traj": 0.0,
    "plan": [
        [
            -0.04408082738518715,
            2.523507833480835
        ],
        [
            -0.0609213188290596,
            5.432538032531738
        ],
        [
            -0.08859097957611084,
            8.489140510559082
        ],
        [
            -0.14752449095249176,
            11.445550918579102
        ],
        [
            -0.16246168315410614,
            14.523763656616211
        ],
        [
            -0.2811196446418762,
            17.428009033203125
        ]
    ]
}