{
    "speed": 4.964403405168226,
    "steer": -0.0025753057561814785,
    "throttle": 0.75,
    "brake": 0.0,
    "wp_4": [
        -0.08403006941080093,
        11.202350616455078
    ],
    "wp_3": [
        -0.07251468300819397,
        8.474145889282227
    ],
    "wp_2": [
        -0.05408946052193642,
        5.570502758026123
    ],
    "wp_1": [
        -0.011861775070428848,
        2.6989200115203857
    ],
    "aim": [
        -0.011861775070428848,
        2.6989200115203857
    ],
    "target": [
        -0.9395528812300489,
        17.52876292380194
    ],
    "desired_speed": 5.629119873046875,
    "angle": -0.002797900984544748,
    "angle_last": -0.005658611881918422,
    "angle_target": -0.034090603367552534,
    "angle_final": -0.002797900984544748,
    "delta": 0.25,
    "agent": "only_traj",
    "steer_traj": -0.002575305749016214,
    "throttle_traj": 0.75,
    "brake_traj": 0.0,
    "plan": [
        [
            -0.011861775070428848,
            2.6989200115203857
        ],
        [
            -0.05408946052193642,
            5.570502758026123
        ],
        [
            -0.07251468300819397,
            8.474145889282227
        ],
        [
            -0.08403006941080093,
            11.202350616455078
        ],
        [
            -0.07898101210594177,
            14.032238960266113
        ],
        [
            -0.10332727432250977,
            16.77121353149414
        ]
    ]
}