{
    "speed": 5.129258850712119,
    "steer": -0.012772621586918831,
    "throttle": 0.0,
    "brake": 0.0,
    "wp_4": [
        -0.20183420181274414,
        12.035568237304688
    ],
    "wp_3": [
        -0.13026806712150574,
        9.001932144165039
    ],
    "wp_2": [
        -0.07895372807979584,
        5.815133094787598
    ],
    "wp_1": [
        -0.04227953031659126,
        2.7539286613464355
    ],
    "aim": [
        -0.04227953031659126,
        2.7539286613464355
    ],
    "target": [
        -1.0464573129117216,
        18.602791531248776
    ],
    "desired_speed": 6.146636581420898,
    "angle": -0.00977289016496177,
    "angle_last": -0.028241494007703913,
    "angle_target": -0.035773881078492005,
    "angle_final": -0.00977289016496177,
    "delta": 0.25,
    "agent": "only_traj",
    "steer_traj": -0.012772621654676769,
    "throttle_traj": 0.0,
    "brake_traj": 0.0,
    "plan": [
        [
            -0.04227953031659126,
            2.7539286613464355
        ],
        [
            -0.07895372807979584,
            5.815133094787598
        ],
        [
            -0.13026806712150574,
            9.001932144165039
        ],
        [
            -0.20183420181274414,
            12.035568237304688
        ],
        [
            -0.2445148527622223,
            15.168842315673828
        ],
        [
            -0.3753349781036377,
            18.1158504486084
        ]
    ]
}