{
    "speed": 5.2700134312657845,
    "steer": -0.006209709215909243,
    "throttle": 0.0,
    "brake": 0.0,
    "wp_4": [
        -0.18476301431655884,
        12.798750877380371
    ],
    "wp_3": [
        -0.12637662887573242,
        9.605209350585938
    ],
    "wp_2": [
        -0.057136569172143936,
        6.246334075927734
    ],
    "wp_1": [
        -0.024753693491220474,
        3.005612373352051
    ],
    "aim": [
        -0.024753693491220474,
        3.005612373352051
    ],
    "target": [
        -1.4408960562079096,
        17.521695728875237
    ],
    "desired_speed": 6.496881008148193,
    "angle": -0.005242956925427757,
    "angle_last": -0.014334469947650174,
    "angle_target": -0.05223486939884777,
    "angle_final": -0.005242956925427757,
    "delta": 0.25,
    "agent": "only_traj",
    "steer_traj": -0.006209709170535236,
    "throttle_traj": 0.0,
    "brake_traj": 0.0,
    "plan": [
        [
            -0.024753693491220474,
            3.005612373352051
        ],
        [
            -0.057136569172143936,
            6.246334075927734
        ],
        [
            -0.12637662887573242,
            9.605209350585938
        ],
        [
            -0.18476301431655884,
            12.798750877380371
        ],
        [
            -0.22100743651390076,
            16.105981826782227
        ],
        [
            -0.29170870780944824,
            19.245410919189453
        ]
    ]
}