{
    "speed": 5.044961590982152,
    "steer": -0.008862440474331379,
    "throttle": 0.0,
    "brake": 0.0,
    "wp_4": [
        -0.08930923044681549,
        10.40438461303711
    ],
    "wp_3": [
        -0.05741848796606064,
        7.804162502288818
    ],
    "wp_2": [
        -0.06580895185470581,
        5.105930328369141
    ],
    "wp_1": [
        -0.020277414470911026,
        2.423135757446289
    ],
    "aim": [
        -0.020277414470911026,
        2.423135757446289
    ],
    "target": [
        -1.0181370460640453,
        17.44358886257684
    ],
    "desired_speed": 5.36898250579834,
    "angle": -0.005327271816182025,
    "angle_last": -0.020021816687538236,
    "angle_target": -0.037115735349397175,
    "angle_final": -0.005327271816182025,
    "delta": 0.25,
    "agent": "only_traj",
    "steer_traj": -0.00886244080768202,
    "throttle_traj": 0.0,
    "brake_traj": 0.0,
    "plan": [
        [
            -0.020277414470911026,
            2.423135757446289
        ],
        [
            -0.06580895185470581,
            5.105930328369141
        ],
        [
            -0.05741848796606064,
            7.804162502288818
        ],
        [
            -0.08930923044681549,
            10.40438461303711
        ],
        [
            -0.11957630515098572,
            13.171703338623047
        ],
        [
            -0.20363286137580872,
            15.843509674072266
        ]
    ]
}