{
    "speed": 4.827343479138589,
    "steer": -0.0006945707718841732,
    "throttle": 0.75,
    "brake": 0.0,
    "wp_4": [
        -0.02334759756922722,
        10.306075096130371
    ],
    "wp_3": [
        -0.015176145359873772,
        7.834321975708008
    ],
    "wp_2": [
        -0.03332621231675148,
        5.230498313903809
    ],
    "wp_1": [
        0.007570382207632065,
        2.537141799926758
    ],
    "aim": [
        0.007570382207632065,
        2.537141799926758
    ],
    "target": [
        -0.9587439909168096,
        16.63065315033221
    ],
    "desired_speed": 5.151492595672607,
    "angle": 0.001899523671636132,
    "angle_last": -0.010501367785439019,
    "angle_target": -0.0366600495364918,
    "angle_final": 0.001899523671636132,
    "delta": 0.25,
    "agent": "only_traj",
    "steer_traj": -0.000694570758180572,
    "throttle_traj": 0.75,
    "brake_traj": 0.0,
    "plan": [
        [
            0.007570382207632065,
            2.537141799926758
        ],
        [
            -0.03332621231675148,
            5.230498313903809
        ],
        [
            -0.015176145359873772,
            7.834321975708008
        ],
        [
            -0.02334759756922722,
            10.306075096130371
        ],
        [
            -0.05975157767534256,
            12.900612831115723
        ],
        [
            -0.10122956335544586,
            15.414888381958008
        ]
    ]
}