{
    "speed": 4.747303310023984,
    "steer": 0.00013288389891386032,
    "throttle": 0.0,
    "brake": 0.0,
    "wp_4": [
        0.012631424702703953,
        9.352457046508789
    ],
    "wp_3": [
        -0.011285867542028427,
        7.173236846923828
    ],
    "wp_2": [
        -0.05784076824784279,
        4.865535259246826
    ],
    "wp_1": [
        0.01858186349272728,
        2.4011943340301514
    ],
    "aim": [
        0.01858186349272728,
        2.4011943340301514
    ],
    "target": [
        -1.184147568852619,
        16.754908732046466
    ],
    "desired_speed": 4.626276874542236,
    "angle": 0.00492643583881345,
    "angle_last": -0.00011044921911706463,
    "angle_target": -0.044918201337118074,
    "angle_final": 0.00492643583881345,
    "delta": 0.0,
    "agent": "only_traj",
    "steer_traj": 0.00013288389246923988,
    "throttle_traj": 0.0,
    "brake_traj": 0.0,
    "plan": [
        [
            0.01858186349272728,
            2.4011943340301514
        ],
        [
            -0.05784076824784279,
            4.865535259246826
        ],
        [
            -0.011285867542028427,
            7.173236846923828
        ],
        [
            0.012631424702703953,
            9.352457046508789
        ],
        [
            0.11620423942804337,
            11.667049407958984
        ],
        [
            0.11580588668584824,
            13.962784767150879
        ]
    ]
}