{
    "speed": 4.713873644577121,
    "steer": -0.0029423206578940153,
    "throttle": 0.75,
    "brake": 0.0,
    "wp_4": [
        0.13141001760959625,
        9.987221717834473
    ],
    "wp_3": [
        -0.023676907643675804,
        7.639585018157959
    ],
    "wp_2": [
        -0.04246437922120094,
        5.13822078704834
    ],
    "wp_1": [
        0.011537846177816391,
        2.514875888824463
    ],
    "aim": [
        0.011537846177816391,
        2.514875888824463
    ],
    "target": [
        -1.4178643794658343,
        17.63881399723175
    ],
    "desired_speed": 4.989331626892089,
    "angle": 0.002920712843543816,
    "angle_last": -0.037621620467854756,
    "angle_target": -0.051063743637857976,
    "angle_final": 0.002920712843543816,
    "delta": 0.25,
    "agent": "only_traj",
    "steer_traj": -0.002942320558052223,
    "throttle_traj": 0.75,
    "brake_traj": 0.0,
    "plan": [
        [
            0.011537846177816391,
            2.514875888824463
        ],
        [
            -0.04246437922120094,
            5.13822078704834
        ],
        [
            -0.023676907643675804,
            7.639585018157959
        ],
        [
            0.13141001760959625,
            9.987221717834473
        ],
        [
            0.1426965445280075,
            12.50695514678955
        ],
        [
            -0.0035090900491923094,
            14.97811508178711
        ]
    ]
}