{
    "speed": 4.6899622086678745,
    "steer": -0.003832292975857854,
    "throttle": 0.75,
    "brake": 0.0,
    "wp_4": [
        0.03308301419019699,
        10.169203758239746
    ],
    "wp_3": [
        0.02970871701836586,
        7.641116142272949
    ],
    "wp_2": [
        -0.029643122106790543,
        5.022668838500977
    ],
    "wp_1": [
        0.006256218999624252,
        2.401972532272339
    ],
    "aim": [
        0.006256218999624252,
        2.401972532272339
    ],
    "target": [
        -1.0283386421584413,
        16.07462203484281
    ],
    "desired_speed": 5.206039714813233,
    "angle": 0.0016581144299715705,
    "angle_last": -0.0032097613914965173,
    "angle_target": -0.04067093004242322,
    "angle_final": 0.0016581144299715705,
    "delta": 0.25,
    "agent": "only_traj",
    "steer_traj": -0.003832292975779846,
    "throttle_traj": 0.75,
    "brake_traj": 0.0,
    "plan": [
        [
            0.006256218999624252,
            2.401972532272339
        ],
        [
            -0.029643122106790543,
            5.022668838500977
        ],
        [
            0.02970871701836586,
            7.641116142272949
        ],
        [
            0.03308301419019699,
            10.169203758239746
        ],
        [
            0.06057138368487358,
            12.832473754882812
        ],
        [
            0.04754536598920822,
            15.415976524353027
        ]
    ]
}