{
    "speed": 4.81165340503057,
    "steer": 0.0027269425336271524,
    "throttle": 0.75,
    "brake": 0.0,
    "wp_4": [
        0.13759592175483704,
        11.764047622680664
    ],
    "wp_3": [
        0.07777968049049377,
        8.874691009521484
    ],
    "wp_2": [
        0.034064166247844696,
        5.8116984367370605
    ],
    "wp_1": [
        0.031977441161870956,
        2.8084640502929688
    ],
    "aim": [
        0.031977441161870956,
        2.8084640502929688
    ],
    "target": [
        -1.0945745408461938,
        14.720879307773291
    ],
    "desired_speed": 5.98538522720337,
    "angle": 0.007248320701663895,
    "angle_last": 0.02655961810600406,
    "angle_target": -0.04724906979119809,
    "angle_final": 0.007248320701663895,
    "delta": 0.25,
    "agent": "only_traj",
    "steer_traj": 0.0027269425898584993,
    "throttle_traj": 0.75,
    "brake_traj": 0.0,
    "plan": [
        [
            0.031977441161870956,
            2.8084640502929688
        ],
        [
            0.034064166247844696,
            5.8116984367370605
        ],
        [
            0.07777968049049377,
            8.874691009521484
        ],
        [
            0.13759592175483704,
            11.764047622680664
        ],
        [
            0.23555007576942444,
            14.797903060913086
        ],
        [
            0.3594847619533539,
            17.766828536987305
        ]
    ]
}