{
    "speed": 4.967340285650312,
    "steer": -0.0019611341413110495,
    "throttle": 0.75,
    "brake": 0.0,
    "wp_4": [
        0.0642205998301506,
        10.860991477966309
    ],
    "wp_3": [
        0.020826222375035286,
        8.192358016967773
    ],
    "wp_2": [
        -0.011369263753294945,
        5.37778377532959
    ],
    "wp_1": [
        0.017379309982061386,
        2.597470283508301
    ],
    "aim": [
        0.017379309982061386,
        2.597470283508301
    ],
    "target": [
        -1.3891163233280128,
        15.07227002817875
    ],
    "desired_speed": 5.49814395904541,
    "angle": 0.004259505811857093,
    "angle_last": 0.01447450906155583,
    "angle_target": -0.05850795519126087,
    "angle_final": 0.004259505811857093,
    "delta": 0.25,
    "agent": "only_traj",
    "steer_traj": -0.0019611341935333116,
    "throttle_traj": 0.75,
    "brake_traj": 0.0,
    "plan": [
        [
            0.017379309982061386,
            2.597470283508301
        ],
        [
            -0.011369263753294945,
            5.37778377532959
        ],
        [
            0.020826222375035286,
            8.192358016967773
        ],
        [
            0.0642205998301506,
            10.860991477966309
        ],
        [
            0.13402560353279114,
            13.627349853515625
        ],
        [
            0.19572512805461884,
            16.34056282043457
        ]
    ]
}