{
    "speed": 5.1420954681999875,
    "steer": -0.005379829090088606,
    "throttle": 0.0,
    "brake": 0.0,
    "wp_4": [
        0.06716633588075638,
        11.121930122375488
    ],
    "wp_3": [
        0.15311631560325623,
        8.376742362976074
    ],
    "wp_2": [
        -0.032449331134557724,
        5.50771951675415
    ],
    "wp_1": [
        0.0006595514714717865,
        2.666576385498047
    ],
    "aim": [
        0.0006595514714717865,
        2.666576385498047
    ],
    "target": [
        -1.3540754124287857,
        14.97938073137859
    ],
    "desired_speed": 5.5761328697204595,
    "angle": 0.00015744597832899102,
    "angle_last": -0.007620090429564528,
    "angle_target": -0.05739186637327011,
    "angle_final": 0.00015744597832899102,
    "delta": 0.25,
    "agent": "only_traj",
    "steer_traj": -0.005379828857414715,
    "throttle_traj": 0.0,
    "brake_traj": 0.0,
    "plan": [
        [
            0.0006595514714717865,
            2.666576385498047
        ],
        [
            -0.032449331134557724,
            5.50771951675415
        ],
        [
            0.15311631560325623,
            8.376742362976074
        ],
        [
            0.06716633588075638,
            11.121930122375488
        ],
        [
            -0.056280381977558136,
            13.88408088684082
        ],
        [
            -0.08874756097793579,
            16.596424102783203
        ]
    ]
}