{
    "speed": 5.208290150752868,
    "steer": -0.003990958444774151,
    "throttle": 0.0,
    "brake": 0.0,
    "wp_4": [
        0.02495502680540085,
        11.463258743286133
    ],
    "wp_3": [
        0.18775711953639984,
        8.630313873291016
    ],
    "wp_2": [
        0.050662338733673096,
        5.617312908172607
    ],
    "wp_1": [
        0.0013802014291286469,
        2.7106990814208984
    ],
    "aim": [
        0.0013802014291286469,
        2.7106990814208984
    ],
    "target": [
        -0.6158323536414654,
        15.430081357602864
    ],
    "desired_speed": 5.809223651885986,
    "angle": 0.00032417848506808005,
    "angle_last": 0.005852078253331733,
    "angle_target": -0.02539475174293333,
    "angle_final": 0.00032417848506808005,
    "delta": 0.25,
    "agent": "only_traj",
    "steer_traj": -0.003990958270199242,
    "throttle_traj": 0.0,
    "brake_traj": 0.0,
    "plan": [
        [
            0.0013802014291286469,
            2.7106990814208984
        ],
        [
            0.050662338733673096,
            5.617312908172607
        ],
        [
            0.18775711953639984,
            8.630313873291016
        ],
        [
            0.02495502680540085,
            11.463258743286133
        ],
        [
            0.022416293621063232,
            14.381185531616211
        ],
        [
            0.048562344163656235,
            17.225427627563477
        ]
    ]
}