{
    "speed": 5.12637099936467,
    "steer": -0.007476428057998419,
    "throttle": 0.0,
    "brake": 0.0,
    "wp_4": [
        -0.06510867923498154,
        12.644922256469727
    ],
    "wp_3": [
        0.15096105635166168,
        9.42675495147705
    ],
    "wp_2": [
        0.09707248955965042,
        6.006216049194336
    ],
    "wp_1": [
        -0.013061185367405415,
        2.846547842025757
    ],
    "aim": [
        -0.013061185367405415,
        2.846547842025757
    ],
    "target": [
        -1.8688772613295117,
        14.556804881159866
    ],
    "desired_speed": 6.621854400634765,
    "angle": -0.0029210720625773116,
    "angle_last": 0.005814132757942773,
    "angle_target": -0.08128784190843635,
    "angle_final": -0.0029210720625773116,
    "delta": 0.25,
    "agent": "only_traj",
    "steer_traj": -0.00747642799391006,
    "throttle_traj": 0.0,
    "brake_traj": 0.0,
    "plan": [
        [
            -0.013061185367405415,
            2.846547842025757
        ],
        [
            0.09707248955965042,
            6.006216049194336
        ],
        [
            0.15096105635166168,
            9.42675495147705
        ],
        [
            -0.06510867923498154,
            12.644922256469727
        ],
        [
            -0.016443517059087753,
            16.099334716796875
        ],
        [
            0.013620495796203613,
            19.391115188598633
        ]
    ]
}