{
    "speed": 5.016108896476275,
    "steer": 0.006183496210724115,
    "throttle": 0.0,
    "brake": 0.0,
    "wp_4": [
        0.031808190047740936,
        9.60162353515625
    ],
    "wp_3": [
        0.020424429327249527,
        7.242159366607666
    ],
    "wp_2": [
        -0.016742590814828873,
        4.811880111694336
    ],
    "wp_1": [
        0.03266015276312828,
        2.3368940353393555
    ],
    "aim": [
        0.03266015276312828,
        2.3368940353393555
    ],
    "target": [
        -0.6205221919390049,
        14.669290274064878
    ],
    "desired_speed": 4.9456665992736815,
    "angle": 0.008896748912351083,
    "angle_last": -0.00656224590911111,
    "angle_target": -0.02691345808793006,
    "angle_final": 0.008896748912351083,
    "delta": 0.0,
    "agent": "only_traj",
    "steer_traj": 0.006183496423126851,
    "throttle_traj": 0.0,
    "brake_traj": 0.0,
    "plan": [
        [
            0.03266015276312828,
            2.3368940353393555
        ],
        [
            -0.016742590814828873,
            4.811880111694336
        ],
        [
            0.020424429327249527,
            7.242159366607666
        ],
        [
            0.031808190047740936,
            9.60162353515625
        ],
        [
            0.0052580200135707855,
            12.154895782470703
        ],
        [
            -0.020977504551410675,
            14.699982643127441
        ]
    ]
}