{
    "speed": 4.83403528053421,
    "steer": 0.006807329133152962,
    "throttle": 0.75,
    "brake": 0.0,
    "wp_4": [
        0.06597589701414108,
        10.189397811889648
    ],
    "wp_3": [
        0.008466364815831184,
        7.674511432647705
    ],
    "wp_2": [
        -0.017448220402002335,
        5.050351142883301
    ],
    "wp_1": [
        0.04713597148656845,
        2.4140355587005615
    ],
    "aim": [
        0.04713597148656845,
        2.4140355587005615
    ],
    "target": [
        -1.35737822175265,
        13.890987544424222
    ],
    "desired_speed": 5.239454364776611,
    "angle": 0.012428943296127789,
    "angle_last": 0.01352389851107161,
    "angle_target": -0.062011362852982664,
    "angle_final": 0.012428943296127789,
    "delta": 0.25,
    "agent": "only_traj",
    "steer_traj": 0.006807328905057812,
    "throttle_traj": 0.75,
    "brake_traj": 0.0,
    "plan": [
        [
            0.04713597148656845,
            2.4140355587005615
        ],
        [
            -0.017448220402002335,
            5.050351142883301
        ],
        [
            0.008466364815831184,
            7.674511432647705
        ],
        [
            0.06597589701414108,
            10.189397811889648
        ],
        [
            0.11774000525474548,
            12.853338241577148
        ],
        [
            0.17418456077575684,
            15.509992599487305
        ]
    ]
}