{
    "speed": 4.758034524124512,
    "steer": -0.005728510208427906,
    "throttle": 0.75,
    "brake": 0.0,
    "wp_4": [
        -0.025125740095973015,
        10.202360153198242
    ],
    "wp_3": [
        -0.033855944871902466,
        7.645611763000488
    ],
    "wp_2": [
        -0.03673425689339638,
        4.970890998840332
    ],
    "wp_1": [
        0.0034922920167446136,
        2.382734775543213
    ],
    "aim": [
        0.0034922920167446136,
        2.382734775543213
    ],
    "target": [
        -1.012270924302964,
        14.030973493122413
    ],
    "desired_speed": 5.30363712310791,
    "angle": 0.000933051904079328,
    "angle_last": -0.008368982726561038,
    "angle_target": -0.045849782469782475,
    "angle_final": 0.000933051904079328,
    "delta": 0.25,
    "agent": "only_traj",
    "steer_traj": -0.005728510014543865,
    "throttle_traj": 0.75,
    "brake_traj": 0.0,
    "plan": [
        [
            0.0034922920167446136,
            2.382734775543213
        ],
        [
            -0.03673425689339638,
            4.970890998840332
        ],
        [
            -0.033855944871902466,
            7.645611763000488
        ],
        [
            -0.025125740095973015,
            10.202360153198242
        ],
        [
            -0.02831096202135086,
            12.939094543457031
        ],
        [
            -0.06383584439754486,
            15.641263008117676
        ]
    ]
}