{
    "speed": 4.866404822549507,
    "steer": -0.006680984050035477,
    "throttle": 0.75,
    "brake": 0.0,
    "wp_4": [
        -0.07325634360313416,
        11.304753303527832
    ],
    "wp_3": [
        -0.05583883821964264,
        8.503297805786133
    ],
    "wp_2": [
        -0.046745289117097855,
        5.519125938415527
    ],
    "wp_1": [
        -0.015396583825349808,
        2.651460647583008
    ],
    "aim": [
        -0.015396583825349808,
        2.651460647583008
    ],
    "target": [
        -1.3944473812943665,
        13.644811248307931
    ],
    "desired_speed": 5.755701541900635,
    "angle": -0.0036966779883276487,
    "angle_last": -0.012276761623697665,
    "angle_target": -0.06483501099549377,
    "angle_final": -0.0036966779883276487,
    "delta": 0.25,
    "agent": "only_traj",
    "steer_traj": -0.006680984163170375,
    "throttle_traj": 0.75,
    "brake_traj": 0.0,
    "plan": [
        [
            -0.015396583825349808,
            2.651460647583008
        ],
        [
            -0.046745289117097855,
            5.519125938415527
        ],
        [
            -0.05583883821964264,
            8.503297805786133
        ],
        [
            -0.07325634360313416,
            11.304753303527832
        ],
        [
            -0.06622209399938583,
            14.237452507019043
        ],
        [
            -0.12027287483215332,
            17.039945602416992
        ]
    ]
}