{
    "speed": 5.0064495566064044,
    "steer": -0.0013863637577742338,
    "throttle": 0.0,
    "brake": 0.0,
    "wp_4": [
        0.04628952592611313,
        11.860328674316406
    ],
    "wp_3": [
        0.03103533387184143,
        8.876884460449219
    ],
    "wp_2": [
        0.0026247743517160416,
        5.735354900360107
    ],
    "wp_1": [
        0.0015383623540401459,
        2.7396979331970215
    ],
    "aim": [
        0.0015383623540401459,
        2.7396979331970215
    ],
    "target": [
        -0.8898511548050347,
        13.189198300793276
    ],
    "desired_speed": 6.105828380584716,
    "angle": 0.00035749463001958677,
    "angle_last": 0.00987445254654302,
    "angle_target": -0.04288658117805811,
    "angle_final": 0.00035749463001958677,
    "delta": 0.25,
    "agent": "only_traj",
    "steer_traj": -0.0013863638141841982,
    "throttle_traj": 0.0,
    "brake_traj": 0.0,
    "plan": [
        [
            0.0015383623540401459,
            2.7396979331970215
        ],
        [
            0.0026247743517160416,
            5.735354900360107
        ],
        [
            0.03103533387184143,
            8.876884460449219
        ],
        [
            0.04628952592611313,
            11.860328674316406
        ],
        [
            0.10008004307746887,
            14.998689651489258
        ],
        [
            0.14668729901313782,
            18.003278732299805
        ]
    ]
}