{
    "speed": 5.14144548981359,
    "steer": 0.0019698673859238625,
    "throttle": 0.0,
    "brake": 0.0,
    "wp_4": [
        0.09516990184783936,
        12.042288780212402
    ],
    "wp_3": [
        0.05261862277984619,
        9.080145835876465
    ],
    "wp_2": [
        0.011123979464173317,
        5.942996978759766
    ],
    "wp_1": [
        0.019991692155599594,
        2.8777999877929688
    ],
    "aim": [
        0.019991692155599594,
        2.8777999877929688
    ],
    "target": [
        -0.6477400673450112,
        12.241653497887897
    ],
    "desired_speed": 6.101476383209229,
    "angle": 0.0044224437690572865,
    "angle_last": 0.02464344647985237,
    "angle_target": -0.03365394542421266,
    "angle_final": 0.0044224437690572865,
    "delta": 0.25,
    "agent": "only_traj",
    "steer_traj": 0.0019698673467813607,
    "throttle_traj": 0.0,
    "brake_traj": 0.0,
    "plan": [
        [
            0.019991692155599594,
            2.8777999877929688
        ],
        [
            0.011123979464173317,
            5.942996978759766
        ],
        [
            0.05261862277984619,
            9.080145835876465
        ],
        [
            0.09516990184783936,
            12.042288780212402
        ],
        [
            0.18708255887031555,
            15.128148078918457
        ],
        [
            0.3032364249229431,
            18.127281188964844
        ]
    ]
}