{
    "speed": 5.06807928212492,
    "steer": -0.004504542797803879,
    "throttle": 0.0,
    "brake": 0.0,
    "wp_4": [
        -0.005742136389017105,
        10.616645812988281
    ],
    "wp_3": [
        -0.031248001381754875,
        7.932249069213867
    ],
    "wp_2": [
        -0.03592580929398537,
        5.133688926696777
    ],
    "wp_1": [
        -0.0029052235186100006,
        2.4552793502807617
    ],
    "aim": [
        -0.0029052235186100006,
        2.4552793502807617
    ],
    "target": [
        -0.6615325886702699,
        12.06779279030534
    ],
    "desired_speed": 5.553789520263672,
    "angle": -0.0007532459110060425,
    "angle_last": 0.0036896403621056962,
    "angle_target": -0.03486334604874933,
    "angle_final": -0.0007532459110060425,
    "delta": 0.25,
    "agent": "only_traj",
    "steer_traj": -0.004504542961189734,
    "throttle_traj": 0.0,
    "brake_traj": 0.0,
    "plan": [
        [
            -0.0029052235186100006,
            2.4552793502807617
        ],
        [
            -0.03592580929398537,
            5.133688926696777
        ],
        [
            -0.031248001381754875,
            7.932249069213867
        ],
        [
            -0.005742136389017105,
            10.616645812988281
        ],
        [
            0.048171475529670715,
            13.49967098236084
        ],
        [
            0.06462690234184265,
            16.3388729095459
        ]
    ]
}