{
    "speed": 4.974515795600806,
    "steer": 0.00021297336206771433,
    "throttle": 0.75,
    "brake": 0.0,
    "wp_4": [
        0.05455487221479416,
        10.433672904968262
    ],
    "wp_3": [
        0.010273488238453865,
        7.8035969734191895
    ],
    "wp_2": [
        -0.023030614480376244,
        5.080465316772461
    ],
    "wp_1": [
        0.007673528045415878,
        2.4325976371765137
    ],
    "aim": [
        0.007673528045415878,
        2.4325976371765137
    ],
    "target": [
        -1.3591829624505396,
        11.969731092307295
    ],
    "desired_speed": 5.438537216186524,
    "angle": 0.002008199570430113,
    "angle_last": 0.008922703631197133,
    "angle_target": -0.07198092176063266,
    "angle_final": 0.002008199570430113,
    "delta": 0.25,
    "agent": "only_traj",
    "steer_traj": 0.00021297336048090834,
    "throttle_traj": 0.75,
    "brake_traj": 0.0,
    "plan": [
        [
            0.007673528045415878,
            2.4325976371765137
        ],
        [
            -0.023030614480376244,
            5.080465316772461
        ],
        [
            0.010273488238453865,
            7.8035969734191895
        ],
        [
            0.05455487221479416,
            10.433672904968262
        ],
        [
            0.12337175011634827,
            13.240598678588867
        ],
        [
            0.16242863237857819,
            16.027069091796875
        ]
    ]
}