{
    "speed": 4.8832271320296625,
    "steer": -0.0025129138957709074,
    "throttle": 0.75,
    "brake": 0.0,
    "wp_4": [
        0.03025713749229908,
        11.967041969299316
    ],
    "wp_3": [
        0.01152220368385315,
        8.897136688232422
    ],
    "wp_2": [
        -0.003404742106795311,
        5.700002670288086
    ],
    "wp_1": [
        -3.645196557044983e-05,
        2.6875696182250977
    ],
    "aim": [
        -3.645196557044983e-05,
        2.6875696182250977
    ],
    "target": [
        -1.818560731363325,
        11.35146025180484
    ],
    "desired_speed": 6.253090572357179,
    "angle": -8.603509493096737e-06,
    "angle_last": 0.009740125492866103,
    "angle_target": -0.10113032457522017,
    "angle_final": -8.603509493096737e-06,
    "delta": 0.25,
    "agent": "only_traj",
    "steer_traj": -0.0025129138715449455,
    "throttle_traj": 0.75,
    "brake_traj": 0.0,
    "plan": [
        [
            -3.645196557044983e-05,
            2.6875696182250977
        ],
        [
            -0.003404742106795311,
            5.700002670288086
        ],
        [
            0.01152220368385315,
            8.897136688232422
        ],
        [
            0.03025713749229908,
            11.967041969299316
        ],
        [
            0.1009213998913765,
            15.222722053527832
        ],
        [
            0.14829868078231812,
            18.319072723388672
        ]
    ]
}