{
    "speed": 4.81650289704604,
    "steer": 0.0065658120438456535,
    "throttle": 0.75,
    "brake": 0.0,
    "wp_4": [
        0.04262884333729744,
        9.951011657714844
    ],
    "wp_3": [
        0.02171960659325123,
        7.457133769989014
    ],
    "wp_2": [
        -0.0028011836111545563,
        4.8786773681640625
    ],
    "wp_1": [
        0.028507079929113388,
        2.3668019771575928
    ],
    "aim": [
        0.028507079929113388,
        2.3668019771575928
    ],
    "target": [
        -1.0071477773042194,
        11.377953502377459
    ],
    "desired_speed": 5.156090068817138,
    "angle": 0.007667466643730345,
    "angle_last": -0.0008958450826777531,
    "angle_target": -0.05620548730649285,
    "angle_final": 0.007667466643730345,
    "delta": 0.25,
    "agent": "only_traj",
    "steer_traj": 0.006565811993050084,
    "throttle_traj": 0.75,
    "brake_traj": 0.0,
    "plan": [
        [
            0.028507079929113388,
            2.3668019771575928
        ],
        [
            -0.0028011836111545563,
            4.8786773681640625
        ],
        [
            0.02171960659325123,
            7.457133769989014
        ],
        [
            0.04262884333729744,
            9.951011657714844
        ],
        [
            0.061709336936473846,
            12.606789588928223
        ],
        [
            0.05798045173287392,
            15.256556510925293
        ]
    ]
}