{
    "speed": 4.835618059252172,
    "steer": 0.0074433134868741035,
    "throttle": 0.75,
    "brake": 0.0,
    "wp_4": [
        0.07391178607940674,
        9.834110260009766
    ],
    "wp_3": [
        0.030767442658543587,
        7.40403938293457
    ],
    "wp_2": [
        0.00229465588927269,
        4.884615898132324
    ],
    "wp_1": [
        0.038573380559682846,
        2.3900561332702637
    ],
    "aim": [
        0.038573380559682846,
        2.3900561332702637
    ],
    "target": [
        -1.0699083596018362,
        11.30362865908286
    ],
    "desired_speed": 5.050705242156982,
    "angle": 0.010273563267044098,
    "angle_last": 0.006529860691969332,
    "angle_target": -0.06007819660605681,
    "angle_final": 0.010273563267044098,
    "delta": 0.21508718290481,
    "agent": "only_traj",
    "steer_traj": 0.007443313431887086,
    "throttle_traj": 0.75,
    "brake_traj": 0.0,
    "plan": [
        [
            0.038573380559682846,
            2.3900561332702637
        ],
        [
            0.00229465588927269,
            4.884615898132324
        ],
        [
            0.030767442658543587,
            7.40403938293457
        ],
        [
            0.07391178607940674,
            9.834110260009766
        ],
        [
            0.10536730289459229,
            12.413662910461426
        ],
        [
            0.13205747306346893,
            15.0156831741333
        ]
    ]
}