{
    "speed": 4.933010163727926,
    "steer": 0.01093202643096447,
    "throttle": 0.75,
    "brake": 0.0,
    "wp_4": [
        0.15087401866912842,
        10.460450172424316
    ],
    "wp_3": [
        0.07910202443599701,
        7.9352521896362305
    ],
    "wp_2": [
        0.04725152999162674,
        5.253513336181641
    ],
    "wp_1": [
        0.05627424642443657,
        2.583099842071533
    ],
    "aim": [
        0.05627424642443657,
        2.583099842071533
    ],
    "target": [
        -0.9615075522740392,
        10.599389681464809
    ],
    "desired_speed": 5.2927240371704105,
    "angle": 0.013866925789387806,
    "angle_last": 0.021001817287373905,
    "angle_target": -0.0575923672305833,
    "angle_final": 0.013866925789387806,
    "delta": 0.25,
    "agent": "only_traj",
    "steer_traj": 0.010932026072497582,
    "throttle_traj": 0.75,
    "brake_traj": 0.0,
    "plan": [
        [
            0.05627424642443657,
            2.583099842071533
        ],
        [
            0.04725152999162674,
            5.253513336181641
        ],
        [
            0.07910202443599701,
            7.9352521896362305
        ],
        [
            0.15087401866912842,
            10.460450172424316
        ],
        [
            0.19706766307353973,
            13.122579574584961
        ],
        [
            0.28581684827804565,
            15.811820983886719
        ]
    ]
}