{
    "speed": 5.074416772380239,
    "steer": 0.001803683117032051,
    "throttle": 0.0,
    "brake": 0.0,
    "wp_4": [
        0.11352954804897308,
        12.155403137207031
    ],
    "wp_3": [
        0.07121750712394714,
        9.090373992919922
    ],
    "wp_2": [
        0.036515407264232635,
        5.873800277709961
    ],
    "wp_1": [
        0.026092763990163803,
        2.805504322052002
    ],
    "aim": [
        0.026092763990163803,
        2.805504322052002
    ],
    "target": [
        -1.3080368624927652,
        11.17396623452858
    ],
    "desired_speed": 6.241515159606934,
    "angle": 0.00592075959998575,
    "angle_last": 0.016232903317880226,
    "angle_target": -0.07418578166207469,
    "angle_final": 0.00592075959998575,
    "delta": 0.25,
    "agent": "only_traj",
    "steer_traj": 0.0018036831524506419,
    "throttle_traj": 0.0,
    "brake_traj": 0.0,
    "plan": [
        [
            0.026092763990163803,
            2.805504322052002
        ],
        [
            0.036515407264232635,
            5.873800277709961
        ],
        [
            0.07121750712394714,
            9.090373992919922
        ],
        [
            0.11352954804897308,
            12.155403137207031
        ],
        [
            0.18994542956352234,
            15.359125137329102
        ],
        [
            0.26767605543136597,
            18.406892776489258
        ]
    ]
}