{
    "speed": 5.205272321902723,
    "steer": 0.004675936885178089,
    "throttle": 0.0,
    "brake": 0.0,
    "wp_4": [
        0.15705853700637817,
        12.284992218017578
    ],
    "wp_3": [
        0.0960773229598999,
        9.24178409576416
    ],
    "wp_2": [
        0.04430364817380905,
        6.025321006774902
    ],
    "wp_1": [
        0.027987655252218246,
        2.9081051349639893
    ],
    "aim": [
        0.027987655252218246,
        2.9081051349639893
    ],
    "target": [
        -1.8904105894251975,
        10.51050874112787
    ],
    "desired_speed": 6.263592720031738,
    "angle": 0.006126651857966245,
    "angle_last": 0.02533458573286688,
    "angle_target": -0.11329059587325586,
    "angle_final": 0.006126651857966245,
    "delta": 0.25,
    "agent": "only_traj",
    "steer_traj": 0.004675937069521637,
    "throttle_traj": 0.0,
    "brake_traj": 0.0,
    "plan": [
        [
            0.027987655252218246,
            2.9081051349639893
        ],
        [
            0.04430364817380905,
            6.025321006774902
        ],
        [
            0.0960773229598999,
            9.24178409576416
        ],
        [
            0.15705853700637817,
            12.284992218017578
        ],
        [
            0.261424720287323,
            15.475739479064941
        ],
        [
            0.3843035399913788,
            18.561864852905273
        ]
    ]
}