{
    "speed": 5.138508680008655,
    "steer": 0.030512792989611626,
    "throttle": 0.0,
    "brake": 0.0,
    "wp_4": [
        0.10079294443130493,
        9.583300590515137
    ],
    "wp_3": [
        0.07594537734985352,
        7.240454196929932
    ],
    "wp_2": [
        0.025190824642777443,
        4.8431549072265625
    ],
    "wp_1": [
        0.11477776616811752,
        2.4342408180236816
    ],
    "aim": [
        0.11477776616811752,
        2.4342408180236816
    ],
    "target": [
        -0.6237202135453646,
        9.859123713384523
    ],
    "desired_speed": 4.91701602935791,
    "angle": 0.029995279149511247,
    "angle_last": 0.002924886848036602,
    "angle_target": -0.04022103523950563,
    "angle_final": 0.029995279149511247,
    "delta": 0.0,
    "agent": "only_traj",
    "steer_traj": 0.03051279388666113,
    "throttle_traj": 0.0,
    "brake_traj": 0.0,
    "plan": [
        [
            0.11477776616811752,
            2.4342408180236816
        ],
        [
            0.025190824642777443,
            4.8431549072265625
        ],
        [
            0.07594537734985352,
            7.240454196929932
        ],
        [
            0.10079294443130493,
            9.583300590515137
        ],
        [
            0.07832953333854675,
            12.135441780090332
        ],
        [
            0.09022387862205505,
            14.724320411682129
        ]
    ]
}