{
    "speed": 4.9981050410665855,
    "steer": 0.018600430339574814,
    "throttle": 0.7330304980278015,
    "brake": 0.0,
    "wp_4": [
        0.17065799236297607,
        9.900951385498047
    ],
    "wp_3": [
        0.0779925286769867,
        7.4989423751831055
    ],
    "wp_2": [
        0.02741658128798008,
        4.980816841125488
    ],
    "wp_1": [
        0.096258744597435,
        2.4677603244781494
    ],
    "aim": [
        0.096258744597435,
        2.4677603244781494
    ],
    "target": [
        -1.7128733283796058,
        10.22164680244841
    ],
    "desired_speed": 5.101904106140136,
    "angle": 0.024819741251429474,
    "angle_last": 0.02570379540300146,
    "angle_target": -0.10569830546756961,
    "angle_final": 0.024819741251429474,
    "delta": 0.10379906507355052,
    "agent": "only_traj",
    "steer_traj": 0.01860043028701507,
    "throttle_traj": 0.7330304685410326,
    "brake_traj": 0.0,
    "plan": [
        [
            0.096258744597435,
            2.4677603244781494
        ],
        [
            0.02741658128798008,
            4.980816841125488
        ],
        [
            0.0779925286769867,
            7.4989423751831055
        ],
        [
            0.17065799236297607,
            9.900951385498047
        ],
        [
            0.23389798402786255,
            12.530729293823242
        ],
        [
            0.34238940477371216,
            15.21633243560791
        ]
    ]
}