{
    "speed": 4.869458199524632,
    "steer": 0.01629376783967018,
    "throttle": 0.0,
    "brake": 0.0,
    "wp_4": [
        0.11785559356212616,
        9.4805269241333
    ],
    "wp_3": [
        0.08609790354967117,
        7.174406051635742
    ],
    "wp_2": [
        0.030077606439590454,
        4.793065071105957
    ],
    "wp_1": [
        0.06435683369636536,
        2.3437912464141846
    ],
    "aim": [
        0.06435683369636536,
        2.3437912464141846
    ],
    "target": [
        -0.7487968870610229,
        9.654760303358561
    ],
    "desired_speed": 4.869372749328614,
    "angle": 0.017476225419794877,
    "angle_last": 0.004129125089700628,
    "angle_target": -0.0492758516611967,
    "angle_final": 0.017476225419794877,
    "delta": 0.0,
    "agent": "only_traj",
    "steer_traj": 0.01629376868259598,
    "throttle_traj": 0.0,
    "brake_traj": 0.0,
    "plan": [
        [
            0.06435683369636536,
            2.3437912464141846
        ],
        [
            0.030077606439590454,
            4.793065071105957
        ],
        [
            0.08609790354967117,
            7.174406051635742
        ],
        [
            0.11785559356212616,
            9.4805269241333
        ],
        [
            0.09506791830062866,
            11.986669540405273
        ],
        [
            0.11147311329841614,
            14.515949249267578
        ]
    ]
}