{
    "speed": 4.845837052096742,
    "steer": 0.014628907665610313,
    "throttle": 0.6010597348213196,
    "brake": 0.0,
    "wp_4": [
        0.1357116848230362,
        9.634721755981445
    ],
    "wp_3": [
        0.08943235874176025,
        7.295453071594238
    ],
    "wp_2": [
        0.025250013917684555,
        4.877457618713379
    ],
    "wp_1": [
        0.060638125985860825,
        2.3858561515808105
    ],
    "aim": [
        0.060638125985860825,
        2.3858561515808105
    ],
    "target": [
        -0.7061960724528766,
        9.152067311126716
    ],
    "desired_speed": 4.928593349456787,
    "angle": 0.016176668093713785,
    "angle_last": 0.010284339787734563,
    "angle_target": -0.04902600380799284,
    "angle_final": 0.016176668093713785,
    "delta": 0.08275629736004486,
    "agent": "only_traj",
    "steer_traj": 0.01462890722649322,
    "throttle_traj": 0.6010597541908463,
    "brake_traj": 0.0,
    "plan": [
        [
            0.060638125985860825,
            2.3858561515808105
        ],
        [
            0.025250013917684555,
            4.877457618713379
        ],
        [
            0.08943235874176025,
            7.295453071594238
        ],
        [
            0.1357116848230362,
            9.634721755981445
        ],
        [
            0.13838247954845428,
            12.153938293457031
        ],
        [
            0.17960470914840698,
            14.7054443359375
        ]
    ]
}