{
    "speed": 4.788311500704674,
    "steer": 0.013587646186351776,
    "throttle": 0.23881398141384125,
    "brake": 0.0,
    "wp_4": [
        0.11327657103538513,
        9.351967811584473
    ],
    "wp_3": [
        0.06974594295024872,
        7.066220283508301
    ],
    "wp_2": [
        0.005554180592298508,
        4.7128801345825195
    ],
    "wp_1": [
        0.05215446278452873,
        2.3008368015289307
    ],
    "aim": [
        0.05215446278452873,
        2.3008368015289307
    ],
    "target": [
        -0.9228382140851654,
        9.683277223718129
    ],
    "desired_speed": 4.8249307632446286,
    "angle": 0.01442813966619052,
    "angle_last": 0.0043873821313178876,
    "angle_target": -0.060488615492100536,
    "angle_final": 0.01442813966619052,
    "delta": 0.03661926253995418,
    "agent": "only_traj",
    "steer_traj": 0.013587646310480853,
    "throttle_traj": 0.23881398869200676,
    "brake_traj": 0.0,
    "plan": [
        [
            0.05215446278452873,
            2.3008368015289307
        ],
        [
            0.005554180592298508,
            4.7128801345825195
        ],
        [
            0.06974594295024872,
            7.066220283508301
        ],
        [
            0.11327657103538513,
            9.351967811584473
        ],
        [
            0.10585453361272812,
            11.83979320526123
        ],
        [
            0.12323255836963654,
            14.361352920532227
        ]
    ]
}