{
    "speed": 4.729947407910396,
    "steer": 0.01832553744316101,
    "throttle": 0.75,
    "brake": 0.0,
    "wp_4": [
        0.13786163926124573,
        10.379932403564453
    ],
    "wp_3": [
        0.08008769899606705,
        7.95072603225708
    ],
    "wp_2": [
        0.07206833362579346,
        5.33967399597168
    ],
    "wp_1": [
        0.07466346025466919,
        2.651437282562256
    ],
    "aim": [
        0.07466346025466919,
        2.651437282562256
    ],
    "target": [
        -0.9292342237192226,
        7.654639321752495
    ],
    "desired_speed": 5.187030029296874,
    "angle": 0.01792223677259671,
    "angle_last": 0.012507414580592159,
    "angle_target": -0.07690608965268543,
    "angle_final": 0.01792223677259671,
    "delta": 0.25,
    "agent": "only_traj",
    "steer_traj": 0.01832553651726321,
    "throttle_traj": 0.75,
    "brake_traj": 0.0,
    "plan": [
        [
            0.07466346025466919,
            2.651437282562256
        ],
        [
            0.07206833362579346,
            5.33967399597168
        ],
        [
            0.08008769899606705,
            7.95072603225708
        ],
        [
            0.13786163926124573,
            10.379932403564453
        ],
        [
            0.13423700630664825,
            12.973383903503418
        ],
        [
            0.18619735538959503,
            15.617798805236816
        ]
    ]
}