{
    "speed": 4.676053637939945,
    "steer": 0.014985417947173119,
    "throttle": 0.75,
    "brake": 0.0,
    "wp_4": [
        0.13815784454345703,
        9.635965347290039
    ],
    "wp_3": [
        0.07975450158119202,
        7.273784160614014
    ],
    "wp_2": [
        0.01866721734404564,
        4.8225202560424805
    ],
    "wp_1": [
        0.0568276010453701,
        2.3465564250946045
    ],
    "aim": [
        0.0568276010453701,
        2.3465564250946045
    ],
    "target": [
        -1.290894313539764,
        8.43567899532262
    ],
    "desired_speed": 4.968753337860107,
    "angle": 0.015414267200358807,
    "angle_last": 0.013436851544649337,
    "angle_target": -0.09667065124950747,
    "angle_final": 0.015414267200358807,
    "delta": 0.25,
    "agent": "only_traj",
    "steer_traj": 0.014985417487958496,
    "throttle_traj": 0.75,
    "brake_traj": 0.0,
    "plan": [
        [
            0.0568276010453701,
            2.3465564250946045
        ],
        [
            0.01866721734404564,
            4.8225202560424805
        ],
        [
            0.07975450158119202,
            7.273784160614014
        ],
        [
            0.13815784454345703,
            9.635965347290039
        ],
        [
            0.1593121439218521,
            12.188631057739258
        ],
        [
            0.21371975541114807,
            14.766000747680664
        ]
    ]
}