{
    "speed": 4.690325592999796,
    "steer": 0.01626303233206272,
    "throttle": 0.75,
    "brake": 0.0,
    "wp_4": [
        0.12695395946502686,
        9.561516761779785
    ],
    "wp_3": [
        0.0644756555557251,
        7.226272106170654
    ],
    "wp_2": [
        0.008341934531927109,
        4.821550369262695
    ],
    "wp_1": [
        0.05680909380316734,
        2.338273048400879
    ],
    "aim": [
        0.05680909380316734,
        2.338273048400879
    ],
    "target": [
        -0.6939799827393601,
        7.870102204106352
    ],
    "desired_speed": 4.923808956146241,
    "angle": 0.01546382401733679,
    "angle_last": 0.012189203656260342,
    "angle_target": -0.05599185267441767,
    "angle_final": 0.01546382401733679,
    "delta": 0.23348336314644502,
    "agent": "only_traj",
    "steer_traj": 0.016263031408374852,
    "throttle_traj": 0.75,
    "brake_traj": 0.0,
    "plan": [
        [
            0.05680909380316734,
            2.338273048400879
        ],
        [
            0.008341934531927109,
            4.821550369262695
        ],
        [
            0.0644756555557251,
            7.226272106170654
        ],
        [
            0.12695395946502686,
            9.561516761779785
        ],
        [
            0.13948583602905273,
            12.089239120483398
        ],
        [
            0.18843285739421844,
            14.645332336425781
        ]
    ]
}