{
    "speed": 4.783414858477801,
    "steer": 0.011459585279226303,
    "throttle": 0.75,
    "brake": 0.0,
    "wp_4": [
        0.11829084903001785,
        10.311857223510742
    ],
    "wp_3": [
        0.07609966397285461,
        7.760917663574219
    ],
    "wp_2": [
        0.021675998345017433,
        5.104494571685791
    ],
    "wp_1": [
        0.040873464196920395,
        2.4499528408050537
    ],
    "aim": [
        0.040873464196920395,
        2.4499528408050537
    ],
    "target": [
        -0.8142031364472246,
        8.103021103524128
    ],
    "desired_speed": 5.281701755523681,
    "angle": 0.0106200056399453,
    "angle_last": 0.01261388964065358,
    "angle_target": -0.06375447281488128,
    "angle_final": 0.0106200056399453,
    "delta": 0.25,
    "agent": "only_traj",
    "steer_traj": 0.011459585615121136,
    "throttle_traj": 0.75,
    "brake_traj": 0.0,
    "plan": [
        [
            0.040873464196920395,
            2.4499528408050537
        ],
        [
            0.021675998345017433,
            5.104494571685791
        ],
        [
            0.07609966397285461,
            7.760917663574219
        ],
        [
            0.11829084903001785,
            10.311857223510742
        ],
        [
            0.16105227172374725,
            12.999015808105469
        ],
        [
            0.21363221108913422,
            15.65237045288086
        ]
    ]
}