{
    "speed": 5.240304617553875,
    "steer": 0.005043438170105219,
    "throttle": 0.0,
    "brake": 0.0,
    "wp_4": [
        -0.027682630345225334,
        12.108495712280273
    ],
    "wp_3": [
        0.0011384785175323486,
        9.069878578186035
    ],
    "wp_2": [
        -0.011831378564238548,
        5.874580383300781
    ],
    "wp_1": [
        -0.0011874176561832428,
        2.7966089248657227
    ],
    "aim": [
        -0.0011874176561832428,
        2.7966089248657227
    ],
    "target": [
        -1.3106488893108112,
        7.660172216115321
    ],
    "desired_speed": 6.218163108825683,
    "angle": -0.000270275645695363,
    "angle_last": 0.0023184419407302477,
    "angle_target": -0.10788046059465262,
    "angle_final": -0.000270275645695363,
    "delta": 0.25,
    "agent": "only_traj",
    "steer_traj": 0.005043438243726327,
    "throttle_traj": 0.0,
    "brake_traj": 0.0,
    "plan": [
        [
            -0.0011874176561832428,
            2.7966089248657227
        ],
        [
            -0.011831378564238548,
            5.874580383300781
        ],
        [
            0.0011384785175323486,
            9.069878578186035
        ],
        [
            -0.027682630345225334,
            12.108495712280273
        ],
        [
            -0.0016719643026590347,
            15.2954740524292
        ],
        [
            0.00942203588783741,
            18.34170913696289
        ]
    ]
}