{
    "speed": 5.144069716254557,
    "steer": 0.008658226579427719,
    "throttle": 0.0,
    "brake": 0.0,
    "wp_4": [
        0.049797944724559784,
        11.022340774536133
    ],
    "wp_3": [
        0.03653952479362488,
        8.248096466064453
    ],
    "wp_2": [
        0.007762754335999489,
        5.3559393882751465
    ],
    "wp_1": [
        0.012607034295797348,
        2.546682119369507
    ],
    "aim": [
        0.012607034295797348,
        2.546682119369507
    ],
    "target": [
        -1.1720213704237472,
        7.368132790782707
    ],
    "desired_speed": 5.733631610870362,
    "angle": 0.0031514973464994694,
    "angle_last": 0.006665781456452586,
    "angle_target": -0.10042339674511691,
    "angle_final": 0.0031514973464994694,
    "delta": 0.25,
    "agent": "only_traj",
    "steer_traj": 0.008658226215722719,
    "throttle_traj": 0.0,
    "brake_traj": 0.0,
    "plan": [
        [
            0.012607034295797348,
            2.546682119369507
        ],
        [
            0.007762754335999489,
            5.3559393882751465
        ],
        [
            0.03653952479362488,
            8.248096466064453
        ],
        [
            0.049797944724559784,
            11.022340774536133
        ],
        [
            0.10751719772815704,
            13.97054386138916
        ],
        [
            0.13798043131828308,
            16.879858016967773
        ]
    ]
}