{
    "speed": 5.0542055908361645,
    "steer": 0.010561631992459297,
    "throttle": 0.0,
    "brake": 0.0,
    "wp_4": [
        0.05651969462633133,
        10.312318801879883
    ],
    "wp_3": [
        0.034530699253082275,
        7.743911266326904
    ],
    "wp_2": [
        -0.004843270406126976,
        5.077116012573242
    ],
    "wp_1": [
        0.02264588698744774,
        2.4335076808929443
    ],
    "aim": [
        0.02264588698744774,
        2.4335076808929443
    ],
    "target": [
        -1.3365521201889656,
        7.2573011819096225
    ],
    "desired_speed": 5.342208671569824,
    "angle": 0.005924098803579979,
    "angle_last": 0.004133450876174969,
    "angle_target": -0.11594487070423648,
    "angle_final": 0.005924098803579979,
    "delta": 0.25,
    "agent": "only_traj",
    "steer_traj": 0.010561632028588178,
    "throttle_traj": 0.0,
    "brake_traj": 0.0,
    "plan": [
        [
            0.02264588698744774,
            2.4335076808929443
        ],
        [
            -0.004843270406126976,
            5.077116012573242
        ],
        [
            0.034530699253082275,
            7.743911266326904
        ],
        [
            0.05651969462633133,
            10.312318801879883
        ],
        [
            0.08443541824817657,
            13.062297821044922
        ],
        [
            0.10213500261306763,
            15.788302421569824
        ]
    ]
}