{
    "speed": 4.8109093627405475,
    "steer": 0.009779334999620914,
    "throttle": 0.75,
    "brake": 0.0,
    "wp_4": [
        0.04913819208741188,
        10.131095886230469
    ],
    "wp_3": [
        0.026474924758076668,
        7.6283488273620605
    ],
    "wp_2": [
        -0.0037677325308322906,
        5.0146803855896
    ],
    "wp_1": [
        0.02771758660674095,
        2.420677900314331
    ],
    "aim": [
        0.02771758660674095,
        2.420677900314331
    ],
    "target": [
        -1.1393407563543414,
        6.430512794707879
    ],
    "desired_speed": 5.215538120269775,
    "angle": 0.007289225945693193,
    "angle_last": -0.000952459761798081,
    "angle_target": -0.11163602836712493,
    "angle_final": 0.007289225945693193,
    "delta": 0.25,
    "agent": "only_traj",
    "steer_traj": 0.009779334889044687,
    "throttle_traj": 0.75,
    "brake_traj": 0.0,
    "plan": [
        [
            0.02771758660674095,
            2.420677900314331
        ],
        [
            -0.0037677325308322906,
            5.0146803855896
        ],
        [
            0.026474924758076668,
            7.6283488273620605
        ],
        [
            0.04913819208741188,
            10.131095886230469
        ],
        [
            0.05548558384180069,
            12.805113792419434
        ],
        [
            0.05151491239666939,
            15.459044456481934
        ]
    ]
}