{
    "speed": 4.733997707847999,
    "steer": 0.005898838397115469,
    "throttle": 0.75,
    "brake": 0.0,
    "wp_4": [
        0.04115507751703262,
        12.148555755615234
    ],
    "wp_3": [
        0.03935137391090393,
        9.010150909423828
    ],
    "wp_2": [
        0.009454453364014626,
        5.756880760192871
    ],
    "wp_1": [
        0.007184173911809921,
        2.7076878547668457
    ],
    "aim": [
        0.007184173911809921,
        2.7076878547668457
    ],
    "target": [
        -1.753445690802916,
        5.710745229369984
    ],
    "desired_speed": 6.366636943817139,
    "angle": 0.0016890779542089614,
    "angle_last": 0.0066439248511085455,
    "angle_target": -0.18965277796530416,
    "angle_final": 0.0016890779542089614,
    "delta": 0.25,
    "agent": "only_traj",
    "steer_traj": 0.005898838328774031,
    "throttle_traj": 0.75,
    "brake_traj": 0.0,
    "plan": [
        [
            0.007184173911809921,
            2.7076878547668457
        ],
        [
            0.009454453364014626,
            5.756880760192871
        ],
        [
            0.03935137391090393,
            9.010150909423828
        ],
        [
            0.04115507751703262,
            12.148555755615234
        ],
        [
            0.09052594006061554,
            15.475085258483887
        ],
        [
            0.12338604032993317,
            18.62360382080078
        ]
    ]
}