{
    "speed": 4.8254353101218035,
    "steer": 0.008659428916871548,
    "throttle": 0.75,
    "brake": 0.0,
    "wp_4": [
        0.09554081410169601,
        12.596383094787598
    ],
    "wp_3": [
        0.08258947730064392,
        9.272953033447266
    ],
    "wp_2": [
        0.042247675359249115,
        5.875661849975586
    ],
    "wp_1": [
        0.014627393335103989,
        2.726447582244873
    ],
    "aim": [
        0.014627393335103989,
        2.726447582244873
    ],
    "target": [
        -0.7830091064970408,
        6.043572703969606
    ],
    "desired_speed": 6.672375679016113,
    "angle": 0.003415446212425073,
    "angle_last": 0.008973019358082892,
    "angle_target": -0.08202394717486508,
    "angle_final": 0.003415446212425073,
    "delta": 0.25,
    "agent": "only_traj",
    "steer_traj": 0.008659428613607857,
    "throttle_traj": 0.75,
    "brake_traj": 0.0,
    "plan": [
        [
            0.014627393335103989,
            2.726447582244873
        ],
        [
            0.042247675359249115,
            5.875661849975586
        ],
        [
            0.08258947730064392,
            9.272953033447266
        ],
        [
            0.09554081410169601,
            12.596383094787598
        ],
        [
            0.16323715448379517,
            16.108869552612305
        ],
        [
            0.20971281826496124,
            19.406021118164062
        ]
    ]
}