{
    "speed": 5.128248608328838,
    "steer": 0.007837777957320213,
    "throttle": 0.0,
    "brake": 0.0,
    "wp_4": [
        0.053260982036590576,
        13.647513389587402
    ],
    "wp_3": [
        0.06456649303436279,
        10.050536155700684
    ],
    "wp_2": [
        0.032065145671367645,
        6.406270980834961
    ],
    "wp_1": [
        0.011982318013906479,
        2.9968738555908203
    ],
    "aim": [
        0.011982318013906479,
        2.9968738555908203
    ],
    "target": [
        -0.9438432135292725,
        5.9801028013355335
    ],
    "desired_speed": 7.137230300903321,
    "angle": 0.0025453560031562265,
    "angle_last": 0.005313707564753173,
    "angle_target": -0.0996560133169837,
    "angle_final": 0.0025453560031562265,
    "delta": 0.25,
    "agent": "only_traj",
    "steer_traj": 0.007837778200796479,
    "throttle_traj": 0.0,
    "brake_traj": 0.0,
    "plan": [
        [
            0.011982318013906479,
            2.9968738555908203
        ],
        [
            0.032065145671367645,
            6.406270980834961
        ],
        [
            0.06456649303436279,
            10.050536155700684
        ],
        [
            0.053260982036590576,
            13.647513389587402
        ],
        [
            0.0999421775341034,
            17.36248016357422
        ],
        [
            0.12896305322647095,
            20.839313507080078
        ]
    ]
}