{
    "speed": 5.131142186482836,
    "steer": 0.006167846731841564,
    "throttle": 0.0,
    "brake": 0.0,
    "wp_4": [
        0.0516987070441246,
        15.18818187713623
    ],
    "wp_3": [
        0.03167632222175598,
        11.30882453918457
    ],
    "wp_2": [
        0.02333163656294346,
        7.374611854553223
    ],
    "wp_1": [
        0.0071487389504909515,
        3.5571060180664062
    ],
    "aim": [
        0.0071487389504909515,
        3.5571060180664062
    ],
    "target": [
        4.032348021877491,
        54.877936983606226
    ],
    "desired_speed": 7.734913921356201,
    "angle": 0.0012794183859897524,
    "angle_last": 0.0049980010431170275,
    "angle_target": 0.04669394621238721,
    "angle_final": 0.0012794183859897524,
    "delta": 0.25,
    "agent": "only_traj",
    "steer_traj": 0.006167846752191061,
    "throttle_traj": 0.0,
    "brake_traj": 0.0,
    "plan": [
        [
            0.0071487389504909515,
            3.5571060180664062
        ],
        [
            0.02333163656294346,
            7.374611854553223
        ],
        [
            0.03167632222175598,
            11.30882453918457
        ],
        [
            0.0516987070441246,
            15.18818187713623
        ],
        [
            0.08130478858947754,
            19.111305236816406
        ],
        [
            0.11100342869758606,
            22.894067764282227
        ]
    ]
}