{
    "speed": 4.999790474651385,
    "steer": 0.005841349251568317,
    "throttle": 0.75,
    "brake": 0.0,
    "wp_4": [
        0.09231323003768921,
        14.133331298828125
    ],
    "wp_3": [
        0.06141859292984009,
        10.40588665008545
    ],
    "wp_2": [
        0.024190152063965797,
        6.680890083312988
    ],
    "wp_1": [
        0.0006712935864925385,
        3.13716197013855
    ],
    "aim": [
        0.0006712935864925385,
        3.13716197013855
    ],
    "target": [
        4.042536843962721,
        55.234794686817054
    ],
    "desired_speed": 7.429553890228272,
    "angle": 0.00013619650091117356,
    "angle_last": 0.007993646122093842,
    "angle_target": 0.046510148322030875,
    "angle_final": 0.00013619650091117356,
    "delta": 0.25,
    "agent": "only_traj",
    "steer_traj": 0.00584134948030368,
    "throttle_traj": 0.75,
    "brake_traj": 0.0,
    "plan": [
        [
            0.0006712935864925385,
            3.13716197013855
        ],
        [
            0.024190152063965797,
            6.680890083312988
        ],
        [
            0.06141859292984009,
            10.40588665008545
        ],
        [
            0.09231323003768921,
            14.133331298828125
        ],
        [
            0.14193317294120789,
            17.993900299072266
        ],
        [
            0.18859712779521942,
            21.71004295349121
        ]
    ]
}