{
    "speed": 4.952424298468316,
    "steer": 0.004516671411693096,
    "throttle": 0.75,
    "brake": 0.0,
    "wp_4": [
        -0.011916285380721092,
        13.706783294677734
    ],
    "wp_3": [
        -0.007166236639022827,
        9.981027603149414
    ],
    "wp_2": [
        0.0029252711683511734,
        6.252260208129883
    ],
    "wp_1": [
        -0.0029795803129673004,
        2.8357903957366943
    ],
    "aim": [
        -0.0029795803129673004,
        2.8357903957366943
    ],
    "target": [
        3.478924906231427,
        55.952823428944505
    ],
    "desired_speed": 7.4150348663330075,
    "angle": -0.000668855129260996,
    "angle_last": 0.004372052151180748,
    "angle_target": 0.03953160669840472,
    "angle_final": -0.000668855129260996,
    "delta": 0.25,
    "agent": "only_traj",
    "steer_traj": 0.00451667128763771,
    "throttle_traj": 0.75,
    "brake_traj": 0.0,
    "plan": [
        [
            -0.0029795803129673004,
            2.8357903957366943
        ],
        [
            0.0029252711683511734,
            6.252260208129883
        ],
        [
            -0.007166236639022827,
            9.981027603149414
        ],
        [
            -0.011916285380721092,
            13.706783294677734
        ],
        [
            0.04224282503128052,
            17.637392044067383
        ],
        [
            0.06789737939834595,
            21.372894287109375
        ]
    ]
}