{
    "speed": 4.9093332871856346,
    "steer": 0.003925458528101444,
    "throttle": 0.75,
    "brake": 0.0,
    "wp_4": [
        0.008787991479039192,
        13.290468215942383
    ],
    "wp_3": [
        0.013131588697433472,
        9.68307876586914
    ],
    "wp_2": [
        0.011963451281189919,
        6.067287445068359
    ],
    "wp_1": [
        -0.005279514938592911,
        2.7588858604431152
    ],
    "aim": [
        -0.005279514938592911,
        2.7588858604431152
    ],
    "target": [
        3.4472637352553153,
        55.494131633901496
    ],
    "desired_speed": 7.1619462966918945,
    "angle": -0.001218230011502355,
    "angle_last": 0.002221984491451512,
    "angle_target": 0.039495706204571275,
    "angle_final": -0.001218230011502355,
    "delta": 0.25,
    "agent": "only_traj",
    "steer_traj": 0.003925458650817869,
    "throttle_traj": 0.75,
    "brake_traj": 0.0,
    "plan": [
        [
            -0.005279514938592911,
            2.7588858604431152
        ],
        [
            0.011963451281189919,
            6.067287445068359
        ],
        [
            0.013131588697433472,
            9.68307876586914
        ],
        [
            0.008787991479039192,
            13.290468215942383
        ],
        [
            0.06332025676965714,
            17.083585739135742
        ],
        [
            0.07581454515457153,
            20.66329002380371
        ]
    ]
}