{
    "speed": 4.941691247970719,
    "steer": 0.005283270496875048,
    "throttle": 0.75,
    "brake": 0.0,
    "wp_4": [
        0.032612577080726624,
        14.605537414550781
    ],
    "wp_3": [
        0.013872474431991577,
        10.763782501220703
    ],
    "wp_2": [
        0.00511404313147068,
        6.91640567779541
    ],
    "wp_1": [
        -0.0003277994692325592,
        3.248162269592285
    ],
    "aim": [
        -0.0003277994692325592,
        3.248162269592285
    ],
    "target": [
        3.1858953310398572,
        53.89021529509848
    ],
    "desired_speed": 7.642237567901612,
    "angle": -6.42316057333117e-05,
    "angle_last": 0.007418620084969547,
    "angle_target": 0.03759209452088752,
    "angle_final": -6.42316057333117e-05,
    "delta": 0.25,
    "agent": "only_traj",
    "steer_traj": 0.005283270375738786,
    "throttle_traj": 0.75,
    "brake_traj": 0.0,
    "plan": [
        [
            -0.0003277994692325592,
            3.248162269592285
        ],
        [
            0.00511404313147068,
            6.91640567779541
        ],
        [
            0.013872474431991577,
            10.763782501220703
        ],
        [
            0.032612577080726624,
            14.605537414550781
        ],
        [
            0.08725272119045258,
            18.560710906982422
        ],
        [
            0.1314474493265152,
            22.35306167602539
        ]
    ]
}