{
    "speed": 5.045659817210491,
    "steer": 0.005446252878755331,
    "throttle": 0.0,
    "brake": 0.0,
    "wp_4": [
        0.014050321653485298,
        14.106841087341309
    ],
    "wp_3": [
        0.009587228298187256,
        10.297843933105469
    ],
    "wp_2": [
        0.0031614545732736588,
        6.491045951843262
    ],
    "wp_1": [
        0.0019156597554683685,
        2.959036350250244
    ],
    "aim": [
        0.0019156597554683685,
        2.959036350250244
    ],
    "target": [
        4.074390682582589,
        54.94697519465246
    ],
    "desired_speed": 7.565895938873291,
    "angle": 0.0004121361433796887,
    "angle_last": 0.007707461195870308,
    "angle_target": 0.04711996030242142,
    "angle_final": 0.0004121361433796887,
    "delta": 0.25,
    "agent": "only_traj",
    "steer_traj": 0.005446252918896061,
    "throttle_traj": 0.0,
    "brake_traj": 0.0,
    "plan": [
        [
            0.0019156597554683685,
            2.959036350250244
        ],
        [
            0.0031614545732736588,
            6.491045951843262
        ],
        [
            0.009587228298187256,
            10.297843933105469
        ],
        [
            0.014050321653485298,
            14.106841087341309
        ],
        [
            0.07620783895254135,
            18.095266342163086
        ],
        [
            0.12194639444351196,
            21.87300682067871
        ]
    ]
}