{
    "speed": 5.161910843675985,
    "steer": 0.004382018465548754,
    "throttle": 0.0,
    "brake": 0.0,
    "wp_4": [
        0.034119851887226105,
        14.26656436920166
    ],
    "wp_3": [
        0.019601881504058838,
        10.511494636535645
    ],
    "wp_2": [
        0.00807722844183445,
        6.722674369812012
    ],
    "wp_1": [
        -0.002584848552942276,
        3.1524863243103027
    ],
    "aim": [
        -0.002584848552942276,
        3.1524863243103027
    ],
    "target": [
        3.922958814474067,
        54.1579067553358
    ],
    "desired_speed": 7.440486717224121,
    "angle": -0.0005220060621057218,
    "angle_last": 0.005211482400175315,
    "angle_target": 0.046033516790835845,
    "angle_final": -0.0005220060621057218,
    "delta": 0.25,
    "agent": "only_traj",
    "steer_traj": 0.00438201837701914,
    "throttle_traj": 0.0,
    "brake_traj": 0.0,
    "plan": [
        [
            -0.002584848552942276,
            3.1524863243103027
        ],
        [
            0.00807722844183445,
            6.722674369812012
        ],
        [
            0.019601881504058838,
            10.511494636535645
        ],
        [
            0.034119851887226105,
            14.26656436920166
        ],
        [
            0.08971919119358063,
            18.11705780029297
        ],
        [
            0.11948548257350922,
            21.75311851501465
        ]
    ]
}