{
    "speed": 4.97102005454392,
    "steer": 0.0012318355729803443,
    "throttle": 0.75,
    "brake": 0.0,
    "wp_4": [
        0.007276700809597969,
        11.902441024780273
    ],
    "wp_3": [
        -0.010212153196334839,
        8.738959312438965
    ],
    "wp_2": [
        -0.0112347062677145,
        5.504884719848633
    ],
    "wp_1": [
        -0.017204973846673965,
        2.531874179840088
    ],
    "aim": [
        -0.017204973846673965,
        2.531874179840088
    ],
    "target": [
        3.7969077891358043,
        53.62956297040654
    ],
    "desired_speed": 6.40333127975464,
    "angle": -0.004325966083858156,
    "angle_last": 0.0006314611067278759,
    "angle_target": 0.044996823615108164,
    "angle_final": -0.004325966083858156,
    "delta": 0.25,
    "agent": "only_traj",
    "steer_traj": 0.0012318355248838646,
    "throttle_traj": 0.75,
    "brake_traj": 0.0,
    "plan": [
        [
            -0.017204973846673965,
            2.531874179840088
        ],
        [
            -0.0112347062677145,
            5.504884719848633
        ],
        [
            -0.010212153196334839,
            8.738959312438965
        ],
        [
            0.007276700809597969,
            11.902441024780273
        ],
        [
            0.06491177529096603,
            15.299553871154785
        ],
        [
            0.06812581419944763,
            18.539657592773438
        ]
    ]
}