{
    "speed": 4.877689611273628,
    "steer": 0.0018022871809080243,
    "throttle": 0.75,
    "brake": 0.0,
    "wp_4": [
        -0.01677027903497219,
        12.189600944519043
    ],
    "wp_3": [
        -0.024308383464813232,
        8.941587448120117
    ],
    "wp_2": [
        -0.00907275639474392,
        5.615772724151611
    ],
    "wp_1": [
        -0.016407106071710587,
        2.5761263370513916
    ],
    "aim": [
        -0.016407106071710587,
        2.5761263370513916
    ],
    "target": [
        3.73536996034143,
        53.81909052070949
    ],
    "desired_speed": 6.57435941696167,
    "angle": -0.004054504009845539,
    "angle_last": -0.0020685885631689426,
    "angle_target": 0.04411451216147413,
    "angle_final": -0.004054504009845539,
    "delta": 0.25,
    "agent": "only_traj",
    "steer_traj": 0.0018022872325390194,
    "throttle_traj": 0.75,
    "brake_traj": 0.0,
    "plan": [
        [
            -0.016407106071710587,
            2.5761263370513916
        ],
        [
            -0.00907275639474392,
            5.615772724151611
        ],
        [
            -0.024308383464813232,
            8.941587448120117
        ],
        [
            -0.01677027903497219,
            12.189600944519043
        ],
        [
            0.028332887217402458,
            15.681083679199219
        ],
        [
            0.01751049794256687,
            19.01166343688965
        ]
    ]
}