{
    "speed": 4.809637576872897,
    "steer": 0.004914047196507454,
    "throttle": 0.75,
    "brake": 0.0,
    "wp_4": [
        0.013553621247410774,
        12.755868911743164
    ],
    "wp_3": [
        -0.00036147236824035645,
        9.38953971862793
    ],
    "wp_2": [
        0.007835442200303078,
        5.9273529052734375
    ],
    "wp_1": [
        -0.0041479505598545074,
        2.7495968341827393
    ],
    "aim": [
        -0.0041479505598545074,
        2.7495968341827393
    ],
    "target": [
        3.5235022027027454,
        53.17502183368456
    ],
    "desired_speed": 6.780694103240966,
    "angle": -0.0009603524248389847,
    "angle_last": 0.0016620607614920224,
    "angle_target": 0.042122348855622126,
    "angle_final": -0.0009603524248389847,
    "delta": 0.25,
    "agent": "only_traj",
    "steer_traj": 0.004914047424680821,
    "throttle_traj": 0.75,
    "brake_traj": 0.0,
    "plan": [
        [
            -0.0041479505598545074,
            2.7495968341827393
        ],
        [
            0.007835442200303078,
            5.9273529052734375
        ],
        [
            -0.00036147236824035645,
            9.38953971862793
        ],
        [
            0.013553621247410774,
            12.755868911743164
        ],
        [
            0.06834644824266434,
            16.331642150878906
        ],
        [
            0.07714250683784485,
            19.70083999633789
        ]
    ]
}