{
    "speed": 4.828019932086223,
    "steer": 0.0039166961796581745,
    "throttle": 0.75,
    "brake": 0.0,
    "wp_4": [
        0.006405854597687721,
        12.395101547241211
    ],
    "wp_3": [
        -0.004374086856842041,
        9.149910926818848
    ],
    "wp_2": [
        -0.0028411205857992172,
        5.784770965576172
    ],
    "wp_1": [
        -0.004265580326318741,
        2.693005323410034
    ],
    "aim": [
        -0.004265580326318741,
        2.693005323410034
    ],
    "target": [
        3.864799586617461,
        53.96323716359407
    ],
    "desired_speed": 6.56630916595459,
    "angle": -0.0010083155310106296,
    "angle_last": 0.003078186649407999,
    "angle_target": 0.04551643191640126,
    "angle_final": -0.0010083155310106296,
    "delta": 0.25,
    "agent": "only_traj",
    "steer_traj": 0.0039166960872951745,
    "throttle_traj": 0.75,
    "brake_traj": 0.0,
    "plan": [
        [
            -0.004265580326318741,
            2.693005323410034
        ],
        [
            -0.0028411205857992172,
            5.784770965576172
        ],
        [
            -0.004374086856842041,
            9.149910926818848
        ],
        [
            0.006405854597687721,
            12.395101547241211
        ],
        [
            0.05464586615562439,
            15.85107421875
        ],
        [
            0.07039587199687958,
            19.10838508605957
        ]
    ]
}