{
    "speed": 4.924933053551688,
    "steer": 0.005548745393753052,
    "throttle": 0.75,
    "brake": 0.0,
    "wp_4": [
        0.016167910769581795,
        13.898378372192383
    ],
    "wp_3": [
        0.008128106594085693,
        10.284978866577148
    ],
    "wp_2": [
        0.016729170456528664,
        6.579105377197266
    ],
    "wp_1": [
        0.0032116733491420746,
        3.109884262084961
    ],
    "aim": [
        0.0032116733491420746,
        3.109884262084961
    ],
    "target": [
        3.1871698138404385,
        52.55580576247505
    ],
    "desired_speed": 7.216341018676758,
    "angle": 0.0006574917165647024,
    "angle_last": 0.0032494726155937632,
    "angle_target": 0.038559649842208235,
    "angle_final": 0.0006574917165647024,
    "delta": 0.25,
    "agent": "only_traj",
    "steer_traj": 0.005548745599216411,
    "throttle_traj": 0.75,
    "brake_traj": 0.0,
    "plan": [
        [
            0.0032116733491420746,
            3.109884262084961
        ],
        [
            0.016729170456528664,
            6.579105377197266
        ],
        [
            0.008128106594085693,
            10.284978866577148
        ],
        [
            0.016167910769581795,
            13.898378372192383
        ],
        [
            0.0708039179444313,
            17.627796173095703
        ],
        [
            0.08878371119499207,
            21.150245666503906
        ]
    ]
}