{
    "speed": 5.066055019498037,
    "steer": 0.0032582927960902452,
    "throttle": 0.0,
    "brake": 0.0,
    "wp_4": [
        0.03587497025728226,
        12.215278625488281
    ],
    "wp_3": [
        0.01913657784461975,
        9.116199493408203
    ],
    "wp_2": [
        -0.008186673745512962,
        5.861691951751709
    ],
    "wp_1": [
        -0.003727708011865616,
        2.7940056324005127
    ],
    "aim": [
        -0.003727708011865616,
        2.7940056324005127
    ],
    "target": [
        3.822495868018274,
        52.47984750949887
    ],
    "desired_speed": 6.260500907897949,
    "angle": -0.0008493239053308885,
    "angle_last": 0.008126000010010534,
    "angle_target": 0.04628799016810562,
    "angle_final": -0.0008493239053308885,
    "delta": 0.25,
    "agent": "only_traj",
    "steer_traj": 0.0032582928874714096,
    "throttle_traj": 0.0,
    "brake_traj": 0.0,
    "plan": [
        [
            -0.003727708011865616,
            2.7940056324005127
        ],
        [
            -0.008186673745512962,
            5.861691951751709
        ],
        [
            0.01913657784461975,
            9.116199493408203
        ],
        [
            0.03587497025728226,
            12.215278625488281
        ],
        [
            0.10157109797000885,
            15.435338020324707
        ],
        [
            0.1399788111448288,
            18.44417953491211
        ]
    ]
}