{
    "speed": 5.201913759610727,
    "steer": 0.0018456546822562814,
    "throttle": 0.0,
    "brake": 0.0,
    "wp_4": [
        -0.00607171468436718,
        13.202977180480957
    ],
    "wp_3": [
        -0.018304288387298584,
        9.784390449523926
    ],
    "wp_2": [
        -0.01097181998193264,
        6.229077339172363
    ],
    "wp_1": [
        -0.010725114494562149,
        2.9230151176452637
    ],
    "aim": [
        -0.010725114494562149,
        2.9230151176452637
    ],
    "target": [
        3.3939877794698603,
        52.710628578515944
    ],
    "desired_speed": 6.862016677856445,
    "angle": -0.002335876632688775,
    "angle_last": 0.004150146894146112,
    "angle_target": 0.040934839286633974,
    "angle_final": -0.002335876632688775,
    "delta": 0.25,
    "agent": "only_traj",
    "steer_traj": 0.0018456546649003695,
    "throttle_traj": 0.0,
    "brake_traj": 0.0,
    "plan": [
        [
            -0.010725114494562149,
            2.9230151176452637
        ],
        [
            -0.01097181998193264,
            6.229077339172363
        ],
        [
            -0.018304288387298584,
            9.784390449523926
        ],
        [
            -0.00607171468436718,
            13.202977180480957
        ],
        [
            0.04242081195116043,
            16.765195846557617
        ],
        [
            0.06401506066322327,
            20.077627182006836
        ]
    ]
}