{
    "speed": 5.142518582761346,
    "steer": 0.0045248051173985004,
    "throttle": 0.0,
    "brake": 0.0,
    "wp_4": [
        0.036895446479320526,
        13.793424606323242
    ],
    "wp_3": [
        0.017040079459547997,
        10.22421932220459
    ],
    "wp_2": [
        0.02068614400923252,
        6.553469181060791
    ],
    "wp_1": [
        -0.0004946626722812653,
        3.102926731109619
    ],
    "aim": [
        -0.0004946626722812653,
        3.102926731109619
    ],
    "target": [
        2.885037776045916,
        51.091745948461664
    ],
    "desired_speed": 7.176914691925048,
    "angle": -0.00010149408220527014,
    "angle_last": 0.006940962189013321,
    "angle_target": 0.03591037339398792,
    "angle_final": -0.00010149408220527014,
    "delta": 0.25,
    "agent": "only_traj",
    "steer_traj": 0.004524804904574332,
    "throttle_traj": 0.0,
    "brake_traj": 0.0,
    "plan": [
        [
            -0.0004946626722812653,
            3.102926731109619
        ],
        [
            0.02068614400923252,
            6.553469181060791
        ],
        [
            0.017040079459547997,
            10.22421932220459
        ],
        [
            0.036895446479320526,
            13.793424606323242
        ],
        [
            0.10742765665054321,
            17.508676528930664
        ],
        [
            0.1459766924381256,
            21.044212341308594
        ]
    ]
}