{
    "speed": 5.014681502781865,
    "steer": 0.004105458501726389,
    "throttle": 0.0,
    "brake": 0.0,
    "wp_4": [
        0.227763369679451,
        11.110363960266113
    ],
    "wp_3": [
        0.025536442175507545,
        8.241336822509766
    ],
    "wp_2": [
        -0.008648848161101341,
        5.282996654510498
    ],
    "wp_1": [
        0.0009559057652950287,
        2.508697748184204
    ],
    "aim": [
        0.0009559057652950287,
        2.508697748184204
    ],
    "target": [
        4.068645958752022,
        52.93454142578423
    ],
    "desired_speed": 5.872145080566407,
    "angle": 0.00024259566998181668,
    "angle_last": 0.001606660338224141,
    "angle_target": 0.04883574492383234,
    "angle_final": 0.00024259566998181668,
    "delta": 0.25,
    "agent": "only_traj",
    "steer_traj": 0.004105458325701016,
    "throttle_traj": 0.0,
    "brake_traj": 0.0,
    "plan": [
        [
            0.0009559057652950287,
            2.508697748184204
        ],
        [
            -0.008648848161101341,
            5.282996654510498
        ],
        [
            0.025536442175507545,
            8.241336822509766
        ],
        [
            0.227763369679451,
            11.110363960266113
        ],
        [
            0.17468689382076263,
            14.215124130249023
        ],
        [
            0.1821727156639099,
            17.181264877319336
        ]
    ]
}