{
    "speed": 4.904933428501998,
    "steer": 0.0032853959128260612,
    "throttle": 0.75,
    "brake": 0.0,
    "wp_4": [
        0.1288115233182907,
        14.175389289855957
    ],
    "wp_3": [
        0.11964421719312668,
        10.387557983398438
    ],
    "wp_2": [
        0.00710790790617466,
        6.648459434509277
    ],
    "wp_1": [
        0.00045758113265037537,
        3.103555917739868
    ],
    "aim": [
        0.00045758113265037537,
        3.103555917739868
    ],
    "target": [
        2.6815841645298004,
        51.11964844826231
    ],
    "desired_speed": 7.464438629150392,
    "angle": 9.384932805709453e-05,
    "angle_last": 0.006815590272248199,
    "angle_target": 0.03336459181838933,
    "angle_final": 9.384932805709453e-05,
    "delta": 0.25,
    "agent": "only_traj",
    "steer_traj": 0.003285395931871667,
    "throttle_traj": 0.75,
    "brake_traj": 0.0,
    "plan": [
        [
            0.00045758113265037537,
            3.103555917739868
        ],
        [
            0.00710790790617466,
            6.648459434509277
        ],
        [
            0.11964421719312668,
            10.387557983398438
        ],
        [
            0.1288115233182907,
            14.175389289855957
        ],
        [
            0.07965895533561707,
            18.0435848236084
        ],
        [
            0.11947374045848846,
            21.76241683959961
        ]
    ]
}