{
    "speed": 4.772482625195078,
    "steer": 0.0012473216047510505,
    "throttle": 0.75,
    "brake": 0.0,
    "wp_4": [
        0.07223855704069138,
        11.596230506896973
    ],
    "wp_3": [
        0.023830175399780273,
        8.543010711669922
    ],
    "wp_2": [
        0.005753481760621071,
        5.425952911376953
    ],
    "wp_1": [
        -0.005652222782373428,
        2.5320968627929688
    ],
    "aim": [
        -0.005652222782373428,
        2.5320968627929688
    ],
    "target": [
        3.0863945628480174,
        50.68013177778874
    ],
    "desired_speed": 6.177793788909913,
    "angle": -0.0014210866298517335,
    "angle_last": 0.01086809328879832,
    "angle_target": 0.03872200148314958,
    "angle_final": -0.0014210866298517335,
    "delta": 0.25,
    "agent": "only_traj",
    "steer_traj": 0.0012473215558707915,
    "throttle_traj": 0.75,
    "brake_traj": 0.0,
    "plan": [
        [
            -0.005652222782373428,
            2.5320968627929688
        ],
        [
            0.005753481760621071,
            5.425952911376953
        ],
        [
            0.023830175399780273,
            8.543010711669922
        ],
        [
            0.07223855704069138,
            11.596230506896973
        ],
        [
            0.16287443041801453,
            14.853609085083008
        ],
        [
            0.21615657210350037,
            17.974407196044922
        ]
    ]
}