{
    "speed": 4.684017181516808,
    "steer": 0.002342896768823266,
    "throttle": 0.75,
    "brake": 0.0,
    "wp_4": [
        0.23051226139068604,
        11.645718574523926
    ],
    "wp_3": [
        0.05827896296977997,
        8.550978660583496
    ],
    "wp_2": [
        0.006009632721543312,
        5.433322906494141
    ],
    "wp_1": [
        -0.002123448997735977,
        2.5366973876953125
    ],
    "aim": [
        -0.002123448997735977,
        2.5366973876953125
    ],
    "target": [
        2.626764801793561,
        50.701707908644046
    ],
    "desired_speed": 6.221645832061768,
    "angle": -0.0005328584737869643,
    "angle_last": 0.006156097562388078,
    "angle_target": 0.03295267016997563,
    "angle_final": -0.0005328584737869643,
    "delta": 0.25,
    "agent": "only_traj",
    "steer_traj": 0.0023428967053455304,
    "throttle_traj": 0.75,
    "brake_traj": 0.0,
    "plan": [
        [
            -0.002123448997735977,
            2.5366973876953125
        ],
        [
            0.006009632721543312,
            5.433322906494141
        ],
        [
            0.05827896296977997,
            8.550978660583496
        ],
        [
            0.23051226139068604,
            11.645718574523926
        ],
        [
            0.15133553743362427,
            14.938111305236816
        ],
        [
            0.18176180124282837,
            18.084474563598633
        ]
    ]
}