{
    "speed": 4.690955221531653,
    "steer": 0.00405237777158618,
    "throttle": 0.75,
    "brake": 0.0,
    "wp_4": [
        0.0995253250002861,
        11.27305793762207
    ],
    "wp_3": [
        0.0463864803314209,
        8.327204704284668
    ],
    "wp_2": [
        0.016521478071808815,
        5.306766510009766
    ],
    "wp_1": [
        0.00640806183218956,
        2.4998393058776855
    ],
    "aim": [
        0.00640806183218956,
        2.4998393058776855
    ],
    "target": [
        3.414141179330484,
        50.8996303910848
    ],
    "desired_speed": 5.992111682891846,
    "angle": 0.001631932038153188,
    "angle_last": 0.016515673149518753,
    "angle_target": 0.04263800860748373,
    "angle_final": 0.001631932038153188,
    "delta": 0.25,
    "agent": "only_traj",
    "steer_traj": 0.004052377795157477,
    "throttle_traj": 0.75,
    "brake_traj": 0.0,
    "plan": [
        [
            0.00640806183218956,
            2.4998393058776855
        ],
        [
            0.016521478071808815,
            5.306766510009766
        ],
        [
            0.0463864803314209,
            8.327204704284668
        ],
        [
            0.0995253250002861,
            11.27305793762207
        ],
        [
            0.18806469440460205,
            14.428224563598633
        ],
        [
            0.2671813368797302,
            17.477205276489258
        ]
    ]
}