{
    "speed": 4.781300109478815,
    "steer": 0.0015675905160605907,
    "throttle": 0.75,
    "brake": 0.0,
    "wp_4": [
        0.04143892973661423,
        12.717309951782227
    ],
    "wp_3": [
        0.03769829869270325,
        9.328115463256836
    ],
    "wp_2": [
        0.026386195793747902,
        5.855589866638184
    ],
    "wp_1": [
        0.0007181428372859955,
        2.6919965744018555
    ],
    "aim": [
        0.0007181428372859955,
        2.6919965744018555
    ],
    "target": [
        2.678481911167469,
        50.577569582195586
    ],
    "desired_speed": 6.802599048614502,
    "angle": 0.0001698162098257919,
    "angle_last": 0.003946834929852066,
    "angle_target": 0.03368258220716669,
    "angle_final": 0.0001698162098257919,
    "delta": 0.25,
    "agent": "only_traj",
    "steer_traj": 0.0015675905490087662,
    "throttle_traj": 0.75,
    "brake_traj": 0.0,
    "plan": [
        [
            0.0007181428372859955,
            2.6919965744018555
        ],
        [
            0.026386195793747902,
            5.855589866638184
        ],
        [
            0.03769829869270325,
            9.328115463256836
        ],
        [
            0.04143892973661423,
            12.717309951782227
        ],
        [
            0.08866935968399048,
            16.312719345092773
        ],
        [
            0.10965728759765625,
            19.697994232177734
        ]
    ]
}