{
    "speed": 4.919114457763461,
    "steer": 0.0019333799136802554,
    "throttle": 0.75,
    "brake": 0.0,
    "wp_4": [
        0.058508969843387604,
        12.52864933013916
    ],
    "wp_3": [
        0.04724559187889099,
        9.265417098999023
    ],
    "wp_2": [
        0.017473245039582253,
        5.903679847717285
    ],
    "wp_1": [
        0.001529838889837265,
        2.768576145172119
    ],
    "aim": [
        0.001529838889837265,
        2.768576145172119
    ],
    "target": [
        3.846914991944385,
        50.787639274341615
    ],
    "desired_speed": 6.6195320129394535,
    "angle": 0.00035180280571124275,
    "angle_last": 0.00924235648435373,
    "angle_target": 0.048128927234422726,
    "angle_final": 0.00035180280571124275,
    "delta": 0.25,
    "agent": "only_traj",
    "steer_traj": 0.0019333799070527218,
    "throttle_traj": 0.75,
    "brake_traj": 0.0,
    "plan": [
        [
            0.001529838889837265,
            2.768576145172119
        ],
        [
            0.017473245039582253,
            5.903679847717285
        ],
        [
            0.04724559187889099,
            9.265417098999023
        ],
        [
            0.058508969843387604,
            12.52864933013916
        ],
        [
            0.11462010443210602,
            16.010211944580078
        ],
        [
            0.16262246668338776,
            19.31641387939453
        ]
    ]
}