{
    "speed": 5.08353528386858,
    "steer": 0.002924208529293537,
    "throttle": 0.0,
    "brake": 0.0,
    "wp_4": [
        0.12804904580116272,
        13.081927299499512
    ],
    "wp_3": [
        0.08612728118896484,
        9.685823440551758
    ],
    "wp_2": [
        0.04554921016097069,
        6.188955307006836
    ],
    "wp_1": [
        0.007501091808080673,
        2.914936065673828
    ],
    "aim": [
        0.007501091808080673,
        2.914936065673828
    ],
    "target": [
        3.941715903199391,
        50.12304406117749
    ],
    "desired_speed": 6.908526229858398,
    "angle": 0.0016382309903877556,
    "angle_last": 0.0172077230944226,
    "angle_target": 0.0499614592174097,
    "angle_final": 0.0016382309903877556,
    "delta": 0.25,
    "agent": "only_traj",
    "steer_traj": 0.002924208413781007,
    "throttle_traj": 0.0,
    "brake_traj": 0.0,
    "plan": [
        [
            0.007501091808080673,
            2.914936065673828
        ],
        [
            0.04554921016097069,
            6.188955307006836
        ],
        [
            0.08612728118896484,
            9.685823440551758
        ],
        [
            0.12804904580116272,
            13.081927299499512
        ],
        [
            0.23036617040634155,
            16.705259323120117
        ],
        [
            0.3243870139122009,
            20.18282127380371
        ]
    ]
}