{
    "speed": 5.233351658495072,
    "steer": 0.0007969915168359876,
    "throttle": 0.0,
    "brake": 0.0,
    "wp_4": [
        0.007867665961384773,
        13.567204475402832
    ],
    "wp_3": [
        0.007835041731595993,
        10.05561351776123
    ],
    "wp_2": [
        0.020584920421242714,
        6.420149803161621
    ],
    "wp_1": [
        0.001193991512991488,
        3.0324156284332275
    ],
    "aim": [
        0.001193991512991488,
        3.0324156284332275
    ],
    "target": [
        3.2887480741837436,
        50.71887017194628
    ],
    "desired_speed": 7.115802478790284,
    "angle": 0.0002506401150042761,
    "angle_last": 0.009215566964609123,
    "angle_target": 0.041222430156636986,
    "angle_final": 0.0002506401150042761,
    "delta": 0.25,
    "agent": "only_traj",
    "steer_traj": 0.0007969915313750022,
    "throttle_traj": 0.0,
    "brake_traj": 0.0,
    "plan": [
        [
            0.001193991512991488,
            3.0324156284332275
        ],
        [
            0.020584920421242714,
            6.420149803161621
        ],
        [
            0.007835041731595993,
            10.05561351776123
        ],
        [
            0.007867665961384773,
            13.567204475402832
        ],
        [
            0.06228876858949661,
            17.28727149963379
        ],
        [
            0.11344707012176514,
            20.821075439453125
        ]
    ]
}