{
    "speed": 5.128833116706639,
    "steer": 0.0004666764580179006,
    "throttle": 0.0,
    "brake": 0.0,
    "wp_4": [
        0.06946887820959091,
        12.354253768920898
    ],
    "wp_3": [
        0.041768819093704224,
        9.080817222595215
    ],
    "wp_2": [
        0.022134358063340187,
        5.744455337524414
    ],
    "wp_1": [
        -0.0007562682731077075,
        2.6590261459350586
    ],
    "aim": [
        -0.0007562682731077075,
        2.6590261459350586
    ],
    "target": [
        3.1977879935099915,
        50.64988581962677
    ],
    "desired_speed": 6.636110782623291,
    "angle": -0.00018102784054052973,
    "angle_last": 0.01555094687474984,
    "angle_target": 0.040139806519357196,
    "angle_final": -0.00018102784054052973,
    "delta": 0.25,
    "agent": "only_traj",
    "steer_traj": 0.00046667646833280013,
    "throttle_traj": 0.0,
    "brake_traj": 0.0,
    "plan": [
        [
            -0.0007562682731077075,
            2.6590261459350586
        ],
        [
            0.022134358063340187,
            5.744455337524414
        ],
        [
            0.041768819093704224,
            9.080817222595215
        ],
        [
            0.06946887820959091,
            12.354253768920898
        ],
        [
            0.15213119983673096,
            15.874491691589355
        ],
        [
            0.23453068733215332,
            19.247066497802734
        ]
    ]
}