{
    "speed": 5.0366954173701055,
    "steer": 0.0050970581360161304,
    "throttle": 0.0,
    "brake": 0.0,
    "wp_4": [
        0.14084388315677643,
        12.114378929138184
    ],
    "wp_3": [
        0.22256730496883392,
        8.98607349395752
    ],
    "wp_2": [
        0.16778410971164703,
        5.720309257507324
    ],
    "wp_1": [
        0.017886720597743988,
        2.698431968688965
    ],
    "aim": [
        0.017886720597743988,
        2.698431968688965
    ],
    "target": [
        3.521700946228327,
        49.64913732462264
    ],
    "desired_speed": 6.423510932922364,
    "angle": 0.004219814823680242,
    "angle_last": 0.02348208664797787,
    "angle_target": 0.04508105965028413,
    "angle_final": 0.004219814823680242,
    "delta": 0.25,
    "agent": "only_traj",
    "steer_traj": 0.005097058074623082,
    "throttle_traj": 0.0,
    "brake_traj": 0.0,
    "plan": [
        [
            0.017886720597743988,
            2.698431968688965
        ],
        [
            0.16778410971164703,
            5.720309257507324
        ],
        [
            0.22256730496883392,
            8.98607349395752
        ],
        [
            0.14084388315677643,
            12.114378929138184
        ],
        [
            0.2611713111400604,
            15.479867935180664
        ],
        [
            0.3817579746246338,
            18.74759292602539
        ]
    ]
}