{
    "speed": 4.924064266011435,
    "steer": 0.0028904771897941828,
    "throttle": 0.75,
    "brake": 0.0,
    "wp_4": [
        0.12768834829330444,
        11.969766616821289
    ],
    "wp_3": [
        0.07425576448440552,
        8.85194206237793
    ],
    "wp_2": [
        0.03212448209524155,
        5.659573078155518
    ],
    "wp_1": [
        0.014020707458257675,
        2.66049861907959
    ],
    "aim": [
        0.014020707458257675,
        2.66049861907959
    ],
    "target": [
        3.1465817908101745,
        49.809669413125
    ],
    "desired_speed": 6.366403865814209,
    "angle": 0.0033549610927750715,
    "angle_last": 0.022980295416954264,
    "angle_target": 0.04016324274828935,
    "angle_final": 0.0033549610927750715,
    "delta": 0.25,
    "agent": "only_traj",
    "steer_traj": 0.0028904772399736835,
    "throttle_traj": 0.75,
    "brake_traj": 0.0,
    "plan": [
        [
            0.014020707458257675,
            2.66049861907959
        ],
        [
            0.03212448209524155,
            5.659573078155518
        ],
        [
            0.07425576448440552,
            8.85194206237793
        ],
        [
            0.12768834829330444,
            11.969766616821289
        ],
        [
            0.23960500955581665,
            15.320159912109375
        ],
        [
            0.35702916979789734,
            18.57172966003418
        ]
    ]
}