{
    "speed": 4.799685902589636,
    "steer": 0.005032643675804138,
    "throttle": 0.75,
    "brake": 0.0,
    "wp_4": [
        0.1120634451508522,
        11.513754844665527
    ],
    "wp_3": [
        0.0660463273525238,
        8.585474967956543
    ],
    "wp_2": [
        0.025703931227326393,
        5.538671493530273
    ],
    "wp_1": [
        0.02089058980345726,
        2.6319708824157715
    ],
    "aim": [
        0.02089058980345726,
        2.6319708824157715
    ],
    "target": [
        3.577552009127342,
        48.50533297236507
    ],
    "desired_speed": 6.035236263275147,
    "angle": 0.005052870229449463,
    "angle_last": 0.020504579515796977,
    "angle_target": 0.04686956569291539,
    "angle_final": 0.005052870229449463,
    "delta": 0.25,
    "agent": "only_traj",
    "steer_traj": 0.005032643698925553,
    "throttle_traj": 0.75,
    "brake_traj": 0.0,
    "plan": [
        [
            0.02089058980345726,
            2.6319708824157715
        ],
        [
            0.025703931227326393,
            5.538671493530273
        ],
        [
            0.0660463273525238,
            8.585474967956543
        ],
        [
            0.1120634451508522,
            11.513754844665527
        ],
        [
            0.20135797560214996,
            14.645188331604004
        ],
        [
            0.3003164529800415,
            17.716562271118164
        ]
    ]
}