{
    "speed": 4.715685117440507,
    "steer": 0.010444155894219875,
    "throttle": 0.75,
    "brake": 0.0,
    "wp_4": [
        0.09359515458345413,
        10.039484024047852
    ],
    "wp_3": [
        0.04661819338798523,
        7.440642356872559
    ],
    "wp_2": [
        0.015518421307206154,
        4.791206359863281
    ],
    "wp_1": [
        0.03773420676589012,
        2.2877442836761475
    ],
    "aim": [
        0.03773420676589012,
        2.2877442836761475
    ],
    "target": [
        3.378393010408457,
        48.35465538478413
    ],
    "desired_speed": 5.358719444274902,
    "angle": 0.010499490746589965,
    "angle_last": 0.006744480413889288,
    "angle_target": 0.04440652986628206,
    "angle_final": 0.010499490746589965,
    "delta": 0.25,
    "agent": "only_traj",
    "steer_traj": 0.010444155620776115,
    "throttle_traj": 0.75,
    "brake_traj": 0.0,
    "plan": [
        [
            0.03773420676589012,
            2.2877442836761475
        ],
        [
            0.015518421307206154,
            4.791206359863281
        ],
        [
            0.04661819338798523,
            7.440642356872559
        ],
        [
            0.09359515458345413,
            10.039484024047852
        ],
        [
            0.14295010268688202,
            12.858514785766602
        ],
        [
            0.17287687957286835,
            15.683246612548828
        ]
    ]
}