{
    "speed": 4.724901551352971,
    "steer": 0.004406760912388563,
    "throttle": 0.75,
    "brake": 0.0,
    "wp_4": [
        0.14909934997558594,
        10.601113319396973
    ],
    "wp_3": [
        0.0787610113620758,
        7.881092548370361
    ],
    "wp_2": [
        0.033236466348171234,
        5.057826995849609
    ],
    "wp_1": [
        0.02377155050635338,
        2.421111583709717
    ],
    "aim": [
        0.02377155050635338,
        2.421111583709717
    ],
    "target": [
        3.3456512360601023,
        48.25726748806292
    ],
    "desired_speed": 5.612474822998046,
    "angle": 0.006250430063925032,
    "angle_last": 0.0154751317749627,
    "angle_target": 0.04406600550011749,
    "angle_final": 0.006250430063925032,
    "delta": 0.25,
    "agent": "only_traj",
    "steer_traj": 0.004406760737287512,
    "throttle_traj": 0.75,
    "brake_traj": 0.0,
    "plan": [
        [
            0.02377155050635338,
            2.421111583709717
        ],
        [
            0.033236466348171234,
            5.057826995849609
        ],
        [
            0.0787610113620758,
            7.881092548370361
        ],
        [
            0.14909934997558594,
            10.601113319396973
        ],
        [
            0.2238834798336029,
            13.539056777954102
        ],
        [
            0.2946377992630005,
            16.449193954467773
        ]
    ]
}