{
    "speed": 4.8166974920100305,
    "steer": 0.004392457194626331,
    "throttle": 0.75,
    "brake": 0.0,
    "wp_4": [
        0.24050605297088623,
        11.6751127243042
    ],
    "wp_3": [
        0.14680951833724976,
        8.685632705688477
    ],
    "wp_2": [
        0.0627654492855072,
        5.580639839172363
    ],
    "wp_1": [
        0.021019455045461655,
        2.6557350158691406
    ],
    "aim": [
        0.021019455045461655,
        2.6557350158691406
    ],
    "target": [
        3.954180377975187,
        48.62794994300293
    ],
    "desired_speed": 6.101300430297851,
    "angle": 0.005038602723183214,
    "angle_last": 0.030331931584602102,
    "angle_target": 0.05165307335731611,
    "angle_final": 0.005038602723183214,
    "delta": 0.25,
    "agent": "only_traj",
    "steer_traj": 0.004392457182800644,
    "throttle_traj": 0.75,
    "brake_traj": 0.0,
    "plan": [
        [
            0.021019455045461655,
            2.6557350158691406
        ],
        [
            0.0627654492855072,
            5.580639839172363
        ],
        [
            0.14680951833724976,
            8.685632705688477
        ],
        [
            0.24050605297088623,
            11.6751127243042
        ],
        [
            0.3766328692436218,
            14.853202819824219
        ],
        [
            0.5218942761421204,
            17.899707794189453
        ]
    ]
}