{
    "speed": 4.955210157049677,
    "steer": 0.003297646064311266,
    "throttle": 0.75,
    "brake": 0.0,
    "wp_4": [
        0.21288028359413147,
        13.648284912109375
    ],
    "wp_3": [
        0.132816344499588,
        10.059648513793945
    ],
    "wp_2": [
        0.06929686665534973,
        6.415971755981445
    ],
    "wp_1": [
        0.017840709537267685,
        2.9967684745788574
    ],
    "aim": [
        0.017840709537267685,
        2.9967684745788574
    ],
    "target": [
        2.971136577915378,
        48.082572269682075
    ],
    "desired_speed": 7.192118453979492,
    "angle": 0.003789968251914106,
    "angle_last": 0.021736442078104164,
    "angle_target": 0.039288296903375215,
    "angle_final": 0.003789968251914106,
    "delta": 0.25,
    "agent": "only_traj",
    "steer_traj": 0.0032976461607393003,
    "throttle_traj": 0.75,
    "brake_traj": 0.0,
    "plan": [
        [
            0.017840709537267685,
            2.9967684745788574
        ],
        [
            0.06929686665534973,
            6.415971755981445
        ],
        [
            0.132816344499588,
            10.059648513793945
        ],
        [
            0.21288028359413147,
            13.648284912109375
        ],
        [
            0.35553428530693054,
            17.404966354370117
        ],
        [
            0.4773194491863251,
            20.970443725585938
        ]
    ]
}