{
    "speed": 5.268984467534487,
    "steer": 0.0027139936573803425,
    "throttle": 0.0,
    "brake": 0.0,
    "wp_4": [
        0.16594573855400085,
        14.268391609191895
    ],
    "wp_3": [
        0.1018989086151123,
        10.528440475463867
    ],
    "wp_2": [
        0.05856451019644737,
        6.747067451477051
    ],
    "wp_1": [
        0.016399946063756943,
        3.174654483795166
    ],
    "aim": [
        0.016399946063756943,
        3.174654483795166
    ],
    "target": [
        2.8040192872414567,
        47.74005591453711
    ],
    "desired_speed": 7.48181848526001,
    "angle": 0.0032887082578259477,
    "angle_last": 0.0183800871199599,
    "angle_target": 0.03734904735573224,
    "angle_final": 0.0032887082578259477,
    "delta": 0.25,
    "agent": "only_traj",
    "steer_traj": 0.0027139936895570166,
    "throttle_traj": 0.0,
    "brake_traj": 0.0,
    "plan": [
        [
            0.016399946063756943,
            3.174654483795166
        ],
        [
            0.05856451019644737,
            6.747067451477051
        ],
        [
            0.1018989086151123,
            10.528440475463867
        ],
        [
            0.16594573855400085,
            14.268391609191895
        ],
        [
            0.28836843371391296,
            18.160436630249023
        ],
        [
            0.3956337869167328,
            21.87468147277832
        ]
    ]
}