{
    "speed": 5.181223689450586,
    "steer": 0.004281532019376755,
    "throttle": 0.0,
    "brake": 0.0,
    "wp_4": [
        0.25523051619529724,
        12.798148155212402
    ],
    "wp_3": [
        0.17025882005691528,
        9.457412719726562
    ],
    "wp_2": [
        0.08428242802619934,
        6.05238151550293
    ],
    "wp_1": [
        0.01898660883307457,
        2.840872287750244
    ],
    "aim": [
        0.01898660883307457,
        2.840872287750244
    ],
    "target": [
        3.396691083281393,
        46.549496719571906
    ],
    "desired_speed": 6.779723453521728,
    "angle": 0.0042547246794380844,
    "angle_last": 0.030959853642298606,
    "angle_target": 0.046371607452571545,
    "angle_final": 0.0042547246794380844,
    "delta": 0.25,
    "agent": "only_traj",
    "steer_traj": 0.004281532064767482,
    "throttle_traj": 0.0,
    "brake_traj": 0.0,
    "plan": [
        [
            0.01898660883307457,
            2.840872287750244
        ],
        [
            0.08428242802619934,
            6.05238151550293
        ],
        [
            0.17025882005691528,
            9.457412719726562
        ],
        [
            0.25523051619529724,
            12.798148155212402
        ],
        [
            0.42705416679382324,
            16.359691619873047
        ],
        [
            0.5934797525405884,
            19.77916145324707
        ]
    ]
}