{
    "speed": 4.944147950678355,
    "steer": 0.004449169151484966,
    "throttle": 0.75,
    "brake": 0.0,
    "wp_4": [
        0.17983433604240417,
        11.409757614135742
    ],
    "wp_3": [
        0.1100953221321106,
        8.421875
    ],
    "wp_2": [
        0.046007268130779266,
        5.388035774230957
    ],
    "wp_1": [
        0.018814977258443832,
        2.5335469245910645
    ],
    "aim": [
        0.018814977258443832,
        2.5335469245910645
    ],
    "target": [
        3.7889224134829185,
        46.02970263569665
    ],
    "desired_speed": 6.043434047698975,
    "angle": 0.004727677333966078,
    "angle_last": 0.02310703337155339,
    "angle_target": 0.052285305384624,
    "angle_final": 0.004727677333966078,
    "delta": 0.25,
    "agent": "only_traj",
    "steer_traj": 0.004449169097252906,
    "throttle_traj": 0.75,
    "brake_traj": 0.0,
    "plan": [
        [
            0.018814977258443832,
            2.5335469245910645
        ],
        [
            0.046007268130779266,
            5.388035774230957
        ],
        [
            0.1100953221321106,
            8.421875
        ],
        [
            0.17983433604240417,
            11.409757614135742
        ],
        [
            0.3146435022354126,
            14.579035758972168
        ],
        [
            0.42563575506210327,
            17.635631561279297
        ]
    ]
}