{
    "speed": 4.825371862184989,
    "steer": 0.042156342417001724,
    "throttle": 0.75,
    "brake": 0.0,
    "wp_4": [
        0.23096993565559387,
        11.38321304321289
    ],
    "wp_3": [
        0.12524628639221191,
        8.498746871948242
    ],
    "wp_2": [
        0.051457785069942474,
        5.5019426345825195
    ],
    "wp_1": [
        0.16722922027111053,
        2.6589853763580322
    ],
    "aim": [
        0.16722922027111053,
        2.6589853763580322
    ],
    "target": [
        3.293631364550947,
        46.60310939425333
    ],
    "desired_speed": 5.942417049407959,
    "angle": 0.039985720957498125,
    "angle_last": 0.03133543815565853,
    "angle_target": 0.04491782346898447,
    "angle_final": 0.039985720957498125,
    "delta": 0.25,
    "agent": "only_traj",
    "steer_traj": 0.04215634400787274,
    "throttle_traj": 0.75,
    "brake_traj": 0.0,
    "plan": [
        [
            0.16722922027111053,
            2.6589853763580322
        ],
        [
            0.051457785069942474,
            5.5019426345825195
        ],
        [
            0.12524628639221191,
            8.498746871948242
        ],
        [
            0.23096993565559387,
            11.38321304321289
        ],
        [
            0.3841831088066101,
            14.474757194519043
        ],
        [
            0.5333272218704224,
            17.502361297607422
        ]
    ]
}