{
    "speed": 4.741160797000919,
    "steer": 0.022805815562605858,
    "throttle": 0.75,
    "brake": 0.0,
    "wp_4": [
        0.1928100287914276,
        11.742242813110352
    ],
    "wp_3": [
        0.10993579030036926,
        8.68671989440918
    ],
    "wp_2": [
        0.04867055267095566,
        5.553799629211426
    ],
    "wp_1": [
        0.1295006424188614,
        2.6489627361297607
    ],
    "aim": [
        0.1295006424188614,
        2.6489627361297607
    ],
    "target": [
        2.688375187276433,
        46.25287029261351
    ],
    "desired_speed": 6.237102031707764,
    "angle": 0.03109789935452364,
    "angle_last": 0.0261356910315186,
    "angle_target": 0.036960936222749645,
    "angle_final": 0.03109789935452364,
    "delta": 0.25,
    "agent": "only_traj",
    "steer_traj": 0.022805814755849925,
    "throttle_traj": 0.75,
    "brake_traj": 0.0,
    "plan": [
        [
            0.1295006424188614,
            2.6489627361297607
        ],
        [
            0.04867055267095566,
            5.553799629211426
        ],
        [
            0.10993579030036926,
            8.68671989440918
        ],
        [
            0.1928100287914276,
            11.742242813110352
        ],
        [
            0.3308984041213989,
            15.02993392944336
        ],
        [
            0.4624817669391632,
            18.2332706451416
        ]
    ]
}