{
    "speed": 4.738195431305629,
    "steer": -0.0030427800957113504,
    "throttle": 0.75,
    "brake": 0.0,
    "wp_4": [
        0.232650026679039,
        12.325080871582031
    ],
    "wp_3": [
        0.13953834772109985,
        9.118511199951172
    ],
    "wp_2": [
        0.05835380777716637,
        5.830576419830322
    ],
    "wp_1": [
        0.01658206805586815,
        2.736234664916992
    ],
    "aim": [
        0.01658206805586815,
        2.736234664916992
    ],
    "target": [
        2.7315917746414833,
        45.784480957695685
    ],
    "desired_speed": 6.555654239654542,
    "angle": 0.003857966579651122,
    "angle_last": 0.033153027384789695,
    "angle_target": 0.037937011807582806,
    "angle_final": 0.003857966579651122,
    "delta": 0.25,
    "agent": "only_traj",
    "steer_traj": -0.003042780025969454,
    "throttle_traj": 0.75,
    "brake_traj": 0.0,
    "plan": [
        [
            0.01658206805586815,
            2.736234664916992
        ],
        [
            0.05835380777716637,
            5.830576419830322
        ],
        [
            0.13953834772109985,
            9.118511199951172
        ],
        [
            0.232650026679039,
            12.325080871582031
        ],
        [
            0.40224188566207886,
            15.77381420135498
        ],
        [
            0.5763466358184814,
            19.114032745361328
        ]
    ]
}