{
    "speed": 4.830194134386527,
    "steer": 0.007081267889589071,
    "throttle": 0.75,
    "brake": 0.0,
    "wp_4": [
        0.3181914985179901,
        12.349594116210938
    ],
    "wp_3": [
        0.2006475031375885,
        9.133745193481445
    ],
    "wp_2": [
        0.0936429500579834,
        5.847476005554199
    ],
    "wp_1": [
        0.024251099675893784,
        2.747436285018921
    ],
    "aim": [
        0.024251099675893784,
        2.747436285018921
    ],
    "target": [
        3.705510968487026,
        45.51355726036497
    ],
    "desired_speed": 6.556451511383057,
    "angle": 0.005619168802634299,
    "angle_last": 0.0412743499809072,
    "angle_target": 0.051716677759453704,
    "angle_final": 0.005619168802634299,
    "delta": 0.25,
    "agent": "only_traj",
    "steer_traj": 0.007081267871281945,
    "throttle_traj": 0.75,
    "brake_traj": 0.0,
    "plan": [
        [
            0.024251099675893784,
            2.747436285018921
        ],
        [
            0.0936429500579834,
            5.847476005554199
        ],
        [
            0.2006475031375885,
            9.133745193481445
        ],
        [
            0.3181914985179901,
            12.349594116210938
        ],
        [
            0.5157944560050964,
            15.789965629577637
        ],
        [
            0.7320746183395386,
            19.1212158203125
        ]
    ]
}