{
    "speed": 4.9708044023447515,
    "steer": 0.004444298334419727,
    "throttle": 0.75,
    "brake": 0.0,
    "wp_4": [
        0.22475939989089966,
        12.955610275268555
    ],
    "wp_3": [
        0.13730370998382568,
        9.599096298217773
    ],
    "wp_2": [
        0.06577825546264648,
        6.142186164855957
    ],
    "wp_1": [
        0.016089942306280136,
        2.8969106674194336
    ],
    "aim": [
        0.016089942306280136,
        2.8969106674194336
    ],
    "target": [
        2.689144728500814,
        45.155470338482196
    ],
    "desired_speed": 6.834555912017822,
    "angle": 0.0035358852147896313,
    "angle_last": 0.029417976382663615,
    "angle_target": 0.03786790674504447,
    "angle_final": 0.0035358852147896313,
    "delta": 0.25,
    "agent": "only_traj",
    "steer_traj": 0.004444298318601041,
    "throttle_traj": 0.75,
    "brake_traj": 0.0,
    "plan": [
        [
            0.016089942306280136,
            2.8969106674194336
        ],
        [
            0.06577825546264648,
            6.142186164855957
        ],
        [
            0.13730370998382568,
            9.599096298217773
        ],
        [
            0.22475939989089966,
            12.955610275268555
        ],
        [
            0.3792899250984192,
            16.531986236572266
        ],
        [
            0.5384587645530701,
            19.97402572631836
        ]
    ]
}