{
    "speed": 5.137474000739645,
    "steer": 0.0063220057636499405,
    "throttle": 0.0,
    "brake": 0.0,
    "wp_4": [
        0.26336470246315,
        13.030316352844238
    ],
    "wp_3": [
        0.16681048274040222,
        9.690485000610352
    ],
    "wp_2": [
        0.07967990636825562,
        6.241070747375488
    ],
    "wp_1": [
        0.021569665521383286,
        2.9692039489746094
    ],
    "aim": [
        0.021569665521383286,
        2.9692039489746094
    ],
    "target": [
        2.225300366865215,
        45.43517672637053
    ],
    "desired_speed": 6.821622467041015,
    "angle": 0.004624617368489664,
    "angle_last": 0.032022555186161816,
    "angle_target": 0.031155135210377216,
    "angle_final": 0.004624617368489664,
    "delta": 0.25,
    "agent": "only_traj",
    "steer_traj": 0.006322005544714326,
    "throttle_traj": 0.0,
    "brake_traj": 0.0,
    "plan": [
        [
            0.021569665521383286,
            2.9692039489746094
        ],
        [
            0.07967990636825562,
            6.241070747375488
        ],
        [
            0.16681048274040222,
            9.690485000610352
        ],
        [
            0.26336470246315,
            13.030316352844238
        ],
        [
            0.4353862702846527,
            16.58203887939453
        ],
        [
            0.6080492734909058,
            20.011741638183594
        ]
    ]
}