{
    "speed": 5.237466527994014,
    "steer": 0.007594028487801552,
    "throttle": 0.0,
    "brake": 0.0,
    "wp_4": [
        0.21451210975646973,
        12.635892868041992
    ],
    "wp_3": [
        0.14594954252243042,
        9.40277099609375
    ],
    "wp_2": [
        0.06501102447509766,
        6.068397045135498
    ],
    "wp_1": [
        0.02747349813580513,
        2.8965036869049072
    ],
    "aim": [
        0.02747349813580513,
        2.8965036869049072
    ],
    "target": [
        3.052038377328909,
        45.66738584966015
    ],
    "desired_speed": 6.610704994201661,
    "angle": 0.006038162962719192,
    "angle_last": 0.03270033762479941,
    "angle_target": 0.042483336437042295,
    "angle_final": 0.006038162962719192,
    "delta": 0.25,
    "agent": "only_traj",
    "steer_traj": 0.007594028670703804,
    "throttle_traj": 0.0,
    "brake_traj": 0.0,
    "plan": [
        [
            0.02747349813580513,
            2.8965036869049072
        ],
        [
            0.06501102447509766,
            6.068397045135498
        ],
        [
            0.14594954252243042,
            9.40277099609375
        ],
        [
            0.21451210975646973,
            12.635892868041992
        ],
        [
            0.3662422001361847,
            16.07893943786621
        ],
        [
            0.5376791954040527,
            19.413589477539062
        ]
    ]
}