{
    "speed": 5.114402360188606,
    "steer": 0.004026733338832855,
    "throttle": 0.0,
    "brake": 0.0,
    "wp_4": [
        0.24490836262702942,
        13.69937515258789
    ],
    "wp_3": [
        0.1505051553249359,
        10.117013931274414
    ],
    "wp_2": [
        0.07737338542938232,
        6.487482070922852
    ],
    "wp_1": [
        0.014390017837285995,
        3.055239677429199
    ],
    "aim": [
        0.014390017837285995,
        3.055239677429199
    ],
    "target": [
        2.2360732045574987,
        43.989339112760135
    ],
    "desired_speed": 7.2716459274292,
    "angle": 0.0029984252181004057,
    "angle_last": 0.028495673171739563,
    "angle_target": 0.03233293000962211,
    "angle_final": 0.0029984252181004057,
    "delta": 0.25,
    "agent": "only_traj",
    "steer_traj": 0.004026733280736234,
    "throttle_traj": 0.0,
    "brake_traj": 0.0,
    "plan": [
        [
            0.014390017837285995,
            3.055239677429199
        ],
        [
            0.07737338542938232,
            6.487482070922852
        ],
        [
            0.1505051553249359,
            10.117013931274414
        ],
        [
            0.24490836262702942,
            13.69937515258789
        ],
        [
            0.4006110429763794,
            17.508766174316406
        ],
        [
            0.567059338092804,
            21.224889755249023
        ]
    ]
}