{
    "speed": 4.95195983936488,
    "steer": 0.005957412999123335,
    "throttle": 0.75,
    "brake": 0.0,
    "wp_4": [
        0.250607430934906,
        12.51478099822998
    ],
    "wp_3": [
        0.16016530990600586,
        9.240643501281738
    ],
    "wp_2": [
        0.08204782009124756,
        5.908177852630615
    ],
    "wp_1": [
        0.019116636365652084,
        2.77585506439209
    ],
    "aim": [
        0.019116636365652084,
        2.77585506439209
    ],
    "target": [
        2.777608663246273,
        44.6880418831171
    ],
    "desired_speed": 6.695248413085938,
    "angle": 0.004384194709705215,
    "angle_last": 0.03232520845738415,
    "angle_target": 0.03951859705954283,
    "angle_final": 0.004384194709705215,
    "delta": 0.25,
    "agent": "only_traj",
    "steer_traj": 0.005957412892731199,
    "throttle_traj": 0.75,
    "brake_traj": 0.0,
    "plan": [
        [
            0.019116636365652084,
            2.77585506439209
        ],
        [
            0.08204782009124756,
            5.908177852630615
        ],
        [
            0.16016530990600586,
            9.240643501281738
        ],
        [
            0.250607430934906,
            12.51478099822998
        ],
        [
            0.4179895222187042,
            16.061216354370117
        ],
        [
            0.5928902626037598,
            19.502790451049805
        ]
    ]
}