{
    "speed": 4.850678566922092,
    "steer": 0.016109611839056015,
    "throttle": 0.75,
    "brake": 0.0,
    "wp_4": [
        0.2562253475189209,
        10.33631706237793
    ],
    "wp_3": [
        0.1588294506072998,
        7.6941304206848145
    ],
    "wp_2": [
        0.08008690923452377,
        5.016279220581055
    ],
    "wp_1": [
        0.051205750554800034,
        2.41849422454834
    ],
    "aim": [
        0.051205750554800034,
        2.41849422454834
    ],
    "target": [
        3.9323777473581307,
        44.63590092039065
    ],
    "desired_speed": 5.4736877441406255,
    "angle": 0.013476846096789301,
    "angle_last": 0.033953677337496754,
    "angle_target": 0.0559411289479028,
    "angle_final": 0.013476846096789301,
    "delta": 0.25,
    "agent": "only_traj",
    "steer_traj": 0.016109612553011667,
    "throttle_traj": 0.75,
    "brake_traj": 0.0,
    "plan": [
        [
            0.051205750554800034,
            2.41849422454834
        ],
        [
            0.08008690923452377,
            5.016279220581055
        ],
        [
            0.1588294506072998,
            7.6941304206848145
        ],
        [
            0.2562253475189209,
            10.33631706237793
        ],
        [
            0.41478973627090454,
            13.197835922241211
        ],
        [
            0.5692458152770996,
            16.09109115600586
        ]
    ]
}