{
    "speed": 4.785031882689412,
    "steer": 0.007054685615003109,
    "throttle": 0.75,
    "brake": 0.0,
    "wp_4": [
        0.5842322111129761,
        14.06241226196289
    ],
    "wp_3": [
        0.3621222674846649,
        10.455911636352539
    ],
    "wp_2": [
        0.17949461936950684,
        6.784827709197998
    ],
    "wp_1": [
        0.036827411502599716,
        3.234027147293091
    ],
    "aim": [
        0.036827411502599716,
        3.234027147293091
    ],
    "target": [
        3.7019993691877215,
        42.23186072590394
    ],
    "desired_speed": 7.348680114746093,
    "angle": 0.007249155502562452,
    "angle_last": 0.051196793461157054,
    "angle_target": 0.055663120291474605,
    "angle_final": 0.007249155502562452,
    "delta": 0.25,
    "agent": "only_traj",
    "steer_traj": 0.007054685628805901,
    "throttle_traj": 0.75,
    "brake_traj": 0.0,
    "plan": [
        [
            0.036827411502599716,
            3.234027147293091
        ],
        [
            0.17949461936950684,
            6.784827709197998
        ],
        [
            0.3621222674846649,
            10.455911636352539
        ],
        [
            0.5842322111129761,
            14.06241226196289
        ],
        [
            0.8551737666130066,
            17.86744499206543
        ],
        [
            1.1535639762878418,
            21.56985092163086
        ]
    ]
}