{
    "speed": 4.807100656304772,
    "steer": 0.010738752782344818,
    "throttle": 0.75,
    "brake": 0.0,
    "wp_4": [
        0.5351316332817078,
        13.383344650268555
    ],
    "wp_3": [
        0.33684948086738586,
        9.90932846069336
    ],
    "wp_2": [
        0.16757911443710327,
        6.359580039978027
    ],
    "wp_1": [
        0.041489001363515854,
        2.999861240386963
    ],
    "aim": [
        0.041489001363515854,
        2.999861240386963
    ],
    "target": [
        3.6730095565944003,
        44.37303314994677
    ],
    "desired_speed": 7.038439655303955,
    "angle": 0.008804086012611245,
    "angle_last": 0.05437579117385332,
    "angle_target": 0.05257679339695816,
    "angle_final": 0.008804086012611245,
    "delta": 0.25,
    "agent": "only_traj",
    "steer_traj": 0.01073875306332738,
    "throttle_traj": 0.75,
    "brake_traj": 0.0,
    "plan": [
        [
            0.041489001363515854,
            2.999861240386963
        ],
        [
            0.16757911443710327,
            6.359580039978027
        ],
        [
            0.33684948086738586,
            9.90932846069336
        ],
        [
            0.5351316332817078,
            13.383344650268555
        ],
        [
            0.8246903419494629,
            17.0561580657959
        ],
        [
            1.1246685981750488,
            20.5596923828125
        ]
    ]
}