{
    "speed": 4.916555037287616,
    "steer": 0.009862137027084827,
    "throttle": 0.75,
    "brake": 0.0,
    "wp_4": [
        0.5714314579963684,
        14.100619316101074
    ],
    "wp_3": [
        0.3457891345024109,
        10.382633209228516
    ],
    "wp_2": [
        0.17126256227493286,
        6.675482273101807
    ],
    "wp_1": [
        0.040428366512060165,
        3.120211601257324
    ],
    "aim": [
        0.040428366512060165,
        3.120211601257324
    ],
    "target": [
        3.069993850831048,
        43.37955566199799
    ],
    "desired_speed": 7.488017749786376,
    "angle": 0.008248184505162985,
    "angle_last": 0.0501524575370621,
    "angle_target": 0.04497892259036826,
    "angle_final": 0.008248184505162985,
    "delta": 0.25,
    "agent": "only_traj",
    "steer_traj": 0.009862136703170325,
    "throttle_traj": 0.75,
    "brake_traj": 0.0,
    "plan": [
        [
            0.040428366512060165,
            3.120211601257324
        ],
        [
            0.17126256227493286,
            6.675482273101807
        ],
        [
            0.3457891345024109,
            10.382633209228516
        ],
        [
            0.5714314579963684,
            14.100619316101074
        ],
        [
            0.8543839454650879,
            18.01044273376465
        ],
        [
            1.1539264917373657,
            21.804872512817383
        ]
    ]
}