{
    "speed": 5.06875484220094,
    "steer": 0.01039955299347639,
    "throttle": 0.0,
    "brake": 0.0,
    "wp_4": [
        0.5057128071784973,
        12.23038101196289
    ],
    "wp_3": [
        0.32125017046928406,
        8.943538665771484
    ],
    "wp_2": [
        0.15725907683372498,
        5.670351505279541
    ],
    "wp_1": [
        0.034752633422613144,
        2.6144423484802246
    ],
    "aim": [
        0.034752633422613144,
        2.6144423484802246
    ],
    "target": [
        3.9007701780784734,
        43.94227549946054
    ],
    "desired_speed": 6.572419357299805,
    "angle": 0.008461817644202828,
    "angle_last": 0.055473782028428266,
    "angle_target": 0.056365199593912944,
    "angle_final": 0.008461817644202828,
    "delta": 0.25,
    "agent": "only_traj",
    "steer_traj": 0.010399553062539852,
    "throttle_traj": 0.0,
    "brake_traj": 0.0,
    "plan": [
        [
            0.034752633422613144,
            2.6144423484802246
        ],
        [
            0.15725907683372498,
            5.670351505279541
        ],
        [
            0.32125017046928406,
            8.943538665771484
        ],
        [
            0.5057128071784973,
            12.23038101196289
        ],
        [
            0.7893186807632446,
            15.704874038696289
        ],
        [
            1.0780185461044312,
            19.00961685180664
        ]
    ]
}