{
    "speed": 5.231145802276214,
    "steer": 0.01227521151304245,
    "throttle": 0.0,
    "brake": 0.0,
    "wp_4": [
        0.7510390281677246,
        14.0896577835083
    ],
    "wp_3": [
        0.47754207253456116,
        10.440301895141602
    ],
    "wp_2": [
        0.23881107568740845,
        6.753853797912598
    ],
    "wp_1": [
        0.05086949095129967,
        3.2018685340881348
    ],
    "aim": [
        0.05086949095129967,
        3.2018685340881348
    ],
    "target": [
        4.244527278727386,
        43.17903475064921
    ],
    "desired_speed": 7.314058303833007,
    "angle": 0.010113433276502689,
    "angle_last": 0.06359237254887776,
    "angle_target": 0.06237972850428352,
    "angle_final": 0.010113433276502689,
    "delta": 0.25,
    "agent": "only_traj",
    "steer_traj": 0.012275211231902134,
    "throttle_traj": 0.0,
    "brake_traj": 0.0,
    "plan": [
        [
            0.05086949095129967,
            3.2018685340881348
        ],
        [
            0.23881107568740845,
            6.753853797912598
        ],
        [
            0.47754207253456116,
            10.440301895141602
        ],
        [
            0.7510390281677246,
            14.0896577835083
        ],
        [
            1.1071548461914062,
            17.847183227539062
        ],
        [
            1.4661705493927002,
            21.429306030273438
        ]
    ]
}