{
    "speed": 5.164359347835194,
    "steer": 0.013218099251389503,
    "throttle": 0.0,
    "brake": 0.0,
    "wp_4": [
        0.718220591545105,
        13.270808219909668
    ],
    "wp_3": [
        0.4529145658016205,
        9.7518949508667
    ],
    "wp_2": [
        0.23331207036972046,
        6.23627233505249
    ],
    "wp_1": [
        0.05146145448088646,
        2.9141831398010254
    ],
    "aim": [
        0.05146145448088646,
        2.9141831398010254
    ],
    "target": [
        4.298619546326219,
        42.61294842870702
    ],
    "desired_speed": 7.027024841308595,
    "angle": 0.011240869835499458,
    "angle_last": 0.06690334469453682,
    "angle_target": 0.06400308148747808,
    "angle_final": 0.011240869835499458,
    "delta": 0.25,
    "agent": "only_traj",
    "steer_traj": 0.013218098925437311,
    "throttle_traj": 0.0,
    "brake_traj": 0.0,
    "plan": [
        [
            0.05146145448088646,
            2.9141831398010254
        ],
        [
            0.23331207036972046,
            6.23627233505249
        ],
        [
            0.4529145658016205,
            9.7518949508667
        ],
        [
            0.718220591545105,
            13.270808219909668
        ],
        [
            1.081712007522583,
            16.944791793823242
        ],
        [
            1.4485621452331543,
            20.422700881958008
        ]
    ]
}