{
    "speed": 5.0494886593544415,
    "steer": 0.013501486741006374,
    "throttle": 0.0,
    "brake": 0.0,
    "wp_4": [
        0.698039174079895,
        12.254021644592285
    ],
    "wp_3": [
        0.43453630805015564,
        9.00190544128418
    ],
    "wp_2": [
        0.2218579649925232,
        5.768813133239746
    ],
    "wp_1": [
        0.049639489501714706,
        2.7184460163116455
    ],
    "aim": [
        0.049639489501714706,
        2.7184460163116455
    ],
    "target": [
        4.524927008487046,
        42.15980565418414
    ],
    "desired_speed": 6.495435333251954,
    "angle": 0.011623512211001729,
    "angle_last": 0.0735900998919793,
    "angle_target": 0.06806655610207517,
    "angle_final": 0.011623512211001729,
    "delta": 0.25,
    "agent": "only_traj",
    "steer_traj": 0.013501486320013294,
    "throttle_traj": 0.0,
    "brake_traj": 0.0,
    "plan": [
        [
            0.049639489501714706,
            2.7184460163116455
        ],
        [
            0.2218579649925232,
            5.768813133239746
        ],
        [
            0.43453630805015564,
            9.00190544128418
        ],
        [
            0.698039174079895,
            12.254021644592285
        ],
        [
            1.0877147912979126,
            15.660433769226074
        ],
        [
            1.4627797603607178,
            18.890613555908203
        ]
    ]
}