{
    "speed": 4.846150310075811,
    "steer": 0.01672320067882538,
    "throttle": 0.75,
    "brake": 0.0,
    "wp_4": [
        0.8455057144165039,
        12.194860458374023
    ],
    "wp_3": [
        0.519637942314148,
        8.975322723388672
    ],
    "wp_2": [
        0.27881908416748047,
        5.778811931610107
    ],
    "wp_1": [
        0.06709621846675873,
        2.7481930255889893
    ],
    "aim": [
        0.06709621846675873,
        2.7481930255889893
    ],
    "target": [
        4.634701492751153,
        41.54671478612113
    ],
    "desired_speed": 6.452383708953857,
    "angle": 0.015539790899105486,
    "angle_last": 0.09465030517879662,
    "angle_target": 0.07072506376014623,
    "angle_final": 0.015539790899105486,
    "delta": 0.25,
    "agent": "only_traj",
    "steer_traj": 0.016723199751187613,
    "throttle_traj": 0.75,
    "brake_traj": 0.0,
    "plan": [
        [
            0.06709621846675873,
            2.7481930255889893
        ],
        [
            0.27881908416748047,
            5.778811931610107
        ],
        [
            0.519637942314148,
            8.975322723388672
        ],
        [
            0.8455057144165039,
            12.194860458374023
        ],
        [
            1.3143879175186157,
            15.56667709350586
        ],
        [
            1.7953834533691406,
            18.777990341186523
        ]
    ]
}