{
    "speed": 4.776306664609369,
    "steer": 0.018204113468527794,
    "throttle": 0.75,
    "brake": 0.0,
    "wp_4": [
        0.8571033477783203,
        11.89065170288086
    ],
    "wp_3": [
        0.5265399217605591,
        8.720060348510742
    ],
    "wp_2": [
        0.2793218493461609,
        5.595017910003662
    ],
    "wp_1": [
        0.06826034188270569,
        2.6409380435943604
    ],
    "aim": [
        0.06826034188270569,
        2.6409380435943604
    ],
    "target": [
        5.09025727802485,
        40.89158771281096
    ],
    "desired_speed": 6.348123073577881,
    "angle": 0.01645108991636674,
    "angle_last": 0.10325437036725245,
    "angle_target": 0.07884198872860525,
    "angle_final": 0.01645108991636674,
    "delta": 0.25,
    "agent": "only_traj",
    "steer_traj": 0.01820411282929331,
    "throttle_traj": 0.75,
    "brake_traj": 0.0,
    "plan": [
        [
            0.06826034188270569,
            2.6409380435943604
        ],
        [
            0.2793218493461609,
            5.595017910003662
        ],
        [
            0.5265399217605591,
            8.720060348510742
        ],
        [
            0.8571033477783203,
            11.89065170288086
        ],
        [
            1.3499919176101685,
            15.21522331237793
        ],
        [
            1.870802640914917,
            18.398099899291992
        ]
    ]
}