{
    "speed": 5.173038265706975,
    "steer": 0.018158545717597008,
    "throttle": 0.0,
    "brake": 0.0,
    "wp_4": [
        1.1689722537994385,
        13.332260131835938
    ],
    "wp_3": [
        0.6959730386734009,
        9.849271774291992
    ],
    "wp_2": [
        0.35015255212783813,
        6.346783638000488
    ],
    "wp_1": [
        0.07261084020137787,
        2.99822998046875
    ],
    "aim": [
        0.07261084020137787,
        2.99822998046875
    ],
    "target": [
        4.8096854712340775,
        39.87184143525003
    ],
    "desired_speed": 7.052296829223633,
    "angle": 0.015414570764321919,
    "angle_last": 0.11566156077656217,
    "angle_target": 0.07642530139769205,
    "angle_final": 0.015414570764321919,
    "delta": 0.25,
    "agent": "only_traj",
    "steer_traj": 0.018158545506836786,
    "throttle_traj": 0.0,
    "brake_traj": 0.0,
    "plan": [
        [
            0.07261084020137787,
            2.99822998046875
        ],
        [
            0.35015255212783813,
            6.346783638000488
        ],
        [
            0.6959730386734009,
            9.849271774291992
        ],
        [
            1.1689722537994385,
            13.332260131835938
        ],
        [
            1.7268898487091064,
            17.006507873535156
        ],
        [
            2.3628690242767334,
            20.46843910217285
        ]
    ]
}