{
    "speed": 5.086623660673734,
    "steer": 0.0125883799046278,
    "throttle": 0.0,
    "brake": 0.0,
    "wp_4": [
        0.7985382080078125,
        12.784260749816895
    ],
    "wp_3": [
        0.4627402126789093,
        9.33523178100586
    ],
    "wp_2": [
        0.230737566947937,
        5.934602737426758
    ],
    "wp_1": [
        0.04252856597304344,
        2.7510790824890137
    ],
    "aim": [
        0.04252856597304344,
        2.7510790824890137
    ],
    "target": [
        4.353968194816046,
        40.35663866766402
    ],
    "desired_speed": 6.8854804039001465,
    "angle": 0.009840605164656067,
    "angle_last": 0.09837359307735212,
    "angle_target": 0.06841854172401289,
    "angle_final": 0.009840605164656067,
    "delta": 0.25,
    "agent": "only_traj",
    "steer_traj": 0.012588379674215446,
    "throttle_traj": 0.0,
    "brake_traj": 0.0,
    "plan": [
        [
            0.04252856597304344,
            2.7510790824890137
        ],
        [
            0.230737566947937,
            5.934602737426758
        ],
        [
            0.4627402126789093,
            9.33523178100586
        ],
        [
            0.7985382080078125,
            12.784260749816895
        ],
        [
            1.2686249017715454,
            16.411882400512695
        ],
        [
            1.8062031269073486,
            19.863059997558594
        ]
    ]
}