{
    "speed": 4.839638160190352,
    "steer": 0.021846864372491837,
    "throttle": 0.75,
    "brake": 0.0,
    "wp_4": [
        1.0283384323120117,
        12.549806594848633
    ],
    "wp_3": [
        0.6262578368186951,
        9.254240989685059
    ],
    "wp_2": [
        0.3242049813270569,
        5.959604263305664
    ],
    "wp_1": [
        0.07496501505374908,
        2.8184518814086914
    ],
    "aim": [
        0.07496501505374908,
        2.8184518814086914
    ],
    "target": [
        4.6905382601120875,
        40.15368828472428
    ],
    "desired_speed": 6.646049213409424,
    "angle": 0.016928747812322967,
    "angle_last": 0.11059173902863405,
    "angle_target": 0.07403098627904717,
    "angle_final": 0.016928747812322967,
    "delta": 0.25,
    "agent": "only_traj",
    "steer_traj": 0.021846864734116598,
    "throttle_traj": 0.75,
    "brake_traj": 0.0,
    "plan": [
        [
            0.07496501505374908,
            2.8184518814086914
        ],
        [
            0.3242049813270569,
            5.959604263305664
        ],
        [
            0.6262578368186951,
            9.254240989685059
        ],
        [
            1.0283384323120117,
            12.549806594848633
        ],
        [
            1.5571508407592773,
            16.02586555480957
        ],
        [
            2.1309239864349365,
            19.295490264892578
        ]
    ]
}