{
    "speed": 4.86173797999986,
    "steer": 0.016233520582318306,
    "throttle": 0.75,
    "brake": 0.0,
    "wp_4": [
        0.8811770677566528,
        12.738704681396484
    ],
    "wp_3": [
        0.5302297472953796,
        9.353118896484375
    ],
    "wp_2": [
        0.2671729028224945,
        5.989798545837402
    ],
    "wp_1": [
        0.05706721171736717,
        2.8089590072631836
    ],
    "aim": [
        0.05706721171736717,
        2.8089590072631836
    ],
    "target": [
        4.305062442548651,
        39.486064002630386
    ],
    "desired_speed": 6.751338863372803,
    "angle": 0.012931872892013061,
    "angle_last": 0.10202766839231817,
    "angle_target": 0.06913591538211449,
    "angle_final": 0.012931872892013061,
    "delta": 0.25,
    "agent": "only_traj",
    "steer_traj": 0.01623352072229216,
    "throttle_traj": 0.75,
    "brake_traj": 0.0,
    "plan": [
        [
            0.05706721171736717,
            2.8089590072631836
        ],
        [
            0.2671729028224945,
            5.989798545837402
        ],
        [
            0.5302297472953796,
            9.353118896484375
        ],
        [
            0.8811770677566528,
            12.738704681396484
        ],
        [
            1.3784409761428833,
            16.269033432006836
        ],
        [
            1.912725806236267,
            19.574207305908203
        ]
    ]
}