{
    "speed": 4.960929294542852,
    "steer": 0.023802796378731728,
    "throttle": 0.75,
    "brake": 0.0,
    "wp_4": [
        1.3572254180908203,
        13.742903709411621
    ],
    "wp_3": [
        0.8213251829147339,
        10.263492584228516
    ],
    "wp_2": [
        0.4255695939064026,
        6.690493583679199
    ],
    "wp_1": [
        0.09483525156974792,
        3.218320608139038
    ],
    "aim": [
        0.09483525156974792,
        3.218320608139038
    ],
    "target": [
        4.25879673011988,
        37.626236854373715
    ],
    "desired_speed": 7.071448516845704,
    "angle": 0.018754077922513487,
    "angle_last": 0.11742769591394592,
    "angle_target": 0.07175164201375309,
    "angle_final": 0.018754077922513487,
    "delta": 0.25,
    "agent": "only_traj",
    "steer_traj": 0.02380279612465553,
    "throttle_traj": 0.75,
    "brake_traj": 0.0,
    "plan": [
        [
            0.09483525156974792,
            3.218320608139038
        ],
        [
            0.4255695939064026,
            6.690493583679199
        ],
        [
            0.8213251829147339,
            10.263492584228516
        ],
        [
            1.3572254180908203,
            13.742903709411621
        ],
        [
            1.939943790435791,
            17.367265701293945
        ],
        [
            2.5643725395202637,
            20.714048385620117
        ]
    ]
}