{
    "speed": 5.102504791339974,
    "steer": 0.012861045077443123,
    "throttle": 0.0,
    "brake": 0.0,
    "wp_4": [
        0.7953677177429199,
        13.106903076171875
    ],
    "wp_3": [
        0.46918985247612,
        9.622978210449219
    ],
    "wp_2": [
        0.23482400178909302,
        6.1545281410217285
    ],
    "wp_1": [
        0.04532479867339134,
        2.8835837841033936
    ],
    "aim": [
        0.04532479867339134,
        2.8835837841033936
    ],
    "target": [
        3.739396259068138,
        38.171541274093215
    ],
    "desired_speed": 6.9387747764587395,
    "angle": 0.010005668069598043,
    "angle_last": 0.09514868131523521,
    "angle_target": 0.06216678238487255,
    "angle_final": 0.010005668069598043,
    "delta": 0.25,
    "agent": "only_traj",
    "steer_traj": 0.012861045094750589,
    "throttle_traj": 0.0,
    "brake_traj": 0.0,
    "plan": [
        [
            0.04532479867339134,
            2.8835837841033936
        ],
        [
            0.23482400178909302,
            6.1545281410217285
        ],
        [
            0.46918985247612,
            9.622978210449219
        ],
        [
            0.7953677177429199,
            13.106903076171875
        ],
        [
            1.2593967914581299,
            16.735952377319336
        ],
        [
            1.7710871696472168,
            20.134035110473633
        ]
    ]
}