{
    "speed": 5.207059066541949,
    "steer": 0.015515019185841084,
    "throttle": 0.0,
    "brake": 0.0,
    "wp_4": [
        0.8485449552536011,
        13.291158676147461
    ],
    "wp_3": [
        0.5147628784179688,
        9.797906875610352
    ],
    "wp_2": [
        0.2582073509693146,
        6.294185638427734
    ],
    "wp_1": [
        0.04655137285590172,
        2.9730305671691895
    ],
    "aim": [
        0.04655137285590172,
        2.9730305671691895
    ],
    "target": [
        3.518110223428811,
        37.84803058572665
    ],
    "desired_speed": 6.973077297210693,
    "angle": 0.009967343119255194,
    "angle_last": 0.09377679987494275,
    "angle_target": 0.059006535448144326,
    "angle_final": 0.009967343119255194,
    "delta": 0.25,
    "agent": "only_traj",
    "steer_traj": 0.015515018972552672,
    "throttle_traj": 0.0,
    "brake_traj": 0.0,
    "plan": [
        [
            0.04655137285590172,
            2.9730305671691895
        ],
        [
            0.2582073509693146,
            6.294185638427734
        ],
        [
            0.5147628784179688,
            9.797906875610352
        ],
        [
            0.8485449552536011,
            13.291158676147461
        ],
        [
            1.3179576396942139,
            16.91926383972168
        ],
        [
            1.820533275604248,
            20.306371688842773
        ]
    ]
}