{
    "speed": 5.116334612803307,
    "steer": 0.012415550649166107,
    "throttle": 0.0,
    "brake": 0.0,
    "wp_4": [
        0.643501877784729,
        12.108333587646484
    ],
    "wp_3": [
        0.3666636645793915,
        8.798713684082031
    ],
    "wp_2": [
        0.17777574062347412,
        5.588537216186523
    ],
    "wp_1": [
        0.02832331880927086,
        2.5868520736694336
    ],
    "aim": [
        0.02832331880927086,
        2.5868520736694336
    ],
    "target": [
        4.220508936766978,
        38.60782520162848
    ],
    "desired_speed": 6.602046775817872,
    "angle": 0.006970028438481265,
    "angle_last": 0.09143374142566528,
    "angle_target": 0.06931839822781173,
    "angle_final": 0.006970028438481265,
    "delta": 0.25,
    "agent": "only_traj",
    "steer_traj": 0.012415550275004739,
    "throttle_traj": 0.0,
    "brake_traj": 0.0,
    "plan": [
        [
            0.02832331880927086,
            2.5868520736694336
        ],
        [
            0.17777574062347412,
            5.588537216186523
        ],
        [
            0.3666636645793915,
            8.798713684082031
        ],
        [
            0.643501877784729,
            12.108333587646484
        ],
        [
            1.0829288959503174,
            15.615478515625
        ],
        [
            1.5736147165298462,
            19.008420944213867
        ]
    ]
}