{
    "speed": 4.998101156736394,
    "steer": 0.015447179786860943,
    "throttle": 0.75,
    "brake": 0.0,
    "wp_4": [
        0.6587099432945251,
        11.93733024597168
    ],
    "wp_3": [
        0.3966244161128998,
        8.712137222290039
    ],
    "wp_2": [
        0.2005879282951355,
        5.574723243713379
    ],
    "wp_1": [
        0.0364699624478817,
        2.605746030807495
    ],
    "aim": [
        0.0364699624478817,
        2.605746030807495
    ],
    "target": [
        3.4455727441336284,
        37.937756003566335
    ],
    "desired_speed": 6.43344030380249,
    "angle": 0.008909498598801774,
    "angle_last": 0.08231202378911325,
    "angle_target": 0.0576607183593774,
    "angle_final": 0.008909498598801774,
    "delta": 0.25,
    "agent": "only_traj",
    "steer_traj": 0.015447179541577595,
    "throttle_traj": 0.75,
    "brake_traj": 0.0,
    "plan": [
        [
            0.0364699624478817,
            2.605746030807495
        ],
        [
            0.2005879282951355,
            5.574723243713379
        ],
        [
            0.3966244161128998,
            8.712137222290039
        ],
        [
            0.6587099432945251,
            11.93733024597168
        ],
        [
            1.0865163803100586,
            15.338763236999512
        ],
        [
            1.5123262405395508,
            18.61370086669922
        ]
    ]
}