{
    "speed": 4.9323347505413695,
    "steer": 0.01794852688908577,
    "throttle": 0.75,
    "brake": 0.0,
    "wp_4": [
        0.7450817823410034,
        12.01435661315918
    ],
    "wp_3": [
        0.4659702181816101,
        8.78044319152832
    ],
    "wp_2": [
        0.2316676676273346,
        5.623196601867676
    ],
    "wp_1": [
        0.048306550830602646,
        2.622483730316162
    ],
    "aim": [
        0.048306550830602646,
        2.622483730316162
    ],
    "target": [
        4.5378930632821435,
        37.44918336932392
    ],
    "desired_speed": 6.4352672576904295,
    "angle": 0.01172528202963492,
    "angle_last": 0.09265399266638344,
    "angle_target": 0.0767679258725712,
    "angle_final": 0.01172528202963492,
    "delta": 0.25,
    "agent": "only_traj",
    "steer_traj": 0.01794852715055143,
    "throttle_traj": 0.75,
    "brake_traj": 0.0,
    "plan": [
        [
            0.048306550830602646,
            2.622483730316162
        ],
        [
            0.2316676676273346,
            5.623196601867676
        ],
        [
            0.4659702181816101,
            8.78044319152832
        ],
        [
            0.7450817823410034,
            12.01435661315918
        ],
        [
            1.2050228118896484,
            15.38373851776123
        ],
        [
            1.6791698932647705,
            18.61853790283203
        ]
    ]
}