{
    "speed": 4.878850203436778,
    "steer": 0.016146250069141388,
    "throttle": 0.75,
    "brake": 0.0,
    "wp_4": [
        0.6435438990592957,
        11.849546432495117
    ],
    "wp_3": [
        0.3995453715324402,
        8.658822059631348
    ],
    "wp_2": [
        0.20132562518119812,
        5.547922134399414
    ],
    "wp_1": [
        0.0435258112847805,
        2.5939550399780273
    ],
    "aim": [
        0.0435258112847805,
        2.5939550399780273
    ],
    "target": [
        3.788049899537021,
        37.13577693407755
    ],
    "desired_speed": 6.340256595611573,
    "angle": 0.01068132556049386,
    "angle_last": 0.07905660384870362,
    "angle_target": 0.06471482121306298,
    "angle_final": 0.01068132556049386,
    "delta": 0.25,
    "agent": "only_traj",
    "steer_traj": 0.016146249403128404,
    "throttle_traj": 0.75,
    "brake_traj": 0.0,
    "plan": [
        [
            0.0435258112847805,
            2.5939550399780273
        ],
        [
            0.20132562518119812,
            5.547922134399414
        ],
        [
            0.3995453715324402,
            8.658822059631348
        ],
        [
            0.6435438990592957,
            11.849546432495117
        ],
        [
            1.0589754581451416,
            15.18600082397461
        ],
        [
            1.456946611404419,
            18.37425422668457
        ]
    ]
}