{
    "speed": 4.905344848308231,
    "steer": 0.017258163541555405,
    "throttle": 0.75,
    "brake": 0.0,
    "wp_4": [
        0.6550252437591553,
        11.612627029418945
    ],
    "wp_3": [
        0.411938339471817,
        8.516315460205078
    ],
    "wp_2": [
        0.20801696181297302,
        5.501528263092041
    ],
    "wp_1": [
        0.046319421380758286,
        2.6055941581726074
    ],
    "aim": [
        0.046319421380758286,
        2.6055941581726074
    ],
    "target": [
        4.015543595590343,
        36.831066764461355
    ],
    "desired_speed": 6.176468467712402,
    "angle": 0.011315926025378823,
    "angle_last": 0.08375888552829429,
    "angle_target": 0.06913503683971813,
    "angle_final": 0.011315926025378823,
    "delta": 0.25,
    "agent": "only_traj",
    "steer_traj": 0.01725816435723632,
    "throttle_traj": 0.75,
    "brake_traj": 0.0,
    "plan": [
        [
            0.046319421380758286,
            2.6055941581726074
        ],
        [
            0.20801696181297302,
            5.501528263092041
        ],
        [
            0.411938339471817,
            8.516315460205078
        ],
        [
            0.6550252437591553,
            11.612627029418945
        ],
        [
            1.0904958248138428,
            14.849395751953125
        ],
        [
            1.503383994102478,
            17.96947479248047
        ]
    ]
}