{
    "speed": 5.0064777388009345,
    "steer": 0.017062608152627945,
    "throttle": 0.0,
    "brake": 0.0,
    "wp_4": [
        0.695518970489502,
        11.878058433532715
    ],
    "wp_3": [
        0.4414639174938202,
        8.753730773925781
    ],
    "wp_2": [
        0.21526837348937988,
        5.673525810241699
    ],
    "wp_1": [
        0.04746710881590843,
        2.699113368988037
    ],
    "aim": [
        0.04746710881590843,
        2.699113368988037
    ],
    "target": [
        4.531139803074379,
        36.7714377155845
    ],
    "desired_speed": 6.250672912597656,
    "angle": 0.011194576331124927,
    "angle_last": 0.08169814156471067,
    "angle_target": 0.07805363938692389,
    "angle_final": 0.011194576331124927,
    "delta": 0.25,
    "agent": "only_traj",
    "steer_traj": 0.017062607503562387,
    "throttle_traj": 0.0,
    "brake_traj": 0.0,
    "plan": [
        [
            0.04746710881590843,
            2.699113368988037
        ],
        [
            0.21526837348937988,
            5.673525810241699
        ],
        [
            0.4414639174938202,
            8.753730773925781
        ],
        [
            0.695518970489502,
            11.878058433532715
        ],
        [
            1.124352216720581,
            15.133563995361328
        ],
        [
            1.5263056755065918,
            18.248510360717773
        ]
    ]
}