{
    "speed": 5.119858945409469,
    "steer": 0.016285572201013565,
    "throttle": 0.0,
    "brake": 0.0,
    "wp_4": [
        0.7327691912651062,
        12.546012878417969
    ],
    "wp_3": [
        0.4537960886955261,
        9.26658821105957
    ],
    "wp_2": [
        0.22750243544578552,
        5.993063926696777
    ],
    "wp_1": [
        0.04614042863249779,
        2.846066474914551
    ],
    "aim": [
        0.04614042863249779,
        2.846066474914551
    ],
    "target": [
        3.8836790796224214,
        36.831829239599145
    ],
    "desired_speed": 6.542414379119872,
    "angle": 0.010320008553400185,
    "angle_last": 0.08011482782411093,
    "angle_target": 0.0668803176752912,
    "angle_final": 0.010320008553400185,
    "delta": 0.25,
    "agent": "only_traj",
    "steer_traj": 0.01628557245559197,
    "throttle_traj": 0.0,
    "brake_traj": 0.0,
    "plan": [
        [
            0.04614042863249779,
            2.846066474914551
        ],
        [
            0.22750243544578552,
            5.993063926696777
        ],
        [
            0.4537960886955261,
            9.26658821105957
        ],
        [
            0.7327691912651062,
            12.546012878417969
        ],
        [
            1.1594839096069336,
            15.931008338928223
        ],
        [
            1.563561201095581,
            19.124975204467773
        ]
    ]
}