{
    "speed": 5.073106887071638,
    "steer": 0.018659044057130814,
    "throttle": 0.0,
    "brake": 0.0,
    "wp_4": [
        0.9320462942123413,
        12.369357109069824
    ],
    "wp_3": [
        0.5666066408157349,
        9.1890230178833
    ],
    "wp_2": [
        0.2802444398403168,
        5.9733991622924805
    ],
    "wp_1": [
        0.057366903871297836,
        2.8492977619171143
    ],
    "aim": [
        0.057366903871297836,
        2.8492977619171143
    ],
    "target": [
        4.229541262338241,
        35.537177909924516
    ],
    "desired_speed": 6.479268741607665,
    "angle": 0.012815759676122843,
    "angle_last": 0.10041969007971562,
    "angle_target": 0.07541405937143986,
    "angle_final": 0.012815759676122843,
    "delta": 0.25,
    "agent": "only_traj",
    "steer_traj": 0.018659044693742393,
    "throttle_traj": 0.0,
    "brake_traj": 0.0,
    "plan": [
        [
            0.057366903871297836,
            2.8492977619171143
        ],
        [
            0.2802444398403168,
            5.9733991622924805
        ],
        [
            0.5666066408157349,
            9.1890230178833
        ],
        [
            0.9320462942123413,
            12.369357109069824
        ],
        [
            1.42111337184906,
            15.702529907226562
        ],
        [
            1.934415340423584,
            18.92962074279785
        ]
    ]
}