{
    "speed": 4.966655259341147,
    "steer": 0.014012787491083145,
    "throttle": 0.75,
    "brake": 0.0,
    "wp_4": [
        0.623753547668457,
        11.859359741210938
    ],
    "wp_3": [
        0.37030139565467834,
        8.731033325195312
    ],
    "wp_2": [
        0.18137511610984802,
        5.639481067657471
    ],
    "wp_1": [
        0.03981160745024681,
        2.670576333999634
    ],
    "aim": [
        0.03981160745024681,
        2.670576333999634
    ],
    "target": [
        3.4080487355283524,
        36.827986996836124
    ],
    "desired_speed": 6.282883548736573,
    "angle": 0.009489685223298969,
    "angle_last": 0.07903247051363624,
    "angle_target": 0.05874525710596068,
    "angle_final": 0.009489685223298969,
    "delta": 0.25,
    "agent": "only_traj",
    "steer_traj": 0.014012787166500066,
    "throttle_traj": 0.75,
    "brake_traj": 0.0,
    "plan": [
        [
            0.03981160745024681,
            2.670576333999634
        ],
        [
            0.18137511610984802,
            5.639481067657471
        ],
        [
            0.37030139565467834,
            8.731033325195312
        ],
        [
            0.623753547668457,
            11.859359741210938
        ],
        [
            1.031542420387268,
            15.148885726928711
        ],
        [
            1.4258427619934082,
            18.30870819091797
        ]
    ]
}