{
    "speed": 4.783640545324046,
    "steer": 0.01810244470834732,
    "throttle": 0.75,
    "brake": 0.0,
    "wp_4": [
        0.7443907260894775,
        11.883783340454102
    ],
    "wp_3": [
        0.45825880765914917,
        8.827005386352539
    ],
    "wp_2": [
        0.22487297654151917,
        5.76497745513916
    ],
    "wp_1": [
        0.051629599183797836,
        2.766575336456299
    ],
    "aim": [
        0.051629599183797836,
        2.766575336456299
    ],
    "target": [
        3.428281054544825,
        35.23921675670233
    ],
    "desired_speed": 6.172607231140137,
    "angle": 0.01187918895893254,
    "angle_last": 0.07979540264392666,
    "angle_target": 0.061739875087800426,
    "angle_final": 0.01187918895893254,
    "delta": 0.25,
    "agent": "only_traj",
    "steer_traj": 0.01810244546349767,
    "throttle_traj": 0.75,
    "brake_traj": 0.0,
    "plan": [
        [
            0.051629599183797836,
            2.766575336456299
        ],
        [
            0.22487297654151917,
            5.76497745513916
        ],
        [
            0.45825880765914917,
            8.827005386352539
        ],
        [
            0.7443907260894775,
            11.883783340454102
        ],
        [
            1.1658457517623901,
            15.04609489440918
        ],
        [
            1.5529892444610596,
            18.118593215942383
        ]
    ]
}