{
    "speed": 4.797487392471936,
    "steer": 0.016086870804429054,
    "throttle": 0.75,
    "brake": 0.0,
    "wp_4": [
        0.5819616913795471,
        11.560751914978027
    ],
    "wp_3": [
        0.36199629306793213,
        8.505960464477539
    ],
    "wp_2": [
        0.1793408989906311,
        5.512726306915283
    ],
    "wp_1": [
        0.044898953288793564,
        2.627680778503418
    ],
    "aim": [
        0.044898953288793564,
        2.627680778503418
    ],
    "target": [
        3.2637215720218777,
        36.16200767891336
    ],
    "desired_speed": 6.109960556030273,
    "angle": 0.01087682075273778,
    "angle_last": 0.0718743563724721,
    "angle_target": 0.05730145390076683,
    "angle_final": 0.01087682075273778,
    "delta": 0.25,
    "agent": "only_traj",
    "steer_traj": 0.016086870868987677,
    "throttle_traj": 0.75,
    "brake_traj": 0.0,
    "plan": [
        [
            0.044898953288793564,
            2.627680778503418
        ],
        [
            0.1793408989906311,
            5.512726306915283
        ],
        [
            0.36199629306793213,
            8.505960464477539
        ],
        [
            0.5819616913795471,
            11.560751914978027
        ],
        [
            0.9673060178756714,
            14.758527755737305
        ],
        [
            1.3170387744903564,
            17.843076705932617
        ]
    ]
}