{
    "speed": 4.891830950463788,
    "steer": 0.02247634157538414,
    "throttle": 0.75,
    "brake": 0.0,
    "wp_4": [
        1.1044667959213257,
        12.784309387207031
    ],
    "wp_3": [
        0.6827389001846313,
        9.532822608947754
    ],
    "wp_2": [
        0.35130774974823,
        6.211977005004883
    ],
    "wp_1": [
        0.07687461376190186,
        2.971834659576416
    ],
    "aim": [
        0.07687461376190186,
        2.971834659576416
    ],
    "target": [
        3.5033972234660182,
        34.75663905070155
    ],
    "desired_speed": 6.675553321838379,
    "angle": 0.01646421905777132,
    "angle_last": 0.10476285559094516,
    "angle_target": 0.06395394270987631,
    "angle_final": 0.01646421905777132,
    "delta": 0.25,
    "agent": "only_traj",
    "steer_traj": 0.022476342082805356,
    "throttle_traj": 0.75,
    "brake_traj": 0.0,
    "plan": [
        [
            0.07687461376190186,
            2.971834659576416
        ],
        [
            0.35130774974823,
            6.211977005004883
        ],
        [
            0.6827389001846313,
            9.532822608947754
        ],
        [
            1.1044667959213257,
            12.784309387207031
        ],
        [
            1.6080321073532104,
            16.2117862701416
        ],
        [
            2.1579413414001465,
            19.523239135742188
        ]
    ]
}