{
    "speed": 5.030900012106551,
    "steer": 0.013611006550490856,
    "throttle": 0.0,
    "brake": 0.0,
    "wp_4": [
        0.845092236995697,
        13.051485061645508
    ],
    "wp_3": [
        0.5031772255897522,
        9.672760009765625
    ],
    "wp_2": [
        0.2531820833683014,
        6.235112190246582
    ],
    "wp_1": [
        0.044386353343725204,
        2.95721435546875
    ],
    "aim": [
        0.044386353343725204,
        2.95721435546875
    ],
    "target": [
        3.7183762971917775,
        36.74084507566464
    ],
    "desired_speed": 6.835070228576659,
    "angle": 0.009554647911404868,
    "angle_last": 0.09558346080140191,
    "angle_target": 0.06421080250889083,
    "angle_final": 0.009554647911404868,
    "delta": 0.25,
    "agent": "only_traj",
    "steer_traj": 0.013611006980398372,
    "throttle_traj": 0.0,
    "brake_traj": 0.0,
    "plan": [
        [
            0.044386353343725204,
            2.95721435546875
        ],
        [
            0.2531820833683014,
            6.235112190246582
        ],
        [
            0.5031772255897522,
            9.672760009765625
        ],
        [
            0.845092236995697,
            13.051485061645508
        ],
        [
            1.3000646829605103,
            16.603103637695312
        ],
        [
            1.8056085109710693,
            19.944866180419922
        ]
    ]
}