{
    "speed": 5.164719253147252,
    "steer": 0.024786004796624184,
    "throttle": 0.0,
    "brake": 0.0,
    "wp_4": [
        1.289876937866211,
        13.942484855651855
    ],
    "wp_3": [
        0.784598708152771,
        10.48542594909668
    ],
    "wp_2": [
        0.4154050350189209,
        6.906499862670898
    ],
    "wp_1": [
        0.09441947937011719,
        3.3466553688049316
    ],
    "aim": [
        0.09441947937011719,
        3.3466553688049316
    ],
    "target": [
        3.213579222119514,
        34.39542066036756
    ],
    "desired_speed": 7.155395412445068,
    "angle": 0.01795623593646522,
    "angle_last": 0.10546575794753026,
    "angle_target": 0.05930749422159162,
    "angle_final": 0.01795623593646522,
    "delta": 0.25,
    "agent": "only_traj",
    "steer_traj": 0.02478600470159102,
    "throttle_traj": 0.0,
    "brake_traj": 0.0,
    "plan": [
        [
            0.09441947937011719,
            3.3466553688049316
        ],
        [
            0.4154050350189209,
            6.906499862670898
        ],
        [
            0.784598708152771,
            10.48542594909668
        ],
        [
            1.289876937866211,
            13.942484855651855
        ],
        [
            1.8124665021896362,
            17.56598663330078
        ],
        [
            2.3997881412506104,
            21.07872772216797
        ]
    ]
}