{
    "speed": 4.975020794984814,
    "steer": 0.02101271227002144,
    "throttle": 0.75,
    "brake": 0.0,
    "wp_4": [
        1.0315440893173218,
        12.382275581359863
    ],
    "wp_3": [
        0.623488187789917,
        9.176676750183105
    ],
    "wp_2": [
        0.3176743686199188,
        5.934807777404785
    ],
    "wp_1": [
        0.06236117705702782,
        2.8172965049743652
    ],
    "aim": [
        0.06236117705702782,
        2.8172965049743652
    ],
    "target": [
        3.493748064849223,
        34.21903615848234
    ],
    "desired_speed": 6.573970603942871,
    "angle": 0.014089362283357889,
    "angle_last": 0.10631771021000318,
    "angle_target": 0.06477413678100097,
    "angle_final": 0.014089362283357889,
    "delta": 0.25,
    "agent": "only_traj",
    "steer_traj": 0.021012712229211944,
    "throttle_traj": 0.75,
    "brake_traj": 0.0,
    "plan": [
        [
            0.06236117705702782,
            2.8172965049743652
        ],
        [
            0.3176743686199188,
            5.934807777404785
        ],
        [
            0.623488187789917,
            9.176676750183105
        ],
        [
            1.0315440893173218,
            12.382275581359863
        ],
        [
            1.5389807224273682,
            15.793872833251953
        ],
        [
            2.0991902351379395,
            19.117107391357422
        ]
    ]
}