{
    "speed": 4.8905600574757395,
    "steer": 0.014162749983370304,
    "throttle": 0.75,
    "brake": 0.0,
    "wp_4": [
        0.6927782297134399,
        11.874236106872559
    ],
    "wp_3": [
        0.3988777995109558,
        8.69632339477539
    ],
    "wp_2": [
        0.1958865225315094,
        5.5675530433654785
    ],
    "wp_1": [
        0.03666886314749718,
        2.60312557220459
    ],
    "aim": [
        0.03666886314749718,
        2.60312557220459
    ],
    "target": [
        3.9196221005582697,
        35.40262581530359
    ],
    "desired_speed": 6.393266010284424,
    "angle": 0.008967099860802215,
    "angle_last": 0.09442415002627842,
    "angle_target": 0.07019782934370335,
    "angle_final": 0.008967099860802215,
    "delta": 0.25,
    "agent": "only_traj",
    "steer_traj": 0.014162749661552003,
    "throttle_traj": 0.75,
    "brake_traj": 0.0,
    "plan": [
        [
            0.03666886314749718,
            2.60312557220459
        ],
        [
            0.1958865225315094,
            5.5675530433654785
        ],
        [
            0.3988777995109558,
            8.69632339477539
        ],
        [
            0.6927782297134399,
            11.874236106872559
        ],
        [
            1.146062970161438,
            15.246538162231445
        ],
        [
            1.6315151453018188,
            18.4954833984375
        ]
    ]
}