{
    "speed": 4.828448736080433,
    "steer": 0.019457682967185974,
    "throttle": 0.75,
    "brake": 0.0,
    "wp_4": [
        0.7965821027755737,
        12.181036949157715
    ],
    "wp_3": [
        0.4859611392021179,
        8.980728149414062
    ],
    "wp_2": [
        0.24757975339889526,
        5.792867660522461
    ],
    "wp_1": [
        0.05359363183379173,
        2.7393593788146973
    ],
    "aim": [
        0.05359363183379173,
        2.7393593788146973
    ],
    "target": [
        3.454029209928791,
        34.344217123713406
    ],
    "desired_speed": 6.427526569366455,
    "angle": 0.012453456086149058,
    "angle_last": 0.08752254743394364,
    "angle_target": 0.0638108692809228,
    "angle_final": 0.012453456086149058,
    "delta": 0.25,
    "agent": "only_traj",
    "steer_traj": 0.01945768306087514,
    "throttle_traj": 0.75,
    "brake_traj": 0.0,
    "plan": [
        [
            0.05359363183379173,
            2.7393593788146973
        ],
        [
            0.24757975339889526,
            5.792867660522461
        ],
        [
            0.4859611392021179,
            8.980728149414062
        ],
        [
            0.7965821027755737,
            12.181036949157715
        ],
        [
            1.2466710805892944,
            15.521736145019531
        ],
        [
            1.6888082027435303,
            18.717456817626953
        ]
    ]
}