{
    "speed": 4.849712999014097,
    "steer": 0.018129082396626472,
    "throttle": 0.75,
    "brake": 0.0,
    "wp_4": [
        0.8419768810272217,
        12.546964645385742
    ],
    "wp_3": [
        0.5210334062576294,
        9.233023643493652
    ],
    "wp_2": [
        0.26280978322029114,
        5.939931392669678
    ],
    "wp_1": [
        0.05323460325598717,
        2.7947425842285156
    ],
    "aim": [
        0.05323460325598717,
        2.7947425842285156
    ],
    "target": [
        3.693654273104511,
        33.660754213128676
    ],
    "desired_speed": 6.632981872558593,
    "angle": 0.012124923987071445,
    "angle_last": 0.09082547513458027,
    "angle_target": 0.06957903955909654,
    "angle_final": 0.012124923987071445,
    "delta": 0.25,
    "agent": "only_traj",
    "steer_traj": 0.01812908320126072,
    "throttle_traj": 0.75,
    "brake_traj": 0.0,
    "plan": [
        [
            0.05323460325598717,
            2.7947425842285156
        ],
        [
            0.26280978322029114,
            5.939931392669678
        ],
        [
            0.5210334062576294,
            9.233023643493652
        ],
        [
            0.8419768810272217,
            12.546964645385742
        ],
        [
            1.305241346359253,
            15.998953819274902
        ],
        [
            1.7765427827835083,
            19.279985427856445
        ]
    ]
}