{
    "speed": 5.0898516620061995,
    "steer": 0.014630272053182125,
    "throttle": 0.0,
    "brake": 0.0,
    "wp_4": [
        0.7924433946609497,
        13.219572067260742
    ],
    "wp_3": [
        0.4641021490097046,
        9.765493392944336
    ],
    "wp_2": [
        0.23764903843402863,
        6.266546249389648
    ],
    "wp_1": [
        0.039263766258955,
        2.960742473602295
    ],
    "aim": [
        0.039263766258955,
        2.960742473602295
    ],
    "target": [
        3.02989242501173,
        34.307184176432976
    ],
    "desired_speed": 6.960447311401367,
    "angle": 0.00844201009560979,
    "angle_last": 0.0931831046540871,
    "angle_target": 0.05607856833891807,
    "angle_final": 0.00844201009560979,
    "delta": 0.25,
    "agent": "only_traj",
    "steer_traj": 0.014630271841371147,
    "throttle_traj": 0.0,
    "brake_traj": 0.0,
    "plan": [
        [
            0.039263766258955,
            2.960742473602295
        ],
        [
            0.23764903843402863,
            6.266546249389648
        ],
        [
            0.4641021490097046,
            9.765493392944336
        ],
        [
            0.7924433946609497,
            13.219572067260742
        ],
        [
            1.2370754480361938,
            16.855979919433594
        ],
        [
            1.740250587463379,
            20.2690486907959
        ]
    ]
}