{
    "speed": 5.2165304792852085,
    "steer": 0.0674874484539032,
    "throttle": 0.0,
    "brake": 0.0,
    "wp_4": [
        1.1574718952178955,
        13.976339340209961
    ],
    "wp_3": [
        0.7002317905426025,
        10.446962356567383
    ],
    "wp_2": [
        0.35762733221054077,
        6.812603950500488
    ],
    "wp_1": [
        0.5457536578178406,
        3.123852252960205
    ],
    "aim": [
        0.5457536578178406,
        3.123852252960205
    ],
    "target": [
        2.9468660642323297,
        32.77196152349151
    ],
    "desired_speed": 7.28285779953003,
    "angle": 0.11010960356422192,
    "angle_last": 0.10452850421142296,
    "angle_target": 0.05709152513611905,
    "angle_final": 0.05709152513611905,
    "delta": 0.25,
    "agent": "only_traj",
    "steer_traj": 0.06748744682619515,
    "throttle_traj": 0.0,
    "brake_traj": 0.0,
    "plan": [
        [
            0.5457536578178406,
            3.123852252960205
        ],
        [
            0.35762733221054077,
            6.812603950500488
        ],
        [
            0.7002317905426025,
            10.446962356567383
        ],
        [
            1.1574718952178955,
            13.976339340209961
        ],
        [
            1.676539421081543,
            17.6726131439209
        ],
        [
            2.2603580951690674,
            21.1962890625
        ]
    ]
}