{
    "speed": 5.0735309478937625,
    "steer": 0.04936418682336807,
    "throttle": 0.0,
    "brake": 0.0,
    "wp_4": [
        0.7718034386634827,
        12.318686485290527
    ],
    "wp_3": [
        0.46565037965774536,
        9.059110641479492
    ],
    "wp_2": [
        0.23546215891838074,
        5.823113441467285
    ],
    "wp_1": [
        0.5351660847663879,
        2.5886576175689697
    ],
    "aim": [
        0.5351660847663879,
        2.5886576175689697
    ],
    "target": [
        2.670917361994237,
        32.016768734242305
    ],
    "desired_speed": 6.632760715484618,
    "angle": 0.12978320455853587,
    "angle_last": 0.08939060417194214,
    "angle_target": 0.052985695313979196,
    "angle_final": 0.052985695313979196,
    "delta": 0.25,
    "agent": "only_traj",
    "steer_traj": 0.049364186478517015,
    "throttle_traj": 0.0,
    "brake_traj": 0.0,
    "plan": [
        [
            0.5351660847663879,
            2.5886576175689697
        ],
        [
            0.23546215891838074,
            5.823113441467285
        ],
        [
            0.46565037965774536,
            9.059110641479492
        ],
        [
            0.7718034386634827,
            12.318686485290527
        ],
        [
            1.2171640396118164,
            15.753511428833008
        ],
        [
            1.6862765550613403,
            19.072439193725586
        ]
    ]
}