{
    "speed": 4.9746345093102775,
    "steer": 0.003189623588696122,
    "throttle": 0.75,
    "brake": 0.0,
    "wp_4": [
        0.6350162029266357,
        11.921903610229492
    ],
    "wp_3": [
        0.37760183215141296,
        8.698946952819824
    ],
    "wp_2": [
        0.1886213719844818,
        5.5643630027771
    ],
    "wp_1": [
        0.0323021374642849,
        2.601860284805298
    ],
    "aim": [
        0.0323021374642849,
        2.601860284805298
    ],
    "target": [
        2.9527510917445934,
        31.80862984027489
    ],
    "desired_speed": 6.439534854888915,
    "angle": 0.00790325995207734,
    "angle_last": 0.08307116136986478,
    "angle_target": 0.05892765686947372,
    "angle_final": 0.00790325995207734,
    "delta": 0.25,
    "agent": "only_traj",
    "steer_traj": 0.003189623565307189,
    "throttle_traj": 0.75,
    "brake_traj": 0.0,
    "plan": [
        [
            0.0323021374642849,
            2.601860284805298
        ],
        [
            0.1886213719844818,
            5.5643630027771
        ],
        [
            0.37760183215141296,
            8.698946952819824
        ],
        [
            0.6350162029266357,
            11.921903610229492
        ],
        [
            1.0613529682159424,
            15.315995216369629
        ],
        [
            1.4956806898117065,
            18.625572204589844
        ]
    ]
}