{
    "speed": 4.911787903169653,
    "steer": 0.01783803477883339,
    "throttle": 0.75,
    "brake": 0.0,
    "wp_4": [
        0.6069232821464539,
        12.590417861938477
    ],
    "wp_3": [
        0.3781954050064087,
        9.228262901306152
    ],
    "wp_2": [
        0.1971588432788849,
        5.908758163452148
    ],
    "wp_1": [
        0.03952762112021446,
        2.765188694000244
    ],
    "aim": [
        0.03952762112021446,
        2.765188694000244
    ],
    "target": [
        1.943838763168513,
        31.786287232551842
    ],
    "desired_speed": 6.665190315246582,
    "angle": 0.00909968142169124,
    "angle_last": 0.06636520167893059,
    "angle_target": 0.03888302557797667,
    "angle_final": 0.00909968142169124,
    "delta": 0.25,
    "agent": "only_traj",
    "steer_traj": 0.01783803555178709,
    "throttle_traj": 0.75,
    "brake_traj": 0.0,
    "plan": [
        [
            0.03952762112021446,
            2.765188694000244
        ],
        [
            0.1971588432788849,
            5.908758163452148
        ],
        [
            0.3781954050064087,
            9.228262901306152
        ],
        [
            0.6069232821464539,
            12.590417861938477
        ],
        [
            0.9714068174362183,
            16.067800521850586
        ],
        [
            1.3173625469207764,
            19.374412536621094
        ]
    ]
}