{
    "speed": 4.860215708229715,
    "steer": 0.018177958205342293,
    "throttle": 0.75,
    "brake": 0.0,
    "wp_4": [
        0.5479896068572998,
        12.209779739379883
    ],
    "wp_3": [
        0.34730198979377747,
        8.93034553527832
    ],
    "wp_2": [
        0.18399515748023987,
        5.738946914672852
    ],
    "wp_1": [
        0.04184919223189354,
        2.700014591217041
    ],
    "aim": [
        0.04184919223189354,
        2.700014591217041
    ],
    "target": [
        2.4066121781951733,
        32.17324007143642
    ],
    "desired_speed": 6.507956027984619,
    "angle": 0.009866559883502117,
    "angle_last": 0.0674546927425384,
    "angle_target": 0.04753170459973498,
    "angle_final": 0.009866559883502117,
    "delta": 0.25,
    "agent": "only_traj",
    "steer_traj": 0.018177958414261775,
    "throttle_traj": 0.75,
    "brake_traj": 0.0,
    "plan": [
        [
            0.04184919223189354,
            2.700014591217041
        ],
        [
            0.18399515748023987,
            5.738946914672852
        ],
        [
            0.34730198979377747,
            8.93034553527832
        ],
        [
            0.5479896068572998,
            12.209779739379883
        ],
        [
            0.920652449131012,
            15.626678466796875
        ],
        [
            1.2706456184387207,
            18.917449951171875
        ]
    ]
}