{
    "speed": 4.887755025046781,
    "steer": 0.017797669395804405,
    "throttle": 0.75,
    "brake": 0.0,
    "wp_4": [
        0.5577566623687744,
        12.27632999420166
    ],
    "wp_3": [
        0.3579855263233185,
        8.986551284790039
    ],
    "wp_2": [
        0.18872463703155518,
        5.777290344238281
    ],
    "wp_1": [
        0.042020317167043686,
        2.717951536178589
    ],
    "aim": [
        0.042020317167043686,
        2.717951536178589
    ],
    "target": [
        2.7191919681951413,
        32.2317855469565
    ],
    "desired_speed": 6.494979572296142,
    "angle": 0.009841515856545403,
    "angle_last": 0.06840666933085662,
    "angle_target": 0.0535807102513358,
    "angle_final": 0.009841515856545403,
    "delta": 0.25,
    "agent": "only_traj",
    "steer_traj": 0.017797669133792316,
    "throttle_traj": 0.75,
    "brake_traj": 0.0,
    "plan": [
        [
            0.042020317167043686,
            2.717951536178589
        ],
        [
            0.18872463703155518,
            5.777290344238281
        ],
        [
            0.3579855263233185,
            8.986551284790039
        ],
        [
            0.5577566623687744,
            12.27632999420166
        ],
        [
            0.926687479019165,
            15.658063888549805
        ],
        [
            1.2766573429107666,
            18.90247917175293
        ]
    ]
}