{
    "speed": 4.9895899683920515,
    "steer": 0.020284753292798996,
    "throttle": 0.75,
    "brake": 0.0,
    "wp_4": [
        0.7392400503158569,
        12.737372398376465
    ],
    "wp_3": [
        0.46851035952568054,
        9.398120880126953
    ],
    "wp_2": [
        0.24664714932441711,
        6.051324844360352
    ],
    "wp_1": [
        0.0554288886487484,
        2.8640527725219727
    ],
    "aim": [
        0.0554288886487484,
        2.8640527725219727
    ],
    "target": [
        1.848110233834245,
        31.836928546313942
    ],
    "desired_speed": 6.652960681915284,
    "angle": 0.01231912903247214,
    "angle_last": 0.07849789437459657,
    "angle_target": 0.03691388258912537,
    "angle_final": 0.01231912903247214,
    "delta": 0.25,
    "agent": "only_traj",
    "steer_traj": 0.020284753031049443,
    "throttle_traj": 0.75,
    "brake_traj": 0.0,
    "plan": [
        [
            0.0554288886487484,
            2.8640527725219727
        ],
        [
            0.24664714932441711,
            6.051324844360352
        ],
        [
            0.46851035952568054,
            9.398120880126953
        ],
        [
            0.7392400503158569,
            12.737372398376465
        ],
        [
            1.1464686393737793,
            16.17477035522461
        ],
        [
            1.549096703529358,
            19.42352867126465
        ]
    ]
}