{
    "speed": 5.133138217024243,
    "steer": 0.024381212890148163,
    "throttle": 0.0,
    "brake": 0.0,
    "wp_4": [
        1.1455066204071045,
        13.806096076965332
    ],
    "wp_3": [
        0.7210791110992432,
        10.33221435546875
    ],
    "wp_2": [
        0.3781598210334778,
        6.762599945068359
    ],
    "wp_1": [
        0.08626377582550049,
        3.25992488861084
    ],
    "aim": [
        0.08626377582550049,
        3.25992488861084
    ],
    "target": [
        2.213807354633494,
        30.186915980771214
    ],
    "desired_speed": 7.038958740234376,
    "angle": 0.01684223208283614,
    "angle_last": 0.0955405823916124,
    "angle_target": 0.04660413245972872,
    "angle_final": 0.01684223208283614,
    "delta": 0.25,
    "agent": "only_traj",
    "steer_traj": 0.02438121305809552,
    "throttle_traj": 0.0,
    "brake_traj": 0.0,
    "plan": [
        [
            0.08626377582550049,
            3.25992488861084
        ],
        [
            0.3781598210334778,
            6.762599945068359
        ],
        [
            0.7210791110992432,
            10.33221435546875
        ],
        [
            1.1455066204071045,
            13.806096076965332
        ],
        [
            1.638667106628418,
            17.36351203918457
        ],
        [
            2.147812843322754,
            20.73061752319336
        ]
    ]
}