{
    "speed": 5.233987261834265,
    "steer": 0.014957868494093418,
    "throttle": 0.0,
    "brake": 0.0,
    "wp_4": [
        0.6539953351020813,
        13.127054214477539
    ],
    "wp_3": [
        0.41511934995651245,
        9.716967582702637
    ],
    "wp_2": [
        0.21471156179904938,
        6.263643741607666
    ],
    "wp_1": [
        0.043361496180295944,
        2.9753332138061523
    ],
    "aim": [
        0.043361496180295944,
        2.9753332138061523
    ],
    "target": [
        2.229574220817905,
        31.797802784529626
    ],
    "desired_speed": 6.824389553070068,
    "angle": 0.009277190449120794,
    "angle_last": 0.06949858890616932,
    "angle_target": 0.044565084234133266,
    "angle_final": 0.009277190449120794,
    "delta": 0.25,
    "agent": "only_traj",
    "steer_traj": 0.014957868575971422,
    "throttle_traj": 0.0,
    "brake_traj": 0.0,
    "plan": [
        [
            0.043361496180295944,
            2.9753332138061523
        ],
        [
            0.21471156179904938,
            6.263643741607666
        ],
        [
            0.41511934995651245,
            9.716967582702637
        ],
        [
            0.6539953351020813,
            13.127054214477539
        ],
        [
            1.0131008625030518,
            16.660648345947266
        ],
        [
            1.3768713474273682,
            19.979602813720703
        ]
    ]
}