{
    "speed": 5.147775712244376,
    "steer": 0.021206418052315712,
    "throttle": 0.0,
    "brake": 0.0,
    "wp_4": [
        0.6852142810821533,
        12.449267387390137
    ],
    "wp_3": [
        0.4495357275009155,
        9.193048477172852
    ],
    "wp_2": [
        0.23608867824077606,
        5.944781303405762
    ],
    "wp_1": [
        0.058190297335386276,
        2.825758934020996
    ],
    "aim": [
        0.058190297335386276,
        2.825758934020996
    ],
    "target": [
        1.7831057291034347,
        31.012574987003827
    ],
    "desired_speed": 6.452917671203613,
    "angle": 0.013107939990617833,
    "angle_last": 0.07045284222421089,
    "angle_target": 0.036562973645707514,
    "angle_final": 0.013107939990617833,
    "delta": 0.25,
    "agent": "only_traj",
    "steer_traj": 0.021206418757650964,
    "throttle_traj": 0.0,
    "brake_traj": 0.0,
    "plan": [
        [
            0.058190297335386276,
            2.825758934020996
        ],
        [
            0.23608867824077606,
            5.944781303405762
        ],
        [
            0.4495357275009155,
            9.193048477172852
        ],
        [
            0.6852142810821533,
            12.449267387390137
        ],
        [
            1.0730574131011963,
            15.76502513885498
        ],
        [
            1.420928716659546,
            18.895586013793945
        ]
    ]
}