{
    "speed": 5.0113897000897385,
    "steer": 0.0199720561504364,
    "throttle": 0.0,
    "brake": 0.0,
    "wp_4": [
        0.5601674914360046,
        11.746028900146484
    ],
    "wp_3": [
        0.3771408796310425,
        8.621723175048828
    ],
    "wp_2": [
        0.19904950261116028,
        5.560492515563965
    ],
    "wp_1": [
        0.053497400134801865,
        2.6253108978271484
    ],
    "aim": [
        0.053497400134801865,
        2.6253108978271484
    ],
    "target": [
        2.265063029867112,
        30.982441356568753
    ],
    "desired_speed": 6.196875572204589,
    "angle": 0.012970956752263691,
    "angle_last": 0.06013963603244553,
    "angle_target": 0.046459317885042824,
    "angle_final": 0.012970956752263691,
    "delta": 0.25,
    "agent": "only_traj",
    "steer_traj": 0.019972055587197644,
    "throttle_traj": 0.0,
    "brake_traj": 0.0,
    "plan": [
        [
            0.053497400134801865,
            2.6253108978271484
        ],
        [
            0.19904950261116028,
            5.560492515563965
        ],
        [
            0.3771408796310425,
            8.621723175048828
        ],
        [
            0.5601674914360046,
            11.746028900146484
        ],
        [
            0.910382866859436,
            14.966534614562988
        ],
        [
            1.20447838306427,
            18.070472717285156
        ]
    ]
}