{
    "speed": 4.917954326064902,
    "steer": 0.01915859431028366,
    "throttle": 0.75,
    "brake": 0.0,
    "wp_4": [
        0.5283242464065552,
        11.953718185424805
    ],
    "wp_3": [
        0.3558371663093567,
        8.807660102844238
    ],
    "wp_2": [
        0.18954601883888245,
        5.6858320236206055
    ],
    "wp_1": [
        0.05134260281920433,
        2.6900687217712402
    ],
    "aim": [
        0.05134260281920433,
        2.6900687217712402
    ],
    "target": [
        2.415975618789271,
        30.47712214466892
    ],
    "desired_speed": 6.179500389099121,
    "angle": 0.012149057322138824,
    "angle_last": 0.05542824743396151,
    "angle_target": 0.05036066752571786,
    "angle_final": 0.012149057322138824,
    "delta": 0.25,
    "agent": "only_traj",
    "steer_traj": 0.019158594286609897,
    "throttle_traj": 0.75,
    "brake_traj": 0.0,
    "plan": [
        [
            0.05134260281920433,
            2.6900687217712402
        ],
        [
            0.18954601883888245,
            5.6858320236206055
        ],
        [
            0.3558371663093567,
            8.807660102844238
        ],
        [
            0.5283242464065552,
            11.953718185424805
        ],
        [
            0.8664957880973816,
            15.116090774536133
        ],
        [
            1.1267013549804688,
            18.097118377685547
        ]
    ]
}