{
    "speed": 4.801499112601921,
    "steer": 0.02009524032473564,
    "throttle": 0.75,
    "brake": 0.0,
    "wp_4": [
        0.6077053546905518,
        12.270483016967773
    ],
    "wp_3": [
        0.3905814588069916,
        9.022893905639648
    ],
    "wp_2": [
        0.21364736557006836,
        5.8069963455200195
    ],
    "wp_1": [
        0.05499904975295067,
        2.7382149696350098
    ],
    "aim": [
        0.05499904975295067,
        2.7382149696350098
    ],
    "target": [
        1.4222744515958379,
        30.899311441021514
    ],
    "desired_speed": 6.387782764434815,
    "angle": 0.012785251497830122,
    "angle_last": 0.06285501568247949,
    "angle_target": 0.029282509864148994,
    "angle_final": 0.012785251497830122,
    "delta": 0.25,
    "agent": "only_traj",
    "steer_traj": 0.0200952394718349,
    "throttle_traj": 0.75,
    "brake_traj": 0.0,
    "plan": [
        [
            0.05499904975295067,
            2.7382149696350098
        ],
        [
            0.21364736557006836,
            5.8069963455200195
        ],
        [
            0.3905814588069916,
            9.022893905639648
        ],
        [
            0.6077053546905518,
            12.270483016967773
        ],
        [
            0.9744451642036438,
            15.560065269470215
        ],
        [
            1.281104326248169,
            18.655929565429688
        ]
    ]
}