{
    "speed": 4.721322396020791,
    "steer": 0.022467583417892456,
    "throttle": 0.75,
    "brake": 0.0,
    "wp_4": [
        0.9111524820327759,
        13.040989875793457
    ],
    "wp_3": [
        0.5865784883499146,
        9.665184020996094
    ],
    "wp_2": [
        0.30374377965927124,
        6.242694854736328
    ],
    "wp_1": [
        0.070696160197258,
        2.9494709968566895
    ],
    "aim": [
        0.070696160197258,
        2.9494709968566895
    ],
    "target": [
        2.0182875450515287,
        29.222739740966517
    ],
    "desired_speed": 6.758991813659668,
    "angle": 0.015256262157559177,
    "angle_last": 0.08276061543560154,
    "angle_target": 0.04389884749581505,
    "angle_final": 0.015256262157559177,
    "delta": 0.25,
    "agent": "only_traj",
    "steer_traj": 0.022467583305816198,
    "throttle_traj": 0.75,
    "brake_traj": 0.0,
    "plan": [
        [
            0.070696160197258,
            2.9494709968566895
        ],
        [
            0.30374377965927124,
            6.242694854736328
        ],
        [
            0.5865784883499146,
            9.665184020996094
        ],
        [
            0.9111524820327759,
            13.040989875793457
        ],
        [
            1.33893620967865,
            16.501537322998047
        ],
        [
            1.7646033763885498,
            19.75743293762207
        ]
    ]
}