{
    "speed": 4.964555757020134,
    "steer": 0.020921966060996056,
    "throttle": 0.75,
    "brake": 0.0,
    "wp_4": [
        0.6510059237480164,
        12.775973320007324
    ],
    "wp_3": [
        0.43237876892089844,
        9.42879867553711
    ],
    "wp_2": [
        0.23469214141368866,
        6.080229759216309
    ],
    "wp_1": [
        0.0627833753824234,
        2.877225399017334
    ],
    "aim": [
        0.0627833753824234,
        2.877225399017334
    ],
    "target": [
        1.707933606947107,
        29.028988427832502
    ],
    "desired_speed": 6.597793674468994,
    "angle": 0.013889313631667292,
    "angle_last": 0.062413481898133547,
    "angle_target": 0.03741268140397962,
    "angle_final": 0.013889313631667292,
    "delta": 0.25,
    "agent": "only_traj",
    "steer_traj": 0.02092196556897324,
    "throttle_traj": 0.75,
    "brake_traj": 0.0,
    "plan": [
        [
            0.0627833753824234,
            2.877225399017334
        ],
        [
            0.23469214141368866,
            6.080229759216309
        ],
        [
            0.43237876892089844,
            9.42879867553711
        ],
        [
            0.6510059237480164,
            12.775973320007324
        ],
        [
            1.0106291770935059,
            16.16701316833496
        ],
        [
            1.3207294940948486,
            19.319908142089844
        ]
    ]
}