{
    "speed": 5.129371768222234,
    "steer": 0.021514926105737686,
    "throttle": 0.0,
    "brake": 0.0,
    "wp_4": [
        0.9141113758087158,
        13.659513473510742
    ],
    "wp_3": [
        0.5871002078056335,
        10.21811294555664
    ],
    "wp_2": [
        0.30436089634895325,
        6.666901111602783
    ],
    "wp_1": [
        0.07352736592292786,
        3.2085630893707275
    ],
    "aim": [
        0.07352736592292786,
        3.2085630893707275
    ],
    "target": [
        1.6087350325520684,
        27.62233399223235
    ],
    "desired_speed": 6.966679477691651,
    "angle": 0.014586220599980926,
    "angle_last": 0.07917309651954772,
    "angle_target": 0.03703513709038722,
    "angle_final": 0.014586220599980926,
    "delta": 0.25,
    "agent": "only_traj",
    "steer_traj": 0.021514925595855744,
    "throttle_traj": 0.0,
    "brake_traj": 0.0,
    "plan": [
        [
            0.07352736592292786,
            3.2085630893707275
        ],
        [
            0.30436089634895325,
            6.666901111602783
        ],
        [
            0.5871002078056335,
            10.21811294555664
        ],
        [
            0.9141113758087158,
            13.659513473510742
        ],
        [
            1.3324328660964966,
            17.197649002075195
        ],
        [
            1.7502808570861816,
            20.5401668548584
        ]
    ]
}