{
    "speed": 5.269493043475092,
    "steer": 0.01717342808842659,
    "throttle": 0.0,
    "brake": 0.0,
    "wp_4": [
        0.6287633776664734,
        12.436031341552734
    ],
    "wp_3": [
        0.3995467722415924,
        9.258644104003906
    ],
    "wp_2": [
        0.19595345854759216,
        6.017642974853516
    ],
    "wp_1": [
        0.04795467481017113,
        2.883631706237793
    ],
    "aim": [
        0.04795467481017113,
        2.883631706237793
    ],
    "target": [
        1.6051351037074322,
        28.622287778449106
    ],
    "desired_speed": 6.38126573562622,
    "angle": 0.010586006476076793,
    "angle_last": 0.06299738718117885,
    "angle_target": 0.035664218513940145,
    "angle_final": 0.010586006476076793,
    "delta": 0.25,
    "agent": "only_traj",
    "steer_traj": 0.017173428263467228,
    "throttle_traj": 0.0,
    "brake_traj": 0.0,
    "plan": [
        [
            0.04795467481017113,
            2.883631706237793
        ],
        [
            0.19595345854759216,
            6.017642974853516
        ],
        [
            0.3995467722415924,
            9.258644104003906
        ],
        [
            0.6287633776664734,
            12.436031341552734
        ],
        [
            0.9762231111526489,
            15.706758499145508
        ],
        [
            1.281843900680542,
            18.785120010375977
        ]
    ]
}