{
    "speed": 5.1900261737354745,
    "steer": 0.01729925535619259,
    "throttle": 0.0,
    "brake": 0.0,
    "wp_4": [
        0.6374462842941284,
        12.27402400970459
    ],
    "wp_3": [
        0.40528446435928345,
        9.112078666687012
    ],
    "wp_2": [
        0.20048323273658752,
        5.9089035987854
    ],
    "wp_1": [
        0.042342569679021835,
        2.8219871520996094
    ],
    "aim": [
        0.042342569679021835,
        2.8219871520996094
    ],
    "target": [
        1.5368560544462508,
        27.851197339127772
    ],
    "desired_speed": 6.400437355041505,
    "angle": 0.009551460489792194,
    "angle_last": 0.06337251634859412,
    "angle_target": 0.03509370534094313,
    "angle_final": 0.009551460489792194,
    "delta": 0.25,
    "agent": "only_traj",
    "steer_traj": 0.017299256000495714,
    "throttle_traj": 0.0,
    "brake_traj": 0.0,
    "plan": [
        [
            0.042342569679021835,
            2.8219871520996094
        ],
        [
            0.20048323273658752,
            5.9089035987854
        ],
        [
            0.40528446435928345,
            9.112078666687012
        ],
        [
            0.6374462842941284,
            12.27402400970459
        ],
        [
            0.9821206331253052,
            15.585866928100586
        ],
        [
            1.3001621961593628,
            18.77025032043457
        ]
    ]
}