{
    "speed": 5.04725066369711,
    "steer": 0.01890844851732254,
    "throttle": 0.0,
    "brake": 0.0,
    "wp_4": [
        0.4780176281929016,
        11.52013111114502
    ],
    "wp_3": [
        0.3154047429561615,
        8.474559783935547
    ],
    "wp_2": [
        0.15982264280319214,
        5.466857433319092
    ],
    "wp_1": [
        0.04409128054976463,
        2.5975914001464844
    ],
    "aim": [
        0.04409128054976463,
        2.5975914001464844
    ],
    "target": [
        0.969844911164782,
        27.75148841470347
    ],
    "desired_speed": 6.133294296264649,
    "angle": 0.010804876093480313,
    "angle_last": 0.0481404355895579,
    "angle_target": 0.02223921337542919,
    "angle_final": 0.010804876093480313,
    "delta": 0.25,
    "agent": "only_traj",
    "steer_traj": 0.018908448568950718,
    "throttle_traj": 0.0,
    "brake_traj": 0.0,
    "plan": [
        [
            0.04409128054976463,
            2.5975914001464844
        ],
        [
            0.15982264280319214,
            5.466857433319092
        ],
        [
            0.3154047429561615,
            8.474559783935547
        ],
        [
            0.4780176281929016,
            11.52013111114502
        ],
        [
            0.7683336138725281,
            14.75100326538086
        ],
        [
            1.006767749786377,
            17.89809799194336
        ]
    ]
}