{
    "speed": 4.954107638707244,
    "steer": 0.017546189948916435,
    "throttle": 0.75,
    "brake": 0.0,
    "wp_4": [
        0.17331190407276154,
        10.531837463378906
    ],
    "wp_3": [
        0.1282561719417572,
        7.664052963256836
    ],
    "wp_2": [
        0.06901347637176514,
        4.95338773727417
    ],
    "wp_1": [
        0.037284161895513535,
        2.4022419452667236
    ],
    "aim": [
        0.037284161895513535,
        2.4022419452667236
    ],
    "target": [
        1.3732616098077828,
        27.63833849783186
    ],
    "desired_speed": 5.770349216461182,
    "angle": 0.009879916697879031,
    "angle_last": 0.03290099340441623,
    "angle_target": 0.03160563059459528,
    "angle_final": 0.009879916697879031,
    "delta": 0.25,
    "agent": "only_traj",
    "steer_traj": 0.017546190106288908,
    "throttle_traj": 0.75,
    "brake_traj": 0.0,
    "plan": [
        [
            0.037284161895513535,
            2.4022419452667236
        ],
        [
            0.06901347637176514,
            4.95338773727417
        ],
        [
            0.1282561719417572,
            7.664052963256836
        ],
        [
            0.17331190407276154,
            10.531837463378906
        ],
        [
            0.38550764322280884,
            13.670219421386719
        ],
        [
            0.5482053756713867,
            16.8155460357666
        ]
    ]
}