{
    "speed": 4.750659293058894,
    "steer": 0.024884874001145363,
    "throttle": 0.75,
    "brake": 0.0,
    "wp_4": [
        0.035666197538375854,
        9.229499816894531
    ],
    "wp_3": [
        0.05557627975940704,
        6.696432113647461
    ],
    "wp_2": [
        0.03469125181436539,
        4.3635125160217285
    ],
    "wp_1": [
        0.05712045356631279,
        2.1911561489105225
    ],
    "aim": [
        0.05712045356631279,
        2.1911561489105225
    ],
    "target": [
        2.025674185173942,
        27.076600445500013
    ],
    "desired_speed": 5.133078002929688,
    "angle": 0.01659201948624134,
    "angle_last": 0.013334322816108368,
    "angle_target": 0.04753869964355815,
    "angle_final": 0.01659201948624134,
    "delta": 0.25,
    "agent": "only_traj",
    "steer_traj": 0.024884874053404414,
    "throttle_traj": 0.75,
    "brake_traj": 0.0,
    "plan": [
        [
            0.05712045356631279,
            2.1911561489105225
        ],
        [
            0.03469125181436539,
            4.3635125160217285
        ],
        [
            0.05557627975940704,
            6.696432113647461
        ],
        [
            0.035666197538375854,
            9.229499816894531
        ],
        [
            0.12698772549629211,
            12.063220977783203
        ],
        [
            0.18895813822746277,
            15.021443367004395
        ]
    ]
}