{
    "speed": 4.760037403891458,
    "steer": 0.013856467790901661,
    "throttle": 0.75,
    "brake": 0.0,
    "wp_4": [
        0.4363071322441101,
        12.642462730407715
    ],
    "wp_3": [
        0.26974648237228394,
        9.286587715148926
    ],
    "wp_2": [
        0.145971417427063,
        5.933321475982666
    ],
    "wp_1": [
        0.034997936338186264,
        2.789635419845581
    ],
    "aim": [
        0.034997936338186264,
        2.789635419845581
    ],
    "target": [
        0.6748933455580035,
        26.307964393495237
    ],
    "desired_speed": 6.749046516418457,
    "angle": 0.00798643647796994,
    "angle_last": 0.04160128836917847,
    "angle_target": 0.016327992046834255,
    "angle_final": 0.00798643647796994,
    "delta": 0.25,
    "agent": "only_traj",
    "steer_traj": 0.013856467844317088,
    "throttle_traj": 0.75,
    "brake_traj": 0.0,
    "plan": [
        [
            0.034997936338186264,
            2.789635419845581
        ],
        [
            0.145971417427063,
            5.933321475982666
        ],
        [
            0.26974648237228394,
            9.286587715148926
        ],
        [
            0.4363071322441101,
            12.642462730407715
        ],
        [
            0.6842570304870605,
            16.222347259521484
        ],
        [
            0.9077780842781067,
            19.637996673583984
        ]
    ]
}