{
    "speed": 4.852150869543308,
    "steer": 0.017511824145913124,
    "throttle": 0.75,
    "brake": 0.0,
    "wp_4": [
        0.24854379892349243,
        11.382791519165039
    ],
    "wp_3": [
        0.17268267273902893,
        8.362176895141602
    ],
    "wp_2": [
        0.09410408139228821,
        5.410370826721191
    ],
    "wp_1": [
        0.03724333271384239,
        2.6122560501098633
    ],
    "aim": [
        0.03724333271384239,
        2.6122560501098633
    ],
    "target": [
        1.2718016798773761,
        26.683306748510304
    ],
    "desired_speed": 6.0845513343811035,
    "angle": 0.009075775759596196,
    "angle_last": 0.03667945405326729,
    "angle_target": 0.03032014842914297,
    "angle_final": 0.009075775759596196,
    "delta": 0.25,
    "agent": "only_traj",
    "steer_traj": 0.0175118242940712,
    "throttle_traj": 0.75,
    "brake_traj": 0.0,
    "plan": [
        [
            0.03724333271384239,
            2.6122560501098633
        ],
        [
            0.09410408139228821,
            5.410370826721191
        ],
        [
            0.17268267273902893,
            8.362176895141602
        ],
        [
            0.24854379892349243,
            11.382791519165039
        ],
        [
            0.45461833477020264,
            14.632737159729004
        ],
        [
            0.6378390192985535,
            17.80925178527832
        ]
    ]
}