{
    "speed": 4.990411807229722,
    "steer": 0.017391387373209,
    "throttle": 0.75,
    "brake": 0.0,
    "wp_4": [
        0.197927325963974,
        11.074541091918945
    ],
    "wp_3": [
        0.13706159591674805,
        8.132965087890625
    ],
    "wp_2": [
        0.07433432340621948,
        5.284146308898926
    ],
    "wp_1": [
        0.03740349039435387,
        2.5668222904205322
    ],
    "aim": [
        0.03740349039435387,
        2.5668222904205322
    ],
    "target": [
        1.8657495912425057,
        27.159749231511793
    ],
    "desired_speed": 5.9375009536743155,
    "angle": 0.009276127975249904,
    "angle_last": 0.040764590195851914,
    "angle_target": 0.043664245678396614,
    "angle_final": 0.009276127975249904,
    "delta": 0.25,
    "agent": "only_traj",
    "steer_traj": 0.0173913881376188,
    "throttle_traj": 0.75,
    "brake_traj": 0.0,
    "plan": [
        [
            0.03740349039435387,
            2.5668222904205322
        ],
        [
            0.07433432340621948,
            5.284146308898926
        ],
        [
            0.13706159591674805,
            8.132965087890625
        ],
        [
            0.197927325963974,
            11.074541091918945
        ],
        [
            0.41469743847846985,
            14.257977485656738
        ],
        [
            0.6158570647239685,
            17.39518928527832
        ]
    ]
}