{
    "speed": 5.15488710096402,
    "steer": 0.016903633251786232,
    "throttle": 0.0,
    "brake": 0.0,
    "wp_4": [
        0.5579481720924377,
        13.533592224121094
    ],
    "wp_3": [
        0.34940987825393677,
        9.995672225952148
    ],
    "wp_2": [
        0.19319000840187073,
        6.419295787811279
    ],
    "wp_1": [
        0.04240545257925987,
        3.047696828842163
    ],
    "aim": [
        0.04240545257925987,
        3.047696828842163
    ],
    "target": [
        0.7463895263632359,
        26.297303097692545
    ],
    "desired_speed": 7.08655366897583,
    "angle": 0.008857285597146566,
    "angle_last": 0.05528413044247424,
    "angle_target": 0.01806416404831855,
    "angle_final": 0.008857285597146566,
    "delta": 0.25,
    "agent": "only_traj",
    "steer_traj": 0.01690363294533957,
    "throttle_traj": 0.0,
    "brake_traj": 0.0,
    "plan": [
        [
            0.04240545257925987,
            3.047696828842163
        ],
        [
            0.19319000840187073,
            6.419295787811279
        ],
        [
            0.34940987825393677,
            9.995672225952148
        ],
        [
            0.5579481720924377,
            13.533592224121094
        ],
        [
            0.8477565050125122,
            17.23622703552246
        ],
        [
            1.1516278982162476,
            20.726633071899414
        ]
    ]
}