{
    "speed": 5.172224586651541,
    "steer": 0.01995229534804821,
    "throttle": 0.0,
    "brake": 0.0,
    "wp_4": [
        0.4236152172088623,
        11.858804702758789
    ],
    "wp_3": [
        0.28137820959091187,
        8.696794509887695
    ],
    "wp_2": [
        0.1587834656238556,
        5.595489501953125
    ],
    "wp_1": [
        0.04271438345313072,
        2.669062614440918
    ],
    "aim": [
        0.04271438345313072,
        2.669062614440918
    ],
    "target": [
        0.8899320361366172,
        25.522229164625983
    ],
    "desired_speed": 6.325530242919923,
    "angle": 0.010187275210529605,
    "angle_last": 0.051414600604689685,
    "angle_target": 0.022189240729698467,
    "angle_final": 0.010187275210529605,
    "delta": 0.25,
    "agent": "only_traj",
    "steer_traj": 0.019952295949231175,
    "throttle_traj": 0.0,
    "brake_traj": 0.0,
    "plan": [
        [
            0.04271438345313072,
            2.669062614440918
        ],
        [
            0.1587834656238556,
            5.595489501953125
        ],
        [
            0.28137820959091187,
            8.696794509887695
        ],
        [
            0.4236152172088623,
            11.858804702758789
        ],
        [
            0.6947691440582275,
            15.215476036071777
        ],
        [
            0.9568437337875366,
            18.453445434570312
        ]
    ]
}