{
    "speed": 5.030703056521501,
    "steer": 0.014584537595510483,
    "throttle": 0.0,
    "brake": 0.0,
    "wp_4": [
        0.21463370323181152,
        10.854829788208008
    ],
    "wp_3": [
        0.12675178050994873,
        7.890679836273193
    ],
    "wp_2": [
        0.07520511746406555,
        5.026852607727051
    ],
    "wp_1": [
        0.02700134739279747,
        2.3737261295318604
    ],
    "aim": [
        0.02700134739279747,
        2.3737261295318604
    ],
    "target": [
        0.9326364130934754,
        25.46833428950694
    ],
    "desired_speed": 5.930703639984131,
    "angle": 0.007241262839521549,
    "angle_last": 0.0392935951216035,
    "angle_target": 0.023302254135484743,
    "angle_final": 0.007241262839521549,
    "delta": 0.25,
    "agent": "only_traj",
    "steer_traj": 0.014584537392316766,
    "throttle_traj": 0.0,
    "brake_traj": 0.0,
    "plan": [
        [
            0.02700134739279747,
            2.3737261295318604
        ],
        [
            0.07520511746406555,
            5.026852607727051
        ],
        [
            0.12675178050994873,
            7.890679836273193
        ],
        [
            0.21463370323181152,
            10.854829788208008
        ],
        [
            0.4224081337451935,
            14.045775413513184
        ],
        [
            0.6164475679397583,
            17.18553352355957
        ]
    ]
}