{
    "speed": 4.949809592209877,
    "steer": 0.016288122162222862,
    "throttle": 0.75,
    "brake": 0.0,
    "wp_4": [
        0.3557513952255249,
        11.70884895324707
    ],
    "wp_3": [
        0.23062875866889954,
        8.559364318847656
    ],
    "wp_2": [
        0.12392368912696838,
        5.49981689453125
    ],
    "wp_1": [
        0.03302090987563133,
        2.611618757247925
    ],
    "aim": [
        0.03302090987563133,
        2.611618757247925
    ],
    "target": [
        1.2094990613617607,
        24.99814481213328
    ],
    "desired_speed": 6.278179454803467,
    "angle": 0.008048894763380167,
    "angle_last": 0.053464795720555174,
    "angle_target": 0.030777924679397554,
    "angle_final": 0.008048894763380167,
    "delta": 0.25,
    "agent": "only_traj",
    "steer_traj": 0.016288121752145272,
    "throttle_traj": 0.75,
    "brake_traj": 0.0,
    "plan": [
        [
            0.03302090987563133,
            2.611618757247925
        ],
        [
            0.12392368912696838,
            5.49981689453125
        ],
        [
            0.23062875866889954,
            8.559364318847656
        ],
        [
            0.3557513952255249,
            11.70884895324707
        ],
        [
            0.6322466135025024,
            15.040533065795898
        ],
        [
            0.9048100709915161,
            18.27838706970215
        ]
    ]
}