{
    "speed": 4.837351885057851,
    "steer": 0.015327592380344868,
    "throttle": 0.75,
    "brake": 0.0,
    "wp_4": [
        0.349262535572052,
        11.572875022888184
    ],
    "wp_3": [
        0.21290066838264465,
        8.471179008483887
    ],
    "wp_2": [
        0.11570656299591064,
        5.441495895385742
    ],
    "wp_1": [
        0.030681665986776352,
        2.5867297649383545
    ],
    "aim": [
        0.030681665986776352,
        2.5867297649383545
    ],
    "target": [
        0.5414881096342832,
        25.709935487882156
    ],
    "desired_speed": 6.213686752319335,
    "angle": 0.007550670408923126,
    "angle_last": 0.05311129548551162,
    "angle_target": 0.013406143308252743,
    "angle_final": 0.007550670408923126,
    "delta": 0.25,
    "agent": "only_traj",
    "steer_traj": 0.01532759224916638,
    "throttle_traj": 0.75,
    "brake_traj": 0.0,
    "plan": [
        [
            0.030681665986776352,
            2.5867297649383545
        ],
        [
            0.11570656299591064,
            5.441495895385742
        ],
        [
            0.21290066838264465,
            8.471179008483887
        ],
        [
            0.349262535572052,
            11.572875022888184
        ],
        [
            0.6201490759849548,
            14.889941215515137
        ],
        [
            0.8879845142364502,
            18.092905044555664
        ]
    ]
}