{
    "speed": 4.759383690500188,
    "steer": 0.016692165285348892,
    "throttle": 0.75,
    "brake": 0.0,
    "wp_4": [
        0.3812445402145386,
        11.87468147277832
    ],
    "wp_3": [
        0.24054601788520813,
        8.630820274353027
    ],
    "wp_2": [
        0.1330808401107788,
        5.511933326721191
    ],
    "wp_1": [
        0.03543182834982872,
        2.586244583129883
    ],
    "aim": [
        0.03543182834982872,
        2.586244583129883
    ],
    "target": [
        0.7939456226879607,
        25.036458636671746
    ],
    "desired_speed": 6.443199634552002,
    "angle": 0.008721213050681756,
    "angle_last": 0.05862857051506636,
    "angle_target": 0.020181454694218205,
    "angle_final": 0.008721213050681756,
    "delta": 0.25,
    "agent": "only_traj",
    "steer_traj": 0.016692165861365602,
    "throttle_traj": 0.75,
    "brake_traj": 0.0,
    "plan": [
        [
            0.03543182834982872,
            2.586244583129883
        ],
        [
            0.1330808401107788,
            5.511933326721191
        ],
        [
            0.24054601788520813,
            8.630820274353027
        ],
        [
            0.3812445402145386,
            11.87468147277832
        ],
        [
            0.6773354411125183,
            15.315906524658203
        ],
        [
            0.9862489700317383,
            18.660764694213867
        ]
    ]
}