{
    "speed": 4.865261090308995,
    "steer": 0.016190195456147194,
    "throttle": 0.75,
    "brake": 0.0,
    "wp_4": [
        0.5873595476150513,
        14.031364440917969
    ],
    "wp_3": [
        0.3769468069076538,
        10.354382514953613
    ],
    "wp_2": [
        0.18922218680381775,
        6.6820878982543945
    ],
    "wp_1": [
        0.04182359203696251,
        3.1632113456726074
    ],
    "aim": [
        0.04182359203696251,
        3.1632113456726074
    ],
    "target": [
        0.7749215942161838,
        23.975076541571422
    ],
    "desired_speed": 7.302232360839844,
    "angle": 0.008416814286671521,
    "angle_last": 0.05411077983405683,
    "angle_target": 0.02056964114450136,
    "angle_final": 0.008416814286671521,
    "delta": 0.25,
    "agent": "only_traj",
    "steer_traj": 0.016190195337876287,
    "throttle_traj": 0.75,
    "brake_traj": 0.0,
    "plan": [
        [
            0.04182359203696251,
            3.1632113456726074
        ],
        [
            0.18922218680381775,
            6.6820878982543945
        ],
        [
            0.3769468069076538,
            10.354382514953613
        ],
        [
            0.5873595476150513,
            14.031364440917969
        ],
        [
            0.8689571619033813,
            17.8027286529541
        ],
        [
            1.1738708019256592,
            21.381431579589844
        ]
    ]
}