{
    "speed": 5.004416627232945,
    "steer": 0.016161182895302773,
    "throttle": 0.0,
    "brake": 0.0,
    "wp_4": [
        0.5347669720649719,
        12.549095153808594
    ],
    "wp_3": [
        0.32939720153808594,
        9.194948196411133
    ],
    "wp_2": [
        0.16747593879699707,
        5.863349914550781
    ],
    "wp_1": [
        0.03727089986205101,
        2.7415318489074707
    ],
    "aim": [
        0.03727089986205101,
        2.7415318489074707
    ],
    "target": [
        0.9281043860849509,
        24.336233703232626
    ],
    "desired_speed": 6.667492771148682,
    "angle": 0.008654277196815632,
    "angle_last": 0.06802061186076934,
    "angle_target": 0.024266836603061604,
    "angle_final": 0.008654277196815632,
    "delta": 0.25,
    "agent": "only_traj",
    "steer_traj": 0.01616118268642058,
    "throttle_traj": 0.0,
    "brake_traj": 0.0,
    "plan": [
        [
            0.03727089986205101,
            2.7415318489074707
        ],
        [
            0.16747593879699707,
            5.863349914550781
        ],
        [
            0.32939720153808594,
            9.194948196411133
        ],
        [
            0.5347669720649719,
            12.549095153808594
        ],
        [
            0.8700262904167175,
            16.055744171142578
        ],
        [
            1.224679708480835,
            19.362380981445312
        ]
    ]
}