{
    "speed": 5.139828196105993,
    "steer": 0.014964861795306206,
    "throttle": 0.0,
    "brake": 0.0,
    "wp_4": [
        0.5217004418373108,
        13.8016939163208
    ],
    "wp_3": [
        0.3259265720844269,
        10.140253067016602
    ],
    "wp_2": [
        0.16044127941131592,
        6.496356964111328
    ],
    "wp_1": [
        0.03646784648299217,
        3.0297255516052246
    ],
    "aim": [
        0.03646784648299217,
        3.0297255516052246
    ],
    "target": [
        0.38748969785675946,
        24.33281298065191
    ],
    "desired_speed": 7.242378902435303,
    "angle": 0.0076624578383390025,
    "angle_last": 0.05119512385935994,
    "angle_target": 0.01013704228429114,
    "angle_final": 0.0076624578383390025,
    "delta": 0.25,
    "agent": "only_traj",
    "steer_traj": 0.014964862246688153,
    "throttle_traj": 0.0,
    "brake_traj": 0.0,
    "plan": [
        [
            0.03646784648299217,
            3.0297255516052246
        ],
        [
            0.16044127941131592,
            6.496356964111328
        ],
        [
            0.3259265720844269,
            10.140253067016602
        ],
        [
            0.5217004418373108,
            13.8016939163208
        ],
        [
            0.7993223667144775,
            17.56907081604004
        ],
        [
            1.0841087102890015,
            21.102798461914062
        ]
    ]
}