{
    "speed": 5.085552114030403,
    "steer": 0.01690531149506569,
    "throttle": 0.0,
    "brake": 0.0,
    "wp_4": [
        0.547408401966095,
        12.407825469970703
    ],
    "wp_3": [
        0.3392186164855957,
        9.072381973266602
    ],
    "wp_2": [
        0.17648577690124512,
        5.782757759094238
    ],
    "wp_1": [
        0.03920954093337059,
        2.6937975883483887
    ],
    "aim": [
        0.03920954093337059,
        2.6937975883483887
    ],
    "target": [
        1.0768778035813642,
        25.05352216127885
    ],
    "desired_speed": 6.662905597686767,
    "angle": 0.00926565501852255,
    "angle_last": 0.07126813913813808,
    "angle_target": 0.02734705176017503,
    "angle_final": 0.00926565501852255,
    "delta": 0.25,
    "agent": "only_traj",
    "steer_traj": 0.016905311875108388,
    "throttle_traj": 0.0,
    "brake_traj": 0.0,
    "plan": [
        [
            0.03920954093337059,
            2.6937975883483887
        ],
        [
            0.17648577690124512,
            5.782757759094238
        ],
        [
            0.3392186164855957,
            9.072381973266602
        ],
        [
            0.547408401966095,
            12.407825469970703
        ],
        [
            0.8897116184234619,
            15.93047046661377
        ],
        [
            1.2684708833694458,
            19.299684524536133
        ]
    ]
}