{
    "speed": 4.976320899545638,
    "steer": 0.01636095903813839,
    "throttle": 0.75,
    "brake": 0.0,
    "wp_4": [
        0.6931309103965759,
        13.412920951843262
    ],
    "wp_3": [
        0.44411593675613403,
        9.910154342651367
    ],
    "wp_2": [
        0.2188965380191803,
        6.393726825714111
    ],
    "wp_1": [
        0.043433453887701035,
        3.007951498031616
    ],
    "aim": [
        0.043433453887701035,
        3.007951498031616
    ],
    "target": [
        0.4889850487246905,
        22.809749766384172
    ],
    "desired_speed": 7.046280193328858,
    "angle": 0.009191888975486413,
    "angle_last": 0.05848164555692032,
    "angle_target": 0.013645475256933083,
    "angle_final": 0.009191888975486413,
    "delta": 0.25,
    "agent": "only_traj",
    "steer_traj": 0.01636095860486307,
    "throttle_traj": 0.75,
    "brake_traj": 0.0,
    "plan": [
        [
            0.043433453887701035,
            3.007951498031616
        ],
        [
            0.2188965380191803,
            6.393726825714111
        ],
        [
            0.44411593675613403,
            9.910154342651367
        ],
        [
            0.6931309103965759,
            13.412920951843262
        ],
        [
            1.0160231590270996,
            17.06787109375
        ],
        [
            1.3390130996704102,
            20.57398223876953
        ]
    ]
}