{
    "speed": 4.8833593325598095,
    "steer": 0.016115669161081314,
    "throttle": 0.75,
    "brake": 0.0,
    "wp_4": [
        0.4488529562950134,
        11.666778564453125
    ],
    "wp_3": [
        0.28729763627052307,
        8.49634838104248
    ],
    "wp_2": [
        0.14859497547149658,
        5.415779113769531
    ],
    "wp_1": [
        0.03871631249785423,
        2.5194873809814453
    ],
    "aim": [
        0.03871631249785423,
        2.5194873809814453
    ],
    "target": [
        0.6729543985188084,
        22.866487235566257
    ],
    "desired_speed": 6.302304458618164,
    "angle": 0.009782017319775514,
    "angle_last": 0.05759819853327456,
    "angle_target": 0.018730137728113543,
    "angle_final": 0.009782017319775514,
    "delta": 0.25,
    "agent": "only_traj",
    "steer_traj": 0.016115669907721022,
    "throttle_traj": 0.75,
    "brake_traj": 0.0,
    "plan": [
        [
            0.03871631249785423,
            2.5194873809814453
        ],
        [
            0.14859497547149658,
            5.415779113769531
        ],
        [
            0.28729763627052307,
            8.49634838104248
        ],
        [
            0.4488529562950134,
            11.666778564453125
        ],
        [
            0.7532700300216675,
            15.00889778137207
        ],
        [
            1.0462982654571533,
            18.23883056640625
        ]
    ]
}