{
    "speed": 4.815057071199618,
    "steer": 0.015291266143321991,
    "throttle": 0.75,
    "brake": 0.0,
    "wp_4": [
        0.6255587935447693,
        13.674498558044434
    ],
    "wp_3": [
        0.4019174575805664,
        10.075881004333496
    ],
    "wp_2": [
        0.20154498517513275,
        6.480807304382324
    ],
    "wp_1": [
        0.047395508736371994,
        3.0370078086853027
    ],
    "aim": [
        0.047395508736371994,
        3.0370078086853027
    ],
    "target": [
        -0.49549612006131616,
        24.23444140351683
    ],
    "desired_speed": 7.166036224365235,
    "angle": 0.009934254647276021,
    "angle_last": 0.05287656465103552,
    "angle_target": -0.013014481225009705,
    "angle_final": 0.009934254647276021,
    "delta": 0.25,
    "agent": "only_traj",
    "steer_traj": 0.015291266085809146,
    "throttle_traj": 0.75,
    "brake_traj": 0.0,
    "plan": [
        [
            0.047395508736371994,
            3.0370078086853027
        ],
        [
            0.20154498517513275,
            6.480807304382324
        ],
        [
            0.4019174575805664,
            10.075881004333496
        ],
        [
            0.6255587935447693,
            13.674498558044434
        ],
        [
            0.9263591766357422,
            17.3953914642334
        ],
        [
            1.2191015481948853,
            20.91182518005371
        ]
    ]
}