{
    "speed": 4.833141572623414,
    "steer": 0.019369840621948242,
    "throttle": 0.75,
    "brake": 0.0,
    "wp_4": [
        0.8588016033172607,
        13.574575424194336
    ],
    "wp_3": [
        0.566443920135498,
        10.030814170837402
    ],
    "wp_2": [
        0.27777257561683655,
        6.502913951873779
    ],
    "wp_1": [
        0.06623050570487976,
        3.064279317855835
    ],
    "aim": [
        0.06623050570487976,
        3.064279317855835
    ],
    "target": [
        0.9608149055749062,
        22.73843852681599
    ],
    "desired_speed": 7.079819107055664,
    "angle": 0.013757566871676825,
    "angle_last": 0.07165723224785647,
    "angle_target": 0.0268844366256132,
    "angle_final": 0.013757566871676825,
    "delta": 0.25,
    "agent": "only_traj",
    "steer_traj": 0.019369840977922326,
    "throttle_traj": 0.75,
    "brake_traj": 0.0,
    "plan": [
        [
            0.06623050570487976,
            3.064279317855835
        ],
        [
            0.27777257561683655,
            6.502913951873779
        ],
        [
            0.566443920135498,
            10.030814170837402
        ],
        [
            0.8588016033172607,
            13.574575424194336
        ],
        [
            1.2262221574783325,
            17.21769905090332
        ],
        [
            1.6190454959869385,
            20.69288444519043
        ]
    ]
}