{
    "speed": 4.929418327473349,
    "steer": 0.014347059652209282,
    "throttle": 0.75,
    "brake": 0.0,
    "wp_4": [
        0.6562641263008118,
        13.655014991760254
    ],
    "wp_3": [
        0.41392210125923157,
        10.020116806030273
    ],
    "wp_2": [
        0.1964518129825592,
        6.415417671203613
    ],
    "wp_1": [
        0.04690709337592125,
        2.971273422241211
    ],
    "aim": [
        0.04690709337592125,
        2.971273422241211
    ],
    "target": [
        0.4117477984455298,
        22.348284708056507
    ],
    "desired_speed": 7.155836009979248,
    "angle": 0.010049381280286124,
    "angle_last": 0.0580895168075708,
    "angle_target": 0.01172784129286039,
    "angle_final": 0.010049381280286124,
    "delta": 0.25,
    "agent": "only_traj",
    "steer_traj": 0.014347059311990502,
    "throttle_traj": 0.75,
    "brake_traj": 0.0,
    "plan": [
        [
            0.04690709337592125,
            2.971273422241211
        ],
        [
            0.1964518129825592,
            6.415417671203613
        ],
        [
            0.41392210125923157,
            10.020116806030273
        ],
        [
            0.6562641263008118,
            13.655014991760254
        ],
        [
            0.9795469045639038,
            17.346445083618164
        ],
        [
            1.2968658208847046,
            20.81437873840332
        ]
    ]
}