{
    "speed": 5.070250427399781,
    "steer": 0.009912184439599514,
    "throttle": 0.0,
    "brake": 0.0,
    "wp_4": [
        0.6248841881752014,
        13.75855541229248
    ],
    "wp_3": [
        0.40152978897094727,
        10.135673522949219
    ],
    "wp_2": [
        0.19244912266731262,
        6.521631240844727
    ],
    "wp_1": [
        0.046091046184301376,
        3.051875114440918
    ],
    "aim": [
        0.046091046184301376,
        3.051875114440918
    ],
    "target": [
        0.1679677055349882,
        22.02148371490245
    ],
    "desired_speed": 7.1477722167968745,
    "angle": 0.009613842884211644,
    "angle_last": 0.05438846496931323,
    "angle_target": 0.00485568957265064,
    "angle_final": 0.00485568957265064,
    "delta": 0.25,
    "agent": "only_traj",
    "steer_traj": 0.00991218487806199,
    "throttle_traj": 0.0,
    "brake_traj": 0.0,
    "plan": [
        [
            0.046091046184301376,
            3.051875114440918
        ],
        [
            0.19244912266731262,
            6.521631240844727
        ],
        [
            0.40152978897094727,
            10.135673522949219
        ],
        [
            0.6248841881752014,
            13.75855541229248
        ],
        [
            0.9315277338027954,
            17.436607360839844
        ],
        [
            1.2264200448989868,
            20.879934310913086
        ]
    ]
}