{
    "speed": 5.119290580568133,
    "steer": 0.009160798974335194,
    "throttle": 0.0,
    "brake": 0.0,
    "wp_4": [
        0.643750786781311,
        13.311851501464844
    ],
    "wp_3": [
        0.4143056273460388,
        9.814431190490723
    ],
    "wp_2": [
        0.19887572526931763,
        6.300117492675781
    ],
    "wp_1": [
        0.046091463416814804,
        2.942018985748291
    ],
    "aim": [
        0.046091463416814804,
        2.942018985748291
    ],
    "target": [
        0.14375012812791832,
        21.998384740041118
    ],
    "desired_speed": 6.926820755004883,
    "angle": 0.009972883161581982,
    "angle_last": 0.05558040887047123,
    "angle_target": 0.00415998139811667,
    "angle_final": 0.00415998139811667,
    "delta": 0.25,
    "agent": "only_traj",
    "steer_traj": 0.00916079886633697,
    "throttle_traj": 0.0,
    "brake_traj": 0.0,
    "plan": [
        [
            0.046091463416814804,
            2.942018985748291
        ],
        [
            0.19887572526931763,
            6.300117492675781
        ],
        [
            0.4143056273460388,
            9.814431190490723
        ],
        [
            0.643750786781311,
            13.311851501464844
        ],
        [
            0.960679292678833,
            16.88224983215332
        ],
        [
            1.2523621320724487,
            20.214702606201172
        ]
    ]
}