{
    "speed": 4.9144473812686345,
    "steer": 0.0033208122476935387,
    "throttle": 0.75,
    "brake": 0.0,
    "wp_4": [
        0.5354135632514954,
        13.25452709197998
    ],
    "wp_3": [
        0.34925779700279236,
        9.78307819366455
    ],
    "wp_2": [
        0.17333507537841797,
        6.292269706726074
    ],
    "wp_1": [
        0.040398355573415756,
        2.9564850330352783
    ],
    "aim": [
        0.040398355573415756,
        2.9564850330352783
    ],
    "target": [
        -0.018748218180512755,
        20.515634159191357
    ],
    "desired_speed": 6.897335624694825,
    "angle": 0.008698445753448381,
    "angle_last": 0.044063495673977285,
    "angle_target": -0.0005817750002381393,
    "angle_final": -0.0005817750002381393,
    "delta": 0.25,
    "agent": "only_traj",
    "steer_traj": 0.0033208121340883604,
    "throttle_traj": 0.75,
    "brake_traj": 0.0,
    "plan": [
        [
            0.040398355573415756,
            2.9564850330352783
        ],
        [
            0.17333507537841797,
            6.292269706726074
        ],
        [
            0.34925779700279236,
            9.78307819366455
        ],
        [
            0.5354135632514954,
            13.25452709197998
        ],
        [
            0.800312876701355,
            16.816295623779297
        ],
        [
            1.0328013896942139,
            20.169872283935547
        ]
    ]
}