{
    "speed": 4.856574125521227,
    "steer": 0.016606668010354042,
    "throttle": 0.75,
    "brake": 0.0,
    "wp_4": [
        0.48227614164352417,
        12.940645217895508
    ],
    "wp_3": [
        0.32264405488967896,
        9.500619888305664
    ],
    "wp_2": [
        0.15309110283851624,
        6.079449653625488
    ],
    "wp_1": [
        0.03861182555556297,
        2.8271751403808594
    ],
    "aim": [
        0.03861182555556297,
        2.8271751403808594
    ],
    "target": [
        -0.2848340278161521,
        20.588008377636907
    ],
    "desired_speed": 6.768879985809326,
    "angle": 0.008694044075983261,
    "angle_last": 0.04207120538407535,
    "angle_target": -0.008807039645962486,
    "angle_final": 0.008694044075983261,
    "delta": 0.25,
    "agent": "only_traj",
    "steer_traj": 0.016606667776752432,
    "throttle_traj": 0.75,
    "brake_traj": 0.0,
    "plan": [
        [
            0.03861182555556297,
            2.8271751403808594
        ],
        [
            0.15309110283851624,
            6.079449653625488
        ],
        [
            0.32264405488967896,
            9.500619888305664
        ],
        [
            0.48227614164352417,
            12.940645217895508
        ],
        [
            0.7385397553443909,
            16.446372985839844
        ],
        [
            0.9553883075714111,
            19.722938537597656
        ]
    ]
}