{
    "speed": 4.879842427317345,
    "steer": 0.015597626566886902,
    "throttle": 0.75,
    "brake": 0.0,
    "wp_4": [
        0.5418789386749268,
        13.145550727844238
    ],
    "wp_3": [
        0.358411967754364,
        9.644181251525879
    ],
    "wp_2": [
        0.1735588014125824,
        6.172307968139648
    ],
    "wp_1": [
        0.04698505625128746,
        2.8679540157318115
    ],
    "aim": [
        0.04698505625128746,
        2.8679540157318115
    ],
    "target": [
        0.4577295217864479,
        20.398336633851816
    ],
    "desired_speed": 6.880791950225831,
    "angle": 0.010428684452194166,
    "angle_last": 0.05155932472410318,
    "angle_target": 0.01428306504296391,
    "angle_final": 0.010428684452194166,
    "delta": 0.25,
    "agent": "only_traj",
    "steer_traj": 0.01559762684328116,
    "throttle_traj": 0.75,
    "brake_traj": 0.0,
    "plan": [
        [
            0.04698505625128746,
            2.8679540157318115
        ],
        [
            0.1735588014125824,
            6.172307968139648
        ],
        [
            0.358411967754364,
            9.644181251525879
        ],
        [
            0.5418789386749268,
            13.145550727844238
        ],
        [
            0.8312546014785767,
            16.71208953857422
        ],
        [
            1.1009759902954102,
            20.035140991210938
        ]
    ]
}