{
    "speed": 4.95682657543954,
    "steer": 0.013571074232459068,
    "throttle": 0.75,
    "brake": 0.0,
    "wp_4": [
        0.5293234586715698,
        13.258362770080566
    ],
    "wp_3": [
        0.3493041694164276,
        9.744686126708984
    ],
    "wp_2": [
        0.16394224762916565,
        6.24393367767334
    ],
    "wp_1": [
        0.04126044735312462,
        2.902378559112549
    ],
    "aim": [
        0.04126044735312462,
        2.902378559112549
    ],
    "target": [
        0.4569684343381901,
        20.13609253987417
    ],
    "desired_speed": 6.901321315765381,
    "angle": 0.009049593367777813,
    "angle_last": 0.048428897245504775,
    "angle_target": 0.014444968077433113,
    "angle_final": 0.009049593367777813,
    "delta": 0.25,
    "agent": "only_traj",
    "steer_traj": 0.01357107414263645,
    "throttle_traj": 0.75,
    "brake_traj": 0.0,
    "plan": [
        [
            0.04126044735312462,
            2.902378559112549
        ],
        [
            0.16394224762916565,
            6.24393367767334
        ],
        [
            0.3493041694164276,
            9.744686126708984
        ],
        [
            0.5293234586715698,
            13.258362770080566
        ],
        [
            0.8065418004989624,
            16.82030487060547
        ],
        [
            1.058313012123108,
            20.123565673828125
        ]
    ]
}