{
    "speed": 5.051525575843592,
    "steer": 0.011546552181243896,
    "throttle": 0.0,
    "brake": 0.0,
    "wp_4": [
        0.5013464093208313,
        13.159497261047363
    ],
    "wp_3": [
        0.3253668248653412,
        9.657376289367676
    ],
    "wp_2": [
        0.14608168601989746,
        6.1840715408325195
    ],
    "wp_1": [
        0.03083762153983116,
        2.8726730346679688
    ],
    "aim": [
        0.03083762153983116,
        2.8726730346679688
    ],
    "target": [
        0.651091983589716,
        20.740718441682603
    ],
    "desired_speed": 6.890500450134278,
    "angle": 0.006833728219044122,
    "angle_last": 0.05363213535522048,
    "angle_target": 0.019978187135395533,
    "angle_final": 0.006833728219044122,
    "delta": 0.25,
    "agent": "only_traj",
    "steer_traj": 0.011546552000313742,
    "throttle_traj": 0.0,
    "brake_traj": 0.0,
    "plan": [
        [
            0.03083762153983116,
            2.8726730346679688
        ],
        [
            0.14608168601989746,
            6.1840715408325195
        ],
        [
            0.3253668248653412,
            9.657376289367676
        ],
        [
            0.5013464093208313,
            13.159497261047363
        ],
        [
            0.7941790819168091,
            16.728561401367188
        ],
        [
            1.0758413076400757,
            20.06401252746582
        ]
    ]
}