{
    "speed": 4.9065715187799315,
    "steer": 0.013133754022419453,
    "throttle": 0.75,
    "brake": 0.0,
    "wp_4": [
        0.5889074802398682,
        13.13196086883545
    ],
    "wp_3": [
        0.3678290545940399,
        9.634544372558594
    ],
    "wp_2": [
        0.17180854082107544,
        6.1622419357299805
    ],
    "wp_1": [
        0.03516560420393944,
        2.853677749633789
    ],
    "aim": [
        0.03516560420393944,
        2.853677749633789
    ],
    "target": [
        -0.63085314847544,
        20.311199408177004
    ],
    "desired_speed": 6.977985954284668,
    "angle": 0.007844596216206009,
    "angle_last": 0.060143582363965976,
    "angle_target": -0.019766657345510974,
    "angle_final": 0.007844596216206009,
    "delta": 0.25,
    "agent": "only_traj",
    "steer_traj": 0.013133754205553457,
    "throttle_traj": 0.75,
    "brake_traj": 0.0,
    "plan": [
        [
            0.03516560420393944,
            2.853677749633789
        ],
        [
            0.17180854082107544,
            6.1622419357299805
        ],
        [
            0.3678290545940399,
            9.634544372558594
        ],
        [
            0.5889074802398682,
            13.13196086883545
        ],
        [
            0.9198240041732788,
            16.777894973754883
        ],
        [
            1.2490864992141724,
            20.252761840820312
        ]
    ]
}