{
    "speed": 5.111068618741126,
    "steer": 0.008987515233457088,
    "throttle": 0.0,
    "brake": 0.0,
    "wp_4": [
        0.4931846857070923,
        13.900703430175781
    ],
    "wp_3": [
        0.3085944950580597,
        10.267213821411133
    ],
    "wp_2": [
        0.14849931001663208,
        6.632902145385742
    ],
    "wp_1": [
        0.025461401790380478,
        3.121021032333374
    ],
    "aim": [
        0.025461401790380478,
        3.121021032333374
    ],
    "target": [
        0.1029736869839768,
        19.05036899097044
    ],
    "desired_speed": 7.247409248352051,
    "angle": 0.00519342034437017,
    "angle_last": 0.050294980817743036,
    "angle_target": 0.0034411116526928873,
    "angle_final": 0.0034411116526928873,
    "delta": 0.25,
    "agent": "only_traj",
    "steer_traj": 0.008987515539187247,
    "throttle_traj": 0.0,
    "brake_traj": 0.0,
    "plan": [
        [
            0.025461401790380478,
            3.121021032333374
        ],
        [
            0.14849931001663208,
            6.632902145385742
        ],
        [
            0.3085944950580597,
            10.267213821411133
        ],
        [
            0.4931846857070923,
            13.900703430175781
        ],
        [
            0.7832851409912109,
            17.640995025634766
        ],
        [
            1.0655817985534668,
            21.206789016723633
        ]
    ]
}