{
    "speed": 5.023701158107587,
    "steer": 0.009146043099462986,
    "throttle": 0.0,
    "brake": 0.0,
    "wp_4": [
        0.3011774718761444,
        11.540191650390625
    ],
    "wp_3": [
        0.18224969506263733,
        8.516586303710938
    ],
    "wp_2": [
        0.06309986114501953,
        5.489881992340088
    ],
    "wp_1": [
        0.01461237296462059,
        2.569424629211426
    ],
    "aim": [
        0.01461237296462059,
        2.569424629211426
    ],
    "target": [
        -0.27894108054946853,
        19.709239759060214
    ],
    "desired_speed": 6.109658050537109,
    "angle": 0.0036204277785162335,
    "angle_last": 0.045433328057518735,
    "angle_target": -0.009009355728446652,
    "angle_final": 0.0036204277785162335,
    "delta": 0.25,
    "agent": "only_traj",
    "steer_traj": 0.009146042736425532,
    "throttle_traj": 0.0,
    "brake_traj": 0.0,
    "plan": [
        [
            0.01461237296462059,
            2.569424629211426
        ],
        [
            0.06309986114501953,
            5.489881992340088
        ],
        [
            0.18224969506263733,
            8.516586303710938
        ],
        [
            0.3011774718761444,
            11.540191650390625
        ],
        [
            0.5555216670036316,
            14.737500190734863
        ],
        [
            0.7759199142456055,
            17.82051658630371
        ]
    ]
}