{
    "speed": 4.969998049877968,
    "steer": 0.00464464258402586,
    "throttle": 0.75,
    "brake": 0.0,
    "wp_4": [
        0.22518882155418396,
        12.529692649841309
    ],
    "wp_3": [
        0.15439960360527039,
        9.27059268951416
    ],
    "wp_2": [
        0.07575914263725281,
        5.961458206176758
    ],
    "wp_1": [
        0.01411452516913414,
        2.8063085079193115
    ],
    "aim": [
        0.01411452516913414,
        2.8063085079193115
    ],
    "target": [
        -0.01016874254879685,
        18.565451912734282
    ],
    "desired_speed": 6.5928853988647464,
    "angle": 0.003201888964376008,
    "angle_last": 0.02551824193054945,
    "angle_target": -0.0003486918578520632,
    "angle_final": -0.0003486918578520632,
    "delta": 0.25,
    "agent": "only_traj",
    "steer_traj": 0.00464464267190745,
    "throttle_traj": 0.75,
    "brake_traj": 0.0,
    "plan": [
        [
            0.01411452516913414,
            2.8063085079193115
        ],
        [
            0.07575914263725281,
            5.961458206176758
        ],
        [
            0.15439960360527039,
            9.27059268951416
        ],
        [
            0.22518882155418396,
            12.529692649841309
        ],
        [
            0.38535821437835693,
            15.978842735290527
        ],
        [
            0.5177465081214905,
            19.27984619140625
        ]
    ]
}