{
    "speed": 4.898461198995838,
    "steer": 0.012580156326293945,
    "throttle": 0.75,
    "brake": 0.0,
    "wp_4": [
        0.1686781942844391,
        11.244110107421875
    ],
    "wp_3": [
        0.10417717695236206,
        8.369888305664062
    ],
    "wp_2": [
        0.046180956065654755,
        5.417436599731445
    ],
    "wp_1": [
        0.025000985711812973,
        2.5862174034118652
    ],
    "aim": [
        0.025000985711812973,
        2.5862174034118652
    ],
    "target": [
        0.2317066320199741,
        18.78743705394804
    ],
    "desired_speed": 5.87903470993042,
    "angle": 0.006154048505637075,
    "angle_last": 0.01871150307668707,
    "angle_target": 0.007851073281918123,
    "angle_final": 0.006154048505637075,
    "delta": 0.25,
    "agent": "only_traj",
    "steer_traj": 0.01258015673253579,
    "throttle_traj": 0.75,
    "brake_traj": 0.0,
    "plan": [
        [
            0.025000985711812973,
            2.5862174034118652
        ],
        [
            0.046180956065654755,
            5.417436599731445
        ],
        [
            0.10417717695236206,
            8.369888305664062
        ],
        [
            0.1686781942844391,
            11.244110107421875
        ],
        [
            0.27659711241722107,
            14.303617477416992
        ],
        [
            0.3640817403793335,
            17.27924346923828
        ]
    ]
}