{
    "speed": 4.8411348044692,
    "steer": 0.008501502685248852,
    "throttle": 0.75,
    "brake": 0.0,
    "wp_4": [
        0.12157713621854782,
        12.977219581604004
    ],
    "wp_3": [
        0.08950293064117432,
        9.553694725036621
    ],
    "wp_2": [
        0.05006202310323715,
        6.100419044494629
    ],
    "wp_1": [
        0.018932487815618515,
        2.854248046875
    ],
    "aim": [
        0.018932487815618515,
        2.854248046875
    ],
    "target": [
        -0.8621039043859278,
        18.03071908578198
    ],
    "desired_speed": 6.887572479248046,
    "angle": 0.004222698681329803,
    "angle_last": 0.010484692003388271,
    "angle_target": -0.03041557771074542,
    "angle_final": 0.004222698681329803,
    "delta": 0.25,
    "agent": "only_traj",
    "steer_traj": 0.008501503024057742,
    "throttle_traj": 0.75,
    "brake_traj": 0.0,
    "plan": [
        [
            0.018932487815618515,
            2.854248046875
        ],
        [
            0.05006202310323715,
            6.100419044494629
        ],
        [
            0.08950293064117432,
            9.553694725036621
        ],
        [
            0.12157713621854782,
            12.977219581604004
        ],
        [
            0.2230704128742218,
            16.603832244873047
        ],
        [
            0.2801734507083893,
            20.070764541625977
        ]
    ]
}