{
    "speed": 4.861068132618337,
    "steer": 0.00814437959343195,
    "throttle": 0.75,
    "brake": 0.0,
    "wp_4": [
        0.1321129947900772,
        12.719792366027832
    ],
    "wp_3": [
        0.09283390641212463,
        9.364740371704102
    ],
    "wp_2": [
        0.05082577094435692,
        5.975217819213867
    ],
    "wp_1": [
        0.015212830156087875,
        2.7975311279296875
    ],
    "aim": [
        0.015212830156087875,
        2.7975311279296875
    ],
    "target": [
        -1.1903081816349323,
        17.675347151590675
    ],
    "desired_speed": 6.745836544036864,
    "angle": 0.00346189149878116,
    "angle_last": 0.01128465893717832,
    "angle_target": -0.04280715438966202,
    "angle_final": 0.00346189149878116,
    "delta": 0.25,
    "agent": "only_traj",
    "steer_traj": 0.00814437946852324,
    "throttle_traj": 0.75,
    "brake_traj": 0.0,
    "plan": [
        [
            0.015212830156087875,
            2.7975311279296875
        ],
        [
            0.05082577094435692,
            5.975217819213867
        ],
        [
            0.09283390641212463,
            9.364740371704102
        ],
        [
            0.1321129947900772,
            12.719792366027832
        ],
        [
            0.24092146754264832,
            16.27890968322754
        ],
        [
            0.30084723234176636,
            19.659238815307617
        ]
    ]
}