{
    "speed": 4.9637487721945135,
    "steer": 0.005125632043927908,
    "throttle": 0.75,
    "brake": 0.0,
    "wp_4": [
        0.08534451574087143,
        12.381295204162598
    ],
    "wp_3": [
        0.05225878953933716,
        9.183588027954102
    ],
    "wp_2": [
        0.023213917389512062,
        5.896493434906006
    ],
    "wp_1": [
        0.0023503564298152924,
        2.789686441421509
    ],
    "aim": [
        0.0023503564298152924,
        2.789686441421509
    ],
    "target": [
        -1.5905770968190334,
        18.168085340947595
    ],
    "desired_speed": 6.437003326416015,
    "angle": 0.0005363696952831429,
    "angle_last": 0.008752024792937591,
    "angle_target": -0.05559295839287377,
    "angle_final": 0.0005363696952831429,
    "delta": 0.25,
    "agent": "only_traj",
    "steer_traj": 0.005125632223316243,
    "throttle_traj": 0.75,
    "brake_traj": 0.0,
    "plan": [
        [
            0.0023503564298152924,
            2.789686441421509
        ],
        [
            0.023213917389512062,
            5.896493434906006
        ],
        [
            0.05225878953933716,
            9.183588027954102
        ],
        [
            0.08534451574087143,
            12.381295204162598
        ],
        [
            0.16876941919326782,
            15.731826782226562
        ],
        [
            0.21205879747867584,
            18.880489349365234
        ]
    ]
}