{
    "speed": 5.1005780933629445,
    "steer": 0.011233008466660976,
    "throttle": 0.0,
    "brake": 0.0,
    "wp_4": [
        0.12679454684257507,
        10.668548583984375
    ],
    "wp_3": [
        0.06858685612678528,
        7.985321998596191
    ],
    "wp_2": [
        0.01834096945822239,
        5.213137626647949
    ],
    "wp_1": [
        0.02198290452361107,
        2.500150203704834
    ],
    "aim": [
        0.02198290452361107,
        2.500150203704834
    ],
    "target": [
        -0.9744433062514752,
        17.269716341980615
    ],
    "desired_speed": 5.5385624885559075,
    "angle": 0.005597388088281035,
    "angle_last": 0.015826127607310576,
    "angle_target": -0.035883205390780805,
    "angle_final": 0.005597388088281035,
    "delta": 0.25,
    "agent": "only_traj",
    "steer_traj": 0.01123300808667593,
    "throttle_traj": 0.0,
    "brake_traj": 0.0,
    "plan": [
        [
            0.02198290452361107,
            2.500150203704834
        ],
        [
            0.01834096945822239,
            5.213137626647949
        ],
        [
            0.06858685612678528,
            7.985321998596191
        ],
        [
            0.12679454684257507,
            10.668548583984375
        ],
        [
            0.22035139799118042,
            13.523721694946289
        ],
        [
            0.29045358300209045,
            16.343063354492188
        ]
    ]
}