{
    "speed": 5.073402240322315,
    "steer": 0.011074167676270008,
    "throttle": 0.0,
    "brake": 0.0,
    "wp_4": [
        0.0017525497823953629,
        8.460477828979492
    ],
    "wp_3": [
        0.00021810084581375122,
        6.2505035400390625
    ],
    "wp_2": [
        -0.07450437545776367,
        4.10783576965332
    ],
    "wp_1": [
        0.009344931691884995,
        1.9750173091888428
    ],
    "aim": [
        0.009344931691884995,
        1.9750173091888428
    ],
    "target": [
        -1.3130532569642779,
        17.29907549783036
    ],
    "desired_speed": 4.655848121643067,
    "angle": 0.0030121614874312093,
    "angle_last": -0.023147766597680735,
    "angle_target": -0.04822892863347157,
    "angle_final": 0.0030121614874312093,
    "delta": 0.0,
    "agent": "only_traj",
    "steer_traj": 0.011074167768659052,
    "throttle_traj": 0.0,
    "brake_traj": 0.0,
    "plan": [
        [
            0.009344931691884995,
            1.9750173091888428
        ],
        [
            -0.07450437545776367,
            4.10783576965332
        ],
        [
            0.00021810084581375122,
            6.2505035400390625
        ],
        [
            0.0017525497823953629,
            8.460477828979492
        ],
        [
            -0.033672988414764404,
            11.010819435119629
        ],
        [
            -0.12821194529533386,
            13.609722137451172
        ]
    ]
}