{
    "speed": 4.978062164441898,
    "steer": 0.0041936286725103855,
    "throttle": 0.75,
    "brake": 0.0,
    "wp_4": [
        0.014588089659810066,
        16.492948532104492
    ],
    "wp_3": [
        0.04098409414291382,
        12.499074935913086
    ],
    "wp_2": [
        0.024248266592621803,
        8.463993072509766
    ],
    "wp_1": [
        0.0021879933774471283,
        4.3553972244262695
    ],
    "aim": [
        0.0021879933774471283,
        4.3553972244262695
    ],
    "target": [
        -1.2957301568836814,
        17.207404186943474
    ],
    "desired_speed": 8.029146003723143,
    "angle": 0.00031977680760296077,
    "angle_last": -0.012429985534078286,
    "angle_target": -0.047847636926183316,
    "angle_final": 0.00031977680760296077,
    "delta": 0.25,
    "agent": "only_traj",
    "steer_traj": 0.004193628720814691,
    "throttle_traj": 0.75,
    "brake_traj": 0.0,
    "plan": [
        [
            0.0021879933774471283,
            4.3553972244262695
        ],
        [
            0.024248266592621803,
            8.463993072509766
        ],
        [
            0.04098409414291382,
            12.499074935913086
        ],
        [
            0.014588089659810066,
            16.492948532104492
        ],
        [
            0.014777309261262417,
            20.48723602294922
        ],
        [
            -0.06216300278902054,
            24.427330017089844
        ]
    ]
}