{
    "speed": 4.9202796674676375,
    "steer": -0.00136295217089355,
    "throttle": 0.75,
    "brake": 0.0,
    "wp_4": [
        -0.17806249856948853,
        12.997493743896484
    ],
    "wp_3": [
        -0.13608410954475403,
        9.69179916381836
    ],
    "wp_2": [
        -0.05258501321077347,
        6.2389235496521
    ],
    "wp_1": [
        -0.0257418192923069,
        2.9914889335632324
    ],
    "aim": [
        -0.0257418192923069,
        2.9914889335632324
    ],
    "target": [
        -1.4283843912064516,
        16.478721094116498
    ],
    "desired_speed": 6.706652355194092,
    "angle": -0.005477991323866974,
    "angle_last": -0.018358286169686242,
    "angle_target": -0.05504495839823797,
    "angle_final": -0.005477991323866974,
    "delta": 0.25,
    "agent": "only_traj",
    "steer_traj": -0.0013629521501387072,
    "throttle_traj": 0.75,
    "brake_traj": 0.0,
    "plan": [
        [
            -0.0257418192923069,
            2.9914889335632324
        ],
        [
            -0.05258501321077347,
            6.2389235496521
        ],
        [
            -0.13608410954475403,
            9.69179916381836
        ],
        [
            -0.17806249856948853,
            12.997493743896484
        ],
        [
            -0.22250622510910034,
            16.472379684448242
        ],
        [
            -0.3171963691711426,
            19.755083084106445
        ]
    ]
}