{
    "speed": 4.881501267755367,
    "steer": -0.012203785590827465,
    "throttle": 0.0,
    "brake": 1.0,
    "wp_4": [
        -0.05966092646121979,
        7.12776517868042
    ],
    "wp_3": [
        -0.041652925312519073,
        5.280754089355469
    ],
    "wp_2": [
        -0.09441448748111725,
        3.5353424549102783
    ],
    "wp_1": [
        0.030995246022939682,
        1.821645736694336
    ],
    "aim": [
        -0.09441448748111725,
        3.5353424549102783
    ],
    "target": [
        -1.1828790813757628,
        16.561751728304547
    ],
    "desired_speed": 3.9773762702941893,
    "angle": -0.016997408923056588,
    "angle_last": -0.05890251675585426,
    "angle_target": -0.04539179578991411,
    "angle_final": -0.016997408923056588,
    "delta": 0.0,
    "agent": "only_traj",
    "steer_traj": -0.01220378571210063,
    "throttle_traj": 0.0,
    "brake_traj": 1.0,
    "plan": [
        [
            0.030995246022939682,
            1.821645736694336
        ],
        [
            -0.09441448748111725,
            3.5353424549102783
        ],
        [
            -0.041652925312519073,
            5.280754089355469
        ],
        [
            -0.05966092646121979,
            7.12776517868042
        ],
        [
            -0.1965843290090561,
            9.360127449035645
        ],
        [
            -0.41789036989212036,
            11.74517822265625
        ]
    ]
}