{
    "speed": 4.794239148086564,
    "steer": -0.001985555049031973,
    "throttle": 0.75,
    "brake": 0.0,
    "wp_4": [
        -0.22809918224811554,
        15.927543640136719
    ],
    "wp_3": [
        -0.15951061248779297,
        11.920303344726562
    ],
    "wp_2": [
        -0.07743136584758759,
        7.848937034606934
    ],
    "wp_1": [
        -0.03623359277844429,
        3.8849740028381348
    ],
    "aim": [
        -0.03623359277844429,
        3.8849740028381348
    ],
    "target": [
        -0.6404947387098474,
        16.75670689849929
    ],
    "desired_speed": 8.006302070617675,
    "angle": -0.005937283600054942,
    "angle_last": -0.015631522871035596,
    "angle_target": -0.02432179630830469,
    "angle_final": -0.005937283600054942,
    "delta": 0.25,
    "agent": "only_traj",
    "steer_traj": -0.0019855550396169243,
    "throttle_traj": 0.75,
    "brake_traj": 0.0,
    "plan": [
        [
            -0.03623359277844429,
            3.8849740028381348
        ],
        [
            -0.07743136584758759,
            7.848937034606934
        ],
        [
            -0.15951061248779297,
            11.920303344726562
        ],
        [
            -0.22809918224811554,
            15.927543640136719
        ],
        [
            -0.27365580201148987,
            19.977428436279297
        ],
        [
            -0.3699324131011963,
            23.897663116455078
        ]
    ]
}