{
    "speed": 4.784396751651474,
    "steer": -0.0137826818972826,
    "throttle": 0.0,
    "brake": 1.0,
    "wp_4": [
        -0.13320612907409668,
        6.863042831420898
    ],
    "wp_3": [
        -0.07912532240152359,
        4.983376502990723
    ],
    "wp_2": [
        -0.09061993658542633,
        3.2398879528045654
    ],
    "wp_1": [
        0.008483316749334335,
        1.581425666809082
    ],
    "aim": [
        -0.09061993658542633,
        3.2398879528045654
    ],
    "target": [
        -1.0017628933003784,
        16.39359913493135
    ],
    "desired_speed": 3.984288740158081,
    "angle": -0.017801625752330203,
    "angle_last": -0.07320683015263041,
    "angle_target": -0.038853582094781146,
    "angle_final": -0.017801625752330203,
    "delta": 0.0,
    "agent": "only_traj",
    "steer_traj": -0.01378268196431626,
    "throttle_traj": 0.0,
    "brake_traj": 1.0,
    "plan": [
        [
            0.008483316749334335,
            1.581425666809082
        ],
        [
            -0.09061993658542633,
            3.2398879528045654
        ],
        [
            -0.07912532240152359,
            4.983376502990723
        ],
        [
            -0.13320612907409668,
            6.863042831420898
        ],
        [
            -0.2718660533428192,
            9.151281356811523
        ],
        [
            -0.5452789068222046,
            11.518438339233398
        ]
    ]
}