{
    "speed": 4.777631809457395,
    "steer": 0.009687346406280994,
    "throttle": 0.0,
    "brake": 1.0,
    "wp_4": [
        -0.1293671578168869,
        7.959234714508057
    ],
    "wp_3": [
        -0.08111657947301865,
        6.048906326293945
    ],
    "wp_2": [
        -0.09382277727127075,
        4.127115249633789
    ],
    "wp_1": [
        0.024353276938199997,
        2.0682320594787598
    ],
    "aim": [
        0.024353276938199997,
        2.0682320594787598
    ],
    "target": [
        -1.1155567909704125,
        15.026593010982895
    ],
    "desired_speed": 4.092561864852906,
    "angle": 0.007495801222590691,
    "angle_last": -0.06154397858087053,
    "angle_target": -0.04717537107165427,
    "angle_final": 0.007495801222590691,
    "delta": 0.0,
    "agent": "only_traj",
    "steer_traj": 0.009687346396596725,
    "throttle_traj": 0.0,
    "brake_traj": 1.0,
    "plan": [
        [
            0.024353276938199997,
            2.0682320594787598
        ],
        [
            -0.09382277727127075,
            4.127115249633789
        ],
        [
            -0.08111657947301865,
            6.048906326293945
        ],
        [
            -0.1293671578168869,
            7.959234714508057
        ],
        [
            -0.32624107599258423,
            10.120145797729492
        ],
        [
            -0.5353573560714722,
            12.276531219482422
        ]
    ]
}