{
    "speed": 4.66127352400092,
    "steer": 0.008668915368616581,
    "throttle": 0.10312499850988388,
    "brake": 0.0,
    "wp_4": [
        -0.159620463848114,
        8.218975067138672
    ],
    "wp_3": [
        -0.11015262454748154,
        6.268089294433594
    ],
    "wp_2": [
        -0.09322446584701538,
        4.265960693359375
    ],
    "wp_1": [
        0.02520604059100151,
        2.136157989501953
    ],
    "aim": [
        0.02520604059100151,
        2.136157989501953
    ],
    "target": [
        -1.5909543555281727,
        15.865929745612483
    ],
    "desired_speed": 4.245992708206177,
    "angle": 0.007511586548672499,
    "angle_last": -0.054984264901990286,
    "angle_target": -0.06362429769585648,
    "angle_final": 0.007511586548672499,
    "delta": 0.0,
    "agent": "only_traj",
    "steer_traj": 0.008668915387885126,
    "throttle_traj": 0.103125,
    "brake_traj": 0.0,
    "plan": [
        [
            0.02520604059100151,
            2.136157989501953
        ],
        [
            -0.09322446584701538,
            4.265960693359375
        ],
        [
            -0.11015262454748154,
            6.268089294433594
        ],
        [
            -0.159620463848114,
            8.218975067138672
        ],
        [
            -0.3641244173049927,
            10.461750030517578
        ],
        [
            -0.5604645609855652,
            12.729362487792969
        ]
    ]
}