{
    "speed": 4.520288294311609,
    "steer": 0.006239306181669235,
    "throttle": 0.10000000149011612,
    "brake": 0.0,
    "wp_4": [
        -0.12307962775230408,
        8.483735084533691
    ],
    "wp_3": [
        -0.08593712002038956,
        6.424442768096924
    ],
    "wp_2": [
        -0.09347961843013763,
        4.331916809082031
    ],
    "wp_1": [
        0.017655950039625168,
        2.14235520362854
    ],
    "aim": [
        0.017655950039625168,
        2.14235520362854
    ],
    "target": [
        -0.9721035220856198,
        14.619574524122818
    ],
    "desired_speed": 4.411683082580566,
    "angle": 0.0052464681469239355,
    "angle_last": -0.044602832709515566,
    "angle_target": -0.0422687176306156,
    "angle_final": 0.0052464681469239355,
    "delta": 0.0,
    "agent": "only_traj",
    "steer_traj": 0.006239306109537578,
    "throttle_traj": 0.1,
    "brake_traj": 0.0,
    "plan": [
        [
            0.017655950039625168,
            2.14235520362854
        ],
        [
            -0.09347961843013763,
            4.331916809082031
        ],
        [
            -0.08593712002038956,
            6.424442768096924
        ],
        [
            -0.12307962775230408,
            8.483735084533691
        ],
        [
            -0.2643897533416748,
            10.810791969299316
        ],
        [
            -0.4291330575942993,
            13.15833568572998
        ]
    ]
}