{
    "speed": 4.382595138510051,
    "steer": 0.0037488057278096676,
    "throttle": 0.75,
    "brake": 0.0,
    "wp_4": [
        -0.11641789972782135,
        8.963972091674805
    ],
    "wp_3": [
        -0.08436226099729538,
        6.760889053344727
    ],
    "wp_2": [
        -0.09232795238494873,
        4.512451171875
    ],
    "wp_1": [
        0.008090641349554062,
        2.2049074172973633
    ],
    "aim": [
        0.008090641349554062,
        2.2049074172973633
    ],
    "target": [
        -1.0729451883275716,
        14.202429079511303
    ],
    "desired_speed": 4.673135280609131,
    "angle": 0.0023359727595999467,
    "angle_last": -0.03347099040022879,
    "angle_target": -0.048003273219231465,
    "angle_final": 0.0023359727595999467,
    "delta": 0.25,
    "agent": "only_traj",
    "steer_traj": 0.003748805694739366,
    "throttle_traj": 0.75,
    "brake_traj": 0.0,
    "plan": [
        [
            0.008090641349554062,
            2.2049074172973633
        ],
        [
            -0.09232795238494873,
            4.512451171875
        ],
        [
            -0.08436226099729538,
            6.760889053344727
        ],
        [
            -0.11641789972782135,
            8.963972091674805
        ],
        [
            -0.21352645754814148,
            11.428796768188477
        ],
        [
            -0.34252071380615234,
            13.880010604858398
        ]
    ]
}