{
    "speed": 4.2580590837047945,
    "steer": 0.00673356419429183,
    "throttle": 0.41945308446884155,
    "brake": 0.0,
    "wp_4": [
        -0.12015330046415329,
        8.221771240234375
    ],
    "wp_3": [
        -0.08849071711301804,
        6.186501502990723
    ],
    "wp_2": [
        -0.10676777362823486,
        4.153618812561035
    ],
    "wp_1": [
        0.01418965682387352,
        2.042544364929199
    ],
    "aim": [
        0.01418965682387352,
        2.042544364929199
    ],
    "target": [
        -1.462654073534825,
        13.723714342728638
    ],
    "desired_speed": 4.353290367126465,
    "angle": 0.004422595551038843,
    "angle_last": -0.04688624084004161,
    "angle_target": -0.0675948694280156,
    "angle_final": 0.004422595551038843,
    "delta": 0.0952312834216702,
    "agent": "only_traj",
    "steer_traj": 0.006733564211089089,
    "throttle_traj": 0.4194530915727921,
    "brake_traj": 0.0,
    "plan": [
        [
            0.01418965682387352,
            2.042544364929199
        ],
        [
            -0.10676777362823486,
            4.153618812561035
        ],
        [
            -0.08849071711301804,
            6.186501502990723
        ],
        [
            -0.12015330046415329,
            8.221771240234375
        ],
        [
            -0.2486894130706787,
            10.556272506713867
        ],
        [
            -0.4225030541419983,
            12.912039756774902
        ]
    ]
}