{
    "speed": 4.1886462165836615,
    "steer": 0.015682438388466835,
    "throttle": 0.0,
    "brake": 0.0,
    "wp_4": [
        -0.004320679232478142,
        7.836721420288086
    ],
    "wp_3": [
        -0.004542253911495209,
        5.951803684234619
    ],
    "wp_2": [
        -0.06320872902870178,
        4.06595516204834
    ],
    "wp_1": [
        0.04313748702406883,
        2.0432589054107666
    ],
    "aim": [
        0.04313748702406883,
        2.0432589054107666
    ],
    "target": [
        -1.815745252742254,
        14.400519105916946
    ],
    "desired_speed": 4.057830858230591,
    "angle": 0.013438369364464894,
    "angle_last": -0.04123046475231717,
    "angle_target": -0.07984929131885361,
    "angle_final": 0.013438369364464894,
    "delta": 0.0,
    "agent": "only_traj",
    "steer_traj": 0.015682438218869634,
    "throttle_traj": 0.0,
    "brake_traj": 0.0,
    "plan": [
        [
            0.04313748702406883,
            2.0432589054107666
        ],
        [
            -0.06320872902870178,
            4.06595516204834
        ],
        [
            -0.004542253911495209,
            5.951803684234619
        ],
        [
            -0.004320679232478142,
            7.836721420288086
        ],
        [
            -0.15011067688465118,
            9.982279777526855
        ],
        [
            -0.2922930121421814,
            12.174576759338379
        ]
    ]
}