{
    "speed": 4.129533665814864,
    "steer": -0.013384695164859295,
    "throttle": 0.09181538969278336,
    "brake": 0.0,
    "wp_4": [
        -0.0296537633985281,
        7.382029056549072
    ],
    "wp_3": [
        -0.027634136378765106,
        5.566559791564941
    ],
    "wp_2": [
        -0.06694230437278748,
        3.7705225944519043
    ],
    "wp_1": [
        0.035137441009283066,
        1.8692421913146973
    ],
    "aim": [
        -0.06694230437278748,
        3.7705225944519043
    ],
    "target": [
        -1.1568393132578518,
        13.941095153344595
    ],
    "desired_speed": 3.9110545635223386,
    "angle": -0.011301410610219846,
    "angle_last": -0.04952208673174031,
    "angle_target": -0.05270628615017829,
    "angle_final": -0.011301410610219846,
    "delta": 0.0,
    "agent": "only_traj",
    "steer_traj": -0.013384695379116077,
    "throttle_traj": 0.09181539104277088,
    "brake_traj": 0.0,
    "plan": [
        [
            0.035137441009283066,
            1.8692421913146973
        ],
        [
            -0.06694230437278748,
            3.7705225944519043
        ],
        [
            -0.027634136378765106,
            5.566559791564941
        ],
        [
            -0.0296537633985281,
            7.382029056549072
        ],
        [
            -0.15716028213500977,
            9.487872123718262
        ],
        [
            -0.3243921995162964,
            11.633344650268555
        ]
    ]
}