{
    "speed": 3.92749652478634,
    "steer": -0.016638223081827164,
    "throttle": 0.35310521721839905,
    "brake": 0.0,
    "wp_4": [
        -0.17829523980617523,
        7.507297039031982
    ],
    "wp_3": [
        -0.12388595193624496,
        5.645959854125977
    ],
    "wp_2": [
        -0.10637432336807251,
        3.82578706741333
    ],
    "wp_1": [
        0.01601048931479454,
        1.9137117862701416
    ],
    "aim": [
        -0.10637432336807251,
        3.82578706741333
    ],
    "target": [
        -2.0480408934358163,
        13.065318242637263
    ],
    "desired_speed": 4.013054084777832,
    "angle": -0.017696364948121227,
    "angle_last": -0.07776636087856781,
    "angle_target": -0.09898717599316767,
    "angle_final": -0.017696364948121227,
    "delta": 0.0855575599914924,
    "agent": "only_traj",
    "steer_traj": -0.016638223262261876,
    "throttle_traj": 0.35310522049161885,
    "brake_traj": 0.0,
    "plan": [
        [
            0.01601048931479454,
            1.9137117862701416
        ],
        [
            -0.10637432336807251,
            3.82578706741333
        ],
        [
            -0.12388595193624496,
            5.645959854125977
        ],
        [
            -0.17829523980617523,
            7.507297039031982
        ],
        [
            -0.38585829734802246,
            9.69625473022461
        ],
        [
            -0.6582553386688232,
            11.915078163146973
        ]
    ]
}