{
    "speed": 3.862009304632642,
    "steer": -0.014620059169828892,
    "throttle": 0.75,
    "brake": 0.0,
    "wp_4": [
        -0.23304376006126404,
        7.323277950286865
    ],
    "wp_3": [
        -0.16917502880096436,
        5.464571952819824
    ],
    "wp_2": [
        -0.11628769338130951,
        3.6684556007385254
    ],
    "wp_1": [
        0.010739248245954514,
        1.820885181427002
    ],
    "aim": [
        -0.11628769338130951,
        3.6684556007385254
    ],
    "target": [
        -2.345323174310171,
        13.037466301612499
    ],
    "desired_speed": 4.027726745605468,
    "angle": -0.020173674560084853,
    "angle_last": -0.08283033902020605,
    "angle_target": -0.11331028601045985,
    "angle_final": -0.020173674560084853,
    "delta": 0.1657174409728266,
    "agent": "only_traj",
    "steer_traj": -0.014620058887691589,
    "throttle_traj": 0.75,
    "brake_traj": 0.0,
    "plan": [
        [
            0.010739248245954514,
            1.820885181427002
        ],
        [
            -0.11628769338130951,
            3.6684556007385254
        ],
        [
            -0.16917502880096436,
            5.464571952819824
        ],
        [
            -0.23304376006126404,
            7.323277950286865
        ],
        [
            -0.44833236932754517,
            9.558694839477539
        ],
        [
            -0.7486774921417236,
            11.854055404663086
        ]
    ]
}