{
    "speed": 3.8273761693821036,
    "steer": -0.010343694128096104,
    "throttle": 0.75,
    "brake": 0.0,
    "wp_4": [
        -0.1017320305109024,
        7.087815284729004
    ],
    "wp_3": [
        -0.09279311448335648,
        5.237024784088135
    ],
    "wp_2": [
        -0.08876140415668488,
        3.4718050956726074
    ],
    "wp_1": [
        0.024565648287534714,
        1.6927642822265625
    ],
    "aim": [
        -0.08876140415668488,
        3.4718050956726074
    ],
    "target": [
        -1.9869279483711177,
        13.357599391560502
    ],
    "desired_speed": 4.008610248565674,
    "angle": -0.016272498179145903,
    "angle_last": -0.04946038735623785,
    "angle_target": -0.09400718081513673,
    "angle_final": -0.016272498179145903,
    "delta": 0.18123407918357026,
    "agent": "only_traj",
    "steer_traj": -0.010343694523819532,
    "throttle_traj": 0.75,
    "brake_traj": 0.0,
    "plan": [
        [
            0.024565648287534714,
            1.6927642822265625
        ],
        [
            -0.08876140415668488,
            3.4718050956726074
        ],
        [
            -0.09279311448335648,
            5.237024784088135
        ],
        [
            -0.1017320305109024,
            7.087815284729004
        ],
        [
            -0.22170355916023254,
            9.347772598266602
        ],
        [
            -0.4048498272895813,
            11.700357437133789
        ]
    ]
}