{
    "speed": 3.872677186532442,
    "steer": -0.01575065776705742,
    "throttle": 0.75,
    "brake": 0.0,
    "wp_4": [
        -0.14436735212802887,
        7.120348930358887
    ],
    "wp_3": [
        -0.1393229365348816,
        5.166888236999512
    ],
    "wp_2": [
        -0.10441309213638306,
        3.3603336811065674
    ],
    "wp_1": [
        0.017293717712163925,
        1.6058642864227295
    ],
    "aim": [
        -0.10441309213638306,
        3.3603336811065674
    ],
    "target": [
        -0.7321399561302147,
        13.012449730484619
    ],
    "desired_speed": 4.262466526031495,
    "angle": -0.01977479151255611,
    "angle_last": -0.03187743137587404,
    "angle_target": -0.035781415094224465,
    "angle_final": -0.01977479151255611,
    "delta": 0.25,
    "agent": "only_traj",
    "steer_traj": -0.015750658678047723,
    "throttle_traj": 0.75,
    "brake_traj": 0.0,
    "plan": [
        [
            0.017293717712163925,
            1.6058642864227295
        ],
        [
            -0.10441309213638306,
            3.3603336811065674
        ],
        [
            -0.1393229365348816,
            5.166888236999512
        ],
        [
            -0.14436735212802887,
            7.120348930358887
        ],
        [
            -0.219099760055542,
            9.59858512878418
        ],
        [
            -0.3521260917186737,
            12.253012657165527
        ]
    ]
}