{
    "speed": 4.139816471836949,
    "steer": -0.007591204717755318,
    "throttle": 0.75,
    "brake": 0.0,
    "wp_4": [
        -0.1959802806377411,
        10.72458267211914
    ],
    "wp_3": [
        -0.12641209363937378,
        7.845273494720459
    ],
    "wp_2": [
        -0.07104852795600891,
        4.93726921081543
    ],
    "wp_1": [
        -0.036888156086206436,
        2.2716872692108154
    ],
    "aim": [
        -0.036888156086206436,
        2.2716872692108154
    ],
    "target": [
        -1.3815562206586696,
        13.537550879681506
    ],
    "desired_speed": 5.953845882415772,
    "angle": -0.010336608444460155,
    "angle_last": -0.02347128989136701,
    "angle_target": -0.06474520758864151,
    "angle_final": -0.010336608444460155,
    "delta": 0.25,
    "agent": "only_traj",
    "steer_traj": -0.007591204830505848,
    "throttle_traj": 0.75,
    "brake_traj": 0.0,
    "plan": [
        [
            -0.036888156086206436,
            2.2716872692108154
        ],
        [
            -0.07104852795600891,
            4.93726921081543
        ],
        [
            -0.12641209363937378,
            7.845273494720459
        ],
        [
            -0.1959802806377411,
            10.72458267211914
        ],
        [
            -0.19755008816719055,
            13.956768989562988
        ],
        [
            -0.315427303314209,
            17.152542114257812
        ]
    ]
}