{
    "speed": 4.317650403030439,
    "steer": -0.00023280239838641137,
    "throttle": 0.75,
    "brake": 0.0,
    "wp_4": [
        -0.07329019159078598,
        13.962566375732422
    ],
    "wp_3": [
        -0.05083706974983215,
        10.342279434204102
    ],
    "wp_2": [
        -0.021454280242323875,
        6.652928352355957
    ],
    "wp_1": [
        -0.012463871389627457,
        3.161372423171997
    ],
    "aim": [
        -0.012463871389627457,
        3.161372423171997
    ],
    "target": [
        -1.1339185057209156,
        11.173042180884938
    ],
    "desired_speed": 7.335589599609375,
    "angle": -0.002509894674542544,
    "angle_last": -0.004187313243706898,
    "angle_target": -0.06438817553292443,
    "angle_final": -0.002509894674542544,
    "delta": 0.25,
    "agent": "only_traj",
    "steer_traj": -0.0002328023936895877,
    "throttle_traj": 0.75,
    "brake_traj": 0.0,
    "plan": [
        [
            -0.012463871389627457,
            3.161372423171997
        ],
        [
            -0.021454280242323875,
            6.652928352355957
        ],
        [
            -0.05083706974983215,
            10.342279434204102
        ],
        [
            -0.07329019159078598,
            13.962566375732422
        ],
        [
            -0.08055000007152557,
            17.788732528686523
        ],
        [
            -0.1049613207578659,
            21.50006103515625
        ]
    ]
}