{
    "speed": 4.505588603123177,
    "steer": -0.008604674600064754,
    "throttle": 0.75,
    "brake": 0.0,
    "wp_4": [
        -0.13083285093307495,
        10.956818580627441
    ],
    "wp_3": [
        -0.09140807390213013,
        8.08108901977539
    ],
    "wp_2": [
        -0.057917214930057526,
        5.1343793869018555
    ],
    "wp_1": [
        -0.029589269310235977,
        2.3842601776123047
    ],
    "aim": [
        -0.029589269310235977,
        2.3842601776123047
    ],
    "target": [
        -1.0101521737142278,
        11.68585051436852
    ],
    "desired_speed": 5.94756145477295,
    "angle": -0.00790020407652583,
    "angle_last": -0.012727326435946176,
    "angle_target": -0.05489444049762943,
    "angle_final": -0.00790020407652583,
    "delta": 0.25,
    "agent": "only_traj",
    "steer_traj": -0.008604674826992153,
    "throttle_traj": 0.75,
    "brake_traj": 0.0,
    "plan": [
        [
            -0.029589269310235977,
            2.3842601776123047
        ],
        [
            -0.057917214930057526,
            5.1343793869018555
        ],
        [
            -0.09140807390213013,
            8.08108901977539
        ],
        [
            -0.13083285093307495,
            10.956818580627441
        ],
        [
            -0.11670098453760147,
            14.138009071350098
        ],
        [
            -0.17896243929862976,
            17.251903533935547
        ]
    ]
}