{
    "speed": 4.698908868311901,
    "steer": -0.0057779960334300995,
    "throttle": 0.75,
    "brake": 0.0,
    "wp_4": [
        -0.10041605681180954,
        10.908638000488281
    ],
    "wp_3": [
        -0.06871220469474792,
        8.05687141418457
    ],
    "wp_2": [
        -0.046560145914554596,
        5.138306617736816
    ],
    "wp_1": [
        -0.025073591619729996,
        2.4038476943969727
    ],
    "aim": [
        -0.025073591619729996,
        2.4038476943969727
    ],
    "target": [
        -0.8029505819356904,
        11.816117285057796
    ],
    "desired_speed": 5.926845073699951,
    "angle": -0.0066400341746584764,
    "angle_last": -0.0076647143321419454,
    "angle_target": -0.04319435535276459,
    "angle_final": -0.0066400341746584764,
    "delta": 0.25,
    "agent": "only_traj",
    "steer_traj": -0.005777995968956826,
    "throttle_traj": 0.75,
    "brake_traj": 0.0,
    "plan": [
        [
            -0.025073591619729996,
            2.4038476943969727
        ],
        [
            -0.046560145914554596,
            5.138306617736816
        ],
        [
            -0.06871220469474792,
            8.05687141418457
        ],
        [
            -0.10041605681180954,
            10.908638000488281
        ],
        [
            -0.07439884543418884,
            14.086665153503418
        ],
        [
            -0.11212864518165588,
            17.22028160095215
        ]
    ]
}