{
    "speed": 4.89574829749348,
    "steer": -0.00949745811522007,
    "throttle": 0.75,
    "brake": 0.0,
    "wp_4": [
        -0.18574662506580353,
        12.445249557495117
    ],
    "wp_3": [
        -0.12363135814666748,
        9.226242065429688
    ],
    "wp_2": [
        -0.06924549490213394,
        5.903148651123047
    ],
    "wp_1": [
        -0.041418347507715225,
        2.7760744094848633
    ],
    "aim": [
        -0.041418347507715225,
        2.7760744094848633
    ],
    "target": [
        -1.270784991116621,
        11.881458408834204
    ],
    "desired_speed": 6.636882686614991,
    "angle": -0.0094974817594287,
    "angle_last": -0.010312475109392778,
    "angle_target": -0.06783199208708414,
    "angle_final": -0.0094974817594287,
    "delta": 0.25,
    "agent": "only_traj",
    "steer_traj": -0.009497458012939742,
    "throttle_traj": 0.75,
    "brake_traj": 0.0,
    "plan": [
        [
            -0.041418347507715225,
            2.7760744094848633
        ],
        [
            -0.06924549490213394,
            5.903148651123047
        ],
        [
            -0.12363135814666748,
            9.226242065429688
        ],
        [
            -0.18574662506580353,
            12.445249557495117
        ],
        [
            -0.1828937977552414,
            15.974098205566406
        ],
        [
            -0.23785416781902313,
            19.366666793823242
        ]
    ]
}