{
    "speed": 5.094459012283845,
    "steer": -0.006570526864379644,
    "throttle": 0.0,
    "brake": 0.0,
    "wp_4": [
        -0.20212531089782715,
        14.021472930908203
    ],
    "wp_3": [
        -0.13742341101169586,
        10.32365608215332
    ],
    "wp_2": [
        -0.06170325726270676,
        6.5753679275512695
    ],
    "wp_1": [
        -0.034852076321840286,
        3.0766162872314453
    ],
    "aim": [
        -0.034852076321840286,
        3.0766162872314453
    ],
    "target": [
        -2.253413810150047,
        11.725847557155724
    ],
    "desired_speed": 7.4678548812866214,
    "angle": -0.007211341553234654,
    "angle_last": -0.008175612482058899,
    "angle_target": -0.12086878726678289,
    "angle_final": -0.007211341553234654,
    "delta": 0.25,
    "agent": "only_traj",
    "steer_traj": -0.0065705270086067165,
    "throttle_traj": 0.0,
    "brake_traj": 0.0,
    "plan": [
        [
            -0.034852076321840286,
            3.0766162872314453
        ],
        [
            -0.06170325726270676,
            6.5753679275512695
        ],
        [
            -0.13742341101169586,
            10.32365608215332
        ],
        [
            -0.20212531089782715,
            14.021472930908203
        ],
        [
            -0.22966116666793823,
            17.96247673034668
        ],
        [
            -0.2782323360443115,
            21.74441146850586
        ]
    ]
}