{
    "speed": 5.2638454586981025,
    "steer": -0.0017410781001672149,
    "throttle": 0.0,
    "brake": 0.0,
    "wp_4": [
        -0.03333327919244766,
        13.879844665527344
    ],
    "wp_3": [
        -0.015038758516311646,
        10.246442794799805
    ],
    "wp_2": [
        -0.005919909104704857,
        6.552436828613281
    ],
    "wp_1": [
        -0.008553657680749893,
        3.084160804748535
    ],
    "aim": [
        -0.008553657680749893,
        3.084160804748535
    ],
    "target": [
        -1.3236496075187616,
        11.444172308162065
    ],
    "desired_speed": 7.35442762374878,
    "angle": -0.0017655558369927102,
    "angle_last": 0.004944725567590929,
    "angle_target": -0.07330663818530384,
    "angle_final": -0.0017655558369927102,
    "delta": 0.25,
    "agent": "only_traj",
    "steer_traj": -0.001741078116000338,
    "throttle_traj": 0.0,
    "brake_traj": 0.0,
    "plan": [
        [
            -0.008553657680749893,
            3.084160804748535
        ],
        [
            -0.005919909104704857,
            6.552436828613281
        ],
        [
            -0.015038758516311646,
            10.246442794799805
        ],
        [
            -0.03333327919244766,
            13.879844665527344
        ],
        [
            -0.005771908909082413,
            17.747861862182617
        ],
        [
            0.023138634860515594,
            21.469961166381836
        ]
    ]
}