{
    "speed": 5.1622965410722355,
    "steer": -0.007138808723539114,
    "throttle": 0.0,
    "brake": 0.0,
    "wp_4": [
        -0.04813673347234726,
        11.841209411621094
    ],
    "wp_3": [
        -0.03533950448036194,
        8.714315414428711
    ],
    "wp_2": [
        -0.023111617192626,
        5.5226287841796875
    ],
    "wp_1": [
        -0.020802590996026993,
        2.578172206878662
    ],
    "aim": [
        -0.020802590996026993,
        2.578172206878662
    ],
    "target": [
        -0.8678412962823321,
        10.983200992203876
    ],
    "desired_speed": 6.45732479095459,
    "angle": -0.005136557756357114,
    "angle_last": 0.001562339999609836,
    "angle_target": -0.05019842739229446,
    "angle_final": -0.005136557756357114,
    "delta": 0.25,
    "agent": "only_traj",
    "steer_traj": -0.007138808708244318,
    "throttle_traj": 0.0,
    "brake_traj": 0.0,
    "plan": [
        [
            -0.020802590996026993,
            2.578172206878662
        ],
        [
            -0.023111617192626,
            5.5226287841796875
        ],
        [
            -0.03533950448036194,
            8.714315414428711
        ],
        [
            -0.04813673347234726,
            11.841209411621094
        ],
        [
            -0.008503098040819168,
            15.315801620483398
        ],
        [
            -0.0001458302140235901,
            18.7211971282959
        ]
    ]
}