{
    "speed": 5.073013017006329,
    "steer": -0.008539421483874321,
    "throttle": 0.0,
    "brake": 0.0,
    "wp_4": [
        -0.13891038298606873,
        13.0032320022583
    ],
    "wp_3": [
        -0.0927618145942688,
        9.570080757141113
    ],
    "wp_2": [
        -0.04358357936143875,
        6.059813499450684
    ],
    "wp_1": [
        -0.031661514192819595,
        2.812819004058838
    ],
    "aim": [
        -0.031661514192819595,
        2.812819004058838
    ],
    "target": [
        -1.6009744256280647,
        9.947963056797086
    ],
    "desired_speed": 6.951096153259278,
    "angle": -0.007165579285795569,
    "angle_last": -0.00710061659768967,
    "angle_target": -0.1015833108714116,
    "angle_final": -0.007165579285795569,
    "delta": 0.25,
    "agent": "only_traj",
    "steer_traj": -0.008539421529007902,
    "throttle_traj": 0.0,
    "brake_traj": 0.0,
    "plan": [
        [
            -0.031661514192819595,
            2.812819004058838
        ],
        [
            -0.04358357936143875,
            6.059813499450684
        ],
        [
            -0.0927618145942688,
            9.570080757141113
        ],
        [
            -0.13891038298606873,
            13.0032320022583
        ],
        [
            -0.14882797002792358,
            16.68658447265625
        ],
        [
            -0.1879017949104309,
            20.189651489257812
        ]
    ]
}