{
    "speed": 4.945179139735387,
    "steer": -0.004254018887877464,
    "throttle": 0.75,
    "brake": 0.0,
    "wp_4": [
        -0.02068915031850338,
        11.093515396118164
    ],
    "wp_3": [
        -0.020928502082824707,
        8.224812507629395
    ],
    "wp_2": [
        -0.02459857426583767,
        5.263702392578125
    ],
    "wp_1": [
        -0.013780001550912857,
        2.4852585792541504
    ],
    "aim": [
        -0.013780001550912857,
        2.4852585792541504
    ],
    "target": [
        -1.6552041540359044,
        10.223236503002095
    ],
    "desired_speed": 5.91889352798462,
    "angle": -0.0035297936996070032,
    "angle_last": 0.00436066850256406,
    "angle_target": -0.10218588357363012,
    "angle_final": -0.0035297936996070032,
    "delta": 0.25,
    "agent": "only_traj",
    "steer_traj": -0.004254018859713393,
    "throttle_traj": 0.75,
    "brake_traj": 0.0,
    "plan": [
        [
            -0.013780001550912857,
            2.4852585792541504
        ],
        [
            -0.02459857426583767,
            5.263702392578125
        ],
        [
            -0.020928502082824707,
            8.224812507629395
        ],
        [
            -0.02068915031850338,
            11.093515396118164
        ],
        [
            0.02246442250907421,
            14.230189323425293
        ],
        [
            0.043369315564632416,
            17.282100677490234
        ]
    ]
}