{
    "speed": 4.831617471030162,
    "steer": 0.005094681400805712,
    "throttle": 0.75,
    "brake": 0.0,
    "wp_4": [
        0.06861329078674316,
        10.272953033447266
    ],
    "wp_3": [
        0.041097015142440796,
        7.67174768447876
    ],
    "wp_2": [
        0.02011861838400364,
        5.008644104003906
    ],
    "wp_1": [
        0.024285193532705307,
        2.4306583404541016
    ],
    "aim": [
        0.024285193532705307,
        2.4306583404541016
    ],
    "target": [
        -1.008865814368255,
        9.210724296408555
    ],
    "desired_speed": 5.3740280151367195,
    "angle": 0.006360396109562238,
    "angle_last": 0.0078521853152838,
    "angle_target": -0.06945314870492492,
    "angle_final": 0.006360396109562238,
    "delta": 0.25,
    "agent": "only_traj",
    "steer_traj": 0.005094681347624039,
    "throttle_traj": 0.75,
    "brake_traj": 0.0,
    "plan": [
        [
            0.024285193532705307,
            2.4306583404541016
        ],
        [
            0.02011861838400364,
            5.008644104003906
        ],
        [
            0.041097015142440796,
            7.67174768447876
        ],
        [
            0.06861329078674316,
            10.272953033447266
        ],
        [
            0.11850085854530334,
            13.079060554504395
        ],
        [
            0.15286292135715485,
            15.86484146118164
        ]
    ]
}