{
    "speed": 4.752998499037049,
    "steer": 0.006523088552057743,
    "throttle": 0.6475651264190674,
    "brake": 0.0,
    "wp_4": [
        0.034356627613306046,
        9.47241497039795
    ],
    "wp_3": [
        0.01738727279007435,
        7.127240180969238
    ],
    "wp_2": [
        -0.0050171054899692535,
        4.7311601638793945
    ],
    "wp_1": [
        0.038684722036123276,
        2.3621292114257812
    ],
    "aim": [
        0.038684722036123276,
        2.3621292114257812
    ],
    "target": [
        -1.711810536715619,
        9.640154070623327
    ],
    "desired_speed": 4.888190746307373,
    "angle": 0.010425041684636826,
    "angle_last": 0.0016795915803617216,
    "angle_target": -0.11187895313608272,
    "angle_final": 0.010425041684636826,
    "delta": 0.1351922472703242,
    "agent": "only_traj",
    "steer_traj": 0.0065230887694413455,
    "throttle_traj": 0.6475651412574437,
    "brake_traj": 0.0,
    "plan": [
        [
            0.038684722036123276,
            2.3621292114257812
        ],
        [
            -0.0050171054899692535,
            4.7311601638793945
        ],
        [
            0.01738727279007435,
            7.127240180969238
        ],
        [
            0.034356627613306046,
            9.47241497039795
        ],
        [
            0.04529523104429245,
            12.01242446899414
        ],
        [
            0.05207468941807747,
            14.58200454711914
        ]
    ]
}