{
    "speed": 4.7563364578478815,
    "steer": 0.005336834583431482,
    "throttle": 0.75,
    "brake": 0.0,
    "wp_4": [
        0.06210463494062424,
        9.81045913696289
    ],
    "wp_3": [
        0.039322495460510254,
        7.340541839599609
    ],
    "wp_2": [
        0.009113932028412819,
        4.829047203063965
    ],
    "wp_1": [
        0.03825169429183006,
        2.3716282844543457
    ],
    "aim": [
        0.03825169429183006,
        2.3716282844543457
    ],
    "target": [
        -0.9854443499590466,
        9.642379354183012
    ],
    "desired_speed": 5.125247955322266,
    "angle": 0.010267036641837198,
    "angle_last": 0.0077655178038154166,
    "angle_target": -0.06483698159074072,
    "angle_final": 0.010267036641837198,
    "delta": 0.25,
    "agent": "only_traj",
    "steer_traj": 0.005336834711348534,
    "throttle_traj": 0.75,
    "brake_traj": 0.0,
    "plan": [
        [
            0.03825169429183006,
            2.3716282844543457
        ],
        [
            0.009113932028412819,
            4.829047203063965
        ],
        [
            0.039322495460510254,
            7.340541839599609
        ],
        [
            0.06210463494062424,
            9.81045913696289
        ],
        [
            0.09328193962574005,
            12.48940372467041
        ],
        [
            0.12615112960338593,
            15.183906555175781
        ]
    ]
}