{
    "speed": 4.831224835262478,
    "steer": 0.0014807931147515774,
    "throttle": 0.75,
    "brake": 0.0,
    "wp_4": [
        0.03312824293971062,
        10.309029579162598
    ],
    "wp_3": [
        0.012902559712529182,
        7.762482643127441
    ],
    "wp_2": [
        -0.007513884454965591,
        5.112058639526367
    ],
    "wp_1": [
        0.02556910738348961,
        2.4878969192504883
    ],
    "aim": [
        0.02556910738348961,
        2.4878969192504883
    ],
    "target": [
        -1.1701325377124459,
        9.268523259433024
    ],
    "desired_speed": 5.30764331817627,
    "angle": 0.0065425344874292446,
    "angle_last": 0.008607756019468766,
    "angle_target": -0.07994900706054857,
    "angle_final": 0.0065425344874292446,
    "delta": 0.25,
    "agent": "only_traj",
    "steer_traj": 0.0014807930742186746,
    "throttle_traj": 0.75,
    "brake_traj": 0.0,
    "plan": [
        [
            0.02556910738348961,
            2.4878969192504883
        ],
        [
            -0.007513884454965591,
            5.112058639526367
        ],
        [
            0.012902559712529182,
            7.762482643127441
        ],
        [
            0.03312824293971062,
            10.309029579162598
        ],
        [
            0.05933234095573425,
            13.039441108703613
        ],
        [
            0.09606882929801941,
            15.756263732910156
        ]
    ]
}