{
    "speed": 5.250766339475871,
    "steer": -0.00847740937024355,
    "throttle": 0.0,
    "brake": 0.0,
    "wp_4": [
        -0.12064704298973083,
        13.634865760803223
    ],
    "wp_3": [
        -0.07601401209831238,
        10.141870498657227
    ],
    "wp_2": [
        -0.028856700286269188,
        6.525184631347656
    ],
    "wp_1": [
        -0.020394209772348404,
        3.1142125129699707
    ],
    "aim": [
        -0.020394209772348404,
        3.1142125129699707
    ],
    "target": [
        -2.0743818057446255,
        7.741739720236563
    ],
    "desired_speed": 7.059969139099121,
    "angle": -0.0041690235149294185,
    "angle_last": -0.0059920768953966004,
    "angle_target": -0.16666581501074745,
    "angle_final": -0.0041690235149294185,
    "delta": 0.25,
    "agent": "only_traj",
    "steer_traj": -0.008477409292248352,
    "throttle_traj": 0.0,
    "brake_traj": 0.0,
    "plan": [
        [
            -0.020394209772348404,
            3.1142125129699707
        ],
        [
            -0.028856700286269188,
            6.525184631347656
        ],
        [
            -0.07601401209831238,
            10.141870498657227
        ],
        [
            -0.12064704298973083,
            13.634865760803223
        ],
        [
            -0.12055625766515732,
            17.28790855407715
        ],
        [
            -0.15326955914497375,
            20.763378143310547
        ]
    ]
}