{
    "speed": 5.1604041821412565,
    "steer": -0.0027980131562799215,
    "throttle": 0.0,
    "brake": 0.0,
    "wp_4": [
        0.027429262176156044,
        11.496971130371094
    ],
    "wp_3": [
        0.024028241634368896,
        8.516359329223633
    ],
    "wp_2": [
        -0.001375323161482811,
        5.4423418045043945
    ],
    "wp_1": [
        -0.006452206522226334,
        2.5643911361694336
    ],
    "aim": [
        -0.006452206522226334,
        2.5643911361694336
    ],
    "target": [
        -1.6136881744882994,
        8.15106522680821
    ],
    "desired_speed": 6.0870616912841795,
    "angle": -0.0016017830788939598,
    "angle_last": 0.006805952116419402,
    "angle_target": -0.12442443762639663,
    "angle_final": -0.0016017830788939598,
    "delta": 0.25,
    "agent": "only_traj",
    "steer_traj": -0.002798013082281663,
    "throttle_traj": 0.0,
    "brake_traj": 0.0,
    "plan": [
        [
            -0.006452206522226334,
            2.5643911361694336
        ],
        [
            -0.001375323161482811,
            5.4423418045043945
        ],
        [
            0.024028241634368896,
            8.516359329223633
        ],
        [
            0.027429262176156044,
            11.496971130371094
        ],
        [
            0.08138690888881683,
            14.699311256408691
        ],
        [
            0.11433683335781097,
            17.78130340576172
        ]
    ]
}