{
    "speed": 5.039611912596923,
    "steer": -0.003565231105312705,
    "throttle": 0.0,
    "brake": 0.0,
    "wp_4": [
        0.041396334767341614,
        10.785659790039062
    ],
    "wp_3": [
        0.032678067684173584,
        7.986539363861084
    ],
    "wp_2": [
        -0.004184341058135033,
        5.129124164581299
    ],
    "wp_1": [
        -0.006602410227060318,
        2.407952308654785
    ],
    "aim": [
        -0.006602410227060318,
        2.407952308654785
    ],
    "target": [
        -0.7972853126967729,
        8.188078480058099
    ],
    "desired_speed": 5.715554904937744,
    "angle": -0.0017455206154273395,
    "angle_last": 0.0032660927425741276,
    "angle_target": -0.06179380694556442,
    "angle_final": -0.0017455206154273395,
    "delta": 0.25,
    "agent": "only_traj",
    "steer_traj": -0.0035652311562762704,
    "throttle_traj": 0.0,
    "brake_traj": 0.0,
    "plan": [
        [
            -0.006602410227060318,
            2.407952308654785
        ],
        [
            -0.004184341058135033,
            5.129124164581299
        ],
        [
            0.032678067684173584,
            7.986539363861084
        ],
        [
            0.041396334767341614,
            10.785659790039062
        ],
        [
            0.09734539687633514,
            13.777559280395508
        ],
        [
            0.11231847107410431,
            16.696025848388672
        ]
    ]
}