{
    "speed": 4.934533942052015,
    "steer": 0.006082284264266491,
    "throttle": 0.75,
    "brake": 0.0,
    "wp_4": [
        0.11011003702878952,
        10.298083305358887
    ],
    "wp_3": [
        0.086088627576828,
        7.690603733062744
    ],
    "wp_2": [
        0.019777173176407814,
        5.03904914855957
    ],
    "wp_1": [
        0.027640070766210556,
        2.4022626876831055
    ],
    "aim": [
        0.027640070766210556,
        2.4022626876831055
    ],
    "target": [
        -0.28086121874674963,
        7.724912026637472
    ],
    "desired_speed": 5.380323600769042,
    "angle": 0.007324515256404926,
    "angle_last": 0.007770678391188315,
    "angle_target": -0.023135937510985284,
    "angle_final": 0.007324515256404926,
    "delta": 0.25,
    "agent": "only_traj",
    "steer_traj": 0.006082284403275879,
    "throttle_traj": 0.75,
    "brake_traj": 0.0,
    "plan": [
        [
            0.027640070766210556,
            2.4022626876831055
        ],
        [
            0.019777173176407814,
            5.03904914855957
        ],
        [
            0.086088627576828,
            7.690603733062744
        ],
        [
            0.11011003702878952,
            10.298083305358887
        ],
        [
            0.15184621512889862,
            13.087666511535645
        ],
        [
            0.18558500707149506,
            15.851602554321289
        ]
    ]
}