{
    "speed": 4.813607406032178,
    "steer": -0.003284245729446411,
    "throttle": 0.75,
    "brake": 0.0,
    "wp_4": [
        0.050649285316467285,
        12.633378982543945
    ],
    "wp_3": [
        0.04404035210609436,
        9.39041519165039
    ],
    "wp_2": [
        0.013753706589341164,
        6.032337188720703
    ],
    "wp_1": [
        0.004424627870321274,
        2.8638505935668945
    ],
    "aim": [
        0.004424627870321274,
        2.8638505935668945
    ],
    "target": [
        -1.3093463913029597,
        9.158352221128984
    ],
    "desired_speed": 6.621553230285645,
    "angle": 0.0009835953039374222,
    "angle_last": 0.012417256083547988,
    "angle_target": -0.09040329749524963,
    "angle_final": 0.0009835953039374222,
    "delta": 0.25,
    "agent": "only_traj",
    "steer_traj": -0.0032842457115584084,
    "throttle_traj": 0.75,
    "brake_traj": 0.0,
    "plan": [
        [
            0.004424627870321274,
            2.8638505935668945
        ],
        [
            0.013753706589341164,
            6.032337188720703
        ],
        [
            0.04404035210609436,
            9.39041519165039
        ],
        [
            0.050649285316467285,
            12.633378982543945
        ],
        [
            0.13008609414100647,
            16.093746185302734
        ],
        [
            0.19489558041095734,
            19.416032791137695
        ]
    ]
}