{
    "speed": 4.73110336174421,
    "steer": -0.0026688585057854652,
    "throttle": 0.75,
    "brake": 0.0,
    "wp_4": [
        -0.021301327273249626,
        13.279017448425293
    ],
    "wp_3": [
        -0.009272128343582153,
        9.74846363067627
    ],
    "wp_2": [
        0.002730274572968483,
        6.186967849731445
    ],
    "wp_1": [
        -0.0015087462961673737,
        2.8766369819641113
    ],
    "aim": [
        -0.0015087462961673737,
        2.8766369819641113
    ],
    "target": [
        -2.298156950756785,
        7.563634103038563
    ],
    "desired_speed": 7.135974693298339,
    "angle": -0.0003338722959672595,
    "angle_last": 0.004163579599513804,
    "angle_target": -0.18778927496500167,
    "angle_final": -0.0003338722959672595,
    "delta": 0.25,
    "agent": "only_traj",
    "steer_traj": -0.0026688584739449532,
    "throttle_traj": 0.75,
    "brake_traj": 0.0,
    "plan": [
        [
            -0.0015087462961673737,
            2.8766369819641113
        ],
        [
            0.002730274572968483,
            6.186967849731445
        ],
        [
            -0.009272128343582153,
            9.74846363067627
        ],
        [
            -0.021301327273249626,
            13.279017448425293
        ],
        [
            0.02398938499391079,
            17.059314727783203
        ],
        [
            0.04790620505809784,
            20.7161808013916
        ]
    ]
}