{
    "speed": 4.741010461766512,
    "steer": 0.0014044201234355569,
    "throttle": 0.75,
    "brake": 0.0,
    "wp_4": [
        0.24526193737983704,
        12.349943161010742
    ],
    "wp_3": [
        0.1726289689540863,
        9.1340970993042
    ],
    "wp_2": [
        0.0741991400718689,
        5.86263370513916
    ],
    "wp_1": [
        0.012259896844625473,
        2.772343635559082
    ],
    "aim": [
        0.012259896844625473,
        2.772343635559082
    ],
    "target": [
        -1.0388672958544982,
        6.808129961217749
    ],
    "desired_speed": 6.527568054199218,
    "angle": 0.0028152243663625083,
    "angle_last": 0.026227670912341437,
    "angle_target": -0.09639957862090459,
    "angle_final": 0.0028152243663625083,
    "delta": 0.25,
    "agent": "only_traj",
    "steer_traj": 0.0014044201756493156,
    "throttle_traj": 0.75,
    "brake_traj": 0.0,
    "plan": [
        [
            0.012259896844625473,
            2.772343635559082
        ],
        [
            0.0741991400718689,
            5.86263370513916
        ],
        [
            0.1726289689540863,
            9.1340970993042
        ],
        [
            0.24526193737983704,
            12.349943161010742
        ],
        [
            0.398883193731308,
            15.7697172164917
        ],
        [
            0.5354241728782654,
            19.082080841064453
        ]
    ]
}