{
    "speed": 4.832818308505102,
    "steer": -0.0025034782011061907,
    "throttle": 0.75,
    "brake": 0.0,
    "wp_4": [
        0.03335856646299362,
        13.834495544433594
    ],
    "wp_3": [
        0.017120182514190674,
        10.142888069152832
    ],
    "wp_2": [
        0.006203377619385719,
        6.435823440551758
    ],
    "wp_1": [
        -0.00021037831902503967,
        2.988773822784424
    ],
    "aim": [
        -0.00021037831902503967,
        2.988773822784424
    ],
    "target": [
        -1.2147169360081693,
        7.785936469515253
    ],
    "desired_speed": 7.357752037048339,
    "angle": -4.480351209416432e-05,
    "angle_last": 0.008888325012374736,
    "angle_target": -0.09852747079000589,
    "angle_final": -4.480351209416432e-05,
    "delta": 0.25,
    "agent": "only_traj",
    "steer_traj": -0.0025034782497977883,
    "throttle_traj": 0.75,
    "brake_traj": 0.0,
    "plan": [
        [
            -0.00021037831902503967,
            2.988773822784424
        ],
        [
            0.006203377619385719,
            6.435823440551758
        ],
        [
            0.017120182514190674,
            10.142888069152832
        ],
        [
            0.03335856646299362,
            13.834495544433594
        ],
        [
            0.1085505485534668,
            17.70468521118164
        ],
        [
            0.15989570319652557,
            21.382007598876953
        ]
    ]
}