{
    "speed": 4.971057802049396,
    "steer": -0.00035072071477770805,
    "throttle": 0.75,
    "brake": 0.0,
    "wp_4": [
        0.14719444513320923,
        14.882163047790527
    ],
    "wp_3": [
        0.09211689233779907,
        11.057886123657227
    ],
    "wp_2": [
        0.04250326380133629,
        7.2102203369140625
    ],
    "wp_1": [
        0.005785014480352402,
        3.4636847972869873
    ],
    "aim": [
        0.005785014480352402,
        3.4636847972869873
    ],
    "target": [
        -0.6834659275702313,
        5.634896958130585
    ],
    "desired_speed": 7.702801322937012,
    "angle": 0.0010632808442542377,
    "angle_last": 0.012057077441315983,
    "angle_target": -0.07684130600373319,
    "angle_final": 0.0010632808442542377,
    "delta": 0.25,
    "agent": "only_traj",
    "steer_traj": -0.0003507207287641672,
    "throttle_traj": 0.75,
    "brake_traj": 0.0,
    "plan": [
        [
            0.005785014480352402,
            3.4636847972869873
        ],
        [
            0.04250326380133629,
            7.2102203369140625
        ],
        [
            0.09211689233779907,
            11.057886123657227
        ],
        [
            0.14719444513320923,
            14.882163047790527
        ],
        [
            0.23074880242347717,
            18.83526611328125
        ],
        [
            0.30429738759994507,
            22.718212127685547
        ]
    ]
}