{
    "speed": 5.135383169463807,
    "steer": -0.001970335142686963,
    "throttle": 0.0,
    "brake": 0.0,
    "wp_4": [
        0.0037787575274705887,
        13.53876781463623
    ],
    "wp_3": [
        0.008737176656723022,
        9.957840919494629
    ],
    "wp_2": [
        0.0027055684477090836,
        6.337782382965088
    ],
    "wp_1": [
        -0.002194169908761978,
        2.9586846828460693
    ],
    "aim": [
        -0.002194169908761978,
        2.9586846828460693
    ],
    "target": [
        -1.2329217407358906,
        5.738323400919537
    ],
    "desired_speed": 7.2094261169433596,
    "angle": -0.00047206979017385087,
    "angle_last": 0.006802688803815952,
    "angle_target": -0.1347341696871337,
    "angle_final": -0.00047206979017385087,
    "delta": 0.25,
    "agent": "only_traj",
    "steer_traj": -0.0019703350275277493,
    "throttle_traj": 0.0,
    "brake_traj": 0.0,
    "plan": [
        [
            -0.002194169908761978,
            2.9586846828460693
        ],
        [
            0.0027055684477090836,
            6.337782382965088
        ],
        [
            0.008737176656723022,
            9.957840919494629
        ],
        [
            0.0037787575274705887,
            13.53876781463623
        ],
        [
            0.0716627910733223,
            17.332448959350586
        ],
        [
            0.11065599322319031,
            20.981422424316406
        ]
    ]
}