{
    "speed": 5.216846699295877,
    "steer": -0.0017588852206245065,
    "throttle": 0.0,
    "brake": 0.0,
    "wp_4": [
        0.025741899386048317,
        14.225386619567871
    ],
    "wp_3": [
        0.010080784559249878,
        10.435354232788086
    ],
    "wp_2": [
        -0.0009843464940786362,
        6.648629665374756
    ],
    "wp_1": [
        -0.003032062202692032,
        3.090399980545044
    ],
    "aim": [
        -0.003032062202692032,
        3.090399980545044
    ],
    "target": [
        -1.257532242509197,
        6.307296315732631
    ],
    "desired_speed": 7.594123363494873,
    "angle": -0.000624610681637469,
    "angle_last": 0.009562768247418104,
    "angle_target": -0.12528474640303253,
    "angle_final": -0.000624610681637469,
    "delta": 0.25,
    "agent": "only_traj",
    "steer_traj": -0.001758885177428848,
    "throttle_traj": 0.0,
    "brake_traj": 0.0,
    "plan": [
        [
            -0.003032062202692032,
            3.090399980545044
        ],
        [
            -0.0009843464940786362,
            6.648629665374756
        ],
        [
            0.010080784559249878,
            10.435354232788086
        ],
        [
            0.025741899386048317,
            14.225386619567871
        ],
        [
            0.09358054399490356,
            18.2180233001709
        ],
        [
            0.15151569247245789,
            22.074647903442383
        ]
    ]
}