{
    "speed": 5.117537464305435,
    "steer": -0.004148909356445074,
    "throttle": 0.0,
    "brake": 0.0,
    "wp_4": [
        0.037824876606464386,
        12.000772476196289
    ],
    "wp_3": [
        0.03709685802459717,
        8.744941711425781
    ],
    "wp_2": [
        0.01623358763754368,
        5.491488933563232
    ],
    "wp_1": [
        -0.010898206382989883,
        2.512585163116455
    ],
    "aim": [
        -0.010898206382989883,
        2.512585163116455
    ],
    "target": [
        -0.9435392634358015,
        6.063240549687165
    ],
    "desired_speed": 6.586469078063965,
    "angle": -0.0027612456359990133,
    "angle_last": 0.005902090416254382,
    "angle_target": -0.09828016194935271,
    "angle_final": -0.0027612456359990133,
    "delta": 0.25,
    "agent": "only_traj",
    "steer_traj": -0.004148909240667941,
    "throttle_traj": 0.0,
    "brake_traj": 0.0,
    "plan": [
        [
            -0.010898206382989883,
            2.512585163116455
        ],
        [
            0.01623358763754368,
            5.491488933563232
        ],
        [
            0.03709685802459717,
            8.744941711425781
        ],
        [
            0.037824876606464386,
            12.000772476196289
        ],
        [
            0.10816808044910431,
            15.540087699890137
        ],
        [
            0.1400393843650818,
            18.977720260620117
        ]
    ]
}