{
    "speed": 5.004408184416381,
    "steer": 0.0004706322797574103,
    "throttle": 0.0,
    "brake": 0.0,
    "wp_4": [
        0.07401540875434875,
        13.903144836425781
    ],
    "wp_3": [
        0.0438804030418396,
        10.158132553100586
    ],
    "wp_2": [
        0.018456244841217995,
        6.448831558227539
    ],
    "wp_1": [
        0.00532623752951622,
        2.9701590538024902
    ],
    "aim": [
        0.00532623752951622,
        2.9701590538024902
    ],
    "target": [
        -1.6359609592042856,
        5.153105165250522
    ],
    "desired_speed": 7.497933578491211,
    "angle": 0.0011416003467370505,
    "angle_last": 0.01257844854796029,
    "angle_target": -0.19570143235659224,
    "angle_final": 0.0011416003467370505,
    "delta": 0.25,
    "agent": "only_traj",
    "steer_traj": 0.0004706322862270991,
    "throttle_traj": 0.0,
    "brake_traj": 0.0,
    "plan": [
        [
            0.00532623752951622,
            2.9701590538024902
        ],
        [
            0.018456244841217995,
            6.448831558227539
        ],
        [
            0.0438804030418396,
            10.158132553100586
        ],
        [
            0.07401540875434875,
            13.903144836425781
        ],
        [
            0.16616502404212952,
            17.863229751586914
        ],
        [
            0.24223817884922028,
            21.712936401367188
        ]
    ]
}