{
    "speed": 4.9271396951100295,
    "steer": -0.0021278064232319593,
    "throttle": 0.75,
    "brake": 0.0,
    "wp_4": [
        0.08717628568410873,
        12.603007316589355
    ],
    "wp_3": [
        0.06434991955757141,
        9.205367088317871
    ],
    "wp_2": [
        0.031057652086019516,
        5.807267189025879
    ],
    "wp_1": [
        -0.0005139447748661041,
        2.6785590648651123
    ],
    "aim": [
        -0.0005139447748661041,
        2.6785590648651123
    ],
    "target": [
        -1.2122965097733958,
        4.820444174246486
    ],
    "desired_speed": 6.8479553222656255,
    "angle": -0.00012213643169686425,
    "angle_last": 0.01276187707267052,
    "angle_target": -0.15685108607430787,
    "angle_final": -0.00012213643169686425,
    "delta": 0.25,
    "agent": "only_traj",
    "steer_traj": -0.0021278064617984704,
    "throttle_traj": 0.75,
    "brake_traj": 0.0,
    "plan": [
        [
            -0.0005139447748661041,
            2.6785590648651123
        ],
        [
            0.031057652086019516,
            5.807267189025879
        ],
        [
            0.06434991955757141,
            9.205367088317871
        ],
        [
            0.08717628568410873,
            12.603007316589355
        ],
        [
            0.19683194160461426,
            16.25414276123047
        ],
        [
            0.26783624291419983,
            19.795690536499023
        ]
    ]
}