{
    "speed": 4.815377327210594,
    "steer": -0.0029585196170955896,
    "throttle": 0.75,
    "brake": 0.0,
    "wp_4": [
        0.0550256073474884,
        11.66743278503418
    ],
    "wp_3": [
        0.03688544034957886,
        8.527149200439453
    ],
    "wp_2": [
        0.021016621962189674,
        5.362122535705566
    ],
    "wp_1": [
        -0.004688236862421036,
        2.4644577503204346
    ],
    "aim": [
        -0.004688236862421036,
        2.4644577503204346
    ],
    "target": [
        -0.9612108549738724,
        5.2106833179445715
    ],
    "desired_speed": 6.3633353233337395,
    "angle": -0.0012110203673784527,
    "angle_last": 0.005740973842832859,
    "angle_target": -0.1161312452427101,
    "angle_final": -0.0012110203673784527,
    "delta": 0.25,
    "agent": "only_traj",
    "steer_traj": -0.0029585196818648087,
    "throttle_traj": 0.75,
    "brake_traj": 0.0,
    "plan": [
        [
            -0.004688236862421036,
            2.4644577503204346
        ],
        [
            0.021016621962189674,
            5.362122535705566
        ],
        [
            0.03688544034957886,
            8.527149200439453
        ],
        [
            0.0550256073474884,
            11.66743278503418
        ],
        [
            0.1332477331161499,
            15.066306114196777
        ],
        [
            0.16305503249168396,
            18.37155532836914
        ]
    ]
}