{
    "speed": 4.73771836586619,
    "steer": 0.00043045086204074323,
    "throttle": 0.75,
    "brake": 0.0,
    "wp_4": [
        0.0828966349363327,
        13.054990768432617
    ],
    "wp_3": [
        0.05584636330604553,
        9.544811248779297
    ],
    "wp_2": [
        0.02948581613600254,
        6.018529891967773
    ],
    "wp_1": [
        0.007599886506795883,
        2.759760618209839
    ],
    "aim": [
        0.007599886506795883,
        2.759760618209839
    ],
    "target": [
        -2.186938483881944,
        5.215184748307326
    ],
    "desired_speed": 7.081318378448486,
    "angle": 0.0017531299504255256,
    "angle_last": 0.013030303507052022,
    "angle_target": -0.2527808944449498,
    "angle_final": 0.0017531299504255256,
    "delta": 0.25,
    "agent": "only_traj",
    "steer_traj": 0.0004304508525223452,
    "throttle_traj": 0.75,
    "brake_traj": 0.0,
    "plan": [
        [
            0.007599886506795883,
            2.759760618209839
        ],
        [
            0.02948581613600254,
            6.018529891967773
        ],
        [
            0.05584636330604553,
            9.544811248779297
        ],
        [
            0.0828966349363327,
            13.054990768432617
        ],
        [
            0.17917922139167786,
            16.823917388916016
        ],
        [
            0.2536289095878601,
            20.46078872680664
        ]
    ]
}