{
    "speed": 4.750485949936955,
    "steer": 6.441247387556359e-05,
    "throttle": 0.75,
    "brake": 0.0,
    "wp_4": [
        0.13483458757400513,
        12.302099227905273
    ],
    "wp_3": [
        0.0968535840511322,
        9.05671501159668
    ],
    "wp_2": [
        0.04569095000624657,
        5.773355484008789
    ],
    "wp_1": [
        0.010405775159597397,
        2.706414222717285
    ],
    "aim": [
        0.010405775159597397,
        2.706414222717285
    ],
    "target": [
        -1.7230598987960613,
        5.248881115041958
    ],
    "desired_speed": 6.585546016693115,
    "angle": 0.0024476842980250446,
    "angle_last": 0.01802689044887946,
    "angle_target": -0.20192835663555136,
    "angle_final": 0.0024476842980250446,
    "delta": 0.25,
    "agent": "only_traj",
    "steer_traj": 6.441247716490014e-05,
    "throttle_traj": 0.75,
    "brake_traj": 0.0,
    "plan": [
        [
            0.010405775159597397,
            2.706414222717285
        ],
        [
            0.04569095000624657,
            5.773355484008789
        ],
        [
            0.0968535840511322,
            9.05671501159668
        ],
        [
            0.13483458757400513,
            12.302099227905273
        ],
        [
            0.24723580479621887,
            15.789752960205078
        ],
        [
            0.3428735136985779,
            19.166290283203125
        ]
    ]
}