{
    "speed": 4.9830762730391,
    "steer": 0.000798600900452584,
    "throttle": 0.75,
    "brake": 0.0,
    "wp_4": [
        0.20499998331069946,
        13.371150016784668
    ],
    "wp_3": [
        0.13541728258132935,
        9.870981216430664
    ],
    "wp_2": [
        0.06350955367088318,
        6.327146530151367
    ],
    "wp_1": [
        0.015731241554021835,
        2.983799934387207
    ],
    "aim": [
        0.015731241554021835,
        2.983799934387207
    ],
    "target": [
        -1.2414726154445694,
        3.961713228578131
    ],
    "desired_speed": 7.070255756378174,
    "angle": 0.003356403021599852,
    "angle_last": 0.024814201209102688,
    "angle_target": -0.19332557029915723,
    "angle_final": 0.003356403021599852,
    "delta": 0.25,
    "agent": "only_traj",
    "steer_traj": 0.0007986008946981869,
    "throttle_traj": 0.75,
    "brake_traj": 0.0,
    "plan": [
        [
            0.015731241554021835,
            2.983799934387207
        ],
        [
            0.06350955367088318,
            6.327146530151367
        ],
        [
            0.13541728258132935,
            9.870981216430664
        ],
        [
            0.20499998331069946,
            13.371150016784668
        ],
        [
            0.3626300096511841,
            17.074142456054688
        ],
        [
            0.5021432042121887,
            20.65160369873047
        ]
    ]
}