{
    "speed": 5.244838747331672,
    "steer": 0.09577880054712296,
    "throttle": 0.0,
    "brake": 0.0,
    "wp_4": [
        0.28454139828681946,
        13.664084434509277
    ],
    "wp_3": [
        0.1865871548652649,
        10.069536209106445
    ],
    "wp_2": [
        0.08810070157051086,
        6.477275371551514
    ],
    "wp_1": [
        0.014483001083135605,
        3.044729471206665
    ],
    "aim": [
        0.014483001083135605,
        3.044729471206665
    ],
    "target": [
        0.8554583930053905,
        30.29042366262549
    ],
    "desired_speed": 7.2513195991516115,
    "angle": 0.003028250377476128,
    "angle_last": 0.031162634369657206,
    "angle_target": 0.01797455891169514,
    "angle_final": 0.003028250377476128,
    "delta": 0.25,
    "agent": "only_traj",
    "steer_traj": 0.09577880053853562,
    "throttle_traj": 0.0,
    "brake_traj": 0.0,
    "plan": [
        [
            0.014483001083135605,
            3.044729471206665
        ],
        [
            0.08810070157051086,
            6.477275371551514
        ],
        [
            0.1865871548652649,
            10.069536209106445
        ],
        [
            0.28454139828681946,
            13.664084434509277
        ],
        [
            0.4659520089626312,
            17.465476989746094
        ],
        [
            0.6469829082489014,
            21.160797119140625
        ]
    ]
}