{
    "speed": 5.028413982268099,
    "steer": -0.0013921853387728333,
    "throttle": 0.0,
    "brake": 0.0,
    "wp_4": [
        0.32972419261932373,
        11.76341438293457
    ],
    "wp_3": [
        0.19746249914169312,
        8.599593162536621
    ],
    "wp_2": [
        0.093729168176651,
        5.474503993988037
    ],
    "wp_1": [
        0.01576077565550804,
        2.538923501968384
    ],
    "aim": [
        0.01576077565550804,
        2.538923501968384
    ],
    "target": [
        1.2322414156902903,
        30.61185470914469
    ],
    "desired_speed": 6.412082099914551,
    "angle": 0.003951843735243408,
    "angle_last": 0.046397598986342985,
    "angle_target": 0.025612494249533328,
    "angle_final": 0.003951843735243408,
    "delta": 0.25,
    "agent": "only_traj",
    "steer_traj": -0.0013921853190368575,
    "throttle_traj": 0.0,
    "brake_traj": 0.0,
    "plan": [
        [
            0.01576077565550804,
            2.538923501968384
        ],
        [
            0.093729168176651,
            5.474503993988037
        ],
        [
            0.19746249914169312,
            8.599593162536621
        ],
        [
            0.32972419261932373,
            11.76341438293457
        ],
        [
            0.5712987780570984,
            15.204569816589355
        ],
        [
            0.815276026725769,
            18.546245574951172
        ]
    ]
}