{
    "speed": 4.929950572160021,
    "steer": -0.0025494201108813286,
    "throttle": 0.75,
    "brake": 0.0,
    "wp_4": [
        0.4167291522026062,
        13.453126907348633
    ],
    "wp_3": [
        0.24671590328216553,
        9.915397644042969
    ],
    "wp_2": [
        0.12074065208435059,
        6.352917671203613
    ],
    "wp_1": [
        0.020928826183080673,
        2.9713737964630127
    ],
    "aim": [
        0.020928826183080673,
        2.9713737964630127
    ],
    "target": [
        0.7685850308828828,
        28.905954064080227
    ],
    "desired_speed": 7.211714363098144,
    "angle": 0.004483915471587401,
    "angle_last": 0.04297241089956314,
    "angle_target": 0.016923197451148193,
    "angle_final": 0.004483915471587401,
    "delta": 0.25,
    "agent": "only_traj",
    "steer_traj": -0.0025494200887831845,
    "throttle_traj": 0.75,
    "brake_traj": 0.0,
    "plan": [
        [
            0.020928826183080673,
            2.9713737964630127
        ],
        [
            0.12074065208435059,
            6.352917671203613
        ],
        [
            0.24671590328216553,
            9.915397644042969
        ],
        [
            0.4167291522026062,
            13.453126907348633
        ],
        [
            0.6604351997375488,
            17.25760841369629
        ],
        [
            0.9118517637252808,
            20.976591110229492
        ]
    ]
}