{
    "speed": 4.817576655497078,
    "steer": -0.0028093657456338406,
    "throttle": 0.75,
    "brake": 0.0,
    "wp_4": [
        0.3561343550682068,
        11.798824310302734
    ],
    "wp_3": [
        0.21221530437469482,
        8.653757095336914
    ],
    "wp_2": [
        0.09408313035964966,
        5.51667594909668
    ],
    "wp_1": [
        0.016624417155981064,
        2.5624947547912598
    ],
    "aim": [
        0.016624417155981064,
        2.5624947547912598
    ],
    "target": [
        1.139772667038252,
        29.302672218469937
    ],
    "desired_speed": 6.333509063720703,
    "angle": 0.004130035781589963,
    "angle_last": 0.04487773011403359,
    "angle_target": 0.024749832073917424,
    "angle_final": 0.004130035781589963,
    "delta": 0.25,
    "agent": "only_traj",
    "steer_traj": -0.002809365704945253,
    "throttle_traj": 0.75,
    "brake_traj": 0.0,
    "plan": [
        [
            0.016624417155981064,
            2.5624947547912598
        ],
        [
            0.09408313035964966,
            5.51667594909668
        ],
        [
            0.21221530437469482,
            8.653757095336914
        ],
        [
            0.3561343550682068,
            11.798824310302734
        ],
        [
            0.6071180105209351,
            15.155200004577637
        ],
        [
            0.8342840671539307,
            18.372356414794922
        ]
    ]
}