{
    "speed": 4.739646621224104,
    "steer": -0.002050667302682996,
    "throttle": 0.75,
    "brake": 0.0,
    "wp_4": [
        0.33502840995788574,
        13.03168773651123
    ],
    "wp_3": [
        0.20523464679718018,
        9.545015335083008
    ],
    "wp_2": [
        0.10000863671302795,
        6.069696426391602
    ],
    "wp_1": [
        0.021652545779943466,
        2.798177719116211
    ],
    "aim": [
        0.021652545779943466,
        2.798177719116211
    ],
    "target": [
        0.2072129525375681,
        28.52737182119793
    ],
    "desired_speed": 7.028388404846191,
    "angle": 0.0049261322748503375,
    "angle_last": 0.03463525432567324,
    "angle_target": 0.004624104301886275,
    "angle_final": 0.004624104301886275,
    "delta": 0.25,
    "agent": "only_traj",
    "steer_traj": -0.0020506673708268514,
    "throttle_traj": 0.75,
    "brake_traj": 0.0,
    "plan": [
        [
            0.021652545779943466,
            2.798177719116211
        ],
        [
            0.10000863671302795,
            6.069696426391602
        ],
        [
            0.20523464679718018,
            9.545015335083008
        ],
        [
            0.33502840995788574,
            13.03168773651123
        ],
        [
            0.5542073249816895,
            16.756702423095703
        ],
        [
            0.7500258684158325,
            20.352432250976562
        ]
    ]
}