{
    "speed": 4.752164357295244,
    "steer": -0.0013017446035519242,
    "throttle": 0.75,
    "brake": 0.0,
    "wp_4": [
        0.4209773540496826,
        12.645942687988281
    ],
    "wp_3": [
        0.2647354006767273,
        9.274800300598145
    ],
    "wp_2": [
        0.12389388680458069,
        5.91729736328125
    ],
    "wp_1": [
        0.02267884835600853,
        2.7532505989074707
    ],
    "aim": [
        0.02267884835600853,
        2.7532505989074707
    ],
    "target": [
        0.548429121475241,
        28.98085146973432
    ],
    "desired_speed": 6.707025337219239,
    "angle": 0.005243811962246709,
    "angle_last": 0.04590620482105595,
    "angle_target": 0.012045855679272825,
    "angle_final": 0.005243811962246709,
    "delta": 0.25,
    "agent": "only_traj",
    "steer_traj": -0.0013017445828103057,
    "throttle_traj": 0.75,
    "brake_traj": 0.0,
    "plan": [
        [
            0.02267884835600853,
            2.7532505989074707
        ],
        [
            0.12389388680458069,
            5.91729736328125
        ],
        [
            0.2647354006767273,
            9.274800300598145
        ],
        [
            0.4209773540496826,
            12.645942687988281
        ],
        [
            0.6829489469528198,
            16.169178009033203
        ],
        [
            0.9231327772140503,
            19.494234085083008
        ]
    ]
}