{
    "speed": 4.845448729410392,
    "steer": -0.0006115869618952274,
    "throttle": 0.75,
    "brake": 0.0,
    "wp_4": [
        0.4592443108558655,
        12.911378860473633
    ],
    "wp_3": [
        0.2898290455341339,
        9.479288101196289
    ],
    "wp_2": [
        0.1368657350540161,
        6.051021575927734
    ],
    "wp_1": [
        0.025914963334798813,
        2.8176534175872803
    ],
    "aim": [
        0.025914963334798813,
        2.8176534175872803
    ],
    "target": [
        0.6341829404720523,
        29.20141198068317
    ],
    "desired_speed": 6.8163299560546875,
    "angle": 0.005855038001972072,
    "angle_last": 0.048954745920604975,
    "angle_target": 0.01382364467778745,
    "angle_final": 0.005855038001972072,
    "delta": 0.25,
    "agent": "only_traj",
    "steer_traj": -0.0006115869358949821,
    "throttle_traj": 0.75,
    "brake_traj": 0.0,
    "plan": [
        [
            0.025914963334798813,
            2.8176534175872803
        ],
        [
            0.1368657350540161,
            6.051021575927734
        ],
        [
            0.2898290455341339,
            9.479288101196289
        ],
        [
            0.4592443108558655,
            12.911378860473633
        ],
        [
            0.7348952293395996,
            16.480199813842773
        ],
        [
            0.9928759336471558,
            19.828432083129883
        ]
    ]
}