{
    "speed": 4.984493047525527,
    "steer": -0.006092370487749577,
    "throttle": 0.75,
    "brake": 0.0,
    "wp_4": [
        0.5398582220077515,
        14.145686149597168
    ],
    "wp_3": [
        0.32404181361198425,
        10.437405586242676
    ],
    "wp_2": [
        0.15810292959213257,
        6.727266788482666
    ],
    "wp_1": [
        0.02919047698378563,
        3.155423641204834
    ],
    "aim": [
        0.02919047698378563,
        3.155423641204834
    ],
    "target": [
        0.02779057564152776,
        28.125017218504254
    ],
    "desired_speed": 7.444655323028564,
    "angle": 0.005889113056831359,
    "angle_last": 0.047578766366810514,
    "angle_target": 0.0006290493635435155,
    "angle_final": 0.0006290493635435155,
    "delta": 0.25,
    "agent": "only_traj",
    "steer_traj": -0.006092370359606845,
    "throttle_traj": 0.75,
    "brake_traj": 0.0,
    "plan": [
        [
            0.02919047698378563,
            3.155423641204834
        ],
        [
            0.15810292959213257,
            6.727266788482666
        ],
        [
            0.32404181361198425,
            10.437405586242676
        ],
        [
            0.5398582220077515,
            14.145686149597168
        ],
        [
            0.8225299119949341,
            18.011722564697266
        ],
        [
            1.1012401580810547,
            21.734012603759766
        ]
    ]
}