{
    "speed": 5.14910976810315,
    "steer": 0.0014455205528065562,
    "throttle": 0.0,
    "brake": 0.0,
    "wp_4": [
        0.5638372302055359,
        13.561666488647461
    ],
    "wp_3": [
        0.3600432872772217,
        10.013574600219727
    ],
    "wp_2": [
        0.1766117960214615,
        6.446811676025391
    ],
    "wp_1": [
        0.034673284739255905,
        3.039088010787964
    ],
    "aim": [
        0.034673284739255905,
        3.039088010787964
    ],
    "target": [
        0.26434719559379083,
        27.68936303716977
    ],
    "desired_speed": 7.0610551834106445,
    "angle": 0.007262967662884034,
    "angle_last": 0.05771271803835844,
    "angle_target": 0.006077551829529061,
    "angle_final": 0.006077551829529061,
    "delta": 0.25,
    "agent": "only_traj",
    "steer_traj": 0.0014455205721333633,
    "throttle_traj": 0.0,
    "brake_traj": 0.0,
    "plan": [
        [
            0.034673284739255905,
            3.039088010787964
        ],
        [
            0.1766117960214615,
            6.446811676025391
        ],
        [
            0.3600432872772217,
            10.013574600219727
        ],
        [
            0.5638372302055359,
            13.561666488647461
        ],
        [
            0.8748105764389038,
            17.22065544128418
        ],
        [
            1.186631441116333,
            20.650875091552734
        ]
    ]
}