{
    "speed": 5.215025171664839,
    "steer": 0.00025253152125515044,
    "throttle": 0.0,
    "brake": 0.0,
    "wp_4": [
        0.5047752857208252,
        13.178791999816895
    ],
    "wp_3": [
        0.32063230872154236,
        9.683548927307129
    ],
    "wp_2": [
        0.15336650609970093,
        6.197657108306885
    ],
    "wp_1": [
        0.028889264911413193,
        2.8947699069976807
    ],
    "aim": [
        0.028889264911413193,
        2.8947699069976807
    ],
    "target": [
        0.7946739379120649,
        27.78604023824145
    ],
    "desired_speed": 6.948481941223145,
    "angle": 0.006353110574447558,
    "angle_last": 0.05637081353942327,
    "angle_target": 0.01820220767045664,
    "angle_final": 0.006353110574447558,
    "delta": 0.25,
    "agent": "only_traj",
    "steer_traj": 0.0002525315097166278,
    "throttle_traj": 0.0,
    "brake_traj": 0.0,
    "plan": [
        [
            0.028889264911413193,
            2.8947699069976807
        ],
        [
            0.15336650609970093,
            6.197657108306885
        ],
        [
            0.32063230872154236,
            9.683548927307129
        ],
        [
            0.5047752857208252,
            13.178791999816895
        ],
        [
            0.8061709403991699,
            16.814603805541992
        ],
        [
            1.1092870235443115,
            20.228872299194336
        ]
    ]
}