{
    "speed": 5.121246764438822,
    "steer": 0.0019252210622653365,
    "throttle": 0.0,
    "brake": 0.0,
    "wp_4": [
        0.4277653098106384,
        12.065317153930664
    ],
    "wp_3": [
        0.2828070819377899,
        8.81844425201416
    ],
    "wp_2": [
        0.13974130153656006,
        5.6443986892700195
    ],
    "wp_1": [
        0.03228410705924034,
        2.636871099472046
    ],
    "aim": [
        0.03228410705924034,
        2.636871099472046
    ],
    "target": [
        1.3470013606633078,
        27.312630620676487
    ],
    "desired_speed": 6.426443386077882,
    "angle": 0.007793976925357137,
    "angle_last": 0.050152229864089765,
    "angle_target": 0.0313713271524099,
    "angle_final": 0.007793976925357137,
    "delta": 0.25,
    "agent": "only_traj",
    "steer_traj": 0.0019252210799782777,
    "throttle_traj": 0.0,
    "brake_traj": 0.0,
    "plan": [
        [
            0.03228410705924034,
            2.636871099472046
        ],
        [
            0.13974130153656006,
            5.6443986892700195
        ],
        [
            0.2828070819377899,
            8.81844425201416
        ],
        [
            0.4277653098106384,
            12.065317153930664
        ],
        [
            0.7178823947906494,
            15.452857971191406
        ],
        [
            0.972023606300354,
            18.67218780517578
        ]
    ]
}