{
    "speed": 5.00848556682184,
    "steer": -0.0027391354087740183,
    "throttle": 0.0,
    "brake": 0.0,
    "wp_4": [
        0.4235387444496155,
        12.815571784973145
    ],
    "wp_3": [
        0.26667705178260803,
        9.403911590576172
    ],
    "wp_2": [
        0.1274179220199585,
        6.000409126281738
    ],
    "wp_1": [
        0.02103516086935997,
        2.785276412963867
    ],
    "aim": [
        0.02103516086935997,
        2.785276412963867
    ],
    "target": [
        0.15136301927040385,
        26.97887034307483
    ],
    "desired_speed": 6.828425121307373,
    "angle": 0.004807818220227562,
    "angle_last": 0.04185544729729372,
    "angle_target": 0.003571672150132935,
    "angle_final": 0.003571672150132935,
    "delta": 0.25,
    "agent": "only_traj",
    "steer_traj": -0.0027391353748563484,
    "throttle_traj": 0.0,
    "brake_traj": 0.0,
    "plan": [
        [
            0.02103516086935997,
            2.785276412963867
        ],
        [
            0.1274179220199585,
            6.000409126281738
        ],
        [
            0.26667705178260803,
            9.403911590576172
        ],
        [
            0.4235387444496155,
            12.815571784973145
        ],
        [
            0.6792421936988831,
            16.409805297851562
        ],
        [
            0.9045398235321045,
            19.831634521484375
        ]
    ]
}