{
    "speed": 4.823937527422987,
    "steer": 0.0004755853733513504,
    "throttle": 0.75,
    "brake": 0.0,
    "wp_4": [
        0.3856910467147827,
        12.3253755569458
    ],
    "wp_3": [
        0.25547775626182556,
        8.988677978515625
    ],
    "wp_2": [
        0.11645162105560303,
        5.70529317855835
    ],
    "wp_1": [
        0.0244293175637722,
        2.6180098056793213
    ],
    "aim": [
        0.0244293175637722,
        2.6180098056793213
    ],
    "target": [
        0.7354671298470388,
        27.503388877284284
    ],
    "desired_speed": 6.578886032104492,
    "angle": 0.005940263584615676,
    "angle_last": 0.040896336955842376,
    "angle_target": 0.017019770313970353,
    "angle_final": 0.005940263584615676,
    "delta": 0.25,
    "agent": "only_traj",
    "steer_traj": 0.00047558536917230513,
    "throttle_traj": 0.75,
    "brake_traj": 0.0,
    "plan": [
        [
            0.0244293175637722,
            2.6180098056793213
        ],
        [
            0.11645162105560303,
            5.70529317855835
        ],
        [
            0.25547775626182556,
            8.988677978515625
        ],
        [
            0.3856910467147827,
            12.3253755569458
        ],
        [
            0.6330788135528564,
            15.787581443786621
        ],
        [
            0.8424825668334961,
            19.042816162109375
        ]
    ]
}