{
    "speed": 4.747057742130209,
    "steer": 0.001609503524377942,
    "throttle": 0.75,
    "brake": 0.0,
    "wp_4": [
        0.44879812002182007,
        12.570211410522461
    ],
    "wp_3": [
        0.2948686480522156,
        9.21746826171875
    ],
    "wp_2": [
        0.14200714230537415,
        5.890374183654785
    ],
    "wp_1": [
        0.030477430671453476,
        2.7396597862243652
    ],
    "aim": [
        0.030477430671453476,
        2.7396597862243652
    ],
    "target": [
        0.42231387759322914,
        26.676315226316145
    ],
    "desired_speed": 6.625057029724122,
    "angle": 0.00708181586789714,
    "angle_last": 0.04392279377707503,
    "angle_target": 0.010077512787522778,
    "angle_final": 0.00708181586789714,
    "delta": 0.25,
    "agent": "only_traj",
    "steer_traj": 0.0016095034931002043,
    "throttle_traj": 0.75,
    "brake_traj": 0.0,
    "plan": [
        [
            0.030477430671453476,
            2.7396597862243652
        ],
        [
            0.14200714230537415,
            5.890374183654785
        ],
        [
            0.2948686480522156,
            9.21746826171875
        ],
        [
            0.44879812002182007,
            12.570211410522461
        ],
        [
            0.7146213054656982,
            16.029157638549805
        ],
        [
            0.9389441609382629,
            19.275346755981445
        ]
    ]
}