{
    "speed": 4.760194345916019,
    "steer": -0.0014942631823942065,
    "throttle": 0.75,
    "brake": 0.0,
    "wp_4": [
        0.5122339725494385,
        13.138008117675781
    ],
    "wp_3": [
        0.3252318799495697,
        9.674436569213867
    ],
    "wp_2": [
        0.15386998653411865,
        6.1941962242126465
    ],
    "wp_1": [
        0.029025908559560776,
        2.8955724239349365
    ],
    "aim": [
        0.029025908559560776,
        2.8955724239349365
    ],
    "target": [
        0.18505508044934071,
        25.86892954533447
    ],
    "desired_speed": 6.86087474822998,
    "angle": 0.006381417914007721,
    "angle_last": 0.05198385892651485,
    "angle_target": 0.004554023523385602,
    "angle_final": 0.004554023523385602,
    "delta": 0.25,
    "agent": "only_traj",
    "steer_traj": -0.0014942631495923199,
    "throttle_traj": 0.75,
    "brake_traj": 0.0,
    "plan": [
        [
            0.029025908559560776,
            2.8955724239349365
        ],
        [
            0.15386998653411865,
            6.1941962242126465
        ],
        [
            0.3252318799495697,
            9.674436569213867
        ],
        [
            0.5122339725494385,
            13.138008117675781
        ],
        [
            0.7981778383255005,
            16.69546890258789
        ],
        [
            1.0697247982025146,
            20.01357078552246
        ]
    ]
}