{
    "speed": 4.853779158750139,
    "steer": 0.0015110648237168789,
    "throttle": 0.75,
    "brake": 0.0,
    "wp_4": [
        0.5512284636497498,
        13.240011215209961
    ],
    "wp_3": [
        0.34358659386634827,
        9.713325500488281
    ],
    "wp_2": [
        0.15662753582000732,
        6.1919755935668945
    ],
    "wp_1": [
        0.03006720170378685,
        2.860518217086792
    ],
    "aim": [
        0.03006720170378685,
        2.860518217086792
    ],
    "target": [
        0.3560770757181695,
        26.545171396588398
    ],
    "desired_speed": 7.00557861328125,
    "angle": 0.006691356720344745,
    "angle_last": 0.05812541324620876,
    "angle_target": 0.008539109003975861,
    "angle_final": 0.006691356720344745,
    "delta": 0.25,
    "agent": "only_traj",
    "steer_traj": 0.0015110648274354087,
    "throttle_traj": 0.75,
    "brake_traj": 0.0,
    "plan": [
        [
            0.03006720170378685,
            2.860518217086792
        ],
        [
            0.15662753582000732,
            6.1919755935668945
        ],
        [
            0.34358659386634827,
            9.713325500488281
        ],
        [
            0.5512284636497498,
            13.240011215209961
        ],
        [
            0.8618021011352539,
            16.907743453979492
        ],
        [
            1.1754602193832397,
            20.333539962768555
        ]
    ]
}