{
    "speed": 4.992978090260245,
    "steer": 0.003178706392645836,
    "throttle": 0.75,
    "brake": 0.0,
    "wp_4": [
        0.7583017945289612,
        14.098520278930664
    ],
    "wp_3": [
        0.49068644642829895,
        10.487601280212402
    ],
    "wp_2": [
        0.2433372139930725,
        6.820588111877441
    ],
    "wp_1": [
        0.04545008763670921,
        3.2456188201904297
    ],
    "aim": [
        0.04545008763670921,
        3.2456188201904297
    ],
    "target": [
        0.8932521501868198,
        24.690977948465783
    ],
    "desired_speed": 7.240693378448486,
    "angle": 0.00891435562221156,
    "angle_last": 0.06182881770518046,
    "angle_target": 0.023021124925119603,
    "angle_final": 0.00891435562221156,
    "delta": 0.25,
    "agent": "only_traj",
    "steer_traj": 0.0031787064414768476,
    "throttle_traj": 0.75,
    "brake_traj": 0.0,
    "plan": [
        [
            0.04545008763670921,
            3.2456188201904297
        ],
        [
            0.2433372139930725,
            6.820588111877441
        ],
        [
            0.49068644642829895,
            10.487601280212402
        ],
        [
            0.7583017945289612,
            14.098520278930664
        ],
        [
            1.1001527309417725,
            17.79302978515625
        ],
        [
            1.4409785270690918,
            21.291297912597656
        ]
    ]
}