{
    "speed": 5.157790185733838,
    "steer": -5.347140904632397e-05,
    "throttle": 0.0,
    "brake": 0.0,
    "wp_4": [
        0.528570294380188,
        13.4525146484375
    ],
    "wp_3": [
        0.32804182171821594,
        9.903495788574219
    ],
    "wp_2": [
        0.15503162145614624,
        6.335138320922852
    ],
    "wp_1": [
        0.029997702687978745,
        2.952934980392456
    ],
    "aim": [
        0.029997702687978745,
        2.952934980392456
    ],
    "target": [
        0.6734010628041744,
        25.81779347745504
    ],
    "desired_speed": 7.073624801635742,
    "angle": 0.006466947060614436,
    "angle_last": 0.05568627680260643,
    "angle_target": 0.016601079964363753,
    "angle_final": 0.006466947060614436,
    "delta": 0.25,
    "agent": "only_traj",
    "steer_traj": -5.347140868835576e-05,
    "throttle_traj": 0.0,
    "brake_traj": 0.0,
    "plan": [
        [
            0.029997702687978745,
            2.952934980392456
        ],
        [
            0.15503162145614624,
            6.335138320922852
        ],
        [
            0.32804182171821594,
            9.903495788574219
        ],
        [
            0.528570294380188,
            13.4525146484375
        ],
        [
            0.8280049562454224,
            17.143882751464844
        ],
        [
            1.1310428380966187,
            20.59944725036621
        ]
    ]
}