{
    "speed": 5.277644122586004,
    "steer": 0.0019144711550325155,
    "throttle": 0.0,
    "brake": 0.0,
    "wp_4": [
        0.768520712852478,
        13.992889404296875
    ],
    "wp_3": [
        0.4802347421646118,
        10.364082336425781
    ],
    "wp_2": [
        0.23339726030826569,
        6.699047565460205
    ],
    "wp_1": [
        0.037045013159513474,
        3.1719563007354736
    ],
    "aim": [
        0.037045013159513474,
        3.1719563007354736
    ],
    "target": [
        0.8646627198331878,
        24.908923886074916
    ],
    "desired_speed": 7.240860557556151,
    "angle": 0.007434708975014465,
    "angle_last": 0.07342913510053933,
    "angle_target": 0.02209009292835692,
    "angle_final": 0.007434708975014465,
    "delta": 0.25,
    "agent": "only_traj",
    "steer_traj": 0.0019144711540972613,
    "throttle_traj": 0.0,
    "brake_traj": 0.0,
    "plan": [
        [
            0.037045013159513474,
            3.1719563007354736
        ],
        [
            0.23339726030826569,
            6.699047565460205
        ],
        [
            0.4802347421646118,
            10.364082336425781
        ],
        [
            0.768520712852478,
            13.992889404296875
        ],
        [
            1.1585192680358887,
            17.703615188598633
        ],
        [
            1.5641831159591675,
            21.20505142211914
        ]
    ]
}