{
    "speed": 5.170327688274149,
    "steer": -0.008959145285189152,
    "throttle": 0.0,
    "brake": 0.0,
    "wp_4": [
        0.5504348874092102,
        13.270430564880371
    ],
    "wp_3": [
        0.3374147415161133,
        9.716606140136719
    ],
    "wp_2": [
        0.15789660811424255,
        6.189295291900635
    ],
    "wp_1": [
        0.028200294822454453,
        2.853264808654785
    ],
    "aim": [
        0.028200294822454453,
        2.853264808654785
    ],
    "target": [
        -0.10425763910470653,
        25.271926419126178
    ],
    "desired_speed": 7.129822444915771,
    "angle": 0.006291866544889777,
    "angle_last": 0.045682478180242646,
    "angle_target": -0.002626317315193665,
    "angle_final": -0.002626317315193665,
    "delta": 0.25,
    "agent": "only_traj",
    "steer_traj": -0.008959145041871903,
    "throttle_traj": 0.0,
    "brake_traj": 0.0,
    "plan": [
        [
            0.028200294822454453,
            2.853264808654785
        ],
        [
            0.15789660811424255,
            6.189295291900635
        ],
        [
            0.3374147415161133,
            9.716606140136719
        ],
        [
            0.5504348874092102,
            13.270430564880371
        ],
        [
            1.2104213237762451,
            16.817049026489258
        ],
        [
            1.4818938970565796,
            20.593727111816406
        ]
    ]
}