{
    "speed": 5.0539962365896685,
    "steer": 0.003178958548232913,
    "throttle": 0.0,
    "brake": 0.0,
    "wp_4": [
        0.49477478861808777,
        12.834695816040039
    ],
    "wp_3": [
        0.3078410029411316,
        9.36129379272461
    ],
    "wp_2": [
        0.1478709876537323,
        5.961146354675293
    ],
    "wp_1": [
        0.025621917098760605,
        2.754164695739746
    ],
    "aim": [
        0.025621917098760605,
        2.754164695739746
    ],
    "target": [
        0.7377490842826395,
        25.365826124205878
    ],
    "desired_speed": 6.904004287719727,
    "angle": 0.005922277419801309,
    "angle_last": 0.0610755996217096,
    "angle_target": 0.018510467146648644,
    "angle_final": 0.005922277419801309,
    "delta": 0.25,
    "agent": "only_traj",
    "steer_traj": 0.003178958530095795,
    "throttle_traj": 0.0,
    "brake_traj": 0.0,
    "plan": [
        [
            0.025621917098760605,
            2.754164695739746
        ],
        [
            0.1478709876537323,
            5.961146354675293
        ],
        [
            0.3078410029411316,
            9.36129379272461
        ],
        [
            0.49477478861808777,
            12.834695816040039
        ],
        [
            0.8152886629104614,
            16.483755111694336
        ],
        [
            1.1510579586029053,
            19.972890853881836
        ]
    ]
}