{
    "speed": 4.944329909326098,
    "steer": -0.0014065320137888193,
    "throttle": 0.75,
    "brake": 0.0,
    "wp_4": [
        0.42750394344329834,
        12.881950378417969
    ],
    "wp_3": [
        0.2833836078643799,
        9.42484188079834
    ],
    "wp_2": [
        0.1301915943622589,
        6.033944129943848
    ],
    "wp_1": [
        0.01793917641043663,
        2.8156843185424805
    ],
    "aim": [
        0.01793917641043663,
        2.8156843185424805
    ],
    "target": [
        1.456480960986144,
        23.90136079263878
    ],
    "desired_speed": 6.824494075775147,
    "angle": 0.004055966174590713,
    "angle_last": 0.046143743622190835,
    "angle_target": 0.03874588719312385,
    "angle_final": 0.004055966174590713,
    "delta": 0.25,
    "agent": "only_traj",
    "steer_traj": -0.0014065319931578397,
    "throttle_traj": 0.75,
    "brake_traj": 0.0,
    "plan": [
        [
            0.01793917641043663,
            2.8156843185424805
        ],
        [
            0.1301915943622589,
            6.033944129943848
        ],
        [
            0.2833836078643799,
            9.42484188079834
        ],
        [
            0.42750394344329834,
            12.881950378417969
        ],
        [
            0.7091610431671143,
            16.44883155822754
        ],
        [
            0.9560059905052185,
            19.848447799682617
        ]
    ]
}