{
    "speed": 4.835321396120215,
    "steer": 0.002748353173956275,
    "throttle": 0.75,
    "brake": 0.0,
    "wp_4": [
        0.42238926887512207,
        12.48570442199707
    ],
    "wp_3": [
        0.27304044365882874,
        9.11071491241455
    ],
    "wp_2": [
        0.13360649347305298,
        5.78963041305542
    ],
    "wp_1": [
        0.03094550594687462,
        2.6744801998138428
    ],
    "aim": [
        0.03094550594687462,
        2.6744801998138428
    ],
    "target": [
        1.3104700008049743,
        24.30808203309029
    ],
    "desired_speed": 6.637701606750488,
    "angle": 0.007365799955388114,
    "angle_last": 0.04552614273924013,
    "angle_target": 0.03428753786385011,
    "angle_final": 0.007365799955388114,
    "delta": 0.25,
    "agent": "only_traj",
    "steer_traj": 0.0027483531874573103,
    "throttle_traj": 0.75,
    "brake_traj": 0.0,
    "plan": [
        [
            0.03094550594687462,
            2.6744801998138428
        ],
        [
            0.13360649347305298,
            5.78963041305542
        ],
        [
            0.27304044365882874,
            9.11071491241455
        ],
        [
            0.42238926887512207,
            12.48570442199707
        ],
        [
            0.6979039311408997,
            15.969466209411621
        ],
        [
            0.9322981834411621,
            19.241552352905273
        ]
    ]
}