{
    "speed": 4.758562415062169,
    "steer": 0.0007516000187024474,
    "throttle": 0.75,
    "brake": 0.0,
    "wp_4": [
        0.5390180945396423,
        12.93435287475586
    ],
    "wp_3": [
        0.3442544639110565,
        9.484029769897461
    ],
    "wp_2": [
        0.167135089635849,
        6.067767143249512
    ],
    "wp_1": [
        0.027988698333501816,
        2.831998586654663
    ],
    "aim": [
        0.027988698333501816,
        2.831998586654663
    ],
    "target": [
        1.3964182395441993,
        23.09572759528833
    ],
    "desired_speed": 6.835435295104981,
    "angle": 0.006291487089935886,
    "angle_last": 0.054462155121358595,
    "angle_target": 0.03844462334280035,
    "angle_final": 0.006291487089935886,
    "delta": 0.25,
    "agent": "only_traj",
    "steer_traj": 0.0007516000329789352,
    "throttle_traj": 0.75,
    "brake_traj": 0.0,
    "plan": [
        [
            0.027988698333501816,
            2.831998586654663
        ],
        [
            0.167135089635849,
            6.067767143249512
        ],
        [
            0.3442544639110565,
            9.484029769897461
        ],
        [
            0.5390180945396423,
            12.93435287475586
        ],
        [
            0.8567314147949219,
            16.506624221801758
        ],
        [
            1.146114468574524,
            19.88102912902832
        ]
    ]
}