{
    "speed": 4.771642865158738,
    "steer": 0.0022940589115023613,
    "throttle": 0.75,
    "brake": 0.0,
    "wp_4": [
        0.5234100222587585,
        13.369865417480469
    ],
    "wp_3": [
        0.32866719365119934,
        9.828020095825195
    ],
    "wp_2": [
        0.1675887107849121,
        6.282967567443848
    ],
    "wp_1": [
        0.03400140628218651,
        2.936030864715576
    ],
    "aim": [
        0.03400140628218651,
        2.936030864715576
    ],
    "target": [
        1.092964949495185,
        24.9600072977195
    ],
    "desired_speed": 7.040309715270995,
    "angle": 0.00737217479861346,
    "angle_last": 0.05165881781301303,
    "angle_target": 0.02785892161271804,
    "angle_final": 0.00737217479861346,
    "delta": 0.25,
    "agent": "only_traj",
    "steer_traj": 0.0022940588073307616,
    "throttle_traj": 0.75,
    "brake_traj": 0.0,
    "plan": [
        [
            0.03400140628218651,
            2.936030864715576
        ],
        [
            0.1675887107849121,
            6.282967567443848
        ],
        [
            0.32866719365119934,
            9.828020095825195
        ],
        [
            0.5234100222587585,
            13.369865417480469
        ],
        [
            0.8162223100662231,
            17.054141998291016
        ],
        [
            1.096626877784729,
            20.502132415771484
        ]
    ]
}