{
    "speed": 4.865162073114483,
    "steer": -0.012853980995714664,
    "throttle": 0.75,
    "brake": 0.0,
    "wp_4": [
        0.5503373742103577,
        13.761566162109375
    ],
    "wp_3": [
        0.33595311641693115,
        10.109681129455566
    ],
    "wp_2": [
        0.16655465960502625,
        6.476778507232666
    ],
    "wp_1": [
        0.0323786698281765,
        3.0179522037506104
    ],
    "aim": [
        0.0323786698281765,
        3.0179522037506104
    ],
    "target": [
        -0.25180690216306445,
        24.184457976585655
    ],
    "desired_speed": 7.25922966003418,
    "angle": 0.006829857778514447,
    "angle_last": 0.05146544756851089,
    "angle_target": -0.00662820148629442,
    "angle_final": -0.00662820148629442,
    "delta": 0.25,
    "agent": "only_traj",
    "steer_traj": -0.01285398131644204,
    "throttle_traj": 0.75,
    "brake_traj": 0.0,
    "plan": [
        [
            0.0323786698281765,
            3.0179522037506104
        ],
        [
            0.16655465960502625,
            6.476778507232666
        ],
        [
            0.33595311641693115,
            10.109681129455566
        ],
        [
            0.5503373742103577,
            13.761566162109375
        ],
        [
            0.8482452630996704,
            17.542938232421875
        ],
        [
            1.1388403177261353,
            21.12972068786621
        ]
    ]
}