{
    "speed": 5.003860858778789,
    "steer": 0.005952314008027315,
    "throttle": 0.0,
    "brake": 0.0,
    "wp_4": [
        0.7298197746276855,
        13.619707107543945
    ],
    "wp_3": [
        0.4625217914581299,
        10.070884704589844
    ],
    "wp_2": [
        0.2218833565711975,
        6.507657051086426
    ],
    "wp_1": [
        0.03474115952849388,
        3.083064556121826
    ],
    "aim": [
        0.03474115952849388,
        3.083064556121826
    ],
    "target": [
        0.7703275712344491,
        23.147067720834254
    ],
    "desired_speed": 7.1094306945800785,
    "angle": 0.00717334040277531,
    "angle_last": 0.07190137356518904,
    "angle_target": 0.02117870139684311,
    "angle_final": 0.00717334040277531,
    "delta": 0.25,
    "agent": "only_traj",
    "steer_traj": 0.005952314169275811,
    "throttle_traj": 0.0,
    "brake_traj": 0.0,
    "plan": [
        [
            0.03474115952849388,
            3.083064556121826
        ],
        [
            0.2218833565711975,
            6.507657051086426
        ],
        [
            0.4625217914581299,
            10.070884704589844
        ],
        [
            0.7298197746276855,
            13.619707107543945
        ],
        [
            1.113861322402954,
            17.297664642333984
        ],
        [
            1.5100897550582886,
            20.79096794128418
        ]
    ]
}