{
    "speed": 5.131423655985459,
    "steer": 0.0017152840737253428,
    "throttle": 0.0,
    "brake": 0.0,
    "wp_4": [
        0.6703314781188965,
        13.308731079101562
    ],
    "wp_3": [
        0.4183206260204315,
        9.820944786071777
    ],
    "wp_2": [
        0.20340389013290405,
        6.311463356018066
    ],
    "wp_1": [
        0.03257134184241295,
        2.9839043617248535
    ],
    "aim": [
        0.03257134184241295,
        2.9839043617248535
    ],
    "target": [
        0.8091796641535778,
        22.456747277506075
    ],
    "desired_speed": 6.932915115356446,
    "angle": 0.006948854852054225,
    "angle_last": 0.06852134061792206,
    "angle_target": 0.022929277983514948,
    "angle_final": 0.006948854852054225,
    "delta": 0.25,
    "agent": "only_traj",
    "steer_traj": 0.0017152841113395297,
    "throttle_traj": 0.0,
    "brake_traj": 0.0,
    "plan": [
        [
            0.03257134184241295,
            2.9839043617248535
        ],
        [
            0.20340389013290405,
            6.311463356018066
        ],
        [
            0.4183206260204315,
            9.820944786071777
        ],
        [
            0.6703314781188965,
            13.308731079101562
        ],
        [
            1.0443482398986816,
            16.89971351623535
        ],
        [
            1.4071240425109863,
            20.25717544555664
        ]
    ]
}