{
    "speed": 5.0332028747558955,
    "steer": 0.00020375328313093632,
    "throttle": 0.0,
    "brake": 0.0,
    "wp_4": [
        0.5209619998931885,
        12.77055835723877
    ],
    "wp_3": [
        0.31234806776046753,
        9.382352828979492
    ],
    "wp_2": [
        0.14257875084877014,
        5.967199325561523
    ],
    "wp_1": [
        0.023263778537511826,
        2.7740626335144043
    ],
    "aim": [
        0.023263778537511826,
        2.7740626335144043
    ],
    "target": [
        0.41604653308079254,
        22.866232845152613
    ],
    "desired_speed": 6.730634212493896,
    "angle": 0.005338675700719108,
    "angle_last": 0.0609058314753394,
    "angle_target": 0.01158189147439621,
    "angle_final": 0.005338675700719108,
    "delta": 0.25,
    "agent": "only_traj",
    "steer_traj": 0.00020375328732316736,
    "throttle_traj": 0.0,
    "brake_traj": 0.0,
    "plan": [
        [
            0.023263778537511826,
            2.7740626335144043
        ],
        [
            0.14257875084877014,
            5.967199325561523
        ],
        [
            0.31234806776046753,
            9.382352828979492
        ],
        [
            0.5209619998931885,
            12.77055835723877
        ],
        [
            0.8421456813812256,
            16.284082412719727
        ],
        [
            1.1563318967819214,
            19.558095932006836
        ]
    ]
}