{
    "speed": 4.9617130105958545,
    "steer": 0.001178606296889484,
    "throttle": 0.75,
    "brake": 0.0,
    "wp_4": [
        0.4923568665981293,
        12.341668128967285
    ],
    "wp_3": [
        0.2964054346084595,
        9.043670654296875
    ],
    "wp_2": [
        0.1399863064289093,
        5.75804328918457
    ],
    "wp_1": [
        0.023861434310674667,
        2.6853299140930176
    ],
    "aim": [
        0.023861434310674667,
        2.6853299140930176
    ],
    "target": [
        0.45769804488958865,
        23.712800160972545
    ],
    "desired_speed": 6.575908279418946,
    "angle": 0.005656734843069369,
    "angle_last": 0.06014100207027953,
    "angle_target": 0.012286336751081331,
    "angle_final": 0.005656734843069369,
    "delta": 0.25,
    "agent": "only_traj",
    "steer_traj": 0.001178606266174008,
    "throttle_traj": 0.75,
    "brake_traj": 0.0,
    "plan": [
        [
            0.023861434310674667,
            2.6853299140930176
        ],
        [
            0.1399863064289093,
            5.75804328918457
        ],
        [
            0.2964054346084595,
            9.043670654296875
        ],
        [
            0.4923568665981293,
            12.341668128967285
        ],
        [
            0.8188461661338806,
            15.807205200195312
        ],
        [
            1.1292654275894165,
            19.083351135253906
        ]
    ]
}