{
    "speed": 4.871095146816173,
    "steer": 0.0021497467532753944,
    "throttle": 0.75,
    "brake": 0.0,
    "wp_4": [
        0.7033202648162842,
        13.027182579040527
    ],
    "wp_3": [
        0.4308646619319916,
        9.607690811157227
    ],
    "wp_2": [
        0.21232634782791138,
        6.178853988647461
    ],
    "wp_1": [
        0.030147787183523178,
        2.918727159500122
    ],
    "aim": [
        0.030147787183523178,
        2.918727159500122
    ],
    "target": [
        0.6826896338321102,
        22.347301544009813
    ],
    "desired_speed": 6.8483016967773445,
    "angle": 0.006575471177426862,
    "angle_last": 0.07355974349566813,
    "angle_target": 0.019442105503803552,
    "angle_final": 0.006575471177426862,
    "delta": 0.25,
    "agent": "only_traj",
    "steer_traj": 0.0021497467526197327,
    "throttle_traj": 0.75,
    "brake_traj": 0.0,
    "plan": [
        [
            0.030147787183523178,
            2.918727159500122
        ],
        [
            0.21232634782791138,
            6.178853988647461
        ],
        [
            0.4308646619319916,
            9.607690811157227
        ],
        [
            0.7033202648162842,
            13.027182579040527
        ],
        [
            1.1046301126480103,
            16.591983795166016
        ],
        [
            1.4968597888946533,
            19.971397399902344
        ]
    ]
}