{
    "speed": 4.80492518969297,
    "steer": 0.001086910953745246,
    "throttle": 0.75,
    "brake": 0.0,
    "wp_4": [
        0.46182626485824585,
        11.621325492858887
    ],
    "wp_3": [
        0.26867371797561646,
        8.485233306884766
    ],
    "wp_2": [
        0.12551966309547424,
        5.412328720092773
    ],
    "wp_1": [
        0.022687729448080063,
        2.5243849754333496
    ],
    "aim": [
        0.022687729448080063,
        2.5243849754333496
    ],
    "target": [
        1.0788893793956094,
        22.64898646565894
    ],
    "desired_speed": 6.243459606170655,
    "angle": 0.005721393967212155,
    "angle_last": 0.06482681540487138,
    "angle_target": 0.03030261466685891,
    "angle_final": 0.005721393967212155,
    "delta": 0.25,
    "agent": "only_traj",
    "steer_traj": 0.001086910976566585,
    "throttle_traj": 0.75,
    "brake_traj": 0.0,
    "plan": [
        [
            0.022687729448080063,
            2.5243849754333496
        ],
        [
            0.12551966309547424,
            5.412328720092773
        ],
        [
            0.26867371797561646,
            8.485233306884766
        ],
        [
            0.46182626485824585,
            11.621325492858887
        ],
        [
            0.8079580664634705,
            14.913209915161133
        ],
        [
            1.1322920322418213,
            18.08725357055664
        ]
    ]
}