{
    "speed": 4.824079443039857,
    "steer": 0.003564986167475581,
    "throttle": 0.75,
    "brake": 0.0,
    "wp_4": [
        0.5905130505561829,
        12.433205604553223
    ],
    "wp_3": [
        0.3567153513431549,
        9.141531944274902
    ],
    "wp_2": [
        0.17586550116539001,
        5.875123500823975
    ],
    "wp_1": [
        0.03346654400229454,
        2.774479866027832
    ],
    "aim": [
        0.03346654400229454,
        2.774479866027832
    ],
    "target": [
        0.8942205725648371,
        22.167095416121064
    ],
    "desired_speed": 6.529406929016113,
    "angle": 0.007678698510365477,
    "angle_last": 0.06529012990357058,
    "angle_target": 0.025667323087457353,
    "angle_final": 0.007678698510365477,
    "delta": 0.25,
    "agent": "only_traj",
    "steer_traj": 0.0035649861388996847,
    "throttle_traj": 0.75,
    "brake_traj": 0.0,
    "plan": [
        [
            0.03346654400229454,
            2.774479866027832
        ],
        [
            0.17586550116539001,
            5.875123500823975
        ],
        [
            0.3567153513431549,
            9.141531944274902
        ],
        [
            0.5905130505561829,
            12.433205604553223
        ],
        [
            0.9647830724716187,
            15.83633804321289
        ],
        [
            1.2949084043502808,
            19.04397201538086
        ]
    ]
}