{
    "speed": 4.921033687992303,
    "steer": 0.006418970879167318,
    "throttle": 0.75,
    "brake": 0.0,
    "wp_4": [
        0.896886944770813,
        12.995650291442871
    ],
    "wp_3": [
        0.5552186965942383,
        9.644181251525879
    ],
    "wp_2": [
        0.27898475527763367,
        6.246572494506836
    ],
    "wp_1": [
        0.05053075775504112,
        2.979818820953369
    ],
    "aim": [
        0.05053075775504112,
        2.979818820953369
    ],
    "target": [
        1.3563698813983907,
        20.829545466774263
    ],
    "desired_speed": 6.779969882965088,
    "angle": 0.010794554918734515,
    "angle_last": 0.09266142998347969,
    "angle_target": 0.041396702284160335,
    "angle_final": 0.010794554918734515,
    "delta": 0.25,
    "agent": "only_traj",
    "steer_traj": 0.006418970722896971,
    "throttle_traj": 0.75,
    "brake_traj": 0.0,
    "plan": [
        [
            0.05053075775504112,
            2.979818820953369
        ],
        [
            0.27898475527763367,
            6.246572494506836
        ],
        [
            0.5552186965942383,
            9.644181251525879
        ],
        [
            0.896886944770813,
            12.995650291442871
        ],
        [
            1.3644412755966187,
            16.495494842529297
        ],
        [
            1.852728247642517,
            19.826492309570312
        ]
    ]
}