{
    "speed": 5.198013796885661,
    "steer": 0.005816994700580835,
    "throttle": 0.0,
    "brake": 0.0,
    "wp_4": [
        0.9289805293083191,
        13.346549987792969
    ],
    "wp_3": [
        0.5602662563323975,
        9.882978439331055
    ],
    "wp_2": [
        0.2818312346935272,
        6.383917808532715
    ],
    "wp_1": [
        0.050490837544202805,
        3.043348789215088
    ],
    "aim": [
        0.050490837544202805,
        3.043348789215088
    ],
    "target": [
        1.3448457291137794,
        20.640855506509258
    ],
    "desired_speed": 6.9480149269104,
    "angle": 0.010560886558129302,
    "angle_last": 0.09724828146609714,
    "angle_target": 0.04142013227918934,
    "angle_final": 0.010560886558129302,
    "delta": 0.25,
    "agent": "only_traj",
    "steer_traj": 0.005816994846310053,
    "throttle_traj": 0.0,
    "brake_traj": 0.0,
    "plan": [
        [
            0.050490837544202805,
            3.043348789215088
        ],
        [
            0.2818312346935272,
            6.383917808532715
        ],
        [
            0.5602662563323975,
            9.882978439331055
        ],
        [
            0.9289805293083191,
            13.346549987792969
        ],
        [
            1.4170089960098267,
            16.93210792541504
        ],
        [
            1.9358246326446533,
            20.301990509033203
        ]
    ]
}