{
    "speed": 5.124950531712024,
    "steer": 0.0025288749020546675,
    "throttle": 0.0,
    "brake": 0.0,
    "wp_4": [
        0.8063586950302124,
        12.784748077392578
    ],
    "wp_3": [
        0.4612126350402832,
        9.395628929138184
    ],
    "wp_2": [
        0.2242104709148407,
        6.003069877624512
    ],
    "wp_1": [
        0.033578451722860336,
        2.8185505867004395
    ],
    "aim": [
        0.033578451722860336,
        2.8185505867004395
    ],
    "target": [
        0.9658575505962359,
        20.469218892872846
    ],
    "desired_speed": 6.813398933410644,
    "angle": 0.007583910662883855,
    "angle_last": 0.09335401116531897,
    "angle_target": 0.030017182311616958,
    "angle_final": 0.007583910662883855,
    "delta": 0.25,
    "agent": "only_traj",
    "steer_traj": 0.002528874900930291,
    "throttle_traj": 0.0,
    "brake_traj": 0.0,
    "plan": [
        [
            0.033578451722860336,
            2.8185505867004395
        ],
        [
            0.2242104709148407,
            6.003069877624512
        ],
        [
            0.4612126350402832,
            9.395628929138184
        ],
        [
            0.8063586950302124,
            12.784748077392578
        ],
        [
            1.2674970626831055,
            16.3546085357666
        ],
        [
            1.7695896625518799,
            19.754009246826172
        ]
    ]
}