{
    "speed": 4.999065368932729,
    "steer": 0.010231898166239262,
    "throttle": 0.75,
    "brake": 0.0,
    "wp_4": [
        0.6280602216720581,
        11.666808128356934
    ],
    "wp_3": [
        0.35733309388160706,
        8.520894050598145
    ],
    "wp_2": [
        0.175336092710495,
        5.450082302093506
    ],
    "wp_1": [
        0.03218495473265648,
        2.5633749961853027
    ],
    "aim": [
        0.03218495473265648,
        2.5633749961853027
    ],
    "target": [
        1.0275550768231945,
        20.87919536082404
    ],
    "desired_speed": 6.347109699249267,
    "angle": 0.007992811321195285,
    "angle_last": 0.08364391067726573,
    "angle_target": 0.031305541084335566,
    "angle_final": 0.007992811321195285,
    "delta": 0.25,
    "agent": "only_traj",
    "steer_traj": 0.010231898042782819,
    "throttle_traj": 0.75,
    "brake_traj": 0.0,
    "plan": [
        [
            0.03218495473265648,
            2.5633749961853027
        ],
        [
            0.175336092710495,
            5.450082302093506
        ],
        [
            0.35733309388160706,
            8.520894050598145
        ],
        [
            0.6280602216720581,
            11.666808128356934
        ],
        [
            1.0552641153335571,
            15.043071746826172
        ],
        [
            1.4929147958755493,
            18.354873657226562
        ]
    ]
}