{
    "speed": 4.91755268809153,
    "steer": 0.008664334192872047,
    "throttle": 0.75,
    "brake": 0.0,
    "wp_4": [
        0.6673722267150879,
        12.386990547180176
    ],
    "wp_3": [
        0.381610244512558,
        9.059579849243164
    ],
    "wp_2": [
        0.18641918897628784,
        5.773698806762695
    ],
    "wp_1": [
        0.027826841920614243,
        2.7029507160186768
    ],
    "aim": [
        0.027826841920614243,
        2.7029507160186768
    ],
    "target": [
        0.9627689158109485,
        20.713574881622336
    ],
    "desired_speed": 6.656018543243408,
    "angle": 0.006553766354064377,
    "angle_last": 0.08292370517478329,
    "angle_target": 0.029568865850737817,
    "angle_final": 0.006553766354064377,
    "delta": 0.25,
    "agent": "only_traj",
    "steer_traj": 0.008664334054362965,
    "throttle_traj": 0.75,
    "brake_traj": 0.0,
    "plan": [
        [
            0.027826841920614243,
            2.7029507160186768
        ],
        [
            0.18641918897628784,
            5.773698806762695
        ],
        [
            0.381610244512558,
            9.059579849243164
        ],
        [
            0.6673722267150879,
            12.386990547180176
        ],
        [
            1.0900630950927734,
            15.899560928344727
        ],
        [
            1.531158447265625,
            19.266754150390625
        ]
    ]
}