{
    "speed": 4.876264404030216,
    "steer": 0.01266433671116829,
    "throttle": 0.75,
    "brake": 0.0,
    "wp_4": [
        0.8382318019866943,
        12.853673934936523
    ],
    "wp_3": [
        0.4984194338321686,
        9.442691802978516
    ],
    "wp_2": [
        0.24948787689208984,
        6.0615153312683105
    ],
    "wp_1": [
        0.04134928807616234,
        2.8566298484802246
    ],
    "aim": [
        0.04134928807616234,
        2.8566298484802246
    ],
    "target": [
        0.5777581348783114,
        18.90300269106682
    ],
    "desired_speed": 6.827619647979736,
    "angle": 0.009214352708756677,
    "angle_last": 0.09642053842968236,
    "angle_target": 0.019451818750461865,
    "angle_final": 0.009214352708756677,
    "delta": 0.25,
    "agent": "only_traj",
    "steer_traj": 0.012664336479608298,
    "throttle_traj": 0.75,
    "brake_traj": 0.0,
    "plan": [
        [
            0.04134928807616234,
            2.8566298484802246
        ],
        [
            0.24948787689208984,
            6.0615153312683105
        ],
        [
            0.4984194338321686,
            9.442691802978516
        ],
        [
            0.8382318019866943,
            12.853673934936523
        ],
        [
            1.3274794816970825,
            16.4234676361084
        ],
        [
            1.8459067344665527,
            19.820186614990234
        ]
    ]
}