{
    "speed": 5.115081922978966,
    "steer": 0.011551263742148876,
    "throttle": 0.0,
    "brake": 0.0,
    "wp_4": [
        0.9352778196334839,
        13.812353134155273
    ],
    "wp_3": [
        0.5579543113708496,
        10.237886428833008
    ],
    "wp_2": [
        0.28239908814430237,
        6.5942254066467285
    ],
    "wp_1": [
        0.04340137168765068,
        3.1271626949310303
    ],
    "aim": [
        0.04340137168765068,
        3.1271626949310303
    ],
    "target": [
        0.45959655104301467,
        18.840614466553525
    ],
    "desired_speed": 7.200551128387451,
    "angle": 0.008834973645857858,
    "angle_last": 0.09192043034952407,
    "angle_target": 0.01552657620217037,
    "angle_final": 0.008834973645857858,
    "delta": 0.25,
    "agent": "only_traj",
    "steer_traj": 0.011551263471022222,
    "throttle_traj": 0.0,
    "brake_traj": 0.0,
    "plan": [
        [
            0.04340137168765068,
            3.1271626949310303
        ],
        [
            0.28239908814430237,
            6.5942254066467285
        ],
        [
            0.5579543113708496,
            10.237886428833008
        ],
        [
            0.9352778196334839,
            13.812353134155273
        ],
        [
            1.4090869426727295,
            17.529035568237305
        ],
        [
            1.917142629623413,
            21.023225784301758
        ]
    ]
}