{
    "speed": 5.231348968775806,
    "steer": 0.008663606829941273,
    "throttle": 0.0,
    "brake": 0.0,
    "wp_4": [
        0.851999044418335,
        13.386308670043945
    ],
    "wp_3": [
        0.48968613147735596,
        9.845071792602539
    ],
    "wp_2": [
        0.2333446741104126,
        6.282533645629883
    ],
    "wp_1": [
        0.02955889329314232,
        2.944121837615967
    ],
    "aim": [
        0.02955889329314232,
        2.944121837615967
    ],
    "target": [
        0.7695782986229887,
        19.209588250384716
    ],
    "desired_speed": 7.106284046173096,
    "angle": 0.006391435524790407,
    "angle_last": 0.09877148954200075,
    "angle_target": 0.02549075484964688,
    "angle_final": 0.006391435524790407,
    "delta": 0.25,
    "agent": "only_traj",
    "steer_traj": 0.008663607136679121,
    "throttle_traj": 0.0,
    "brake_traj": 0.0,
    "plan": [
        [
            0.02955889329314232,
            2.944121837615967
        ],
        [
            0.2333446741104126,
            6.282533645629883
        ],
        [
            0.48968613147735596,
            9.845071792602539
        ],
        [
            0.851999044418335,
            13.386308670043945
        ],
        [
            1.3326952457427979,
            17.093307495117188
        ],
        [
            1.881514072418213,
            20.602224349975586
        ]
    ]
}