{
    "speed": 5.128680496964082,
    "steer": 0.009600518271327019,
    "throttle": 0.0,
    "brake": 0.0,
    "wp_4": [
        0.7543617486953735,
        13.247591018676758
    ],
    "wp_3": [
        0.4364549517631531,
        9.741554260253906
    ],
    "wp_2": [
        0.21318182349205017,
        6.198765277862549
    ],
    "wp_1": [
        0.029745157808065414,
        2.8856468200683594
    ],
    "aim": [
        0.029745157808065414,
        2.8856468200683594
    ],
    "target": [
        -0.39495811469860387,
        18.659370621737335
    ],
    "desired_speed": 7.0102140426635735,
    "angle": 0.00656203847205917,
    "angle_last": 0.08434521932304449,
    "angle_target": -0.013473155636598092,
    "angle_final": 0.00656203847205917,
    "delta": 0.25,
    "agent": "only_traj",
    "steer_traj": 0.009600518414690541,
    "throttle_traj": 0.0,
    "brake_traj": 0.0,
    "plan": [
        [
            0.029745157808065414,
            2.8856468200683594
        ],
        [
            0.21318182349205017,
            6.198765277862549
        ],
        [
            0.4364549517631531,
            9.741554260253906
        ],
        [
            0.7543617486953735,
            13.247591018676758
        ],
        [
            1.1686714887619019,
            16.903553009033203
        ],
        [
            1.6254459619522095,
            20.330991744995117
        ]
    ]
}