{
    "speed": 5.041413560682207,
    "steer": 0.01048447284847498,
    "throttle": 0.0,
    "brake": 0.0,
    "wp_4": [
        0.7780730724334717,
        13.1688871383667
    ],
    "wp_3": [
        0.4635627269744873,
        9.706611633300781
    ],
    "wp_2": [
        0.22960343956947327,
        6.212457656860352
    ],
    "wp_1": [
        0.0340137742459774,
        2.916349411010742
    ],
    "aim": [
        0.0340137742459774,
        2.916349411010742
    ],
    "target": [
        -0.40053189330769756,
        17.64568868962859
    ],
    "desired_speed": 6.94024314880371,
    "angle": 0.007424615473241002,
    "angle_last": 0.08454261179005786,
    "angle_target": -0.014447877265918346,
    "angle_final": 0.007424615473241002,
    "delta": 0.25,
    "agent": "only_traj",
    "steer_traj": 0.010484472959337129,
    "throttle_traj": 0.0,
    "brake_traj": 0.0,
    "plan": [
        [
            0.0340137742459774,
            2.916349411010742
        ],
        [
            0.22960343956947327,
            6.212457656860352
        ],
        [
            0.4635627269744873,
            9.706611633300781
        ],
        [
            0.7780730724334717,
            13.1688871383667
        ],
        [
            1.2012642621994019,
            16.78476905822754
        ],
        [
            1.655378818511963,
            20.184202194213867
        ]
    ]
}