{
    "speed": 4.924212925604341,
    "steer": 0.009840916842222214,
    "throttle": 0.75,
    "brake": 0.0,
    "wp_4": [
        0.6753461360931396,
        11.7110595703125
    ],
    "wp_3": [
        0.3603185713291168,
        8.521112442016602
    ],
    "wp_2": [
        0.17102676630020142,
        5.410225868225098
    ],
    "wp_1": [
        0.027413006871938705,
        2.5126097202301025
    ],
    "aim": [
        0.027413006871938705,
        2.5126097202301025
    ],
    "target": [
        1.0257076910540808,
        18.276495922098604
    ],
    "desired_speed": 6.445451068878174,
    "angle": 0.006945363866478441,
    "angle_last": 0.10338528232634438,
    "angle_target": 0.03569073277519101,
    "angle_final": 0.006945363866478441,
    "delta": 0.25,
    "agent": "only_traj",
    "steer_traj": 0.00984091656881192,
    "throttle_traj": 0.75,
    "brake_traj": 0.0,
    "plan": [
        [
            0.027413006871938705,
            2.5126097202301025
        ],
        [
            0.17102676630020142,
            5.410225868225098
        ],
        [
            0.3603185713291168,
            8.521112442016602
        ],
        [
            0.6753461360931396,
            11.7110595703125
        ],
        [
            1.1576635837554932,
            15.140325546264648
        ],
        [
            1.7118093967437744,
            18.52256202697754
        ]
    ]
}