{
    "speed": 4.7112023445051,
    "steer": 0.01105863694101572,
    "throttle": 0.75,
    "brake": 0.0,
    "wp_4": [
        0.7559579014778137,
        12.924728393554688
    ],
    "wp_3": [
        0.44982844591140747,
        9.487167358398438
    ],
    "wp_2": [
        0.22505924105644226,
        6.057391166687012
    ],
    "wp_1": [
        0.03457250818610191,
        2.8292765617370605
    ],
    "aim": [
        0.03457250818610191,
        2.8292765617370605
    ],
    "target": [
        0.2890544667848216,
        16.815449679353403
    ],
    "desired_speed": 6.8719734191894535,
    "angle": 0.007778798727201552,
    "angle_last": 0.08473780341833867,
    "angle_target": 0.010942298329526768,
    "angle_final": 0.007778798727201552,
    "delta": 0.25,
    "agent": "only_traj",
    "steer_traj": 0.011058636817938965,
    "throttle_traj": 0.75,
    "brake_traj": 0.0,
    "plan": [
        [
            0.03457250818610191,
            2.8292765617370605
        ],
        [
            0.22505924105644226,
            6.057391166687012
        ],
        [
            0.44982844591140747,
            9.487167358398438
        ],
        [
            0.7559579014778137,
            12.924728393554688
        ],
        [
            1.1773664951324463,
            16.517986297607422
        ],
        [
            1.6339024305343628,
            19.92757797241211
        ]
    ]
}