{
    "speed": 4.719038403419741,
    "steer": 0.012098481878638268,
    "throttle": 0.75,
    "brake": 0.0,
    "wp_4": [
        0.6379032135009766,
        12.33115005493164
    ],
    "wp_3": [
        0.38656312227249146,
        9.035497665405273
    ],
    "wp_2": [
        0.19533228874206543,
        5.775865077972412
    ],
    "wp_1": [
        0.03889649733901024,
        2.708585739135742
    ],
    "aim": [
        0.03889649733901024,
        2.708585739135742
    ],
    "target": [
        0.5576560317652159,
        17.436727210724044
    ],
    "desired_speed": 6.587563800811768,
    "angle": 0.009141497357609874,
    "angle_last": 0.07964308942543538,
    "angle_target": 0.020353239811470948,
    "angle_final": 0.009141497357609874,
    "delta": 0.25,
    "agent": "only_traj",
    "steer_traj": 0.012098481892654632,
    "throttle_traj": 0.75,
    "brake_traj": 0.0,
    "plan": [
        [
            0.03889649733901024,
            2.708585739135742
        ],
        [
            0.19533228874206543,
            5.775865077972412
        ],
        [
            0.38656312227249146,
            9.035497665405273
        ],
        [
            0.6379032135009766,
            12.33115005493164
        ],
        [
            1.0329378843307495,
            15.80095386505127
        ],
        [
            1.4490647315979004,
            19.10985565185547
        ]
    ]
}