{
    "speed": 4.809558022894835,
    "steer": 0.012952336110174656,
    "throttle": 0.75,
    "brake": 0.0,
    "wp_4": [
        0.7886878252029419,
        13.19542407989502
    ],
    "wp_3": [
        0.4701867997646332,
        9.714378356933594
    ],
    "wp_2": [
        0.23417973518371582,
        6.203782081604004
    ],
    "wp_1": [
        0.04657011851668358,
        2.89918851852417
    ],
    "aim": [
        0.04657011851668358,
        2.89918851852417
    ],
    "target": [
        0.5977643157022543,
        18.4014103924346
    ],
    "desired_speed": 6.932751083374024,
    "angle": 0.010225220705918563,
    "angle_last": 0.08829147495250553,
    "angle_target": 0.020673133225563245,
    "angle_final": 0.010225220705918563,
    "delta": 0.25,
    "agent": "only_traj",
    "steer_traj": 0.012952335854677241,
    "throttle_traj": 0.75,
    "brake_traj": 0.0,
    "plan": [
        [
            0.04657011851668358,
            2.89918851852417
        ],
        [
            0.23417973518371582,
            6.203782081604004
        ],
        [
            0.4701867997646332,
            9.714378356933594
        ],
        [
            0.7886878252029419,
            13.19542407989502
        ],
        [
            1.2196640968322754,
            16.797101974487305
        ],
        [
            1.6869949102401733,
            20.14512825012207
        ]
    ]
}