{
    "speed": 4.946972747125371,
    "steer": 0.014653967693448067,
    "throttle": 0.75,
    "brake": 0.0,
    "wp_4": [
        1.13852858543396,
        13.790846824645996
    ],
    "wp_3": [
        0.6763671636581421,
        10.240482330322266
    ],
    "wp_2": [
        0.33743536472320557,
        6.612619400024414
    ],
    "wp_1": [
        0.05922945961356163,
        3.129767417907715
    ],
    "aim": [
        0.05922945961356163,
        3.129767417907715
    ],
    "target": [
        1.0209876459452114,
        16.945607179674433
    ],
    "desired_speed": 7.189278602600098,
    "angle": 0.01204630092062552,
    "angle_last": 0.10813734849588535,
    "angle_target": 0.03831058464081297,
    "angle_final": 0.01204630092062552,
    "delta": 0.25,
    "agent": "only_traj",
    "steer_traj": 0.014653967918767984,
    "throttle_traj": 0.75,
    "brake_traj": 0.0,
    "plan": [
        [
            0.05922945961356163,
            3.129767417907715
        ],
        [
            0.33743536472320557,
            6.612619400024414
        ],
        [
            0.6763671636581421,
            10.240482330322266
        ],
        [
            1.13852858543396,
            13.790846824645996
        ],
        [
            1.6722862720489502,
            17.48773193359375
        ],
        [
            2.2673373222351074,
            20.957124710083008
        ]
    ]
}