{
    "speed": 5.251624119179013,
    "steer": 0.008859625086188316,
    "throttle": 0.0,
    "brake": 0.0,
    "wp_4": [
        0.993405818939209,
        14.041886329650879
    ],
    "wp_3": [
        0.5862624645233154,
        10.396336555480957
    ],
    "wp_2": [
        0.2854757010936737,
        6.678481101989746
    ],
    "wp_1": [
        0.05142870172858238,
        3.150484085083008
    ],
    "aim": [
        0.05142870172858238,
        3.150484085083008
    ],
    "target": [
        0.1669567744868119,
        16.64982467382644
    ],
    "desired_speed": 7.232129287719727,
    "angle": 0.010391270193740651,
    "angle_last": 0.09954542586595397,
    "angle_target": 0.0063835159584132465,
    "angle_final": 0.0063835159584132465,
    "delta": 0.25,
    "agent": "only_traj",
    "steer_traj": 0.008859625023075203,
    "throttle_traj": 0.0,
    "brake_traj": 0.0,
    "plan": [
        [
            0.05142870172858238,
            3.150484085083008
        ],
        [
            0.2854757010936737,
            6.678481101989746
        ],
        [
            0.5862624645233154,
            10.396336555480957
        ],
        [
            0.993405818939209,
            14.041886329650879
        ],
        [
            1.4807175397872925,
            17.721572875976562
        ],
        [
            2.015575408935547,
            21.11421012878418
        ]
    ]
}