{
    "speed": 5.146610008725917,
    "steer": 0.015039989724755287,
    "throttle": 0.0,
    "brake": 0.0,
    "wp_4": [
        0.7801698446273804,
        12.40939712524414
    ],
    "wp_3": [
        0.45519500970840454,
        9.115666389465332
    ],
    "wp_2": [
        0.2282235324382782,
        5.823744773864746
    ],
    "wp_1": [
        0.047878529876470566,
        2.7358365058898926
    ],
    "aim": [
        0.047878529876470566,
        2.7358365058898926
    ],
    "target": [
        0.3789415023880949,
        16.531448385359912
    ],
    "desired_speed": 6.542776966094971,
    "angle": 0.011140010708755605,
    "angle_last": 0.09585279792767276,
    "angle_target": 0.014590337644397572,
    "angle_final": 0.011140010708755605,
    "delta": 0.25,
    "agent": "only_traj",
    "steer_traj": 0.015039989603542895,
    "throttle_traj": 0.0,
    "brake_traj": 0.0,
    "plan": [
        [
            0.047878529876470566,
            2.7358365058898926
        ],
        [
            0.2282235324382782,
            5.823744773864746
        ],
        [
            0.45519500970840454,
            9.115666389465332
        ],
        [
            0.7801698446273804,
            12.40939712524414
        ],
        [
            1.2378427982330322,
            15.799947738647461
        ],
        [
            1.7227845191955566,
            18.996381759643555
        ]
    ]
}