{
    "speed": 5.0271021984017725,
    "steer": 0.014044814743101597,
    "throttle": 0.0,
    "brake": 0.0,
    "wp_4": [
        0.8189973831176758,
        12.381147384643555
    ],
    "wp_3": [
        0.483732670545578,
        9.093088150024414
    ],
    "wp_2": [
        0.24513527750968933,
        5.830300331115723
    ],
    "wp_1": [
        0.04938628897070885,
        2.741750717163086
    ],
    "aim": [
        0.04938628897070885,
        2.741750717163086
    ],
    "target": [
        0.7237594038827857,
        16.1583121585708
    ],
    "desired_speed": 6.5149320602417,
    "angle": 0.01146596251414677,
    "angle_last": 0.09880935914639893,
    "angle_target": 0.028496279301774525,
    "angle_final": 0.01146596251414677,
    "delta": 0.25,
    "agent": "only_traj",
    "steer_traj": 0.014044814432734696,
    "throttle_traj": 0.0,
    "brake_traj": 0.0,
    "plan": [
        [
            0.04938628897070885,
            2.741750717163086
        ],
        [
            0.24513527750968933,
            5.830300331115723
        ],
        [
            0.483732670545578,
            9.093088150024414
        ],
        [
            0.8189973831176758,
            12.381147384643555
        ],
        [
            1.299180269241333,
            15.749042510986328
        ],
        [
            1.7960262298583984,
            18.924428939819336
        ]
    ]
}