{
    "speed": 4.925150903401773,
    "steer": 0.007436431013047695,
    "throttle": 0.75,
    "brake": 0.0,
    "wp_4": [
        0.6624997854232788,
        12.08305549621582
    ],
    "wp_3": [
        0.40027523040771484,
        8.872225761413574
    ],
    "wp_2": [
        0.20207449793815613,
        5.696463584899902
    ],
    "wp_1": [
        0.04158639535307884,
        2.687035083770752
    ],
    "aim": [
        0.04158639535307884,
        2.687035083770752
    ],
    "target": [
        0.13368614761093767,
        15.968982733378256
    ],
    "desired_speed": 6.415915870666504,
    "angle": 0.009851988813272755,
    "angle_last": 0.08309438401304282,
    "angle_target": 0.005329410028753078,
    "angle_final": 0.005329410028753078,
    "delta": 0.25,
    "agent": "only_traj",
    "steer_traj": 0.007436431051576625,
    "throttle_traj": 0.75,
    "brake_traj": 0.0,
    "plan": [
        [
            0.04158639535307884,
            2.687035083770752
        ],
        [
            0.20207449793815613,
            5.696463584899902
        ],
        [
            0.40027523040771484,
            8.872225761413574
        ],
        [
            0.6624997854232788,
            12.08305549621582
        ],
        [
            1.0757346153259277,
            15.445558547973633
        ],
        [
            1.4967601299285889,
            18.65286636352539
        ]
    ]
}