{
    "speed": 4.806971183502724,
    "steer": 0.006088511552661657,
    "throttle": 0.75,
    "brake": 0.0,
    "wp_4": [
        0.7785554528236389,
        12.460132598876953
    ],
    "wp_3": [
        0.4589684009552002,
        9.136641502380371
    ],
    "wp_2": [
        0.22752946615219116,
        5.837586402893066
    ],
    "wp_1": [
        0.04152625426650047,
        2.7273850440979004
    ],
    "aim": [
        0.04152625426650047,
        2.7273850440979004
    ],
    "target": [
        0.05834624432731861,
        15.701713185025673
    ],
    "desired_speed": 6.624849319458009,
    "angle": 0.009692238277685235,
    "angle_last": 0.09446285443157516,
    "angle_target": 0.002365614591371981,
    "angle_final": 0.002365614591371981,
    "delta": 0.25,
    "agent": "only_traj",
    "steer_traj": 0.006088511604146286,
    "throttle_traj": 0.75,
    "brake_traj": 0.0,
    "plan": [
        [
            0.04152625426650047,
            2.7273850440979004
        ],
        [
            0.22752946615219116,
            5.837586402893066
        ],
        [
            0.4589684009552002,
            9.136641502380371
        ],
        [
            0.7785554528236389,
            12.460132598876953
        ],
        [
            1.2388241291046143,
            15.920787811279297
        ],
        [
            1.7280573844909668,
            19.193675994873047
        ]
    ]
}