{
    "speed": 4.8283637713057574,
    "steer": 0.020413480699062347,
    "throttle": 0.75,
    "brake": 0.0,
    "wp_4": [
        0.8106439709663391,
        12.287254333496094
    ],
    "wp_3": [
        0.4928150177001953,
        9.07411003112793
    ],
    "wp_2": [
        0.24758034944534302,
        5.860991477966309
    ],
    "wp_1": [
        0.05523505434393883,
        2.7903504371643066
    ],
    "aim": [
        0.05523505434393883,
        2.7903504371643066
    ],
    "target": [
        0.36108514147728554,
        14.907424505209697
    ],
    "desired_speed": 6.4276636123657225,
    "angle": 0.012600229262313552,
    "angle_last": 0.09844705555642516,
    "angle_target": 0.015417083000945136,
    "angle_final": 0.012600229262313552,
    "delta": 0.25,
    "agent": "only_traj",
    "steer_traj": 0.020413480076798367,
    "throttle_traj": 0.75,
    "brake_traj": 0.0,
    "plan": [
        [
            0.05523505434393883,
            2.7903504371643066
        ],
        [
            0.24758034944534302,
            5.860991477966309
        ],
        [
            0.4928150177001953,
            9.07411003112793
        ],
        [
            0.8106439709663391,
            12.287254333496094
        ],
        [
            1.2876462936401367,
            15.610555648803711
        ],
        [
            1.7780380249023438,
            18.75641441345215
        ]
    ]
}