{
    "speed": 4.965739126070604,
    "steer": 0.014235071837902069,
    "throttle": 0.75,
    "brake": 0.0,
    "wp_4": [
        0.9874384999275208,
        12.899893760681152
    ],
    "wp_3": [
        0.5967271327972412,
        9.527161598205566
    ],
    "wp_2": [
        0.29558277130126953,
        6.144445896148682
    ],
    "wp_1": [
        0.0549389086663723,
        2.9078235626220703
    ],
    "aim": [
        0.0549389086663723,
        2.9078235626220703
    ],
    "target": [
        0.7149130548219969,
        14.317371647321512
    ],
    "desired_speed": 6.76244249343872,
    "angle": 0.012026569263023259,
    "angle_last": 0.11080749711541567,
    "angle_target": 0.03176212093670013,
    "angle_final": 0.012026569263023259,
    "delta": 0.25,
    "agent": "only_traj",
    "steer_traj": 0.014235071378322143,
    "throttle_traj": 0.75,
    "brake_traj": 0.0,
    "plan": [
        [
            0.0549389086663723,
            2.9078235626220703
        ],
        [
            0.29558277130126953,
            6.144445896148682
        ],
        [
            0.5967271327972412,
            9.527161598205566
        ],
        [
            0.9874384999275208,
            12.899893760681152
        ],
        [
            1.5181114673614502,
            16.388633728027344
        ],
        [
            2.0965795516967773,
            19.678462982177734
        ]
    ]
}