{
    "speed": 5.130126847545849,
    "steer": 0.010299302637577057,
    "throttle": 0.0,
    "brake": 0.0,
    "wp_4": [
        0.757796049118042,
        13.060453414916992
    ],
    "wp_3": [
        0.45652133226394653,
        9.658050537109375
    ],
    "wp_2": [
        0.22231540083885193,
        6.200673580169678
    ],
    "wp_1": [
        0.03726771101355553,
        2.9284586906433105
    ],
    "aim": [
        0.03726771101355553,
        2.9284586906433105
    ],
    "target": [
        0.4174503941983434,
        15.23804952647973
    ],
    "desired_speed": 6.816896533966064,
    "angle": 0.008101183656026153,
    "angle_last": 0.08792977849045795,
    "angle_target": 0.01743600588498798,
    "angle_final": 0.008101183656026153,
    "delta": 0.25,
    "agent": "only_traj",
    "steer_traj": 0.010299302935149232,
    "throttle_traj": 0.0,
    "brake_traj": 0.0,
    "plan": [
        [
            0.03726771101355553,
            2.9284586906433105
        ],
        [
            0.22231540083885193,
            6.200673580169678
        ],
        [
            0.45652133226394653,
            9.658050537109375
        ],
        [
            0.757796049118042,
            13.060453414916992
        ],
        [
            1.1819757223129272,
            16.596216201782227
        ],
        [
            1.6394437551498413,
            19.887239456176758
        ]
    ]
}