{
    "speed": 5.263135477389106,
    "steer": 0.01275943499058485,
    "throttle": 0.0,
    "brake": 0.0,
    "wp_4": [
        0.9981931447982788,
        13.644503593444824
    ],
    "wp_3": [
        0.5938662886619568,
        10.12002182006836
    ],
    "wp_2": [
        0.2900107204914093,
        6.536699295043945
    ],
    "wp_1": [
        0.04526471719145775,
        3.10852313041687
    ],
    "aim": [
        0.04526471719145775,
        3.10852313041687
    ],
    "target": [
        0.2444474063879989,
        14.471088973679056
    ],
    "desired_speed": 7.09798583984375,
    "angle": 0.009269449568061446,
    "angle_last": 0.10608502843227807,
    "angle_target": 0.010752836451232857,
    "angle_final": 0.009269449568061446,
    "delta": 0.25,
    "agent": "only_traj",
    "steer_traj": 0.012759434621350277,
    "throttle_traj": 0.0,
    "brake_traj": 0.0,
    "plan": [
        [
            0.04526471719145775,
            3.10852313041687
        ],
        [
            0.2900107204914093,
            6.536699295043945
        ],
        [
            0.5938662886619568,
            10.12002182006836
        ],
        [
            0.9981931447982788,
            13.644503593444824
        ],
        [
            1.5018432140350342,
            17.297271728515625
        ],
        [
            2.0785582065582275,
            20.726064682006836
        ]
    ]
}