{
    "speed": 5.15102685952831,
    "steer": 0.004558107815682888,
    "throttle": 0.0,
    "brake": 0.0,
    "wp_4": [
        0.8892940878868103,
        12.952770233154297
    ],
    "wp_3": [
        0.5223002433776855,
        9.522066116333008
    ],
    "wp_2": [
        0.2561265528202057,
        6.096488952636719
    ],
    "wp_1": [
        0.04019400104880333,
        2.8644046783447266
    ],
    "aim": [
        0.04019400104880333,
        2.8644046783447266
    ],
    "target": [
        0.040725270366537725,
        13.715207852275132
    ],
    "desired_speed": 6.85002965927124,
    "angle": 0.00893264535098904,
    "angle_last": 0.10753651952189656,
    "angle_target": 0.0018903421976231368,
    "angle_final": 0.0018903421976231368,
    "delta": 0.25,
    "agent": "only_traj",
    "steer_traj": 0.0045581077475108965,
    "throttle_traj": 0.0,
    "brake_traj": 0.0,
    "plan": [
        [
            0.04019400104880333,
            2.8644046783447266
        ],
        [
            0.2561265528202057,
            6.096488952636719
        ],
        [
            0.5223002433776855,
            9.522066116333008
        ],
        [
            0.8892940878868103,
            12.952770233154297
        ],
        [
            1.392054796218872,
            16.502296447753906
        ],
        [
            1.966111421585083,
            19.868345260620117
        ]
    ]
}