{
    "speed": 5.033337023995661,
    "steer": 0.014686263166368008,
    "throttle": 0.0,
    "brake": 0.0,
    "wp_4": [
        0.8478631973266602,
        12.368046760559082
    ],
    "wp_3": [
        0.48582735657691956,
        9.037864685058594
    ],
    "wp_2": [
        0.23611754179000854,
        5.766267776489258
    ],
    "wp_1": [
        0.03873249515891075,
        2.6957850456237793
    ],
    "aim": [
        0.03873249515891075,
        2.6957850456237793
    ],
    "target": [
        0.787204042060512,
        14.024963697065452
    ],
    "desired_speed": 6.692277908325195,
    "angle": 0.009146202599038105,
    "angle_last": 0.11396054010926589,
    "angle_target": 0.035695234647228014,
    "angle_final": 0.009146202599038105,
    "delta": 0.25,
    "agent": "only_traj",
    "steer_traj": 0.01468626345672809,
    "throttle_traj": 0.0,
    "brake_traj": 0.0,
    "plan": [
        [
            0.03873249515891075,
            2.6957850456237793
        ],
        [
            0.23611754179000854,
            5.766267776489258
        ],
        [
            0.48582735657691956,
            9.037864685058594
        ],
        [
            0.8478631973266602,
            12.368046760559082
        ],
        [
            1.3621631860733032,
            15.889657020568848
        ],
        [
            1.9789419174194336,
            19.298295974731445
        ]
    ]
}