{
    "speed": 4.934592593346628,
    "steer": 0.013363827019929886,
    "throttle": 0.75,
    "brake": 0.0,
    "wp_4": [
        0.7862544059753418,
        12.766161918640137
    ],
    "wp_3": [
        0.4662115275859833,
        9.344439506530762
    ],
    "wp_2": [
        0.23516476154327393,
        5.972332000732422
    ],
    "wp_1": [
        0.0435103140771389,
        2.794623374938965
    ],
    "aim": [
        0.0435103140771389,
        2.794623374938965
    ],
    "target": [
        0.33334681483327744,
        14.000603781167989
    ],
    "desired_speed": 6.805575561523438,
    "angle": 0.0099109561131072,
    "angle_last": 0.09749743158882104,
    "angle_target": 0.015154709712204058,
    "angle_final": 0.0099109561131072,
    "delta": 0.25,
    "agent": "only_traj",
    "steer_traj": 0.013363826820644872,
    "throttle_traj": 0.75,
    "brake_traj": 0.0,
    "plan": [
        [
            0.0435103140771389,
            2.794623374938965
        ],
        [
            0.23516476154327393,
            5.972332000732422
        ],
        [
            0.4662115275859833,
            9.344439506530762
        ],
        [
            0.7862544059753418,
            12.766161918640137
        ],
        [
            1.2522554397583008,
            16.324098587036133
        ],
        [
            1.7748117446899414,
            19.7094669342041
        ]
    ]
}