{
    "speed": 4.81883127759348,
    "steer": 0.01330073457211256,
    "throttle": 0.75,
    "brake": 0.0,
    "wp_4": [
        0.8670977354049683,
        12.992159843444824
    ],
    "wp_3": [
        0.5156691670417786,
        9.531200408935547
    ],
    "wp_2": [
        0.25741925835609436,
        6.083288192749023
    ],
    "wp_1": [
        0.04457862302660942,
        2.833590507507324
    ],
    "aim": [
        0.04457862302660942,
        2.833590507507324
    ],
    "target": [
        -0.6482207352956606,
        13.340110886951171
    ],
    "desired_speed": 6.922582054138184,
    "angle": 0.010014623206509837,
    "angle_last": 0.09784979345900294,
    "angle_target": -0.03091022295425291,
    "angle_final": 0.010014623206509837,
    "delta": 0.25,
    "agent": "only_traj",
    "steer_traj": 0.013300734371142955,
    "throttle_traj": 0.75,
    "brake_traj": 0.0,
    "plan": [
        [
            0.04457862302660942,
            2.833590507507324
        ],
        [
            0.25741925835609436,
            6.083288192749023
        ],
        [
            0.5156691670417786,
            9.531200408935547
        ],
        [
            0.8670977354049683,
            12.992159843444824
        ],
        [
            1.3270931243896484,
            16.605201721191406
        ],
        [
            1.8585350513458252,
            20.035541534423828
        ]
    ]
}