{
    "speed": 4.738972799177472,
    "steer": 0.015967056155204773,
    "throttle": 0.75,
    "brake": 0.0,
    "wp_4": [
        0.8839511871337891,
        12.614830017089844
    ],
    "wp_3": [
        0.5406494736671448,
        9.271946907043457
    ],
    "wp_2": [
        0.27727726101875305,
        5.9625444412231445
    ],
    "wp_1": [
        0.05496683344244957,
        2.808865547180176
    ],
    "aim": [
        0.05496683344244957,
        2.808865547180176
    ],
    "target": [
        -0.2945067204656495,
        12.538195481418988
    ],
    "desired_speed": 6.687580394744873,
    "angle": 0.012456491725780174,
    "angle_last": 0.10478865852780965,
    "angle_target": -0.014950662753830472,
    "angle_final": 0.012456491725780174,
    "delta": 0.25,
    "agent": "only_traj",
    "steer_traj": 0.01596705523882591,
    "throttle_traj": 0.75,
    "brake_traj": 0.0,
    "plan": [
        [
            0.05496683344244957,
            2.808865547180176
        ],
        [
            0.27727726101875305,
            5.9625444412231445
        ],
        [
            0.5406494736671448,
            9.271946907043457
        ],
        [
            0.8839511871337891,
            12.614830017089844
        ],
        [
            1.3885412216186523,
            16.096935272216797
        ],
        [
            1.9388859272003174,
            19.410179138183594
        ]
    ]
}