{
    "speed": 4.750129150559042,
    "steer": 0.003649727441370487,
    "throttle": 0.75,
    "brake": 0.0,
    "wp_4": [
        0.8405154943466187,
        12.49681282043457
    ],
    "wp_3": [
        0.500350832939148,
        9.145661354064941
    ],
    "wp_2": [
        0.2517804801464081,
        5.8333234786987305
    ],
    "wp_1": [
        0.050020333379507065,
        2.71608304977417
    ],
    "aim": [
        0.050020333379507065,
        2.71608304977417
    ],
    "target": [
        0.02899796436160562,
        12.32641172170617
    ],
    "desired_speed": 6.6825987815856935,
    "angle": 0.011722853517930027,
    "angle_last": 0.1067675161123439,
    "angle_target": 0.0014976494240453127,
    "angle_final": 0.0014976494240453127,
    "delta": 0.25,
    "agent": "only_traj",
    "steer_traj": 0.003649727414616506,
    "throttle_traj": 0.75,
    "brake_traj": 0.0,
    "plan": [
        [
            0.050020333379507065,
            2.71608304977417
        ],
        [
            0.2517804801464081,
            5.8333234786987305
        ],
        [
            0.500350832939148,
            9.145661354064941
        ],
        [
            0.8405154943466187,
            12.49681282043457
        ],
        [
            1.334019660949707,
            15.986916542053223
        ],
        [
            1.8962042331695557,
            19.307552337646484
        ]
    ]
}