{
    "speed": 4.842671771290389,
    "steer": 0.016275284811854362,
    "throttle": 0.75,
    "brake": 0.0,
    "wp_4": [
        0.81056809425354,
        12.998434066772461
    ],
    "wp_3": [
        0.48768192529678345,
        9.564715385437012
    ],
    "wp_2": [
        0.24198785424232483,
        6.130937576293945
    ],
    "wp_1": [
        0.04672324284911156,
        2.8808975219726562
    ],
    "aim": [
        0.04672324284911156,
        2.8808975219726562
    ],
    "target": [
        -0.2967888637987013,
        12.587265373339068
    ],
    "desired_speed": 6.8324134826660154,
    "angle": 0.010323954884920637,
    "angle_last": 0.09453502676380497,
    "angle_target": -0.01500775992345856,
    "angle_final": 0.010323954884920637,
    "delta": 0.25,
    "agent": "only_traj",
    "steer_traj": 0.016275284908571563,
    "throttle_traj": 0.75,
    "brake_traj": 0.0,
    "plan": [
        [
            0.04672324284911156,
            2.8808975219726562
        ],
        [
            0.24198785424232483,
            6.130937576293945
        ],
        [
            0.48768192529678345,
            9.564715385437012
        ],
        [
            0.81056809425354,
            12.998434066772461
        ],
        [
            1.272141456604004,
            16.542558670043945
        ],
        [
            1.7692028284072876,
            19.8652400970459
        ]
    ]
}