{
    "speed": 4.980739111926614,
    "steer": -0.0017376227770000696,
    "throttle": 0.75,
    "brake": 0.0,
    "wp_4": [
        0.9976578950881958,
        13.493230819702148
    ],
    "wp_3": [
        0.5964444279670715,
        9.961823463439941
    ],
    "wp_2": [
        0.29552748799324036,
        6.410068988800049
    ],
    "wp_1": [
        0.0577528290450573,
        3.0234763622283936
    ],
    "aim": [
        0.0577528290450573,
        3.0234763622283936
    ],
    "target": [
        -0.07875139586772129,
        12.128951913383037
    ],
    "desired_speed": 7.04398193359375,
    "angle": 0.012158923150939952,
    "angle_last": 0.10739361678626175,
    "angle_target": -0.004133414954307779,
    "angle_final": -0.004133414954307779,
    "delta": 0.25,
    "agent": "only_traj",
    "steer_traj": -0.0017376227281593695,
    "throttle_traj": 0.75,
    "brake_traj": 0.0,
    "plan": [
        [
            0.0577528290450573,
            3.0234763622283936
        ],
        [
            0.29552748799324036,
            6.410068988800049
        ],
        [
            0.5964444279670715,
            9.961823463439941
        ],
        [
            0.9976578950881958,
            13.493230819702148
        ],
        [
            1.5087440013885498,
            17.119983673095703
        ],
        [
            2.085265874862671,
            20.50507354736328
        ]
    ]
}