{
    "speed": 5.144795829629582,
    "steer": 0.020636914297938347,
    "throttle": 0.0,
    "brake": 0.0,
    "wp_4": [
        1.0929005146026611,
        13.528512954711914
    ],
    "wp_3": [
        0.6437381505966187,
        9.99251651763916
    ],
    "wp_2": [
        0.3160701394081116,
        6.433189868927002
    ],
    "wp_1": [
        0.06173555180430412,
        3.034292459487915
    ],
    "aim": [
        0.06173555180430412,
        3.034292459487915
    ],
    "target": [
        0.6591762320477041,
        12.269450397560606
    ],
    "desired_speed": 7.09331283569336,
    "angle": 0.012950845639707543,
    "angle_last": 0.11530927479737108,
    "angle_target": 0.034169547642111,
    "angle_final": 0.012950845639707543,
    "delta": 0.25,
    "agent": "only_traj",
    "steer_traj": 0.020636914606000405,
    "throttle_traj": 0.0,
    "brake_traj": 0.0,
    "plan": [
        [
            0.06173555180430412,
            3.034292459487915
        ],
        [
            0.3160701394081116,
            6.433189868927002
        ],
        [
            0.6437381505966187,
            9.99251651763916
        ],
        [
            1.0929005146026611,
            13.528512954711914
        ],
        [
            1.6327917575836182,
            17.187101364135742
        ],
        [
            2.261094808578491,
            20.617929458618164
        ]
    ]
}