{
    "speed": 5.188735926974906,
    "steer": 0.011392742395401001,
    "throttle": 0.0,
    "brake": 0.0,
    "wp_4": [
        0.913399338722229,
        13.537896156311035
    ],
    "wp_3": [
        0.5501177310943604,
        9.997690200805664
    ],
    "wp_2": [
        0.2657791078090668,
        6.4255146980285645
    ],
    "wp_1": [
        0.04315176233649254,
        3.032254695892334
    ],
    "aim": [
        0.04315176233649254,
        3.032254695892334
    ],
    "target": [
        0.16597019793653667,
        11.389239040172107
    ],
    "desired_speed": 7.084526443481444,
    "angle": 0.009059079741625054,
    "angle_last": 0.10144755765881176,
    "angle_target": 0.009276513639797044,
    "angle_final": 0.009059079741625054,
    "delta": 0.25,
    "agent": "only_traj",
    "steer_traj": 0.011392742075238396,
    "throttle_traj": 0.0,
    "brake_traj": 0.0,
    "plan": [
        [
            0.04315176233649254,
            3.032254695892334
        ],
        [
            0.2657791078090668,
            6.4255146980285645
        ],
        [
            0.5501177310943604,
            9.997690200805664
        ],
        [
            0.913399338722229,
            13.537896156311035
        ],
        [
            1.3870737552642822,
            17.189903259277344
        ],
        [
            1.9402148723602295,
            20.631629943847656
        ]
    ]
}