{
    "speed": 5.09793812914526,
    "steer": 0.012480458244681358,
    "throttle": 0.0,
    "brake": 0.0,
    "wp_4": [
        0.7999205589294434,
        13.112509727478027
    ],
    "wp_3": [
        0.4766479432582855,
        9.636911392211914
    ],
    "wp_2": [
        0.23771116137504578,
        6.162302494049072
    ],
    "wp_1": [
        0.040793176740407944,
        2.8864169120788574
    ],
    "aim": [
        0.040793176740407944,
        2.8864169120788574
    ],
    "target": [
        -0.38889588580561574,
        12.211607833833561
    ],
    "desired_speed": 6.968782424926758,
    "angle": 0.008996621456214826,
    "angle_last": 0.09641697155311581,
    "angle_target": -0.020267205344103284,
    "angle_final": 0.008996621456214826,
    "delta": 0.25,
    "agent": "only_traj",
    "steer_traj": 0.012480458238299387,
    "throttle_traj": 0.0,
    "brake_traj": 0.0,
    "plan": [
        [
            0.040793176740407944,
            2.8864169120788574
        ],
        [
            0.23771116137504578,
            6.162302494049072
        ],
        [
            0.4766479432582855,
            9.636911392211914
        ],
        [
            0.7999205589294434,
            13.112509727478027
        ],
        [
            1.2504703998565674,
            16.75592613220215
        ],
        [
            1.7778587341308594,
            20.21148681640625
        ]
    ]
}