{
    "speed": 4.9875279684836284,
    "steer": 0.017728291451931,
    "throttle": 0.75,
    "brake": 0.0,
    "wp_4": [
        1.1613017320632935,
        13.110544204711914
    ],
    "wp_3": [
        0.6962753534317017,
        9.686251640319824
    ],
    "wp_2": [
        0.34825992584228516,
        6.248098373413086
    ],
    "wp_1": [
        0.064364492893219,
        2.9438652992248535
    ],
    "aim": [
        0.064364492893219,
        2.9438652992248535
    ],
    "target": [
        0.5880520456252745,
        10.600306828689028
    ],
    "desired_speed": 6.9460815429687495,
    "angle": 0.0139167861703289,
    "angle_last": 0.12035154811564681,
    "angle_target": 0.0352803215386093,
    "angle_final": 0.0139167861703289,
    "delta": 0.25,
    "agent": "only_traj",
    "steer_traj": 0.01772829179147098,
    "throttle_traj": 0.75,
    "brake_traj": 0.0,
    "plan": [
        [
            0.064364492893219,
            2.9438652992248535
        ],
        [
            0.34825992584228516,
            6.248098373413086
        ],
        [
            0.6962753534317017,
            9.686251640319824
        ],
        [
            1.1613017320632935,
            13.110544204711914
        ],
        [
            1.7196197509765625,
            16.696134567260742
        ],
        [
            2.378960132598877,
            20.14217758178711
        ]
    ]
}