{
    "speed": 4.9486390004617435,
    "steer": 0.01216477807611227,
    "throttle": 0.75,
    "brake": 0.0,
    "wp_4": [
        0.8615209460258484,
        13.139261245727539
    ],
    "wp_3": [
        0.5148224830627441,
        9.66933822631836
    ],
    "wp_2": [
        0.2572254538536072,
        6.188410758972168
    ],
    "wp_1": [
        0.04551857337355614,
        2.903045654296875
    ],
    "aim": [
        0.04551857337355614,
        2.903045654296875
    ],
    "target": [
        0.24320745909120367,
        11.814130290483641
    ],
    "desired_speed": 6.9557366371154785,
    "angle": 0.009981155279576775,
    "angle_last": 0.1002217663757668,
    "angle_target": 0.013103699309426226,
    "angle_final": 0.009981155279576775,
    "delta": 0.25,
    "agent": "only_traj",
    "steer_traj": 0.012164778278510013,
    "throttle_traj": 0.75,
    "brake_traj": 0.0,
    "plan": [
        [
            0.04551857337355614,
            2.903045654296875
        ],
        [
            0.2572254538536072,
            6.188410758972168
        ],
        [
            0.5148224830627441,
            9.66933822631836
        ],
        [
            0.8615209460258484,
            13.139261245727539
        ],
        [
            1.3316739797592163,
            16.761838912963867
        ],
        [
            1.8751556873321533,
            20.185527801513672
        ]
    ]
}