{
    "speed": 4.910351810502562,
    "steer": 0.016536004841327667,
    "throttle": 0.75,
    "brake": 0.0,
    "wp_4": [
        0.8980486392974854,
        12.933287620544434
    ],
    "wp_3": [
        0.5643301606178284,
        9.544561386108398
    ],
    "wp_2": [
        0.2865411043167114,
        6.155729293823242
    ],
    "wp_1": [
        0.059115659445524216,
        2.909848690032959
    ],
    "aim": [
        0.059115659445524216,
        2.909848690032959
    ],
    "target": [
        0.47598332344202055,
        10.85300656368244
    ],
    "desired_speed": 6.795497703552245,
    "angle": 0.01293156932804995,
    "angle_last": 0.09824146686240777,
    "angle_target": 0.02790252954648907,
    "angle_final": 0.01293156932804995,
    "delta": 0.25,
    "agent": "only_traj",
    "steer_traj": 0.016536004009261012,
    "throttle_traj": 0.75,
    "brake_traj": 0.0,
    "plan": [
        [
            0.059115659445524216,
            2.909848690032959
        ],
        [
            0.2865411043167114,
            6.155729293823242
        ],
        [
            0.5643301606178284,
            9.544561386108398
        ],
        [
            0.8980486392974854,
            12.933287620544434
        ],
        [
            1.376059651374817,
            16.45452308654785
        ],
        [
            1.894978404045105,
            19.79046058654785
        ]
    ]
}