{
    "speed": 4.944795994734457,
    "steer": 0.013992889784276485,
    "throttle": 0.75,
    "brake": 0.0,
    "wp_4": [
        0.980026364326477,
        13.166834831237793
    ],
    "wp_3": [
        0.6054933071136475,
        9.752365112304688
    ],
    "wp_2": [
        0.29650023579597473,
        6.297753810882568
    ],
    "wp_1": [
        0.05277445539832115,
        2.9812512397766113
    ],
    "aim": [
        0.05277445539832115,
        2.9812512397766113
    ],
    "target": [
        0.8033494653282243,
        9.903791557543263
    ],
    "desired_speed": 6.86303300857544,
    "angle": 0.011268342374161067,
    "angle_last": 0.10517668916365716,
    "angle_target": 0.05152681951614094,
    "angle_final": 0.011268342374161067,
    "delta": 0.25,
    "agent": "only_traj",
    "steer_traj": 0.013992889793512545,
    "throttle_traj": 0.75,
    "brake_traj": 0.0,
    "plan": [
        [
            0.05277445539832115,
            2.9812512397766113
        ],
        [
            0.29650023579597473,
            6.297753810882568
        ],
        [
            0.6054933071136475,
            9.752365112304688
        ],
        [
            0.980026364326477,
            13.166834831237793
        ],
        [
            1.4810640811920166,
            16.689157485961914
        ],
        [
            2.03546142578125,
            20.01426124572754
        ]
    ]
}