{
    "speed": 5.050125674676834,
    "steer": 0.00909724272787571,
    "throttle": 0.0,
    "brake": 0.0,
    "wp_4": [
        0.9010928273200989,
        13.698509216308594
    ],
    "wp_3": [
        0.5501016974449158,
        10.123682022094727
    ],
    "wp_2": [
        0.27558407187461853,
        6.507366180419922
    ],
    "wp_1": [
        0.05029899999499321,
        3.071408271789551
    ],
    "aim": [
        0.05029899999499321,
        3.071408271789551
    ],
    "target": [
        0.09813557154391228,
        10.229983858592473
    ],
    "desired_speed": 7.14305305480957,
    "angle": 0.010424662229682937,
    "angle_last": 0.09318166272526233,
    "angle_target": 0.006106864856993192,
    "angle_final": 0.006106864856993192,
    "delta": 0.25,
    "agent": "only_traj",
    "steer_traj": 0.009097242650795378,
    "throttle_traj": 0.0,
    "brake_traj": 0.0,
    "plan": [
        [
            0.05029899999499321,
            3.071408271789551
        ],
        [
            0.27558407187461853,
            6.507366180419922
        ],
        [
            0.5501016974449158,
            10.123682022094727
        ],
        [
            0.9010928273200989,
            13.698509216308594
        ],
        [
            1.3580774068832397,
            17.385848999023438
        ],
        [
            1.8656275272369385,
            20.82864761352539
        ]
    ]
}