{
    "speed": 5.161182401605329,
    "steer": 0.010440539568662643,
    "throttle": 0.0,
    "brake": 0.0,
    "wp_4": [
        1.0312525033950806,
        13.785449981689453
    ],
    "wp_3": [
        0.6168944835662842,
        10.204124450683594
    ],
    "wp_2": [
        0.3067828118801117,
        6.575255393981934
    ],
    "wp_1": [
        0.05454694852232933,
        3.109015464782715
    ],
    "aim": [
        0.05454694852232933,
        3.109015464782715
    ],
    "target": [
        0.09136709388282771,
        9.743705609941207
    ],
    "desired_speed": 7.190384006500244,
    "angle": 0.011168166266334214,
    "angle_last": 0.10290906635921293,
    "angle_target": 0.0059694325857322745,
    "angle_final": 0.0059694325857322745,
    "delta": 0.25,
    "agent": "only_traj",
    "steer_traj": 0.010440539768815071,
    "throttle_traj": 0.0,
    "brake_traj": 0.0,
    "plan": [
        [
            0.05454694852232933,
            3.109015464782715
        ],
        [
            0.3067828118801117,
            6.575255393981934
        ],
        [
            0.6168944835662842,
            10.204124450683594
        ],
        [
            1.0312525033950806,
            13.785449981689453
        ],
        [
            1.5395784378051758,
            17.489614486694336
        ],
        [
            2.105201244354248,
            20.958160400390625
        ]
    ]
}