{
    "speed": 5.06316456646547,
    "steer": 0.017620844766497612,
    "throttle": 0.0,
    "brake": 0.0,
    "wp_4": [
        1.0950630903244019,
        13.398530960083008
    ],
    "wp_3": [
        0.6519855856895447,
        9.87324047088623
    ],
    "wp_2": [
        0.32240942120552063,
        6.3359832763671875
    ],
    "wp_1": [
        0.05916297063231468,
        2.9702625274658203
    ],
    "aim": [
        0.05916297063231468,
        2.9702625274658203
    ],
    "target": [
        0.8834565841046147,
        8.712102676263648
    ],
    "desired_speed": 7.083162498474121,
    "angle": 0.0126787764377687,
    "angle_last": 0.11372527803785434,
    "angle_target": 0.06433692633844493,
    "angle_final": 0.0126787764377687,
    "delta": 0.25,
    "agent": "only_traj",
    "steer_traj": 0.017620844220158156,
    "throttle_traj": 0.0,
    "brake_traj": 0.0,
    "plan": [
        [
            0.05916297063231468,
            2.9702625274658203
        ],
        [
            0.32240942120552063,
            6.3359832763671875
        ],
        [
            0.6519855856895447,
            9.87324047088623
        ],
        [
            1.0950630903244019,
            13.398530960083008
        ],
        [
            1.6377555131912231,
            17.06139373779297
        ],
        [
            2.263840436935425,
            20.528778076171875
        ]
    ]
}