{
    "speed": 4.974208716075045,
    "steer": 0.01396588422358036,
    "throttle": 0.75,
    "brake": 0.0,
    "wp_4": [
        0.9740340709686279,
        14.02441120147705
    ],
    "wp_3": [
        0.5833866596221924,
        10.384910583496094
    ],
    "wp_2": [
        0.29140612483024597,
        6.6853227615356445
    ],
    "wp_1": [
        0.054737430065870285,
        3.146188974380493
    ],
    "aim": [
        0.054737430065870285,
        3.146188974380493
    ],
    "target": [
        -0.5607262130686541,
        9.823298340838203
    ],
    "desired_speed": 7.334662818908691,
    "angle": 0.011074820347677372,
    "angle_last": 0.08819494161223601,
    "angle_target": -0.03629966606542342,
    "angle_final": 0.011074820347677372,
    "delta": 0.25,
    "agent": "only_traj",
    "steer_traj": 0.013965884295610447,
    "throttle_traj": 0.75,
    "brake_traj": 0.0,
    "plan": [
        [
            0.054737430065870285,
            3.146188974380493
        ],
        [
            0.29140612483024597,
            6.6853227615356445
        ],
        [
            0.5833866596221924,
            10.384910583496094
        ],
        [
            0.9740340709686279,
            14.02441120147705
        ],
        [
            1.4379053115844727,
            17.814722061157227
        ],
        [
            1.9349771738052368,
            21.3797664642334
        ]
    ]
}