{
    "speed": 4.878329927026569,
    "steer": 0.01330909226089716,
    "throttle": 0.75,
    "brake": 0.0,
    "wp_4": [
        0.8564796447753906,
        12.974679946899414
    ],
    "wp_3": [
        0.5110584497451782,
        9.506392478942871
    ],
    "wp_2": [
        0.2541165351867676,
        6.061962127685547
    ],
    "wp_1": [
        0.04407108947634697,
        2.825803756713867
    ],
    "aim": [
        0.04407108947634697,
        2.825803756713867
    ],
    "target": [
        -0.19231663724266257,
        9.9244763748942
    ],
    "desired_speed": 6.915489196777344,
    "angle": 0.009927879804050676,
    "angle_last": 0.10031526407640519,
    "angle_target": -0.012334882755724237,
    "angle_final": 0.009927879804050676,
    "delta": 0.25,
    "agent": "only_traj",
    "steer_traj": 0.013309091882065945,
    "throttle_traj": 0.75,
    "brake_traj": 0.0,
    "plan": [
        [
            0.04407108947634697,
            2.825803756713867
        ],
        [
            0.2541165351867676,
            6.061962127685547
        ],
        [
            0.5110584497451782,
            9.506392478942871
        ],
        [
            0.8564796447753906,
            12.974679946899414
        ],
        [
            1.330817699432373,
            16.582033157348633
        ],
        [
            1.8750133514404297,
            20.00697135925293
        ]
    ]
}