{
    "speed": 4.808779667295659,
    "steer": 0.0066787442192435265,
    "throttle": 0.75,
    "brake": 0.0,
    "wp_4": [
        0.8748723268508911,
        12.710226058959961
    ],
    "wp_3": [
        0.5426360964775085,
        9.34209156036377
    ],
    "wp_2": [
        0.2681293189525604,
        6.001247882843018
    ],
    "wp_1": [
        0.04996400699019432,
        2.8178188800811768
    ],
    "aim": [
        0.04996400699019432,
        2.8178188800811768
    ],
    "target": [
        0.04788328920195939,
        9.118376813341388
    ],
    "desired_speed": 6.739466381072997,
    "angle": 0.011287011557892437,
    "angle_last": 0.09727742360655586,
    "angle_target": 0.003343047682247438,
    "angle_final": 0.003343047682247438,
    "delta": 0.25,
    "agent": "only_traj",
    "steer_traj": 0.006678744239951583,
    "throttle_traj": 0.75,
    "brake_traj": 0.0,
    "plan": [
        [
            0.04996400699019432,
            2.8178188800811768
        ],
        [
            0.2681293189525604,
            6.001247882843018
        ],
        [
            0.5426360964775085,
            9.34209156036377
        ],
        [
            0.8748723268508911,
            12.710226058959961
        ],
        [
            1.3508423566818237,
            16.214534759521484
        ],
        [
            1.8660247325897217,
            19.559799194335938
        ]
    ]
}