{
    "speed": 4.921361252893927,
    "steer": 0.019875366240739822,
    "throttle": 0.75,
    "brake": 0.0,
    "wp_4": [
        1.0369665622711182,
        13.013033866882324
    ],
    "wp_3": [
        0.6539942622184753,
        9.662371635437012
    ],
    "wp_2": [
        0.3370721936225891,
        6.269238471984863
    ],
    "wp_1": [
        0.0735110193490982,
        2.984898328781128
    ],
    "aim": [
        0.0735110193490982,
        2.984898328781128
    ],
    "target": [
        0.2652336281511558,
        8.715127600941821
    ],
    "desired_speed": 6.796877193450927,
    "angle": 0.015675256317644073,
    "angle_last": 0.10237282061837615,
    "angle_target": 0.019368720405490713,
    "angle_final": 0.015675256317644073,
    "delta": 0.25,
    "agent": "only_traj",
    "steer_traj": 0.019875366839074343,
    "throttle_traj": 0.75,
    "brake_traj": 0.0,
    "plan": [
        [
            0.0735110193490982,
            2.984898328781128
        ],
        [
            0.3370721936225891,
            6.269238471984863
        ],
        [
            0.6539942622184753,
            9.662371635437012
        ],
        [
            1.0369665622711182,
            13.013033866882324
        ],
        [
            1.5353317260742188,
            16.520606994628906
        ],
        [
            2.0755772590637207,
            19.8511905670166
        ]
    ]
}