{
    "speed": 4.964911254808588,
    "steer": 0.019819408655166626,
    "throttle": 0.75,
    "brake": 0.0,
    "wp_4": [
        0.9412040710449219,
        12.252049446105957
    ],
    "wp_3": [
        0.5800777673721313,
        9.018200874328613
    ],
    "wp_2": [
        0.2911059260368347,
        5.8097686767578125
    ],
    "wp_1": [
        0.06671421229839325,
        2.726487398147583
    ],
    "aim": [
        0.06671421229839325,
        2.726487398147583
    ],
    "target": [
        0.44149977639799065,
        6.652735142119807
    ],
    "desired_speed": 6.539934825897216,
    "angle": 0.015574321299909438,
    "angle_last": 0.10421067274204503,
    "angle_target": 0.0421865516161,
    "angle_final": 0.015574321299909438,
    "delta": 0.25,
    "agent": "only_traj",
    "steer_traj": 0.019819409091342936,
    "throttle_traj": 0.75,
    "brake_traj": 0.0,
    "plan": [
        [
            0.06671421229839325,
            2.726487398147583
        ],
        [
            0.2911059260368347,
            5.8097686767578125
        ],
        [
            0.5800777673721313,
            9.018200874328613
        ],
        [
            0.9412040710449219,
            12.252049446105957
        ],
        [
            1.4415831565856934,
            15.652219772338867
        ],
        [
            1.98689866065979,
            18.95372772216797
        ]
    ]
}