{
    "speed": 4.894951338279763,
    "steer": 0.014436901547014713,
    "throttle": 0.75,
    "brake": 0.0,
    "wp_4": [
        0.7922735214233398,
        12.567510604858398
    ],
    "wp_3": [
        0.49487215280532837,
        9.240020751953125
    ],
    "wp_2": [
        0.25046268105506897,
        5.933164119720459
    ],
    "wp_1": [
        0.05187585577368736,
        2.7847189903259277
    ],
    "aim": [
        0.05187585577368736,
        2.7847189903259277
    ],
    "target": [
        0.4543948649554075,
        7.841078886432189
    ],
    "desired_speed": 6.674443244934082,
    "angle": 0.01185809126349628,
    "angle_last": 0.09068416610975177,
    "angle_target": 0.03685125322358334,
    "angle_final": 0.01185809126349628,
    "delta": 0.25,
    "agent": "only_traj",
    "steer_traj": 0.014436901283211623,
    "throttle_traj": 0.75,
    "brake_traj": 0.0,
    "plan": [
        [
            0.05187585577368736,
            2.7847189903259277
        ],
        [
            0.25046268105506897,
            5.933164119720459
        ],
        [
            0.49487215280532837,
            9.240020751953125
        ],
        [
            0.7922735214233398,
            12.567510604858398
        ],
        [
            1.2319670915603638,
            16.052085876464844
        ],
        [
            1.7093344926834106,
            19.380598068237305
        ]
    ]
}