{
    "speed": 4.839278209653354,
    "steer": 0.017120229080319405,
    "throttle": 0.75,
    "brake": 0.0,
    "wp_4": [
        0.9153918027877808,
        12.36473274230957
    ],
    "wp_3": [
        0.5561181306838989,
        9.109642028808594
    ],
    "wp_2": [
        0.2764463424682617,
        5.874752044677734
    ],
    "wp_1": [
        0.05774235352873802,
        2.765225410461426
    ],
    "aim": [
        0.05774235352873802,
        2.765225410461426
    ],
    "target": [
        0.9281336374254079,
        7.035685820388181
    ],
    "desired_speed": 6.590098094940186,
    "angle": 0.013291747970281955,
    "angle_last": 0.10535359106316047,
    "angle_target": 0.0834994751745473,
    "angle_final": 0.013291747970281955,
    "delta": 0.25,
    "agent": "only_traj",
    "steer_traj": 0.01712022932192791,
    "throttle_traj": 0.75,
    "brake_traj": 0.0,
    "plan": [
        [
            0.05774235352873802,
            2.765225410461426
        ],
        [
            0.2764463424682617,
            5.874752044677734
        ],
        [
            0.5561181306838989,
            9.109642028808594
        ],
        [
            0.9153918027877808,
            12.36473274230957
        ],
        [
            1.426743507385254,
            15.788863182067871
        ],
        [
            1.9825780391693115,
            19.116886138916016
        ]
    ]
}