{
    "speed": 4.864076338072019,
    "steer": 0.014396626502275467,
    "throttle": 0.75,
    "brake": 0.0,
    "wp_4": [
        0.9293009042739868,
        13.370415687561035
    ],
    "wp_3": [
        0.5641089677810669,
        9.856141090393066
    ],
    "wp_2": [
        0.2745685577392578,
        6.317675590515137
    ],
    "wp_1": [
        0.05103668197989464,
        2.946840286254883
    ],
    "aim": [
        0.05103668197989464,
        2.946840286254883
    ],
    "target": [
        -0.25674531530298883,
        6.455478899383109
    ],
    "desired_speed": 7.110735702514649,
    "angle": 0.01102458051178239,
    "angle_last": 0.08921696558504226,
    "angle_target": -0.025306107854861405,
    "angle_final": 0.01102458051178239,
    "delta": 0.25,
    "agent": "only_traj",
    "steer_traj": 0.014396626438843336,
    "throttle_traj": 0.75,
    "brake_traj": 0.0,
    "plan": [
        [
            0.05103668197989464,
            2.946840286254883
        ],
        [
            0.2745685577392578,
            6.317675590515137
        ],
        [
            0.5641089677810669,
            9.856141090393066
        ],
        [
            0.9293009042739868,
            13.370415687561035
        ],
        [
            1.3854495286941528,
            17.071969985961914
        ],
        [
            1.8862922191619873,
            20.622373580932617
        ]
    ]
}