{
    "speed": 4.964119306813083,
    "steer": 0.016039397567510605,
    "throttle": 0.75,
    "brake": 0.0,
    "wp_4": [
        0.9819192886352539,
        13.941179275512695
    ],
    "wp_3": [
        0.5935584306716919,
        10.32902717590332
    ],
    "wp_2": [
        0.29435527324676514,
        6.6599249839782715
    ],
    "wp_1": [
        0.0587940476834774,
        3.1377618312835693
    ],
    "aim": [
        0.0587940476834774,
        3.1377618312835693
    ],
    "target": [
        -0.4429150462120752,
        7.823050950854816
    ],
    "desired_speed": 7.2720152854919435,
    "angle": 0.011927303847085742,
    "angle_last": 0.09191026095675983,
    "angle_target": -0.03600484995975409,
    "angle_final": 0.011927303847085742,
    "delta": 0.25,
    "agent": "only_traj",
    "steer_traj": 0.016039397924805417,
    "throttle_traj": 0.75,
    "brake_traj": 0.0,
    "plan": [
        [
            0.0587940476834774,
            3.1377618312835693
        ],
        [
            0.29435527324676514,
            6.6599249839782715
        ],
        [
            0.5935584306716919,
            10.32902717590332
        ],
        [
            0.9819192886352539,
            13.941179275512695
        ],
        [
            1.4501994848251343,
            17.68967056274414
        ],
        [
            1.9621119499206543,
            21.21078109741211
        ]
    ]
}