{
    "speed": 5.106190953447646,
    "steer": 0.018798036500811577,
    "throttle": 0.0,
    "brake": 0.0,
    "wp_4": [
        1.2514069080352783,
        14.639121055603027
    ],
    "wp_3": [
        0.7577840089797974,
        10.962421417236328
    ],
    "wp_2": [
        0.3877964913845062,
        7.184539794921875
    ],
    "wp_1": [
        0.0800703763961792,
        3.454387664794922
    ],
    "aim": [
        0.0800703763961792,
        3.454387664794922
    ],
    "target": [
        -0.21264533755231763,
        5.967688672885437
    ],
    "desired_speed": 7.503049182891845,
    "angle": 0.014753787907618573,
    "angle_last": 0.09717800640863677,
    "angle_target": -0.02267493878341751,
    "angle_final": 0.014753787907618573,
    "delta": 0.25,
    "agent": "only_traj",
    "steer_traj": 0.018798035913901476,
    "throttle_traj": 0.0,
    "brake_traj": 0.0,
    "plan": [
        [
            0.0800703763961792,
            3.454387664794922
        ],
        [
            0.3877964913845062,
            7.184539794921875
        ],
        [
            0.7577840089797974,
            10.962421417236328
        ],
        [
            1.2514069080352783,
            14.639121055603027
        ],
        [
            1.7619950771331787,
            18.442913055419922
        ],
        [
            2.320225954055786,
            22.07147216796875
        ]
    ]
}