{
    "speed": 5.240039313785622,
    "steer": 0.013522187247872353,
    "throttle": 0.0,
    "brake": 0.0,
    "wp_4": [
        0.8762820959091187,
        13.226831436157227
    ],
    "wp_3": [
        0.5435481071472168,
        9.766197204589844
    ],
    "wp_2": [
        0.2645224332809448,
        6.286045074462891
    ],
    "wp_1": [
        0.04856779798865318,
        2.9598302841186523
    ],
    "aim": [
        0.04856779798865318,
        2.9598302841186523
    ],
    "target": [
        0.24972696623377955,
        6.529067127294008
    ],
    "desired_speed": 6.952851295471191,
    "angle": 0.010445380470165308,
    "angle_last": 0.09442870348572509,
    "angle_target": 0.024337882011183476,
    "angle_final": 0.010445380470165308,
    "delta": 0.25,
    "agent": "only_traj",
    "steer_traj": 0.013522187332192181,
    "throttle_traj": 0.0,
    "brake_traj": 0.0,
    "plan": [
        [
            0.04856779798865318,
            2.9598302841186523
        ],
        [
            0.2645224332809448,
            6.286045074462891
        ],
        [
            0.5435481071472168,
            9.766197204589844
        ],
        [
            0.8762820959091187,
            13.226831436157227
        ],
        [
            1.3331947326660156,
            16.823699951171875
        ],
        [
            1.8438249826431274,
            20.240983963012695
        ]
    ]
}