{
    "speed": 5.114715199215445,
    "steer": 0.016536667943000793,
    "throttle": 0.0,
    "brake": 0.0,
    "wp_4": [
        0.9668327569961548,
        13.121566772460938
    ],
    "wp_3": [
        0.6069120168685913,
        9.707117080688477
    ],
    "wp_2": [
        0.30042707920074463,
        6.265810012817383
    ],
    "wp_1": [
        0.05917256698012352,
        2.957111358642578
    ],
    "aim": [
        0.05917256698012352,
        2.957111358642578
    ],
    "target": [
        0.09596497939731252,
        5.126898715751618
    ],
    "desired_speed": 6.921655368804932,
    "angle": 0.012737212500667698,
    "angle_last": 0.09654795940319849,
    "angle_target": 0.01191481894383257,
    "angle_final": 0.01191481894383257,
    "delta": 0.25,
    "agent": "only_traj",
    "steer_traj": 0.01653666754238742,
    "throttle_traj": 0.0,
    "brake_traj": 0.0,
    "plan": [
        [
            0.05917256698012352,
            2.957111358642578
        ],
        [
            0.30042707920074463,
            6.265810012817383
        ],
        [
            0.6069120168685913,
            9.707117080688477
        ],
        [
            0.9668327569961548,
            13.121566772460938
        ],
        [
            1.4290130138397217,
            16.704998016357422
        ],
        [
            1.9555518627166748,
            20.15024185180664
        ]
    ]
}