{
    "speed": 5.019657507355458,
    "steer": 0.014802106656134129,
    "throttle": 0.0,
    "brake": 0.0,
    "wp_4": [
        0.8230627775192261,
        12.42329216003418
    ],
    "wp_3": [
        0.49185872077941895,
        9.095558166503906
    ],
    "wp_2": [
        0.24156001210212708,
        5.8118743896484375
    ],
    "wp_1": [
        0.04510295018553734,
        2.706416130065918
    ],
    "aim": [
        0.04510295018553734,
        2.706416130065918
    ],
    "target": [
        0.1874461948732462,
        4.910053429682081
    ],
    "desired_speed": 6.6696937561035154,
    "angle": 0.010608394318356279,
    "angle_last": 0.10030691606741964,
    "angle_target": 0.024291799370855405,
    "angle_final": 0.010608394318356279,
    "delta": 0.25,
    "agent": "only_traj",
    "steer_traj": 0.014802107101302517,
    "throttle_traj": 0.0,
    "brake_traj": 0.0,
    "plan": [
        [
            0.04510295018553734,
            2.706416130065918
        ],
        [
            0.24156001210212708,
            5.8118743896484375
        ],
        [
            0.49185872077941895,
            9.095558166503906
        ],
        [
            0.8230627775192261,
            12.42329216003418
        ],
        [
            1.296560287475586,
            15.907414436340332
        ],
        [
            1.8314738273620605,
            19.274219512939453
        ]
    ]
}