{
    "speed": 4.906662286531149,
    "steer": 0.015560844913125038,
    "throttle": 0.75,
    "brake": 0.0,
    "wp_4": [
        0.8285835981369019,
        12.463400840759277
    ],
    "wp_3": [
        0.49905702471733093,
        9.123229026794434
    ],
    "wp_2": [
        0.24726438522338867,
        5.834925651550293
    ],
    "wp_1": [
        0.045484866946935654,
        2.718240737915039
    ],
    "aim": [
        0.045484866946935654,
        2.718240737915039
    ],
    "target": [
        0.17372457493686677,
        4.688435793088722
    ],
    "desired_speed": 6.695893001556397,
    "angle": 0.01065172807409047,
    "angle_last": 0.09961198226486621,
    "angle_target": 0.0235784235973191,
    "angle_final": 0.01065172807409047,
    "delta": 0.25,
    "agent": "only_traj",
    "steer_traj": 0.015560845191882718,
    "throttle_traj": 0.75,
    "brake_traj": 0.0,
    "plan": [
        [
            0.045484866946935654,
            2.718240737915039
        ],
        [
            0.24726438522338867,
            5.834925651550293
        ],
        [
            0.49905702471733093,
            9.123229026794434
        ],
        [
            0.8285835981369019,
            12.463400840759277
        ],
        [
            1.303633451461792,
            15.96192741394043
        ],
        [
            1.8383839130401611,
            19.351579666137695
        ]
    ]
}