{
    "speed": 4.783050464327689,
    "steer": -0.006669342052191496,
    "throttle": 0.75,
    "brake": 0.0,
    "wp_4": [
        0.8136861324310303,
        12.711149215698242
    ],
    "wp_3": [
        0.492129385471344,
        9.281091690063477
    ],
    "wp_2": [
        0.2491690218448639,
        5.91555643081665
    ],
    "wp_1": [
        0.04790225252509117,
        2.7428715229034424
    ],
    "aim": [
        0.04790225252509117,
        2.7428715229034424
    ],
    "target": [
        -0.07497872364148317,
        4.724654911183466
    ],
    "desired_speed": 6.83597469329834,
    "angle": 0.011116939847559116,
    "angle_last": 0.0962887916696919,
    "angle_target": -0.010102098958635437,
    "angle_final": -0.010102098958635437,
    "delta": 0.25,
    "agent": "only_traj",
    "steer_traj": -0.0066693419733425355,
    "throttle_traj": 0.75,
    "brake_traj": 0.0,
    "plan": [
        [
            0.04790225252509117,
            2.7428715229034424
        ],
        [
            0.2491690218448639,
            5.91555643081665
        ],
        [
            0.492129385471344,
            9.281091690063477
        ],
        [
            0.8136861324310303,
            12.711149215698242
        ],
        [
            1.2703629732131958,
            16.28544807434082
        ],
        [
            1.795933723449707,
            19.733755111694336
        ]
    ]
}