{
    "speed": 4.699124391845275,
    "steer": 0.02379554510116577,
    "throttle": 0.75,
    "brake": 0.0,
    "wp_4": [
        0.9438811540603638,
        13.026123046875
    ],
    "wp_3": [
        0.5819751620292664,
        9.55550765991211
    ],
    "wp_2": [
        0.2922050356864929,
        6.11490535736084
    ],
    "wp_1": [
        0.05795392021536827,
        2.8451733589172363
    ],
    "aim": [
        0.05795392021536827,
        2.8451733589172363
    ],
    "target": [
        -0.7842819909267882,
        3.728901526993847
    ],
    "desired_speed": 6.9619293212890625,
    "angle": 0.012965644382909236,
    "angle_last": 0.09780706683119494,
    "angle_target": -0.1319736001458504,
    "angle_final": 0.012965644382909236,
    "delta": 0.25,
    "agent": "only_traj",
    "steer_traj": 0.023795544303595005,
    "throttle_traj": 0.75,
    "brake_traj": 0.0,
    "plan": [
        [
            0.05795392021536827,
            2.8451733589172363
        ],
        [
            0.2922050356864929,
            6.11490535736084
        ],
        [
            0.5819751620292664,
            9.55550765991211
        ],
        [
            0.9438811540603638,
            13.026123046875
        ],
        [
            1.4167537689208984,
            16.650238037109375
        ],
        [
            1.956902265548706,
            20.138322830200195
        ]
    ]
}