{
    "speed": 4.707068877671422,
    "steer": 0.008302899077534676,
    "throttle": 0.75,
    "brake": 0.0,
    "wp_4": [
        0.7456650733947754,
        12.54226016998291
    ],
    "wp_3": [
        0.4445786476135254,
        9.14966106414795
    ],
    "wp_2": [
        0.22172920405864716,
        5.869678974151611
    ],
    "wp_1": [
        0.04100752994418144,
        2.7349512577056885
    ],
    "aim": [
        0.04100752994418144,
        2.7349512577056885
    ],
    "target": [
        0.032632640814965086,
        4.275035928820295
    ],
    "desired_speed": 6.758047485351563,
    "angle": 0.00954470619161296,
    "angle_last": 0.10168137780139852,
    "angle_target": 0.004859416677283,
    "angle_final": 0.004859416677283,
    "delta": 0.25,
    "agent": "only_traj",
    "steer_traj": 0.00830289907937262,
    "throttle_traj": 0.75,
    "brake_traj": 0.0,
    "plan": [
        [
            0.04100752994418144,
            2.7349512577056885
        ],
        [
            0.22172920405864716,
            5.869678974151611
        ],
        [
            0.4445786476135254,
            9.14966106414795
        ],
        [
            0.7456650733947754,
            12.54226016998291
        ],
        [
            1.2445088624954224,
            16.074695587158203
        ],
        [
            1.800238847732544,
            19.524444580078125
        ]
    ]
}