{
    "speed": 4.798490724427407,
    "steer": 0.018132561817765236,
    "throttle": 0.75,
    "brake": 0.0,
    "wp_4": [
        0.9202035665512085,
        13.309103012084961
    ],
    "wp_3": [
        0.5628921985626221,
        9.781270980834961
    ],
    "wp_2": [
        0.27988487482070923,
        6.259305000305176
    ],
    "wp_1": [
        0.054310139268636703,
        2.9152307510375977
    ],
    "aim": [
        0.054310139268636703,
        2.9152307510375977
    ],
    "target": [
        -0.7881651442421087,
        3.795417679703193
    ],
    "desired_speed": 7.095747947692872,
    "angle": 0.011858698391422501,
    "angle_last": 0.09383584306576799,
    "angle_target": -0.13034928480166974,
    "angle_final": 0.011858698391422501,
    "delta": 0.25,
    "agent": "only_traj",
    "steer_traj": 0.01813256160634499,
    "throttle_traj": 0.75,
    "brake_traj": 0.0,
    "plan": [
        [
            0.054310139268636703,
            2.9152307510375977
        ],
        [
            0.27988487482070923,
            6.259305000305176
        ],
        [
            0.5628921985626221,
            9.781270980834961
        ],
        [
            0.9202035665512085,
            13.309103012084961
        ],
        [
            1.381479024887085,
            17.007061004638672
        ],
        [
            1.9075279235839844,
            20.55010223388672
        ]
    ]
}