{
    "speed": 4.935924677156795,
    "steer": 0.015765639021992683,
    "throttle": 0.75,
    "brake": 0.0,
    "wp_4": [
        0.8702725768089294,
        13.349708557128906
    ],
    "wp_3": [
        0.5376896858215332,
        9.844374656677246
    ],
    "wp_2": [
        0.26626527309417725,
        6.322879791259766
    ],
    "wp_1": [
        0.05334257706999779,
        2.9697089195251465
    ],
    "aim": [
        0.05334257706999779,
        2.9697089195251465
    ],
    "target": [
        -0.7519736205448746,
        4.906575128249046
    ],
    "desired_speed": 7.028358364105225,
    "angle": 0.011433860625047709,
    "angle_last": 0.09265915325375634,
    "angle_target": -0.09681399463750205,
    "angle_final": 0.011433860625047709,
    "delta": 0.25,
    "agent": "only_traj",
    "steer_traj": 0.015765638407923815,
    "throttle_traj": 0.75,
    "brake_traj": 0.0,
    "plan": [
        [
            0.05334257706999779,
            2.9697089195251465
        ],
        [
            0.26626527309417725,
            6.322879791259766
        ],
        [
            0.5376896858215332,
            9.844374656677246
        ],
        [
            0.8702725768089294,
            13.349708557128906
        ],
        [
            1.3191009759902954,
            16.99732208251953
        ],
        [
            1.8242344856262207,
            20.443328857421875
        ]
    ]
}