{
    "speed": 5.24803352374423,
    "steer": 0.014561096206307411,
    "throttle": 0.0,
    "brake": 0.0,
    "wp_4": [
        0.9190927743911743,
        13.002835273742676
    ],
    "wp_3": [
        0.5528167486190796,
        9.583497047424316
    ],
    "wp_2": [
        0.27183401584625244,
        6.152393341064453
    ],
    "wp_1": [
        0.051002588123083115,
        2.892306327819824
    ],
    "aim": [
        0.051002588123083115,
        2.892306327819824
    ],
    "target": [
        0.4788494760078348,
        4.367383286812157
    ],
    "desired_speed": 6.915923404693604,
    "angle": 0.011224932727436096,
    "angle_last": 0.10654803936701417,
    "angle_target": 0.069522687759319,
    "angle_final": 0.011224932727436096,
    "delta": 0.25,
    "agent": "only_traj",
    "steer_traj": 0.014561096127977983,
    "throttle_traj": 0.0,
    "brake_traj": 0.0,
    "plan": [
        [
            0.051002588123083115,
            2.892306327819824
        ],
        [
            0.27183401584625244,
            6.152393341064453
        ],
        [
            0.5528167486190796,
            9.583497047424316
        ],
        [
            0.9190927743911743,
            13.002835273742676
        ],
        [
            1.416670560836792,
            16.609682083129883
        ],
        [
            1.9996771812438965,
            20.060535430908203
        ]
    ]
}