{
    "speed": 5.1329628253068895,
    "steer": 0.01790315844118595,
    "throttle": 0.0,
    "brake": 0.0,
    "wp_4": [
        1.0618717670440674,
        13.629844665527344
    ],
    "wp_3": [
        0.6506761312484741,
        10.115094184875488
    ],
    "wp_2": [
        0.3241651654243469,
        6.538946151733398
    ],
    "wp_1": [
        0.06358766555786133,
        3.0910730361938477
    ],
    "aim": [
        0.06358766555786133,
        3.0910730361938477
    ],
    "target": [
        -0.18528564582687668,
        2.41895825204254
    ],
    "desired_speed": 7.176185417175293,
    "angle": 0.013094279612277809,
    "angle_last": 0.09503287166330811,
    "angle_target": -0.04866831619592856,
    "angle_final": 0.013094279612277809,
    "delta": 0.25,
    "agent": "only_traj",
    "steer_traj": 0.017903158915284,
    "throttle_traj": 0.0,
    "brake_traj": 0.0,
    "plan": [
        [
            0.06358766555786133,
            3.0910730361938477
        ],
        [
            0.3241651654243469,
            6.538946151733398
        ],
        [
            0.6506761312484741,
            10.115094184875488
        ],
        [
            1.0618717670440674,
            13.629844665527344
        ],
        [
            1.554761290550232,
            17.3399715423584
        ],
        [
            2.09169602394104,
            20.910110473632812
        ]
    ]
}