{
    "speed": 5.02558310772913,
    "steer": 0.014306499622762203,
    "throttle": 0.0,
    "brake": 0.0,
    "wp_4": [
        0.7774139642715454,
        12.517720222473145
    ],
    "wp_3": [
        0.46511903405189514,
        9.150989532470703
    ],
    "wp_2": [
        0.22978943586349487,
        5.8448486328125
    ],
    "wp_1": [
        0.04375320300459862,
        2.7192270755767822
    ],
    "aim": [
        0.04375320300459862,
        2.7192270755767822
    ],
    "target": [
        0.24993762126277486,
        3.2918197202591837
    ],
    "desired_speed": 6.76859016418457,
    "angle": 0.01024252385181593,
    "angle_last": 0.09642789985578781,
    "angle_target": 0.04824399195891274,
    "angle_final": 0.01024252385181593,
    "delta": 0.25,
    "agent": "only_traj",
    "steer_traj": 0.014306499403709682,
    "throttle_traj": 0.0,
    "brake_traj": 0.0,
    "plan": [
        [
            0.04375320300459862,
            2.7192270755767822
        ],
        [
            0.22978943586349487,
            5.8448486328125
        ],
        [
            0.46511903405189514,
            9.150989532470703
        ],
        [
            0.7774139642715454,
            12.517720222473145
        ],
        [
            1.2431201934814453,
            16.084264755249023
        ],
        [
            1.7709052562713623,
            19.542028427124023
        ]
    ]
}