{
    "speed": 4.920727959616835,
    "steer": 0.015158828347921371,
    "throttle": 0.75,
    "brake": 0.0,
    "wp_4": [
        0.8198805451393127,
        12.849892616271973
    ],
    "wp_3": [
        0.4958958029747009,
        9.411436080932617
    ],
    "wp_2": [
        0.24471446871757507,
        5.998774528503418
    ],
    "wp_1": [
        0.04407396540045738,
        2.7816388607025146
    ],
    "aim": [
        0.04407396540045738,
        2.7816388607025146
    ],
    "target": [
        -0.6389003836662059,
        3.259234865469188
    ],
    "desired_speed": 6.908791160583496,
    "angle": 0.010086112519822638,
    "angle_last": 0.09072689273755974,
    "angle_target": -0.12323250087375635,
    "angle_final": 0.010086112519822638,
    "delta": 0.25,
    "agent": "only_traj",
    "steer_traj": 0.015158827916301118,
    "throttle_traj": 0.75,
    "brake_traj": 0.0,
    "plan": [
        [
            0.04407396540045738,
            2.7816388607025146
        ],
        [
            0.24471446871757507,
            5.998774528503418
        ],
        [
            0.4958958029747009,
            9.411436080932617
        ],
        [
            0.8198805451393127,
            12.849892616271973
        ],
        [
            1.2542307376861572,
            16.47113037109375
        ],
        [
            1.755008339881897,
            19.961204528808594
        ]
    ]
}