{
    "speed": 4.800310312504119,
    "steer": 0.016813242807984352,
    "throttle": 0.75,
    "brake": 0.0,
    "wp_4": [
        0.8687257766723633,
        12.84923267364502
    ],
    "wp_3": [
        0.5441527366638184,
        9.472099304199219
    ],
    "wp_2": [
        0.2712176442146301,
        6.092005252838135
    ],
    "wp_1": [
        0.05210619792342186,
        2.860722064971924
    ],
    "aim": [
        0.05210619792342186,
        2.860722064971924
    ],
    "target": [
        -0.6456299779662928,
        2.370103824322677
    ],
    "desired_speed": 6.827060699462891,
    "angle": 0.011594370070543009,
    "angle_last": 0.09251966561270653,
    "angle_target": -0.1693108033753429,
    "angle_final": 0.011594370070543009,
    "delta": 0.25,
    "agent": "only_traj",
    "steer_traj": 0.016813242028885914,
    "throttle_traj": 0.75,
    "brake_traj": 0.0,
    "plan": [
        [
            0.05210619792342186,
            2.860722064971924
        ],
        [
            0.2712176442146301,
            6.092005252838135
        ],
        [
            0.5441527366638184,
            9.472099304199219
        ],
        [
            0.8687257766723633,
            12.84923267364502
        ],
        [
            1.319097876548767,
            16.407865524291992
        ],
        [
            1.8199002742767334,
            19.82954978942871
        ]
    ]
}