{
    "speed": 4.717644218371789,
    "steer": 0.015862824395298958,
    "throttle": 0.75,
    "brake": 0.0,
    "wp_4": [
        0.7994788885116577,
        12.267693519592285
    ],
    "wp_3": [
        0.4725286662578583,
        8.960424423217773
    ],
    "wp_2": [
        0.22906622290611267,
        5.706932067871094
    ],
    "wp_1": [
        0.04505052790045738,
        2.6424412727355957
    ],
    "aim": [
        0.04505052790045738,
        2.6424412727355957
    ],
    "target": [
        -0.28897020376934024,
        2.290447253402137
    ],
    "desired_speed": 6.6338225364685055,
    "angle": 0.010852535635688847,
    "angle_last": 0.09947947659496796,
    "angle_target": -0.07989588056198761,
    "angle_final": 0.010852535635688847,
    "delta": 0.25,
    "agent": "only_traj",
    "steer_traj": 0.015862825180635372,
    "throttle_traj": 0.75,
    "brake_traj": 0.0,
    "plan": [
        [
            0.04505052790045738,
            2.6424412727355957
        ],
        [
            0.22906622290611267,
            5.706932067871094
        ],
        [
            0.4725286662578583,
            8.960424423217773
        ],
        [
            0.7994788885116577,
            12.267693519592285
        ],
        [
            1.2727426290512085,
            15.747970581054688
        ],
        [
            1.8044042587280273,
            19.122604370117188
        ]
    ]
}