{
    "speed": 4.7273745935063465,
    "steer": 0.017671609297394753,
    "throttle": 0.75,
    "brake": 0.0,
    "wp_4": [
        0.8356437683105469,
        12.388962745666504
    ],
    "wp_3": [
        0.5170912742614746,
        9.076475143432617
    ],
    "wp_2": [
        0.25592276453971863,
        5.8190107345581055
    ],
    "wp_1": [
        0.052720602601766586,
        2.7121362686157227
    ],
    "aim": [
        0.052720602601766586,
        2.7121362686157227
    ],
    "target": [
        -0.26844865968894155,
        1.9205160954933045
    ],
    "desired_speed": 6.646331405639648,
    "angle": 0.012373542872859907,
    "angle_last": 0.09597240212913875,
    "angle_target": -0.08841350725398768,
    "angle_final": 0.012373542872859907,
    "delta": 0.25,
    "agent": "only_traj",
    "steer_traj": 0.017671608683242836,
    "throttle_traj": 0.75,
    "brake_traj": 0.0,
    "plan": [
        [
            0.052720602601766586,
            2.7121362686157227
        ],
        [
            0.25592276453971863,
            5.8190107345581055
        ],
        [
            0.5170912742614746,
            9.076475143432617
        ],
        [
            0.8356437683105469,
            12.388962745666504
        ],
        [
            1.3097548484802246,
            15.863632202148438
        ],
        [
            1.820340633392334,
            19.224836349487305
        ]
    ]
}