{
    "speed": 6.18714011095114e-05,
    "steer": -0.0022932912688702345,
    "throttle": 0.75,
    "brake": 0.0,
    "wp_4": [
        -0.06400713324546814,
        14.554502487182617
    ],
    "wp_3": [
        -0.0626654326915741,
        10.514786720275879
    ],
    "wp_2": [
        -0.013710802420973778,
        6.596652984619141
    ],
    "wp_1": [
        -0.010014776140451431,
        2.9712390899658203
    ],
    "aim": [
        -0.010014776140451431,
        2.9712390899658203
    ],
    "target": [
        -0.5998285709845956,
        52.629957763765965
    ],
    "desired_speed": 8.01152868270874,
    "angle": -0.0021457697007900866,
    "angle_last": -0.013497619992342056,
    "angle_target": -0.007255301200538115,
    "angle_final": -0.0021457697007900866,
    "delta": 0.25,
    "agent": "only_traj",
    "steer_traj": -0.002293291367719405,
    "throttle_traj": 0.75,
    "brake_traj": 0.0,
    "plan": [
        [
            -0.010014776140451431,
            2.9712390899658203
        ],
        [
            -0.013710802420973778,
            6.596652984619141
        ],
        [
            -0.0626654326915741,
            10.514786720275879
        ],
        [
            -0.06400713324546814,
            14.554502487182617
        ],
        [
            -0.13250190019607544,
            18.79034996032715
        ],
        [
            -0.22173158824443817,
            22.998252868652344
        ]
    ]
}