{
    "speed": 5.728664795928148e-05,
    "steer": -0.0012277996866032481,
    "throttle": 0.75,
    "brake": 0.0,
    "wp_4": [
        0.013242824003100395,
        5.776449680328369
    ],
    "wp_3": [
        -0.008281826972961426,
        3.0769925117492676
    ],
    "wp_2": [
        0.012830952182412148,
        1.1443392038345337
    ],
    "wp_1": [
        0.010245498269796371,
        0.15576843917369843
    ],
    "aim": [
        -0.008281826972961426,
        3.0769925117492676
    ],
    "target": [
        -0.7302232529468403,
        52.76294889813236
    ],
    "desired_speed": 4.863453006744384,
    "angle": -0.0017134946173190573,
    "angle_last": -0.003159217991638423,
    "angle_target": -0.008810062627753119,
    "angle_final": -0.0017134946173190573,
    "delta": 0.25,
    "agent": "only_traj",
    "steer_traj": -0.0012277996439125306,
    "throttle_traj": 0.75,
    "brake_traj": 0.0,
    "plan": [
        [
            0.010245498269796371,
            0.15576843917369843
        ],
        [
            0.012830952182412148,
            1.1443392038345337
        ],
        [
            -0.008281826972961426,
            3.0769925117492676
        ],
        [
            0.013242824003100395,
            5.776449680328369
        ],
        [
            0.038100793957710266,
            8.874971389770508
        ],
        [
            0.02103399857878685,
            12.314054489135742
        ]
    ]
}