{
    "speed": 9.060099623565905e-05,
    "steer": 0.001965436851605773,
    "throttle": 0.75,
    "brake": 0.0,
    "wp_4": [
        -0.05232074856758118,
        6.0772905349731445
    ],
    "wp_3": [
        -0.07369303703308105,
        3.337130069732666
    ],
    "wp_2": [
        -0.024490250274538994,
        1.345723271369934
    ],
    "wp_1": [
        0.003726360620930791,
        0.2694513499736786
    ],
    "aim": [
        -0.07369303703308105,
        3.337130069732666
    ],
    "target": [
        0.11839216236745874,
        52.864590983678404
    ],
    "desired_speed": 4.93790864944458,
    "angle": -0.014056025902485987,
    "angle_last": 0.010970014889413064,
    "angle_target": 0.0014257306080768901,
    "angle_final": 0.0014257306080768901,
    "delta": 0.25,
    "agent": "only_traj",
    "steer_traj": 0.001965436766613347,
    "throttle_traj": 0.75,
    "brake_traj": 0.0,
    "plan": [
        [
            0.003726360620930791,
            0.2694513499736786
        ],
        [
            -0.024490250274538994,
            1.345723271369934
        ],
        [
            -0.07369303703308105,
            3.337130069732666
        ],
        [
            -0.05232074856758118,
            6.0772905349731445
        ],
        [
            -0.033001359552145004,
            9.171876907348633
        ],
        [
            0.026293829083442688,
            12.612590789794922
        ]
    ]
}