{
    "speed": 5.3833446281794436e-05,
    "steer": -0.003090150887146592,
    "throttle": 0.75,
    "brake": 0.0,
    "wp_4": [
        0.010121002793312073,
        6.27596378326416
    ],
    "wp_3": [
        -0.03990107774734497,
        3.377591133117676
    ],
    "wp_2": [
        -0.011482569389045238,
        1.2623718976974487
    ],
    "wp_1": [
        0.004523806273937225,
        0.17009146511554718
    ],
    "aim": [
        -0.03990107774734497,
        3.377591133117676
    ],
    "target": [
        -0.2014199910608392,
        52.370372635100644
    ],
    "desired_speed": 5.180245208740234,
    "angle": -0.007520293776691564,
    "angle_last": 0.010907177149048949,
    "angle_target": -0.002448470578950138,
    "angle_final": -0.002448470578950138,
    "delta": 0.25,
    "agent": "only_traj",
    "steer_traj": -0.0030901508707391317,
    "throttle_traj": 0.75,
    "brake_traj": 0.0,
    "plan": [
        [
            0.004523806273937225,
            0.17009146511554718
        ],
        [
            -0.011482569389045238,
            1.2623718976974487
        ],
        [
            -0.03990107774734497,
            3.377591133117676
        ],
        [
            0.010121002793312073,
            6.27596378326416
        ],
        [
            0.047614146023988724,
            9.517498016357422
        ],
        [
            0.10932815074920654,
            13.119218826293945
        ]
    ]
}