{
    "speed": 3.303269288879848e-05,
    "steer": -0.003754323348402977,
    "throttle": 0.75,
    "brake": 0.0,
    "wp_4": [
        0.0284440740942955,
        7.387575149536133
    ],
    "wp_3": [
        -0.021708250045776367,
        4.252283096313477
    ],
    "wp_2": [
        -0.01181428600102663,
        1.8279623985290527
    ],
    "wp_1": [
        0.0015695440815761685,
        0.388933926820755
    ],
    "aim": [
        -0.01181428600102663,
        1.8279623985290527
    ],
    "target": [
        0.5078321040735712,
        53.16556103977771
    ],
    "desired_speed": 5.654504013061524,
    "angle": -0.0041144578925600955,
    "angle_last": 0.010550185928429616,
    "angle_target": 0.006080743254370632,
    "angle_final": -0.0041144578925600955,
    "delta": 0.25,
    "agent": "only_traj",
    "steer_traj": -0.0037543232794069806,
    "throttle_traj": 0.75,
    "brake_traj": 0.0,
    "plan": [
        [
            0.0015695440815761685,
            0.388933926820755
        ],
        [
            -0.01181428600102663,
            1.8279623985290527
        ],
        [
            -0.021708250045776367,
            4.252283096313477
        ],
        [
            0.0284440740942955,
            7.387575149536133
        ],
        [
            0.07030276954174042,
            10.8292236328125
        ],
        [
            0.13153798878192902,
            14.523948669433594
        ]
    ]
}