{
    "speed": 1.7610022407424985e-05,
    "steer": -0.0013598545920103788,
    "throttle": 0.75,
    "brake": 0.0,
    "wp_4": [
        0.03296872228384018,
        7.496124744415283
    ],
    "wp_3": [
        -0.006513559725135565,
        4.224959373474121
    ],
    "wp_2": [
        0.00034682295517995954,
        1.720564603805542
    ],
    "wp_1": [
        0.007491765543818474,
        0.30261898040771484
    ],
    "aim": [
        0.00034682295517995954,
        1.720564603805542
    ],
    "target": [
        -0.6477862094857003,
        52.18114298121495
    ],
    "desired_speed": 5.8609119892120365,
    "angle": 0.00012830383787026996,
    "angle_last": 0.005000960791757367,
    "angle_target": -0.007902707811800618,
    "angle_final": 0.00012830383787026996,
    "delta": 0.25,
    "agent": "only_traj",
    "steer_traj": -0.001359854648743692,
    "throttle_traj": 0.75,
    "brake_traj": 0.0,
    "plan": [
        [
            0.007491765543818474,
            0.30261898040771484
        ],
        [
            0.00034682295517995954,
            1.720564603805542
        ],
        [
            -0.006513559725135565,
            4.224959373474121
        ],
        [
            0.03296872228384018,
            7.496124744415283
        ],
        [
            0.050959449261426926,
            11.080328941345215
        ],
        [
            0.08139312267303467,
            14.954468727111816
        ]
    ]
}