{
    "speed": 1.6648359436176847e-05,
    "steer": 0.005922049283981323,
    "throttle": 0.75,
    "brake": 0.0,
    "wp_4": [
        0.05628097802400589,
        8.406618118286133
    ],
    "wp_3": [
        0.03562307357788086,
        4.941079616546631
    ],
    "wp_2": [
        0.01762983575463295,
        2.2015810012817383
    ],
    "wp_1": [
        0.00844435766339302,
        0.48709532618522644
    ],
    "aim": [
        0.01762983575463295,
        2.2015810012817383
    ],
    "target": [
        0.6721570822469627,
        52.38357462396647
    ],
    "desired_speed": 6.241667461395264,
    "angle": 0.005097797695989992,
    "angle_last": 0.0029610109596468915,
    "angle_target": 0.008168304847595217,
    "angle_final": 0.005097797695989992,
    "delta": 0.25,
    "agent": "only_traj",
    "steer_traj": 0.00592204927924018,
    "throttle_traj": 0.75,
    "brake_traj": 0.0,
    "plan": [
        [
            0.00844435766339302,
            0.48709532618522644
        ],
        [
            0.01762983575463295,
            2.2015810012817383
        ],
        [
            0.03562307357788086,
            4.941079616546631
        ],
        [
            0.05628097802400589,
            8.406618118286133
        ],
        [
            0.0816650241613388,
            12.149164199829102
        ],
        [
            0.09999925643205643,
            16.09099006652832
        ]
    ]
}