{
    "speed": 2.577094417623438e-06,
    "steer": 0.003204275155439973,
    "throttle": 0.75,
    "brake": 0.0,
    "wp_4": [
        0.022736279293894768,
        7.712586402893066
    ],
    "wp_3": [
        0.009209491312503815,
        4.389449119567871
    ],
    "wp_2": [
        0.01287845429033041,
        1.8436851501464844
    ],
    "wp_1": [
        0.006568222772330046,
        0.3535473644733429
    ],
    "aim": [
        0.01287845429033041,
        1.8436851501464844
    ],
    "target": [
        -0.6766231373243645,
        51.24715551924197
    ],
    "desired_speed": 6.106245231628417,
    "angle": 0.004446804777096998,
    "angle_last": -0.3523039931834517,
    "angle_target": -0.008404888739128705,
    "angle_final": 0.004446804777096998,
    "delta": 0.25,
    "agent": "only_traj",
    "steer_traj": 0.003204275220999586,
    "throttle_traj": 0.75,
    "brake_traj": 0.0,
    "plan": [
        [
            0.006568222772330046,
            0.3535473644733429
        ],
        [
            0.01287845429033041,
            1.8436851501464844
        ],
        [
            0.009209491312503815,
            4.389449119567871
        ],
        [
            0.022736279293894768,
            7.712586402893066
        ],
        [
            0.0027425596490502357,
            11.112468719482422
        ],
        [
            -2.365835428237915,
            14.946420669555664
        ]
    ]
}