{
    "speed": 1.0781813944310061e-05,
    "steer": -0.0038400921039283276,
    "throttle": 0.75,
    "brake": 0.0,
    "wp_4": [
        -0.029857460409402847,
        7.327139377593994
    ],
    "wp_3": [
        -0.030087919905781746,
        4.2772088050842285
    ],
    "wp_2": [
        -0.007215418852865696,
        1.909817099571228
    ],
    "wp_1": [
        0.0068564144894480705,
        0.466787725687027
    ],
    "aim": [
        -0.007215418852865696,
        1.909817099571228
    ],
    "target": [
        -0.49826207768279374,
        53.22641350438576
    ],
    "desired_speed": 5.567620658874511,
    "angle": -0.002405165107269015,
    "angle_last": -0.006822855571442485,
    "angle_target": -0.00595933868887469,
    "angle_final": -0.002405165107269015,
    "delta": 0.25,
    "agent": "only_traj",
    "steer_traj": -0.003840092127678124,
    "throttle_traj": 0.75,
    "brake_traj": 0.0,
    "plan": [
        [
            0.0068564144894480705,
            0.466787725687027
        ],
        [
            -0.007215418852865696,
            1.909817099571228
        ],
        [
            -0.030087919905781746,
            4.2772088050842285
        ],
        [
            -0.029857460409402847,
            7.327139377593994
        ],
        [
            -0.029131151735782623,
            10.730061531066895
        ],
        [
            -0.06830863654613495,
            14.38545036315918
        ]
    ]
}