{
    "speed": 1.6668453035469176e-05,
    "steer": 0.0005755933234468102,
    "throttle": 0.75,
    "brake": 0.0,
    "wp_4": [
        0.037763405591249466,
        7.977575778961182
    ],
    "wp_3": [
        0.003188927425071597,
        4.602112770080566
    ],
    "wp_2": [
        -0.00047779452870599926,
        1.966003179550171
    ],
    "wp_1": [
        0.006377306301146746,
        0.3901329040527344
    ],
    "aim": [
        -0.00047779452870599926,
        1.966003179550171
    ],
    "target": [
        -0.07897245483550255,
        52.42166039283828
    ],
    "desired_speed": 6.058507871627808,
    "angle": -0.00015469366674059168,
    "angle_last": 0.006464594439900321,
    "angle_target": -0.0009590575310027727,
    "angle_final": -0.00015469366674059168,
    "delta": 0.25,
    "agent": "only_traj",
    "steer_traj": 0.0005755933439351389,
    "throttle_traj": 0.75,
    "brake_traj": 0.0,
    "plan": [
        [
            0.006377306301146746,
            0.3901329040527344
        ],
        [
            -0.00047779452870599926,
            1.966003179550171
        ],
        [
            0.003188927425071597,
            4.602112770080566
        ],
        [
            0.037763405591249466,
            7.977575778961182
        ],
        [
            0.06229805573821068,
            11.639016151428223
        ],
        [
            0.10187099128961563,
            15.535924911499023
        ]
    ]
}