{
    "speed": 0.10046474973067838,
    "steer": 0.0002614852273836732,
    "throttle": 0.75,
    "brake": 0.0,
    "wp_4": [
        0.020772289484739304,
        7.715632438659668
    ],
    "wp_3": [
        -0.006814923137426376,
        4.435249328613281
    ],
    "wp_2": [
        0.0005526160239242017,
        1.8934955596923828
    ],
    "wp_1": [
        0.005576323717832565,
        0.37457749247550964
    ],
    "aim": [
        0.0005526160239242017,
        1.8934955596923828
    ],
    "target": [
        -0.35840310900997324,
        52.32840597696072
    ],
    "desired_speed": 5.8927198410034185,
    "angle": 0.00018582920887993292,
    "angle_last": 0.0051351360634527285,
    "angle_target": -0.00436021189114072,
    "angle_final": 0.00018582920887993292,
    "delta": 0.25,
    "agent": "only_traj",
    "steer_traj": 0.0002614852288446614,
    "throttle_traj": 0.75,
    "brake_traj": 0.0,
    "plan": [
        [
            0.005576323717832565,
            0.37457749247550964
        ],
        [
            0.0005526160239242017,
            1.8934955596923828
        ],
        [
            -0.006814923137426376,
            4.435249328613281
        ],
        [
            0.020772289484739304,
            7.715632438659668
        ],
        [
            0.05767202749848366,
            11.288261413574219
        ],
        [
            0.08846686780452728,
            15.105927467346191
        ]
    ]
}