{
    "speed": 0.5058095142220065,
    "steer": 0.004374943673610687,
    "throttle": 0.75,
    "brake": 0.0,
    "wp_4": [
        0.0831093043088913,
        8.946544647216797
    ],
    "wp_3": [
        0.0644439086318016,
        5.391391754150391
    ],
    "wp_2": [
        0.03474368900060654,
        2.518418550491333
    ],
    "wp_1": [
        0.019645215943455696,
        0.6215375661849976
    ],
    "aim": [
        0.03474368900060654,
        2.518418550491333
    ],
    "target": [
        0.33612379837023154,
        51.848760979090414
    ],
    "desired_speed": 6.429949140548706,
    "angle": 0.008782153516276425,
    "angle_last": -0.0007022471652032806,
    "angle_target": 0.004127004279326719,
    "angle_final": 0.004127004279326719,
    "delta": 0.25,
    "agent": "only_traj",
    "steer_traj": 0.0043749435203650055,
    "throttle_traj": 0.75,
    "brake_traj": 0.0,
    "plan": [
        [
            0.019645215943455696,
            0.6215375661849976
        ],
        [
            0.03474368900060654,
            2.518418550491333
        ],
        [
            0.0644439086318016,
            5.391391754150391
        ],
        [
            0.0831093043088913,
            8.946544647216797
        ],
        [
            0.10276761651039124,
            12.754685401916504
        ],
        [
            0.09841959178447723,
            16.696094512939453
        ]
    ]
}