{
    "speed": 0.7917555657773175,
    "steer": -0.00838544312864542,
    "throttle": 0.75,
    "brake": 0.0,
    "wp_4": [
        0.042582668364048004,
        8.319711685180664
    ],
    "wp_3": [
        0.037473492324352264,
        4.976439952850342
    ],
    "wp_2": [
        0.030468853190541267,
        2.286288261413574
    ],
    "wp_1": [
        0.008041310124099255,
        0.5572429895401001
    ],
    "aim": [
        0.030468853190541267,
        2.286288261413574
    ],
    "target": [
        -0.558170961307713,
        52.41889817562035
    ],
    "desired_speed": 6.034862470626831,
    "angle": 0.008483598358556091,
    "angle_last": -0.010454467153138264,
    "angle_target": -0.00677864765072052,
    "angle_final": -0.00677864765072052,
    "delta": 0.25,
    "agent": "only_traj",
    "steer_traj": -0.00838544317076964,
    "throttle_traj": 0.75,
    "brake_traj": 0.0,
    "plan": [
        [
            0.008041310124099255,
            0.5572429895401001
        ],
        [
            0.030468853190541267,
            2.286288261413574
        ],
        [
            0.037473492324352264,
            4.976439952850342
        ],
        [
            0.042582668364048004,
            8.319711685180664
        ],
        [
            0.0701688826084137,
            11.935495376586914
        ],
        [
            0.009268660098314285,
            15.643635749816895
        ]
    ]
}