{
    "speed": 0.9901976690819712,
    "steer": -0.005417001899331808,
    "throttle": 0.75,
    "brake": 0.0,
    "wp_4": [
        0.08079776912927628,
        9.154242515563965
    ],
    "wp_3": [
        0.07420911639928818,
        5.629424571990967
    ],
    "wp_2": [
        0.047879867255687714,
        2.7290167808532715
    ],
    "wp_1": [
        0.024486621841788292,
        0.7452336549758911
    ],
    "aim": [
        0.047879867255687714,
        2.7290167808532715
    ],
    "target": [
        -0.5629149440578892,
        51.609429473893485
    ],
    "desired_speed": 6.456519889831544,
    "angle": 0.011168166266334214,
    "angle_last": -0.004205299408521265,
    "angle_target": -0.00694347093293275,
    "angle_final": -0.00694347093293275,
    "delta": 0.25,
    "agent": "only_traj",
    "steer_traj": -0.005417002118070799,
    "throttle_traj": 0.75,
    "brake_traj": 0.0,
    "plan": [
        [
            0.024486621841788292,
            0.7452336549758911
        ],
        [
            0.047879867255687714,
            2.7290167808532715
        ],
        [
            0.07420911639928818,
            5.629424571990967
        ],
        [
            0.08079776912927628,
            9.154242515563965
        ],
        [
            0.08723478019237518,
            12.962035179138184
        ],
        [
            0.06131264567375183,
            16.886178970336914
        ]
    ]
}