{
    "speed": 1.1486105251210332,
    "steer": 2.3205733668874018e-05,
    "throttle": 0.75,
    "brake": 0.0,
    "wp_4": [
        0.08224642276763916,
        9.488945960998535
    ],
    "wp_3": [
        0.07840048521757126,
        5.9268293380737305
    ],
    "wp_2": [
        0.046244509518146515,
        2.9484076499938965
    ],
    "wp_1": [
        0.023642640560865402,
        0.8569062352180481
    ],
    "aim": [
        0.046244509518146515,
        2.9484076499938965
    ],
    "target": [
        -0.14577696831718817,
        52.205593743656756
    ],
    "desired_speed": 6.561913299560547,
    "angle": 0.009984266810198669,
    "angle_last": -0.0027141932217167033,
    "angle_target": -0.0017776688765468907,
    "angle_final": -0.0017776688765468907,
    "delta": 0.25,
    "agent": "only_traj",
    "steer_traj": 2.320573436276731e-05,
    "throttle_traj": 0.75,
    "brake_traj": 0.0,
    "plan": [
        [
            0.023642640560865402,
            0.8569062352180481
        ],
        [
            0.046244509518146515,
            2.9484076499938965
        ],
        [
            0.07840048521757126,
            5.9268293380737305
        ],
        [
            0.08224642276763916,
            9.488945960998535
        ],
        [
            0.08718172460794449,
            13.330033302307129
        ],
        [
            0.07042041420936584,
            17.2613525390625
        ]
    ]
}