{
    "speed": 1.3737773832074593,
    "steer": 0.0010918071493506432,
    "throttle": 0.75,
    "brake": 0.0,
    "wp_4": [
        0.07380276173353195,
        9.312836647033691
    ],
    "wp_3": [
        0.07033925503492355,
        5.789483070373535
    ],
    "wp_2": [
        0.04286182299256325,
        2.864365577697754
    ],
    "wp_1": [
        0.024939756840467453,
        0.8241170644760132
    ],
    "aim": [
        0.04286182299256325,
        2.864365577697754
    ],
    "target": [
        0.24248791604051176,
        53.02945558101767
    ],
    "desired_speed": 6.4891054153442385,
    "angle": 0.009525581661936924,
    "angle_last": -0.003862272130205069,
    "angle_target": 0.002911052438252037,
    "angle_final": 0.002911052438252037,
    "delta": 0.25,
    "agent": "only_traj",
    "steer_traj": 0.0010918071465778625,
    "throttle_traj": 0.75,
    "brake_traj": 0.0,
    "plan": [
        [
            0.024939756840467453,
            0.8241170644760132
        ],
        [
            0.04286182299256325,
            2.864365577697754
        ],
        [
            0.07033925503492355,
            5.789483070373535
        ],
        [
            0.07380276173353195,
            9.312836647033691
        ],
        [
            0.07596895843744278,
            13.122867584228516
        ],
        [
            0.05216381326317787,
            17.046598434448242
        ]
    ]
}