{
    "speed": 1.5487255210335338,
    "steer": -0.004374587442725897,
    "throttle": 0.75,
    "brake": 0.0,
    "wp_4": [
        0.10251078009605408,
        10.204830169677734
    ],
    "wp_3": [
        0.08853552490472794,
        6.521076202392578
    ],
    "wp_2": [
        0.06688086688518524,
        3.3863344192504883
    ],
    "wp_1": [
        0.027541065588593483,
        1.0751080513000488
    ],
    "aim": [
        0.06688086688518524,
        3.3863344192504883
    ],
    "target": [
        -0.2626130978742005,
        51.280471670783484
    ],
    "desired_speed": 6.817084884643555,
    "angle": 0.012571770140771833,
    "angle_last": 0.00032721412469919687,
    "angle_target": -0.0032601733885816793,
    "angle_final": -0.0032601733885816793,
    "delta": 0.25,
    "agent": "only_traj",
    "steer_traj": -0.004374587237670466,
    "throttle_traj": 0.75,
    "brake_traj": 0.0,
    "plan": [
        [
            0.027541065588593483,
            1.0751080513000488
        ],
        [
            0.06688086688518524,
            3.3863344192504883
        ],
        [
            0.08853552490472794,
            6.521076202392578
        ],
        [
            0.10251078009605408,
            10.204830169677734
        ],
        [
            0.14466895163059235,
            14.123888969421387
        ],
        [
            0.14672121405601501,
            18.117156982421875
        ]
    ]
}