{
    "speed": 1.633037393924224,
    "steer": 0.004722210578620434,
    "throttle": 0.75,
    "brake": 0.0,
    "wp_4": [
        0.04256763309240341,
        10.115642547607422
    ],
    "wp_3": [
        0.061361558735370636,
        6.651042461395264
    ],
    "wp_2": [
        0.05897745490074158,
        3.609496831893921
    ],
    "wp_1": [
        0.013398132286965847,
        1.264039158821106
    ],
    "aim": [
        0.05897745490074158,
        3.609496831893921
    ],
    "target": [
        0.29567254498686546,
        52.631265336291435
    ],
    "desired_speed": 6.551322937011719,
    "angle": 0.010401136022541781,
    "angle_last": 0.0011149626089740007,
    "angle_target": 0.003576372464952361,
    "angle_final": 0.003576372464952361,
    "delta": 0.25,
    "agent": "only_traj",
    "steer_traj": 0.0047222106403082475,
    "throttle_traj": 0.75,
    "brake_traj": 0.0,
    "plan": [
        [
            0.013398132286965847,
            1.264039158821106
        ],
        [
            0.05897745490074158,
            3.609496831893921
        ],
        [
            0.061361558735370636,
            6.651042461395264
        ],
        [
            0.04256763309240341,
            10.115642547607422
        ],
        [
            0.07682064175605774,
            13.862010955810547
        ],
        [
            0.0834401547908783,
            17.64168930053711
        ]
    ]
}