{
    "speed": 1.802293715645091,
    "steer": 0.0069727241061627865,
    "throttle": 0.75,
    "brake": 0.0,
    "wp_4": [
        0.09421087801456451,
        10.142627716064453
    ],
    "wp_3": [
        0.08078974485397339,
        6.4895172119140625
    ],
    "wp_2": [
        0.06669622659683228,
        3.372126817703247
    ],
    "wp_1": [
        0.029642155393958092,
        1.0642657279968262
    ],
    "aim": [
        0.06669622659683228,
        3.372126817703247
    ],
    "target": [
        0.6199287149611156,
        52.35066651200605
    ],
    "desired_speed": 6.784269905090332,
    "angle": 0.012589832196576979,
    "angle_last": 0.0002690816257633106,
    "angle_target": 0.007538403188651215,
    "angle_final": 0.007538403188651215,
    "delta": 0.25,
    "agent": "only_traj",
    "steer_traj": 0.006972724203919043,
    "throttle_traj": 0.75,
    "brake_traj": 0.0,
    "plan": [
        [
            0.029642155393958092,
            1.0642657279968262
        ],
        [
            0.06669622659683228,
            3.372126817703247
        ],
        [
            0.08078974485397339,
            6.4895172119140625
        ],
        [
            0.09421087801456451,
            10.142627716064453
        ],
        [
            0.13746073842048645,
            14.050877571105957
        ],
        [
            0.13914024829864502,
            18.02434730529785
        ]
    ]
}