{
    "speed": 1.913452722970945,
    "steer": -0.0007072045700624585,
    "throttle": 0.75,
    "brake": 0.0,
    "wp_4": [
        0.08148938417434692,
        10.500127792358398
    ],
    "wp_3": [
        0.07308217138051987,
        6.82617712020874
    ],
    "wp_2": [
        0.0832415446639061,
        3.6485331058502197
    ],
    "wp_1": [
        0.029983317479491234,
        1.223014235496521
    ],
    "aim": [
        0.0832415446639061,
        3.6485331058502197
    ],
    "target": [
        0.1101991354041583,
        52.65294369924193
    ],
    "desired_speed": 6.871277809143066,
    "angle": 0.014522016821782807,
    "angle_last": -0.00048011423519631036,
    "angle_target": 0.0013324012131621253,
    "angle_final": 0.0013324012131621253,
    "delta": 0.25,
    "agent": "only_traj",
    "steer_traj": -0.0007072045647073676,
    "throttle_traj": 0.75,
    "brake_traj": 0.0,
    "plan": [
        [
            0.029983317479491234,
            1.223014235496521
        ],
        [
            0.0832415446639061,
            3.6485331058502197
        ],
        [
            0.07308217138051987,
            6.82617712020874
        ],
        [
            0.08148938417434692,
            10.500127792358398
        ],
        [
            0.1475774347782135,
            14.417308807373047
        ],
        [
            0.14457383751869202,
            18.400039672851562
        ]
    ]
}