{
    "speed": 2.0470409143164643,
    "steer": -0.006428934633731842,
    "throttle": 0.75,
    "brake": 0.0,
    "wp_4": [
        0.0828065574169159,
        10.814408302307129
    ],
    "wp_3": [
        0.07674446702003479,
        7.119574069976807
    ],
    "wp_2": [
        0.08587770909070969,
        3.8731117248535156
    ],
    "wp_1": [
        0.023899976164102554,
        1.36105215549469
    ],
    "aim": [
        0.023899976164102554,
        1.36105215549469
    ],
    "target": [
        -0.4588854357261887,
        50.482785083353555
    ],
    "desired_speed": 6.948235321044923,
    "angle": 0.011177880313153787,
    "angle_last": -0.0009164115411785692,
    "angle_target": -0.005786675506467969,
    "angle_final": -0.005786675506467969,
    "delta": 0.25,
    "agent": "only_traj",
    "steer_traj": -0.006428934693418514,
    "throttle_traj": 0.75,
    "brake_traj": 0.0,
    "plan": [
        [
            0.023899976164102554,
            1.36105215549469
        ],
        [
            0.08587770909070969,
            3.8731117248535156
        ],
        [
            0.07674446702003479,
            7.119574069976807
        ],
        [
            0.0828065574169159,
            10.814408302307129
        ],
        [
            0.14088554680347443,
            14.742744445800781
        ],
        [
            0.13514502346515656,
            18.730424880981445
        ]
    ]
}