{
    "speed": 2.3755902856152753,
    "steer": -0.002001945860683918,
    "throttle": 0.75,
    "brake": 0.0,
    "wp_4": [
        0.05742722749710083,
        11.03604793548584
    ],
    "wp_3": [
        0.05399206280708313,
        7.398861885070801
    ],
    "wp_2": [
        0.08994433283805847,
        4.1345648765563965
    ],
    "wp_1": [
        0.02235020138323307,
        1.53917396068573
    ],
    "aim": [
        0.02235020138323307,
        1.53917396068573
    ],
    "target": [
        -0.2185446669619358,
        52.28351567920784
    ],
    "desired_speed": 6.910811901092528,
    "angle": 0.009243646631196954,
    "angle_last": 0.006399935315757534,
    "angle_target": -0.002661049931835867,
    "angle_final": -0.002661049931835867,
    "delta": 0.25,
    "agent": "only_traj",
    "steer_traj": -0.0020019457523492226,
    "throttle_traj": 0.75,
    "brake_traj": 0.0,
    "plan": [
        [
            0.02235020138323307,
            1.53917396068573
        ],
        [
            0.08994433283805847,
            4.1345648765563965
        ],
        [
            0.05399206280708313,
            7.398861885070801
        ],
        [
            0.05742722749710083,
            11.03604793548584
        ],
        [
            0.1695292592048645,
            14.908456802368164
        ],
        [
            0.2087860405445099,
            18.813304901123047
        ]
    ]
}