{
    "speed": 2.564298900445386,
    "steer": 0.0008337214821949601,
    "throttle": 0.75,
    "brake": 0.0,
    "wp_4": [
        0.08979207277297974,
        10.908297538757324
    ],
    "wp_3": [
        0.07853709161281586,
        7.232451915740967
    ],
    "wp_2": [
        0.0972941443324089,
        3.976153612136841
    ],
    "wp_1": [
        0.030753664672374725,
        1.4199917316436768
    ],
    "aim": [
        0.030753664672374725,
        1.4199917316436768
    ],
    "target": [
        0.006983970778700346,
        51.91906521638132
    ],
    "desired_speed": 6.95216474533081,
    "angle": 0.0137854947562831,
    "angle_last": 0.0036252848019260203,
    "angle_target": 8.563586116218569e-05,
    "angle_final": 8.563586116218569e-05,
    "delta": 0.25,
    "agent": "only_traj",
    "steer_traj": 0.0008337214782688231,
    "throttle_traj": 0.75,
    "brake_traj": 0.0,
    "plan": [
        [
            0.030753664672374725,
            1.4199917316436768
        ],
        [
            0.0972941443324089,
            3.976153612136841
        ],
        [
            0.07853709161281586,
            7.232451915740967
        ],
        [
            0.08979207277297974,
            10.908297538757324
        ],
        [
            0.18844717741012573,
            14.833760261535645
        ],
        [
            0.2110232412815094,
            18.79816246032715
        ]
    ]
}