{
    "speed": 2.756695262121491,
    "steer": 0.007604013662785292,
    "throttle": 0.75,
    "brake": 0.0,
    "wp_4": [
        0.11409908533096313,
        11.518739700317383
    ],
    "wp_3": [
        0.08264949172735214,
        7.744389533996582
    ],
    "wp_2": [
        0.11920823156833649,
        4.349887371063232
    ],
    "wp_1": [
        0.025450164452195168,
        1.6152478456497192
    ],
    "aim": [
        0.025450164452195168,
        1.6152478456497192
    ],
    "target": [
        0.5831014650318567,
        51.62765349730512
    ],
    "desired_speed": 7.180724811553954,
    "angle": 0.010029877295656199,
    "angle_last": 0.007762785728147411,
    "angle_target": 0.007189909160228563,
    "angle_final": 0.007189909160228563,
    "delta": 0.25,
    "agent": "only_traj",
    "steer_traj": 0.007604013501143389,
    "throttle_traj": 0.75,
    "brake_traj": 0.0,
    "plan": [
        [
            0.025450164452195168,
            1.6152478456497192
        ],
        [
            0.11920823156833649,
            4.349887371063232
        ],
        [
            0.08264949172735214,
            7.744389533996582
        ],
        [
            0.11409908533096313,
            11.518739700317383
        ],
        [
            0.2202301323413849,
            15.541889190673828
        ],
        [
            0.26927006244659424,
            19.563426971435547
        ]
    ]
}