{
    "speed": 2.9664291288505624,
    "steer": -0.010823402553796768,
    "throttle": 0.75,
    "brake": 0.0,
    "wp_4": [
        0.09625570476055145,
        11.272567749023438
    ],
    "wp_3": [
        0.08253559470176697,
        7.615182399749756
    ],
    "wp_2": [
        0.09851685911417007,
        4.328685283660889
    ],
    "wp_1": [
        0.028041472658514977,
        1.6539920568466187
    ],
    "aim": [
        0.028041472658514977,
        1.6539920568466187
    ],
    "target": [
        -0.6639794193878763,
        51.64654334568455
    ],
    "desired_speed": 6.929845523834228,
    "angle": 0.010792126407029621,
    "angle_last": -0.1036275061329871,
    "angle_target": -0.0081840741572583,
    "angle_final": -0.0081840741572583,
    "delta": 0.25,
    "agent": "only_traj",
    "steer_traj": -0.010823402362386322,
    "throttle_traj": 0.75,
    "brake_traj": 0.0,
    "plan": [
        [
            0.028041472658514977,
            1.6539920568466187
        ],
        [
            0.09851685911417007,
            4.328685283660889
        ],
        [
            0.08253559470176697,
            7.615182399749756
        ],
        [
            0.09625570476055145,
            11.272567749023438
        ],
        [
            0.21982376277446747,
            15.174646377563477
        ],
        [
            -0.3961675763130188,
            18.925411224365234
        ]
    ]
}