{
    "speed": 3.176178645437158,
    "steer": 0.010444505140185356,
    "throttle": 0.75,
    "brake": 0.0,
    "wp_4": [
        0.14958448708057404,
        12.517580032348633
    ],
    "wp_3": [
        0.09219501167535782,
        8.651432037353516
    ],
    "wp_2": [
        0.08734554797410965,
        5.062617301940918
    ],
    "wp_1": [
        0.02732032537460327,
        2.027780055999756
    ],
    "aim": [
        0.02732032537460327,
        2.027780055999756
    ],
    "target": [
        0.6084610920198116,
        51.3455147330093
    ],
    "desired_speed": 7.419801330566406,
    "angle": 0.008576640713249819,
    "angle_last": 0.01460724240442641,
    "angle_target": 0.007543798775094158,
    "angle_final": 0.007543798775094158,
    "delta": 0.25,
    "agent": "only_traj",
    "steer_traj": 0.010444505438862831,
    "throttle_traj": 0.75,
    "brake_traj": 0.0,
    "plan": [
        [
            0.02732032537460327,
            2.027780055999756
        ],
        [
            0.08734554797410965,
            5.062617301940918
        ],
        [
            0.09219501167535782,
            8.651432037353516
        ],
        [
            0.14958448708057404,
            12.517580032348633
        ],
        [
            0.25411853194236755,
            16.589359283447266
        ],
        [
            0.34555909037590027,
            20.573869705200195
        ]
    ]
}