{
    "speed": 3.4000211509696845,
    "steer": 0.0040542916394770145,
    "throttle": 0.75,
    "brake": 0.0,
    "wp_4": [
        0.09480565041303635,
        12.05522346496582
    ],
    "wp_3": [
        0.058812465518713,
        8.266654014587402
    ],
    "wp_2": [
        0.07505606859922409,
        4.796239376068115
    ],
    "wp_1": [
        0.017301378771662712,
        1.8836727142333984
    ],
    "aim": [
        0.017301378771662712,
        1.8836727142333984
    ],
    "target": [
        -0.6981633774531376,
        50.81611138260888
    ],
    "desired_speed": 7.246603393554688,
    "angle": 0.0058471453389311685,
    "angle_last": 0.010808063515092985,
    "angle_target": -0.008745979094170154,
    "angle_final": 0.0058471453389311685,
    "delta": 0.25,
    "agent": "only_traj",
    "steer_traj": 0.004054291426290915,
    "throttle_traj": 0.75,
    "brake_traj": 0.0,
    "plan": [
        [
            0.017301378771662712,
            1.8836727142333984
        ],
        [
            0.07505606859922409,
            4.796239376068115
        ],
        [
            0.058812465518713,
            8.266654014587402
        ],
        [
            0.09480565041303635,
            12.05522346496582
        ],
        [
            0.19541409611701965,
            16.05109405517578
        ],
        [
            0.2624208331108093,
            19.9975643157959
        ]
    ]
}