{
    "speed": 3.6285235131000606,
    "steer": 0.0021137860603630543,
    "throttle": 0.75,
    "brake": 0.0,
    "wp_4": [
        0.05283312126994133,
        12.88751220703125
    ],
    "wp_3": [
        0.02681676484644413,
        9.012894630432129
    ],
    "wp_2": [
        0.04996873438358307,
        5.368217468261719
    ],
    "wp_1": [
        0.012163832783699036,
        2.242847204208374
    ],
    "aim": [
        0.012163832783699036,
        2.242847204208374
    ],
    "target": [
        0.30427892845738685,
        51.216376084960835
    ],
    "desired_speed": 7.4693145751953125,
    "angle": 0.003452632797906254,
    "angle_last": 0.011129841315991363,
    "angle_target": 0.0037821438758611336,
    "angle_final": 0.003452632797906254,
    "delta": 0.25,
    "agent": "only_traj",
    "steer_traj": 0.002113786154024394,
    "throttle_traj": 0.75,
    "brake_traj": 0.0,
    "plan": [
        [
            0.012163832783699036,
            2.242847204208374
        ],
        [
            0.04996873438358307,
            5.368217468261719
        ],
        [
            0.02681676484644413,
            9.012894630432129
        ],
        [
            0.05283312126994133,
            12.88751220703125
        ],
        [
            0.12223721295595169,
            16.955472946166992
        ],
        [
            0.19145940244197845,
            20.914546966552734
        ]
    ]
}