{
    "speed": 3.857620135400606,
    "steer": 0.0031247916631400585,
    "throttle": 0.75,
    "brake": 0.0,
    "wp_4": [
        0.05431101471185684,
        12.633095741271973
    ],
    "wp_3": [
        0.0362355038523674,
        8.778197288513184
    ],
    "wp_2": [
        0.05408214405179024,
        5.192591667175293
    ],
    "wp_1": [
        0.012244902551174164,
        2.126434803009033
    ],
    "aim": [
        0.012244902551174164,
        2.126434803009033
    ],
    "target": [
        -0.65194404455958,
        50.11340183949969
    ],
    "desired_speed": 7.440170764923095,
    "angle": 0.0036658864819922076,
    "angle_last": -0.0002144198764828143,
    "angle_target": -0.00828155826664157,
    "angle_final": 0.0036658864819922076,
    "delta": 0.25,
    "agent": "only_traj",
    "steer_traj": 0.0031247916561594736,
    "throttle_traj": 0.75,
    "brake_traj": 0.0,
    "plan": [
        [
            0.012244902551174164,
            2.126434803009033
        ],
        [
            0.05408214405179024,
            5.192591667175293
        ],
        [
            0.0362355038523674,
            8.778197288513184
        ],
        [
            0.05431101471185684,
            12.633095741271973
        ],
        [
            0.10808508843183517,
            16.650466918945312
        ],
        [
            0.10671240836381912,
            20.72612953186035
        ]
    ]
}