{
    "speed": 4.071414781284623,
    "steer": 0.0034169182181358337,
    "throttle": 0.75,
    "brake": 0.0,
    "wp_4": [
        0.07767444103956223,
        12.965620994567871
    ],
    "wp_3": [
        0.04111615940928459,
        9.05420207977295
    ],
    "wp_2": [
        0.047001566737890244,
        5.407031536102295
    ],
    "wp_1": [
        0.013910651206970215,
        2.250636339187622
    ],
    "aim": [
        0.013910651206970215,
        2.250636339187622
    ],
    "target": [
        -0.4190368041664635,
        49.73117114099937
    ],
    "desired_speed": 7.529878807067871,
    "angle": 0.003934768262318376,
    "angle_last": 0.016964492468979367,
    "angle_target": -0.00536405629925349,
    "angle_final": 0.003934768262318376,
    "delta": 0.25,
    "agent": "only_traj",
    "steer_traj": 0.0034169183251946335,
    "throttle_traj": 0.75,
    "brake_traj": 0.0,
    "plan": [
        [
            0.013910651206970215,
            2.250636339187622
        ],
        [
            0.047001566737890244,
            5.407031536102295
        ],
        [
            0.04111615940928459,
            9.05420207977295
        ],
        [
            0.07767444103956223,
            12.965620994567871
        ],
        [
            0.1789228618144989,
            17.070852279663086
        ],
        [
            0.285578191280365,
            21.072315216064453
        ]
    ]
}