{
    "speed": 4.277028644218041,
    "steer": 0.002821549540385604,
    "throttle": 0.75,
    "brake": 0.0,
    "wp_4": [
        -0.2400290071964264,
        9.465572357177734
    ],
    "wp_3": [
        0.012437403202056885,
        6.137806415557861
    ],
    "wp_2": [
        -0.1475711464881897,
        3.3065810203552246
    ],
    "wp_1": [
        0.033717188984155655,
        1.2854528427124023
    ],
    "aim": [
        -0.1475711464881897,
        3.3065810203552246
    ],
    "target": [
        0.267575770699068,
        50.335474780077675
    ],
    "desired_speed": 6.006224060058594,
    "angle": -0.028393200098268977,
    "angle_last": 0.003056709499017848,
    "angle_target": 0.0033841425448697237,
    "angle_final": 0.0033841425448697237,
    "delta": 0.25,
    "agent": "only_traj",
    "steer_traj": 0.0028215494604920057,
    "throttle_traj": 0.75,
    "brake_traj": 0.0,
    "plan": [
        [
            0.033717188984155655,
            1.2854528427124023
        ],
        [
            -0.1475711464881897,
            3.3065810203552246
        ],
        [
            0.012437403202056885,
            6.137806415557861
        ],
        [
            -0.2400290071964264,
            9.465572357177734
        ],
        [
            0.07182610780000687,
            12.751291275024414
        ],
        [
            0.08869244903326035,
            16.26401138305664
        ]
    ]
}