{
    "speed": 4.876545191501877,
    "steer": 0.007850287482142448,
    "throttle": 0.75,
    "brake": 0.0,
    "wp_4": [
        -0.02052661031484604,
        12.725118637084961
    ],
    "wp_3": [
        -0.017733287066221237,
        9.082306861877441
    ],
    "wp_2": [
        0.004415836650878191,
        5.607528209686279
    ],
    "wp_1": [
        0.02730051800608635,
        2.515263319015503
    ],
    "aim": [
        0.02730051800608635,
        2.515263319015503
    ],
    "target": [
        0.710051219839236,
        49.537164636663164
    ],
    "desired_speed": 7.058323955535887,
    "angle": 0.006909543318831263,
    "angle_last": 0.016828268140533002,
    "angle_target": 0.00912449663991806,
    "angle_final": 0.006909543318831263,
    "delta": 0.25,
    "agent": "only_traj",
    "steer_traj": 0.007850287391088031,
    "throttle_traj": 0.75,
    "brake_traj": 0.0,
    "plan": [
        [
            0.02730051800608635,
            2.515263319015503
        ],
        [
            0.004415836650878191,
            5.607528209686279
        ],
        [
            -0.017733287066221237,
            9.082306861877441
        ],
        [
            -0.02052661031484604,
            12.725118637084961
        ],
        [
            0.037832677364349365,
            16.52886962890625
        ],
        [
            0.13381847739219666,
            20.15920066833496
        ]
    ]
}