{
    "speed": 5.075049866768027,
    "steer": -0.004073098301887512,
    "throttle": 0.0,
    "brake": 0.0,
    "wp_4": [
        -0.029755791649222374,
        13.853487014770508
    ],
    "wp_3": [
        -0.03406029939651489,
        10.002111434936523
    ],
    "wp_2": [
        -0.022387249395251274,
        6.31189489364624
    ],
    "wp_1": [
        -0.011059237644076347,
        2.891146183013916
    ],
    "aim": [
        -0.011059237644076347,
        2.891146183013916
    ],
    "target": [
        -0.7280711573230626,
        48.78401720209847
    ],
    "desired_speed": 7.498664855957031,
    "angle": -0.0024351420486262935,
    "angle_last": 0.011648783910930778,
    "angle_target": -0.009500449376837371,
    "angle_final": -0.0024351420486262935,
    "delta": 0.25,
    "agent": "only_traj",
    "steer_traj": -0.004073098487959583,
    "throttle_traj": 0.0,
    "brake_traj": 0.0,
    "plan": [
        [
            -0.011059237644076347,
            2.891146183013916
        ],
        [
            -0.022387249395251274,
            6.31189489364624
        ],
        [
            -0.03406029939651489,
            10.002111434936523
        ],
        [
            -0.029755791649222374,
            13.853487014770508
        ],
        [
            -0.0038756001740694046,
            17.81718635559082
        ],
        [
            0.06602729856967926,
            21.63704490661621
        ]
    ]
}