{
    "speed": 5.126823317038415,
    "steer": 0.0005404959665611386,
    "throttle": 0.0,
    "brake": 0.0,
    "wp_4": [
        0.006010716315358877,
        12.457923889160156
    ],
    "wp_3": [
        -0.0036187171936035156,
        8.804804801940918
    ],
    "wp_2": [
        0.017861658707261086,
        5.3646979331970215
    ],
    "wp_1": [
        0.0012023866875097156,
        2.3394718170166016
    ],
    "aim": [
        0.0012023866875097156,
        2.3394718170166016
    ],
    "target": [
        0.5340848764697571,
        49.440294012329716
    ],
    "desired_speed": 7.154677200317383,
    "angle": 0.00032721412469919687,
    "angle_last": 0.06151637449614776,
    "angle_target": 0.006876896147739257,
    "angle_final": 0.00032721412469919687,
    "delta": 0.25,
    "agent": "only_traj",
    "steer_traj": 0.0005404959837230299,
    "throttle_traj": 0.0,
    "brake_traj": 0.0,
    "plan": [
        [
            0.0012023866875097156,
            2.3394718170166016
        ],
        [
            0.017861658707261086,
            5.3646979331970215
        ],
        [
            -0.0036187171936035156,
            8.804804801940918
        ],
        [
            0.006010716315358877,
            12.457923889160156
        ],
        [
            -0.21095044910907745,
            16.311561584472656
        ],
        [
            0.16612721979618073,
            20.201704025268555
        ]
    ]
}