{
    "speed": 5.030453171597619,
    "steer": 0.00011648452345980331,
    "throttle": 0.0,
    "brake": 0.0,
    "wp_4": [
        0.010749021545052528,
        12.38486385345459
    ],
    "wp_3": [
        -0.004445578437298536,
        8.70736312866211
    ],
    "wp_2": [
        0.01586012914776802,
        5.268667221069336
    ],
    "wp_1": [
        -0.0033841447439044714,
        2.261127471923828
    ],
    "aim": [
        -0.0033841447439044714,
        2.261127471923828
    ],
    "target": [
        -0.03229758050959418,
        49.0964660303081
    ],
    "desired_speed": 7.211507511138915,
    "angle": -0.0009527633257611927,
    "angle_last": 0.012128111408684115,
    "angle_target": -0.0004187933887822052,
    "angle_final": -0.0004187933887822052,
    "delta": 0.25,
    "agent": "only_traj",
    "steer_traj": 0.0001164845213917489,
    "throttle_traj": 0.0,
    "brake_traj": 0.0,
    "plan": [
        [
            -0.0033841447439044714,
            2.261127471923828
        ],
        [
            0.01586012914776802,
            5.268667221069336
        ],
        [
            -0.004445578437298536,
            8.70736312866211
        ],
        [
            0.010749021545052528,
            12.38486385345459
        ],
        [
            0.06873516738414764,
            16.3631534576416
        ],
        [
            0.14352743327617645,
            20.28860855102539
        ]
    ]
}