{
    "speed": 4.929170061245153,
    "steer": 0.0026240251027047634,
    "throttle": 0.75,
    "brake": 0.0,
    "wp_4": [
        0.034685540944337845,
        13.21949291229248
    ],
    "wp_3": [
        0.015132196247577667,
        9.376514434814453
    ],
    "wp_2": [
        0.016515647992491722,
        5.7612104415893555
    ],
    "wp_1": [
        0.006944595370441675,
        2.5257484912872314
    ],
    "aim": [
        0.006944595370441675,
        2.5257484912872314
    ],
    "target": [
        0.5168541072533399,
        48.41415366701178
    ],
    "desired_speed": 7.509113788604736,
    "angle": 0.0017503978747575202,
    "angle_last": 0.00989448776810839,
    "angle_target": 0.006796092047626974,
    "angle_final": 0.0017503978747575202,
    "delta": 0.25,
    "agent": "only_traj",
    "steer_traj": 0.002624025113403143,
    "throttle_traj": 0.75,
    "brake_traj": 0.0,
    "plan": [
        [
            0.006944595370441675,
            2.5257484912872314
        ],
        [
            0.016515647992491722,
            5.7612104415893555
        ],
        [
            0.015132196247577667,
            9.376514434814453
        ],
        [
            0.034685540944337845,
            13.21949291229248
        ],
        [
            0.0765148401260376,
            17.296964645385742
        ],
        [
            0.13870105147361755,
            21.297771453857422
        ]
    ]
}