{
    "speed": 4.807652903565548,
    "steer": 0.0007276569958776236,
    "throttle": 0.75,
    "brake": 0.0,
    "wp_4": [
        0.0022172986064106226,
        12.79256534576416
    ],
    "wp_3": [
        0.010743353515863419,
        9.039199829101562
    ],
    "wp_2": [
        0.023877035826444626,
        5.506897926330566
    ],
    "wp_1": [
        0.0019202075200155377,
        2.391036033630371
    ],
    "aim": [
        0.0019202075200155377,
        2.391036033630371
    ],
    "target": [
        -0.24051859005875414,
        47.825778644044654
    ],
    "desired_speed": 7.2888170242309585,
    "angle": 0.0005112497773356515,
    "angle_last": 0.00602951138977051,
    "angle_target": -0.0032015704406592508,
    "angle_final": 0.0005112497773356515,
    "delta": 0.25,
    "agent": "only_traj",
    "steer_traj": 0.0007276569887286219,
    "throttle_traj": 0.75,
    "brake_traj": 0.0,
    "plan": [
        [
            0.0019202075200155377,
            2.391036033630371
        ],
        [
            0.023877035826444626,
            5.506897926330566
        ],
        [
            0.010743353515863419,
            9.039199829101562
        ],
        [
            0.0022172986064106226,
            12.79256534576416
        ],
        [
            0.028182951733469963,
            16.753969192504883
        ],
        [
            0.06473063677549362,
            20.612709045410156
        ]
    ]
}