{
    "speed": 4.7234147225078935,
    "steer": 0.0005713619175367057,
    "throttle": 0.75,
    "brake": 0.0,
    "wp_4": [
        0.0244880523532629,
        12.7723388671875
    ],
    "wp_3": [
        0.021135827526450157,
        8.987879753112793
    ],
    "wp_2": [
        0.02711622416973114,
        5.4446587562561035
    ],
    "wp_1": [
        0.004915779456496239,
        2.336376667022705
    ],
    "aim": [
        0.004915779456496239,
        2.336376667022705
    ],
    "target": [
        -0.0047436524543426895,
        47.204414593330156
    ],
    "desired_speed": 7.3605875968933105,
    "angle": 0.0013394481596950866,
    "angle_last": 0.0062455730405152465,
    "angle_target": -6.39750108444165e-05,
    "angle_final": -6.39750108444165e-05,
    "delta": 0.25,
    "agent": "only_traj",
    "steer_traj": 0.0005713619443982802,
    "throttle_traj": 0.75,
    "brake_traj": 0.0,
    "plan": [
        [
            0.004915779456496239,
            2.336376667022705
        ],
        [
            0.02711622416973114,
            5.4446587562561035
        ],
        [
            0.021135827526450157,
            8.987879753112793
        ],
        [
            0.0244880523532629,
            12.7723388671875
        ],
        [
            0.05349690467119217,
            16.792667388916016
        ],
        [
            0.09219864010810852,
            20.737464904785156
        ]
    ]
}