{
    "speed": 4.73086074714966,
    "steer": 0.0021744435653090477,
    "throttle": 0.75,
    "brake": 0.0,
    "wp_4": [
        0.03548220545053482,
        13.060519218444824
    ],
    "wp_3": [
        0.027481410652399063,
        9.283576011657715
    ],
    "wp_2": [
        0.017661308869719505,
        5.7232666015625
    ],
    "wp_1": [
        0.0053888969123363495,
        2.525393009185791
    ],
    "aim": [
        0.0053888969123363495,
        2.525393009185791
    ],
    "target": [
        0.5706550745725945,
        46.871447383401765
    ],
    "desired_speed": 7.36129560470581,
    "angle": 0.0013584967983803443,
    "angle_last": 0.00776536602183386,
    "angle_target": 0.007750397642977547,
    "angle_final": 0.0013584967983803443,
    "delta": 0.25,
    "agent": "only_traj",
    "steer_traj": 0.0021744435482036893,
    "throttle_traj": 0.75,
    "brake_traj": 0.0,
    "plan": [
        [
            0.0053888969123363495,
            2.525393009185791
        ],
        [
            0.017661308869719505,
            5.7232666015625
        ],
        [
            0.027481410652399063,
            9.283576011657715
        ],
        [
            0.03548220545053482,
            13.060519218444824
        ],
        [
            0.06740307807922363,
            17.0430908203125
        ],
        [
            0.1147950291633606,
            20.92816925048828
        ]
    ]
}