{
    "speed": 4.819752468419064,
    "steer": 0.0003212781739421189,
    "throttle": 0.75,
    "brake": 0.0,
    "wp_4": [
        0.032065898180007935,
        13.212701797485352
    ],
    "wp_3": [
        0.024946389719843864,
        9.40884780883789
    ],
    "wp_2": [
        0.012039737775921822,
        5.824320316314697
    ],
    "wp_1": [
        9.014424904307816e-06,
        2.582620859146118
    ],
    "aim": [
        9.014424904307816e-06,
        2.582620859146118
    ],
    "target": [
        0.283567999520688,
        47.01739773656777
    ],
    "desired_speed": 7.409919166564942,
    "angle": 2.2489021881457456e-06,
    "angle_last": 0.02462227289342533,
    "angle_target": 0.0038394895338139897,
    "angle_final": 2.2489021881457456e-06,
    "delta": 0.25,
    "agent": "only_traj",
    "steer_traj": 0.0003212781843904127,
    "throttle_traj": 0.75,
    "brake_traj": 0.0,
    "plan": [
        [
            9.014424904307816e-06,
            2.582620859146118
        ],
        [
            0.012039737775921822,
            5.824320316314697
        ],
        [
            0.024946389719843864,
            9.40884780883789
        ],
        [
            0.032065898180007935,
            13.212701797485352
        ],
        [
            -0.028525928035378456,
            17.22911834716797
        ],
        [
            0.12141625583171844,
            21.1040096282959
        ]
    ]
}