{
    "speed": 4.9548395320217935,
    "steer": -0.00011182126763742417,
    "throttle": 0.75,
    "brake": 0.0,
    "wp_4": [
        -0.036373574286699295,
        13.57327651977539
    ],
    "wp_3": [
        0.004000455141067505,
        9.766132354736328
    ],
    "wp_2": [
        0.0029438582714647055,
        6.127416133880615
    ],
    "wp_1": [
        -0.0035631514620035887,
        2.772629499435425
    ],
    "aim": [
        -0.0035631514620035887,
        2.772629499435425
    ],
    "target": [
        -0.7504512342867683,
        47.10241572709058
    ],
    "desired_speed": 7.491527938842773,
    "angle": -0.0008181327081211635,
    "angle_last": 0.017490948272005796,
    "angle_target": -0.010141978254525811,
    "angle_final": -0.0008181327081211635,
    "delta": 0.25,
    "agent": "only_traj",
    "steer_traj": -0.00011182126496794153,
    "throttle_traj": 0.75,
    "brake_traj": 0.0,
    "plan": [
        [
            -0.0035631514620035887,
            2.772629499435425
        ],
        [
            0.0029438582714647055,
            6.127416133880615
        ],
        [
            0.004000455141067505,
            9.766132354736328
        ],
        [
            -0.036373574286699295,
            13.57327651977539
        ],
        [
            -0.0437871515750885,
            17.620967864990234
        ],
        [
            0.06280824542045593,
            21.499757766723633
        ]
    ]
}