{
    "speed": 5.116025853487911,
    "steer": 0.0011700303293764591,
    "throttle": 0.0,
    "brake": 0.0,
    "wp_4": [
        -0.019063258543610573,
        14.098038673400879
    ],
    "wp_3": [
        -0.024243930354714394,
        10.134156227111816
    ],
    "wp_2": [
        -0.14078661799430847,
        6.4566144943237305
    ],
    "wp_1": [
        -0.7943090200424194,
        2.6158790588378906
    ],
    "aim": [
        -0.7943090200424194,
        2.6158790588378906
    ],
    "target": [
        0.018226588066930838,
        45.545298151523035
    ],
    "desired_speed": 7.849897861480713,
    "angle": -0.18767617129160669,
    "angle_last": 0.004399524689842354,
    "angle_target": 0.00025476627001491745,
    "angle_final": 0.00025476627001491745,
    "delta": 0.25,
    "agent": "only_traj",
    "steer_traj": 0.0011700303059307036,
    "throttle_traj": 0.0,
    "brake_traj": 0.0,
    "plan": [
        [
            -0.7943090200424194,
            2.6158790588378906
        ],
        [
            -0.14078661799430847,
            6.4566144943237305
        ],
        [
            -0.024243930354714394,
            10.134156227111816
        ],
        [
            -0.019063258543610573,
            14.098038673400879
        ],
        [
            -0.010872592218220234,
            18.203346252441406
        ],
        [
            0.016633369028568268,
            22.183467864990234
        ]
    ]
}