{
    "speed": 5.262890999952433,
    "steer": -0.013522570952773094,
    "throttle": 0.0,
    "brake": 0.0,
    "wp_4": [
        0.04326016455888748,
        13.367347717285156
    ],
    "wp_3": [
        0.02927602268755436,
        9.68265438079834
    ],
    "wp_2": [
        -0.045988623052835464,
        6.206721305847168
    ],
    "wp_1": [
        -0.6873142123222351,
        2.8276045322418213
    ],
    "aim": [
        -0.6873142123222351,
        2.8276045322418213
    ],
    "target": [
        -0.9708551141833304,
        47.10921303942188
    ],
    "desired_speed": 7.263926410675048,
    "angle": -0.15180105802205937,
    "angle_last": 0.014376989138406203,
    "angle_target": -0.013117987835768164,
    "angle_final": -0.013117987835768164,
    "delta": 0.25,
    "agent": "only_traj",
    "steer_traj": -0.013522571060073579,
    "throttle_traj": 0.0,
    "brake_traj": 0.0,
    "plan": [
        [
            -0.6873142123222351,
            2.8276045322418213
        ],
        [
            -0.045988623052835464,
            6.206721305847168
        ],
        [
            0.02927602268755436,
            9.68265438079834
        ],
        [
            0.04326016455888748,
            13.367347717285156
        ],
        [
            0.06382931768894196,
            17.19803237915039
        ],
        [
            0.1480167955160141,
            20.92525291442871
        ]
    ]
}