{
    "speed": 5.054486992776276,
    "steer": 0.004854150582104921,
    "throttle": 0.0,
    "brake": 0.0,
    "wp_4": [
        0.0062811002135276794,
        12.537428855895996
    ],
    "wp_3": [
        0.007272760849446058,
        8.824246406555176
    ],
    "wp_2": [
        0.026152966544032097,
        5.343348979949951
    ],
    "wp_1": [
        0.0018466004403308034,
        2.301429510116577
    ],
    "aim": [
        0.0018466004403308034,
        2.301429510116577
    ],
    "target": [
        -0.08414046797067185,
        46.468355845606126
    ],
    "desired_speed": 7.320590305328369,
    "angle": 0.000510794431390984,
    "angle_last": 0.011193589748244815,
    "angle_target": -0.0011527291218056332,
    "angle_final": 0.000510794431390984,
    "delta": 0.25,
    "agent": "only_traj",
    "steer_traj": 0.004854150793528327,
    "throttle_traj": 0.0,
    "brake_traj": 0.0,
    "plan": [
        [
            0.0018466004403308034,
            2.301429510116577
        ],
        [
            0.026152966544032097,
            5.343348979949951
        ],
        [
            0.007272760849446058,
            8.824246406555176
        ],
        [
            0.0062811002135276794,
            12.537428855895996
        ],
        [
            0.058900848031044006,
            16.57465934753418
        ],
        [
            0.1297166496515274,
            20.601791381835938
        ]
    ]
}