{
    "speed": 4.977918886591089,
    "steer": -0.0019547133706510067,
    "throttle": 0.75,
    "brake": 0.0,
    "wp_4": [
        -0.05935367941856384,
        13.245271682739258
    ],
    "wp_3": [
        -0.04749663174152374,
        9.401912689208984
    ],
    "wp_2": [
        0.0002503763244021684,
        5.77737283706665
    ],
    "wp_1": [
        -0.008172902278602123,
        2.542875289916992
    ],
    "aim": [
        -0.008172902278602123,
        2.542875289916992
    ],
    "target": [
        -0.22559364479927976,
        45.735100291429106
    ],
    "desired_speed": 7.574795436859131,
    "angle": -0.0020461248298986783,
    "angle_last": 0.0018246192637383254,
    "angle_target": -0.003140174813907738,
    "angle_final": -0.0020461248298986783,
    "delta": 0.25,
    "agent": "only_traj",
    "steer_traj": -0.001954713445282777,
    "throttle_traj": 0.75,
    "brake_traj": 0.0,
    "plan": [
        [
            -0.008172902278602123,
            2.542875289916992
        ],
        [
            0.0002503763244021684,
            5.77737283706665
        ],
        [
            -0.04749663174152374,
            9.401912689208984
        ],
        [
            -0.05935367941856384,
            13.245271682739258
        ],
        [
            -0.05143841728568077,
            17.37955665588379
        ],
        [
            -0.03968745470046997,
            21.479496002197266
        ]
    ]
}