{
    "speed": 4.927267983750988,
    "steer": -0.0012015855172649026,
    "throttle": 0.75,
    "brake": 0.0,
    "wp_4": [
        -0.07319017499685287,
        13.114934921264648
    ],
    "wp_3": [
        -0.039592444896698,
        9.321077346801758
    ],
    "wp_2": [
        0.004823553375899792,
        5.724454402923584
    ],
    "wp_1": [
        -0.00803586095571518,
        2.5324647426605225
    ],
    "aim": [
        -0.00803586095571518,
        2.5324647426605225
    ],
    "target": [
        -1.23916648590766,
        45.22598553955092
    ],
    "desired_speed": 7.435857963562012,
    "angle": -0.002020018329071074,
    "angle_last": -0.00046136916047416417,
    "angle_target": -0.017438659532981446,
    "angle_final": -0.002020018329071074,
    "delta": 0.25,
    "agent": "only_traj",
    "steer_traj": -0.001201585482363475,
    "throttle_traj": 0.75,
    "brake_traj": 0.0,
    "plan": [
        [
            -0.00803586095571518,
            2.5324647426605225
        ],
        [
            0.004823553375899792,
            5.724454402923584
        ],
        [
            -0.039592444896698,
            9.321077346801758
        ],
        [
            -0.07319017499685287,
            13.114934921264648
        ],
        [
            -0.07839007675647736,
            17.145206451416016
        ],
        [
            -0.08127202093601227,
            21.12165641784668
        ]
    ]
}