{
    "speed": 4.91011589071936,
    "steer": -0.0020315092988312244,
    "throttle": 0.75,
    "brake": 0.0,
    "wp_4": [
        -0.08208449929952621,
        13.567608833312988
    ],
    "wp_3": [
        -0.06609319895505905,
        9.680624961853027
    ],
    "wp_2": [
        -0.04572739079594612,
        5.926757335662842
    ],
    "wp_1": [
        -0.011977322399616241,
        2.6310300827026367
    ],
    "aim": [
        -0.011977322399616241,
        2.6310300827026367
    ],
    "target": [
        -0.6020123641560201,
        44.5603399176973
    ],
    "desired_speed": 7.596863174438477,
    "angle": -0.002898077092371602,
    "angle_last": 0.00039581958036243606,
    "angle_target": -0.00860024093623485,
    "angle_final": -0.002898077092371602,
    "delta": 0.25,
    "agent": "only_traj",
    "steer_traj": -0.0020315092668334966,
    "throttle_traj": 0.75,
    "brake_traj": 0.0,
    "plan": [
        [
            -0.011977322399616241,
            2.6310300827026367
        ],
        [
            -0.04572739079594612,
            5.926757335662842
        ],
        [
            -0.06609319895505905,
            9.680624961853027
        ],
        [
            -0.08208449929952621,
            13.567608833312988
        ],
        [
            -0.08972008526325226,
            17.638818740844727
        ],
        [
            -0.08724288642406464,
            21.6229190826416
        ]
    ]
}