{
    "speed": 5.011132973744253,
    "steer": -0.0024069093633443117,
    "throttle": 0.0,
    "brake": 0.0,
    "wp_4": [
        -0.11054691672325134,
        14.038793563842773
    ],
    "wp_3": [
        -0.1027350202202797,
        10.133913040161133
    ],
    "wp_2": [
        -0.35246333479881287,
        6.182194232940674
    ],
    "wp_1": [
        -0.015323728322982788,
        2.8485147953033447
    ],
    "aim": [
        -0.015323728322982788,
        2.8485147953033447
    ],
    "target": [
        -0.42186555526902997,
        44.023017598052796
    ],
    "desired_speed": 7.752655410766602,
    "angle": -0.003424684677379585,
    "angle_last": -0.003662299369505251,
    "angle_target": -0.006100438996039626,
    "angle_final": -0.003424684677379585,
    "delta": 0.25,
    "agent": "only_traj",
    "steer_traj": -0.002406909259204478,
    "throttle_traj": 0.0,
    "brake_traj": 0.0,
    "plan": [
        [
            -0.015323728322982788,
            2.8485147953033447
        ],
        [
            -0.35246333479881287,
            6.182194232940674
        ],
        [
            -0.1027350202202797,
            10.133913040161133
        ],
        [
            -0.11054691672325134,
            14.038793563842773
        ],
        [
            -0.14340952038764954,
            18.1610107421875
        ],
        [
            -0.1666741967201233,
            22.205060958862305
        ]
    ]
}