{
    "speed": 5.077710063893255,
    "steer": -0.0037221957463771105,
    "throttle": 0.0,
    "brake": 0.0,
    "wp_4": [
        -0.15015879273414612,
        13.561897277832031
    ],
    "wp_3": [
        -0.10210533440113068,
        9.711748123168945
    ],
    "wp_2": [
        -0.04336797446012497,
        5.987420082092285
    ],
    "wp_1": [
        -0.020481055602431297,
        2.675370216369629
    ],
    "aim": [
        -0.020481055602431297,
        2.675370216369629
    ],
    "target": [
        -0.5320296053786839,
        44.06112558548379
    ],
    "desired_speed": 7.573288631439208,
    "angle": -0.004873443691330068,
    "angle_last": -0.0029674414579426204,
    "angle_target": -0.007686687578925095,
    "angle_final": -0.004873443691330068,
    "delta": 0.25,
    "agent": "only_traj",
    "steer_traj": -0.003722195804610977,
    "throttle_traj": 0.0,
    "brake_traj": 0.0,
    "plan": [
        [
            -0.020481055602431297,
            2.675370216369629
        ],
        [
            -0.04336797446012497,
            5.987420082092285
        ],
        [
            -0.10210533440113068,
            9.711748123168945
        ],
        [
            -0.15015879273414612,
            13.561897277832031
        ],
        [
            -0.17915964126586914,
            17.63261604309082
        ],
        [
            -0.19768810272216797,
            21.607603073120117
        ]
    ]
}