{
    "speed": 4.852069352125278,
    "steer": 0.00661818590015173,
    "throttle": 0.75,
    "brake": 0.0,
    "wp_4": [
        -0.10764030367136002,
        12.763158798217773
    ],
    "wp_3": [
        -0.1210021823644638,
        9.034276008605957
    ],
    "wp_2": [
        0.008144691586494446,
        5.427691459655762
    ],
    "wp_1": [
        -0.020899668335914612,
        2.312488555908203
    ],
    "aim": [
        -0.020899668335914612,
        2.312488555908203
    ],
    "target": [
        0.3540553705094125,
        44.00074508813555
    ],
    "desired_speed": 7.384349632263183,
    "angle": -0.005753399729400044,
    "angle_last": 0.0006365458031099966,
    "angle_target": 0.005122499277185774,
    "angle_final": 0.005122499277185774,
    "delta": 0.25,
    "agent": "only_traj",
    "steer_traj": 0.006618186038088293,
    "throttle_traj": 0.75,
    "brake_traj": 0.0,
    "plan": [
        [
            -0.020899668335914612,
            2.312488555908203
        ],
        [
            0.008144691586494446,
            5.427691459655762
        ],
        [
            -0.1210021823644638,
            9.034276008605957
        ],
        [
            -0.10764030367136002,
            12.763158798217773
        ],
        [
            -0.09715229272842407,
            16.798267364501953
        ],
        [
            -0.09318003058433533,
            20.770875930786133
        ]
    ]
}