{
    "speed": 4.773544526985984,
    "steer": -0.003073402214795351,
    "throttle": 0.75,
    "brake": 0.0,
    "wp_4": [
        -0.08825498074293137,
        12.996455192565918
    ],
    "wp_3": [
        -0.04105469584465027,
        9.17490005493164
    ],
    "wp_2": [
        0.012246036902070045,
        5.568345069885254
    ],
    "wp_1": [
        -0.005469765979796648,
        2.3913474082946777
    ],
    "aim": [
        -0.005469765979796648,
        2.3913474082946777
    ],
    "target": [
        0.42802212685715657,
        43.51844881015634
    ],
    "desired_speed": 7.473082447052002,
    "angle": -0.0014561482675911322,
    "angle_last": -0.00017988947567886094,
    "angle_target": 0.006261219563955917,
    "angle_final": -0.0014561482675911322,
    "delta": 0.25,
    "agent": "only_traj",
    "steer_traj": -0.0030734021763826258,
    "throttle_traj": 0.75,
    "brake_traj": 0.0,
    "plan": [
        [
            -0.005469765979796648,
            2.3913474082946777
        ],
        [
            0.012246036902070045,
            5.568345069885254
        ],
        [
            -0.04105469584465027,
            9.17490005493164
        ],
        [
            -0.08825498074293137,
            12.996455192565918
        ],
        [
            -0.08125512301921844,
            17.069067001342773
        ],
        [
            -0.08238662779331207,
            21.073312759399414
        ]
    ]
}