{
    "speed": 4.784397674167793,
    "steer": -0.0037127414252609015,
    "throttle": 0.75,
    "brake": 0.0,
    "wp_4": [
        -0.13671010732650757,
        13.026677131652832
    ],
    "wp_3": [
        -0.0638878121972084,
        9.238743782043457
    ],
    "wp_2": [
        0.010555706918239594,
        5.638965606689453
    ],
    "wp_1": [
        -0.014410605654120445,
        2.4508111476898193
    ],
    "aim": [
        -0.014410605654120445,
        2.4508111476898193
    ],
    "target": [
        -0.3505514104249502,
        43.89733420231452
    ],
    "desired_speed": 7.403627872467041,
    "angle": -0.003743199165674513,
    "angle_last": -0.006189697035382302,
    "angle_target": -0.005083753248814109,
    "angle_final": -0.003743199165674513,
    "delta": 0.25,
    "agent": "only_traj",
    "steer_traj": -0.003712741400080711,
    "throttle_traj": 0.75,
    "brake_traj": 0.0,
    "plan": [
        [
            -0.014410605654120445,
            2.4508111476898193
        ],
        [
            0.010555706918239594,
            5.638965606689453
        ],
        [
            -0.0638878121972084,
            9.238743782043457
        ],
        [
            -0.13671010732650757,
            13.026677131652832
        ],
        [
            -0.1582328975200653,
            17.042173385620117
        ],
        [
            -0.19630739092826843,
            20.958070755004883
        ]
    ]
}