{
    "speed": 4.875484547746601,
    "steer": -0.0004671125498134643,
    "throttle": 0.75,
    "brake": 0.0,
    "wp_4": [
        -0.10461389273405075,
        13.27723217010498
    ],
    "wp_3": [
        -0.056916605681180954,
        9.471502304077148
    ],
    "wp_2": [
        0.0026331625413149595,
        5.853385925292969
    ],
    "wp_1": [
        -0.005128941033035517,
        2.5927817821502686
    ],
    "aim": [
        -0.005128941033035517,
        2.5927817821502686
    ],
    "target": [
        -0.4762749127602614,
        43.84912663611367
    ],
    "desired_speed": 7.447080516815186,
    "angle": -0.0012592870375132093,
    "angle_last": -0.00032529661400935463,
    "angle_target": -0.006914484437328444,
    "angle_final": -0.0012592870375132093,
    "delta": 0.25,
    "agent": "only_traj",
    "steer_traj": -0.0004671125507864904,
    "throttle_traj": 0.75,
    "brake_traj": 0.0,
    "plan": [
        [
            -0.005128941033035517,
            2.5927817821502686
        ],
        [
            0.0026331625413149595,
            5.853385925292969
        ],
        [
            -0.056916605681180954,
            9.471502304077148
        ],
        [
            -0.10461389273405075,
            13.27723217010498
        ],
        [
            -0.11328189074993134,
            17.303016662597656
        ],
        [
            -0.11527808010578156,
            21.209674835205078
        ]
    ]
}