{
    "speed": 5.011910398079814,
    "steer": 0.0011088866740465164,
    "throttle": 0.0,
    "brake": 0.0,
    "wp_4": [
        -0.045732490718364716,
        13.94227409362793
    ],
    "wp_3": [
        -0.03964340686798096,
        10.036712646484375
    ],
    "wp_2": [
        -0.010420848615467548,
        6.307162761688232
    ],
    "wp_1": [
        -0.004783290438354015,
        2.8594272136688232
    ],
    "aim": [
        -0.004783290438354015,
        2.8594272136688232
    ],
    "target": [
        0.05486801822661588,
        41.92564260188634
    ],
    "desired_speed": 7.617084503173828,
    "angle": -0.0010649302101309575,
    "angle_last": 0.006566212476551956,
    "angle_target": 0.0008331427538015696,
    "angle_final": 0.0008331427538015696,
    "delta": 0.25,
    "agent": "only_traj",
    "steer_traj": 0.0011088866840256902,
    "throttle_traj": 0.0,
    "brake_traj": 0.0,
    "plan": [
        [
            -0.004783290438354015,
            2.8594272136688232
        ],
        [
            -0.010420848615467548,
            6.307162761688232
        ],
        [
            -0.03964340686798096,
            10.036712646484375
        ],
        [
            -0.045732490718364716,
            13.94227409362793
        ],
        [
            -0.02969880774617195,
            18.000896453857422
        ],
        [
            0.010537125170230865,
            21.901775360107422
        ]
    ]
}