{
    "speed": 5.144083789024098,
    "steer": 0.014307857491075993,
    "throttle": 0.0,
    "brake": 0.0,
    "wp_4": [
        -0.054590195417404175,
        13.805216789245605
    ],
    "wp_3": [
        -0.05884488299489021,
        9.944662094116211
    ],
    "wp_2": [
        -0.5351362824440002,
        6.257064342498779
    ],
    "wp_1": [
        -0.07033077627420425,
        2.8836936950683594
    ],
    "aim": [
        -0.07033077627420425,
        2.8836936950683594
    ],
    "target": [
        0.9058266152731185,
        42.06700367789946
    ],
    "desired_speed": 7.5261283874511715,
    "angle": -0.015523529991158616,
    "angle_last": 0.008421367746118196,
    "angle_target": 0.013706182533998782,
    "angle_final": 0.013706182533998782,
    "delta": 0.25,
    "agent": "only_traj",
    "steer_traj": 0.014307857532349397,
    "throttle_traj": 0.0,
    "brake_traj": 0.0,
    "plan": [
        [
            -0.07033077627420425,
            2.8836936950683594
        ],
        [
            -0.5351362824440002,
            6.257064342498779
        ],
        [
            -0.05884488299489021,
            9.944662094116211
        ],
        [
            -0.054590195417404175,
            13.805216789245605
        ],
        [
            -0.04060768708586693,
            17.814483642578125
        ],
        [
            0.009949088096618652,
            21.636150360107422
        ]
    ]
}