{
    "speed": 5.0808909966243325,
    "steer": -0.004764677491039038,
    "throttle": 0.0,
    "brake": 0.0,
    "wp_4": [
        -0.04870368540287018,
        13.078102111816406
    ],
    "wp_3": [
        -0.03191026300191879,
        9.31949520111084
    ],
    "wp_2": [
        0.013817845843732357,
        5.755209445953369
    ],
    "wp_1": [
        -0.003259629476815462,
        2.552011251449585
    ],
    "aim": [
        -0.003259629476815462,
        2.552011251449585
    ],
    "target": [
        0.16051714439273956,
        43.03316093620138
    ],
    "desired_speed": 7.309323596954346,
    "angle": -0.0008131239027298208,
    "angle_last": 0.0074633957695285184,
    "angle_target": 0.0023746318367637844,
    "angle_final": -0.0008131239027298208,
    "delta": 0.25,
    "agent": "only_traj",
    "steer_traj": -0.00476467754722906,
    "throttle_traj": 0.0,
    "brake_traj": 0.0,
    "plan": [
        [
            -0.003259629476815462,
            2.552011251449585
        ],
        [
            0.013817845843732357,
            5.755209445953369
        ],
        [
            -0.03191026300191879,
            9.31949520111084
        ],
        [
            -0.04870368540287018,
            13.078102111816406
        ],
        [
            -0.02775542065501213,
            17.024091720581055
        ],
        [
            0.01680205762386322,
            20.824626922607422
        ]
    ]
}