{
    "speed": 4.967995892811397,
    "steer": 0.0009150637779384851,
    "throttle": 0.75,
    "brake": 0.0,
    "wp_4": [
        -0.022465799003839493,
        12.727148056030273
    ],
    "wp_3": [
        -0.010434547439217567,
        8.897571563720703
    ],
    "wp_2": [
        0.036336999386548996,
        5.332991123199463
    ],
    "wp_1": [
        -0.17787383496761322,
        2.389007091522217
    ],
    "aim": [
        -0.17787383496761322,
        2.389007091522217
    ],
    "target": [
        0.029709909893894715,
        42.84721481677458
    ],
    "desired_speed": 7.3076958656311035,
    "angle": -0.04731229286226885,
    "angle_last": 0.00570993442760469,
    "angle_target": 0.0004414268960858139,
    "angle_final": 0.0004414268960858139,
    "delta": 0.25,
    "agent": "only_traj",
    "steer_traj": 0.000915063804450755,
    "throttle_traj": 0.75,
    "brake_traj": 0.0,
    "plan": [
        [
            -0.17787383496761322,
            2.389007091522217
        ],
        [
            0.036336999386548996,
            5.332991123199463
        ],
        [
            -0.010434547439217567,
            8.897571563720703
        ],
        [
            -0.022465799003839493,
            12.727148056030273
        ],
        [
            0.025972098112106323,
            16.7562313079834
        ],
        [
            0.06089385971426964,
            20.649690628051758
        ]
    ]
}