{
    "speed": 4.872762079851891,
    "steer": -0.005246780812740326,
    "throttle": 0.75,
    "brake": 0.0,
    "wp_4": [
        -0.06392724066972733,
        13.222912788391113
    ],
    "wp_3": [
        -0.5425532460212708,
        9.291584014892578
    ],
    "wp_2": [
        -0.10744861513376236,
        5.511779308319092
    ],
    "wp_1": [
        -0.5520144104957581,
        2.0482177734375
    ],
    "aim": [
        -0.5520144104957581,
        2.0482177734375
    ],
    "target": [
        -0.3223338009925556,
        42.27884957032842
    ],
    "desired_speed": 7.714332771301269,
    "angle": -0.16759313840204584,
    "angle_last": 0.004733520940255979,
    "angle_target": -0.004853492878528571,
    "angle_final": -0.004853492878528571,
    "delta": 0.25,
    "agent": "only_traj",
    "steer_traj": -0.005246780986765736,
    "throttle_traj": 0.75,
    "brake_traj": 0.0,
    "plan": [
        [
            -0.5520144104957581,
            2.0482177734375
        ],
        [
            -0.10744861513376236,
            5.511779308319092
        ],
        [
            -0.5425532460212708,
            9.291584014892578
        ],
        [
            -0.06392724066972733,
            13.222912788391113
        ],
        [
            0.003747217357158661,
            17.294185638427734
        ],
        [
            0.033167947083711624,
            21.250974655151367
        ]
    ]
}