{
    "speed": 4.802803514244866,
    "steer": 0.01641765423119068,
    "throttle": 0.75,
    "brake": 0.0,
    "wp_4": [
        -0.03832979500293732,
        13.462310791015625
    ],
    "wp_3": [
        -0.5235313177108765,
        9.591104507446289
    ],
    "wp_2": [
        -0.21736691892147064,
        5.681017875671387
    ],
    "wp_1": [
        -0.6109409928321838,
        2.4296531677246094
    ],
    "aim": [
        -0.6109409928321838,
        2.4296531677246094
    ],
    "target": [
        0.89835171507124,
        41.21923587791762
    ],
    "desired_speed": 7.64721965789795,
    "angle": -0.15682792546920718,
    "angle_last": 0.006382783951841725,
    "angle_target": 0.01387259918682437,
    "angle_final": 0.01387259918682437,
    "delta": 0.25,
    "agent": "only_traj",
    "steer_traj": 0.016417654239440718,
    "throttle_traj": 0.75,
    "brake_traj": 0.0,
    "plan": [
        [
            -0.6109409928321838,
            2.4296531677246094
        ],
        [
            -0.21736691892147064,
            5.681017875671387
        ],
        [
            -0.5235313177108765,
            9.591104507446289
        ],
        [
            -0.03832979500293732,
            13.462310791015625
        ],
        [
            -0.008556339889764786,
            17.56616973876953
        ],
        [
            0.03069930523633957,
            21.481407165527344
        ]
    ]
}