{
    "speed": 4.817933118375853,
    "steer": -0.004254130646586418,
    "throttle": 0.75,
    "brake": 0.0,
    "wp_4": [
        -0.09652166068553925,
        14.195104598999023
    ],
    "wp_3": [
        -0.05979403853416443,
        10.188270568847656
    ],
    "wp_2": [
        -0.0029143295250833035,
        6.313924789428711
    ],
    "wp_1": [
        -0.0014327919343486428,
        2.8148562908172607
    ],
    "aim": [
        -0.0014327919343486428,
        2.8148562908172607
    ],
    "target": [
        -1.7522021252345457,
        41.68034093221484
    ],
    "desired_speed": 7.738525295257569,
    "angle": -0.00032400646716613,
    "angle_last": -0.010320140099461346,
    "angle_target": -0.02674714416050422,
    "angle_final": -0.00032400646716613,
    "delta": 0.25,
    "agent": "only_traj",
    "steer_traj": -0.00425413066514757,
    "throttle_traj": 0.75,
    "brake_traj": 0.0,
    "plan": [
        [
            -0.0014327919343486428,
            2.8148562908172607
        ],
        [
            -0.0029143295250833035,
            6.313924789428711
        ],
        [
            -0.05979403853416443,
            10.188270568847656
        ],
        [
            -0.09652166068553925,
            14.195104598999023
        ],
        [
            -0.15720511972904205,
            18.284547805786133
        ],
        [
            -0.2200288027524948,
            22.159624099731445
        ]
    ]
}