{
    "speed": 4.911686788640309,
    "steer": -0.000897723191883415,
    "throttle": 0.75,
    "brake": 0.0,
    "wp_4": [
        -0.09028137475252151,
        13.809718132019043
    ],
    "wp_3": [
        -0.36870643496513367,
        9.998157501220703
    ],
    "wp_2": [
        -0.4657646715641022,
        5.920853614807129
    ],
    "wp_1": [
        -0.5673933625221252,
        2.558790922164917
    ],
    "aim": [
        -0.5673933625221252,
        2.558790922164917
    ],
    "target": [
        -0.06881191463555719,
        41.317423599621975
    ],
    "desired_speed": 7.750748348236085,
    "angle": -0.1389180311005721,
    "angle_last": -0.0037061643621748882,
    "angle_target": -0.0010602545152234015,
    "angle_final": -0.0010602545152234015,
    "delta": 0.25,
    "agent": "only_traj",
    "steer_traj": -0.0008977231666759534,
    "throttle_traj": 0.75,
    "brake_traj": 0.0,
    "plan": [
        [
            -0.5673933625221252,
            2.558790922164917
        ],
        [
            -0.4657646715641022,
            5.920853614807129
        ],
        [
            -0.36870643496513367,
            9.998157501220703
        ],
        [
            -0.09028137475252151,
            13.809718132019043
        ],
        [
            -0.10892683267593384,
            17.95622444152832
        ],
        [
            -0.1320185661315918,
            21.922706604003906
        ]
    ]
}