{
    "speed": 5.049455393774415,
    "steer": -0.0017475340282544494,
    "throttle": 0.0,
    "brake": 0.0,
    "wp_4": [
        -0.0889073982834816,
        14.168558120727539
    ],
    "wp_3": [
        -0.2150171548128128,
        10.320002555847168
    ],
    "wp_2": [
        -0.6386385560035706,
        6.390817165374756
    ],
    "wp_1": [
        -0.6699649691581726,
        2.956843852996826
    ],
    "aim": [
        -0.6699649691581726,
        2.956843852996826
    ],
    "target": [
        -0.12852389563418196,
        41.263262642402175
    ],
    "desired_speed": 7.678391551971435,
    "angle": -0.1418508384391848,
    "angle_last": 0.0001322501693907218,
    "angle_target": -0.001982891883683132,
    "angle_final": -0.001982891883683132,
    "delta": 0.25,
    "agent": "only_traj",
    "steer_traj": -0.0017475340769212897,
    "throttle_traj": 0.0,
    "brake_traj": 0.0,
    "plan": [
        [
            -0.6699649691581726,
            2.956843852996826
        ],
        [
            -0.6386385560035706,
            6.390817165374756
        ],
        [
            -0.2150171548128128,
            10.320002555847168
        ],
        [
            -0.0889073982834816,
            14.168558120727539
        ],
        [
            -0.1111847311258316,
            18.23324966430664
        ],
        [
            -0.11037586629390717,
            22.127782821655273
        ]
    ]
}