{
    "speed": 5.183425572557641,
    "steer": -0.0027643225621432066,
    "throttle": 0.0,
    "brake": 0.0,
    "wp_4": [
        -0.08072993904352188,
        14.372145652770996
    ],
    "wp_3": [
        -0.16471168398857117,
        10.493908882141113
    ],
    "wp_2": [
        -0.5783925652503967,
        6.520656108856201
    ],
    "wp_1": [
        -0.6393609642982483,
        3.1445324420928955
    ],
    "aim": [
        -0.6393609642982483,
        3.1445324420928955
    ],
    "target": [
        -0.197933568143065,
        40.72431031244462
    ],
    "desired_speed": 7.701497268676758,
    "angle": -0.12769974895278924,
    "angle_last": 0.002029524938838708,
    "angle_target": -0.003094157517178114,
    "angle_final": -0.003094157517178114,
    "delta": 0.25,
    "agent": "only_traj",
    "steer_traj": -0.0027643226065375455,
    "throttle_traj": 0.0,
    "brake_traj": 0.0,
    "plan": [
        [
            -0.6393609642982483,
            3.1445324420928955
        ],
        [
            -0.5783925652503967,
            6.520656108856201
        ],
        [
            -0.16471168398857117,
            10.493908882141113
        ],
        [
            -0.08072993904352188,
            14.372145652770996
        ],
        [
            -0.09557157754898071,
            18.44744873046875
        ],
        [
            -0.083049476146698,
            22.37529182434082
        ]
    ]
}