{
    "speed": 5.158666824132911,
    "steer": 0.004013923928141594,
    "throttle": 0.0,
    "brake": 0.0,
    "wp_4": [
        -0.012498937547206879,
        14.96196174621582
    ],
    "wp_3": [
        -0.009631901979446411,
        10.856332778930664
    ],
    "wp_2": [
        0.008008193224668503,
        6.896370887756348
    ],
    "wp_1": [
        0.015201839618384838,
        3.1632275581359863
    ],
    "aim": [
        0.015201839618384838,
        3.1632275581359863
    ],
    "target": [
        -0.20105458599614695,
        39.29907119577464
    ],
    "desired_speed": 8.043035888671874,
    "angle": 0.003059441574685853,
    "angle_last": -0.0005280773413679553,
    "angle_target": -0.0032569270518107082,
    "angle_final": 0.003059441574685853,
    "delta": 0.25,
    "agent": "only_traj",
    "steer_traj": 0.004013923754575004,
    "throttle_traj": 0.0,
    "brake_traj": 0.0,
    "plan": [
        [
            0.015201839618384838,
            3.1632275581359863
        ],
        [
            0.008008193224668503,
            6.896370887756348
        ],
        [
            -0.009631901979446411,
            10.856332778930664
        ],
        [
            -0.012498937547206879,
            14.96196174621582
        ],
        [
            0.0017980756238102913,
            19.204483032226562
        ],
        [
            -0.0015750443562865257,
            23.27074432373047
        ]
    ]
}