{
    "speed": 4.8913203999550765,
    "steer": -0.006267590448260307,
    "throttle": 0.75,
    "brake": 0.0,
    "wp_4": [
        -0.15225008130073547,
        14.357490539550781
    ],
    "wp_3": [
        -0.11454987525939941,
        10.362253189086914
    ],
    "wp_2": [
        -0.03061717003583908,
        6.470332145690918
    ],
    "wp_1": [
        -0.015330024063587189,
        2.909283399581909
    ],
    "aim": [
        -0.015330024063587189,
        2.909283399581909
    ],
    "target": [
        -0.5515043443426846,
        39.42365212997349
    ],
    "desired_speed": 7.888066673278808,
    "angle": -0.0033544855109100095,
    "angle_last": -0.011868088638358571,
    "angle_target": -0.008905204132474672,
    "angle_final": -0.0033544855109100095,
    "delta": 0.25,
    "agent": "only_traj",
    "steer_traj": -0.006267590531848541,
    "throttle_traj": 0.75,
    "brake_traj": 0.0,
    "plan": [
        [
            -0.015330024063587189,
            2.909283399581909
        ],
        [
            -0.03061717003583908,
            6.470332145690918
        ],
        [
            -0.11454987525939941,
            10.362253189086914
        ],
        [
            -0.15225008130073547,
            14.357490539550781
        ],
        [
            -0.20528459548950195,
            18.57379150390625
        ],
        [
            -0.28086039423942566,
            22.627296447753906
        ]
    ]
}