{
    "speed": 4.827750947742597,
    "steer": 0.001981844427064061,
    "throttle": 0.75,
    "brake": 0.0,
    "wp_4": [
        -0.19065724313259125,
        14.028483390808105
    ],
    "wp_3": [
        -0.1424683928489685,
        10.014189720153809
    ],
    "wp_2": [
        -0.03934204578399658,
        6.136373996734619
    ],
    "wp_1": [
        -0.015370442532002926,
        2.6726691722869873
    ],
    "aim": [
        -0.015370442532002926,
        2.6726691722869873
    ],
    "target": [
        0.06272201654837034,
        39.21813297257036
    ],
    "desired_speed": 7.902648544311524,
    "angle": -0.0036610851136528043,
    "angle_last": -0.013342422916201212,
    "angle_target": 0.0010181525439032267,
    "angle_final": 0.0010181525439032267,
    "delta": 0.25,
    "agent": "only_traj",
    "steer_traj": 0.001981844515108852,
    "throttle_traj": 0.75,
    "brake_traj": 0.0,
    "plan": [
        [
            -0.015370442532002926,
            2.6726691722869873
        ],
        [
            -0.03934204578399658,
            6.136373996734619
        ],
        [
            -0.1424683928489685,
            10.014189720153809
        ],
        [
            -0.19065724313259125,
            14.028483390808105
        ],
        [
            -0.24267883598804474,
            18.3098087310791
        ],
        [
            -0.3289666771888733,
            22.426326751708984
        ]
    ]
}