{
    "speed": 4.8470874924672644,
    "steer": -0.004741203971207142,
    "throttle": 0.75,
    "brake": 0.0,
    "wp_4": [
        -0.19927474856376648,
        14.313753128051758
    ],
    "wp_3": [
        -0.1469113677740097,
        10.277806282043457
    ],
    "wp_2": [
        -0.043829336762428284,
        6.378687858581543
    ],
    "wp_1": [
        -0.017588039860129356,
        2.8405816555023193
    ],
    "aim": [
        -0.017588039860129356,
        2.8405816555023193
    ],
    "target": [
        -0.31430674399042274,
        39.67382327664093
    ],
    "desired_speed": 7.935880184173584,
    "angle": -0.003941654106558772,
    "angle_last": -0.014749441885223839,
    "angle_target": -0.005043368279720148,
    "angle_final": -0.003941654106558772,
    "delta": 0.25,
    "agent": "only_traj",
    "steer_traj": -0.004741203836046282,
    "throttle_traj": 0.75,
    "brake_traj": 0.0,
    "plan": [
        [
            -0.017588039860129356,
            2.8405816555023193
        ],
        [
            -0.043829336762428284,
            6.378687858581543
        ],
        [
            -0.1469113677740097,
            10.277806282043457
        ],
        [
            -0.19927474856376648,
            14.313753128051758
        ],
        [
            -0.2596927583217621,
            18.581890106201172
        ],
        [
            -0.35458576679229736,
            22.676956176757812
        ]
    ]
}