{
    "speed": 4.942767421612876,
    "steer": -0.0034280719701200724,
    "throttle": 0.75,
    "brake": 0.0,
    "wp_4": [
        -0.19461211562156677,
        14.691465377807617
    ],
    "wp_3": [
        -0.1278669536113739,
        10.628159523010254
    ],
    "wp_2": [
        -0.04369276762008667,
        6.667261123657227
    ],
    "wp_1": [
        -0.019327573478221893,
        3.0165841579437256
    ],
    "aim": [
        -0.019327573478221893,
        3.0165841579437256
    ],
    "target": [
        -0.5802823743633638,
        38.51392546139156
    ],
    "desired_speed": 7.939326953887939,
    "angle": -0.0040787891268944726,
    "angle_last": -0.0144670515085392,
    "angle_target": -0.009591109673196666,
    "angle_final": -0.0040787891268944726,
    "delta": 0.25,
    "agent": "only_traj",
    "steer_traj": -0.0034280719949776953,
    "throttle_traj": 0.75,
    "brake_traj": 0.0,
    "plan": [
        [
            -0.019327573478221893,
            3.0165841579437256
        ],
        [
            -0.04369276762008667,
            6.667261123657227
        ],
        [
            -0.1278669536113739,
            10.628159523010254
        ],
        [
            -0.19461211562156677,
            14.691465377807617
        ],
        [
            -0.2637646198272705,
            18.888803482055664
        ],
        [
            -0.35406532883644104,
            22.86178207397461
        ]
    ]
}