{
    "speed": 5.081694039375543,
    "steer": -0.0020560789853334427,
    "throttle": 0.0,
    "brake": 0.0,
    "wp_4": [
        -0.14123795926570892,
        15.020959854125977
    ],
    "wp_3": [
        -0.1147024855017662,
        10.948812484741211
    ],
    "wp_2": [
        -0.047677021473646164,
        6.986429691314697
    ],
    "wp_1": [
        -0.013958239927887917,
        3.2469851970672607
    ],
    "aim": [
        -0.013958239927887917,
        3.2469851970672607
    ],
    "target": [
        -0.7857126435719707,
        39.67951209892307
    ],
    "desired_speed": 8.006972980499267,
    "angle": -0.002736656954986967,
    "angle_last": -0.004979008059502153,
    "angle_target": -0.012604359714943114,
    "angle_final": -0.002736656954986967,
    "delta": 0.25,
    "agent": "only_traj",
    "steer_traj": -0.0020560790897925403,
    "throttle_traj": 0.0,
    "brake_traj": 0.0,
    "plan": [
        [
            -0.013958239927887917,
            3.2469851970672607
        ],
        [
            -0.047677021473646164,
            6.986429691314697
        ],
        [
            -0.1147024855017662,
            10.948812484741211
        ],
        [
            -0.14123795926570892,
            15.020959854125977
        ],
        [
            -0.1801987737417221,
            19.240154266357422
        ],
        [
            -0.2116648107767105,
            23.263309478759766
        ]
    ]
}