{
    "speed": 5.2088950288249425,
    "steer": -0.0011200167937204242,
    "throttle": 0.0,
    "brake": 0.0,
    "wp_4": [
        -0.17115074396133423,
        14.893281936645508
    ],
    "wp_3": [
        -0.11543675512075424,
        10.802878379821777
    ],
    "wp_2": [
        -0.04569634422659874,
        6.81772518157959
    ],
    "wp_1": [
        -0.016948599368333817,
        3.1081957817077637
    ],
    "aim": [
        -0.016948599368333817,
        3.1081957817077637
    ],
    "target": [
        -0.0866896571137106,
        38.5846013433706
    ],
    "desired_speed": 8.0099045753479,
    "angle": -0.0034713576367080058,
    "angle_last": -0.008372777276099934,
    "angle_target": -0.001430318183843579,
    "angle_final": -0.001430318183843579,
    "delta": 0.25,
    "agent": "only_traj",
    "steer_traj": -0.0011200167624494113,
    "throttle_traj": 0.0,
    "brake_traj": 0.0,
    "plan": [
        [
            -0.016948599368333817,
            3.1081957817077637
        ],
        [
            -0.04569634422659874,
            6.81772518157959
        ],
        [
            -0.11543675512075424,
            10.802878379821777
        ],
        [
            -0.17115074396133423,
            14.893281936645508
        ],
        [
            -0.21759358048439026,
            19.12311553955078
        ],
        [
            -0.2703113257884979,
            23.131254196166992
        ]
    ]
}