{
    "speed": 5.10081509730574,
    "steer": -0.0014162540901452303,
    "throttle": 0.0,
    "brake": 0.0,
    "wp_4": [
        -0.19754114747047424,
        14.418106079101562
    ],
    "wp_3": [
        -0.12279529869556427,
        10.389190673828125
    ],
    "wp_2": [
        -0.03647704795002937,
        6.449421405792236
    ],
    "wp_1": [
        -0.021263621747493744,
        2.8758773803710938
    ],
    "aim": [
        -0.021263621747493744,
        2.8758773803710938
    ],
    "target": [
        -0.0778808648288374,
        37.47401194722449
    ],
    "desired_speed": 7.909816741943359,
    "angle": -0.004706938857563312,
    "angle_last": -0.01262100315786631,
    "angle_target": -0.0013230616227266675,
    "angle_final": -0.0013230616227266675,
    "delta": 0.25,
    "agent": "only_traj",
    "steer_traj": -0.0014162540340061295,
    "throttle_traj": 0.0,
    "brake_traj": 0.0,
    "plan": [
        [
            -0.021263621747493744,
            2.8758773803710938
        ],
        [
            -0.03647704795002937,
            6.449421405792236
        ],
        [
            -0.12279529869556427,
            10.389190673828125
        ],
        [
            -0.19754114747047424,
            14.418106079101562
        ],
        [
            -0.2607622444629669,
            18.64227294921875
        ],
        [
            -0.34017616510391235,
            22.64748764038086
        ]
    ]
}