{
    "speed": 4.976263590974942,
    "steer": -0.008231627754867077,
    "throttle": 0.75,
    "brake": 0.0,
    "wp_4": [
        -0.23887662589550018,
        13.629549026489258
    ],
    "wp_3": [
        -0.15898357331752777,
        9.758710861206055
    ],
    "wp_2": [
        -0.0338839516043663,
        5.975831508636475
    ],
    "wp_1": [
        -0.03145511448383331,
        2.6291849613189697
    ],
    "aim": [
        -0.03145511448383331,
        2.6291849613189697
    ],
    "target": [
        -0.5250142974705464,
        38.86575293622029
    ],
    "desired_speed": 7.683274745941162,
    "angle": -0.00761599231606252,
    "angle_last": -0.02056489261754503,
    "angle_target": -0.008599194135932886,
    "angle_final": -0.00761599231606252,
    "delta": 0.25,
    "agent": "only_traj",
    "steer_traj": -0.008231628046421725,
    "throttle_traj": 0.75,
    "brake_traj": 0.0,
    "plan": [
        [
            -0.03145511448383331,
            2.6291849613189697
        ],
        [
            -0.0338839516043663,
            5.975831508636475
        ],
        [
            -0.15898357331752777,
            9.758710861206055
        ],
        [
            -0.23887662589550018,
            13.629549026489258
        ],
        [
            -0.3276078701019287,
            17.79723358154297
        ],
        [
            -0.45797085762023926,
            21.83142852783203
        ]
    ]
}