{
    "speed": 4.904449680171326,
    "steer": -0.005971200298517942,
    "throttle": 0.75,
    "brake": 0.0,
    "wp_4": [
        -0.1971028745174408,
        14.008027076721191
    ],
    "wp_3": [
        -0.12544628977775574,
        10.017852783203125
    ],
    "wp_2": [
        -0.0353451743721962,
        6.1377177238464355
    ],
    "wp_1": [
        -0.02975652925670147,
        2.658698797225952
    ],
    "aim": [
        -0.02975652925670147,
        2.658698797225952
    ],
    "target": [
        -0.9440713643388049,
        38.28308114399574
    ],
    "desired_speed": 7.815965747833252,
    "angle": -0.007124825823747826,
    "angle_last": -0.01406877558893668,
    "angle_target": -0.01569603835550445,
    "angle_final": -0.007124825823747826,
    "delta": 0.25,
    "agent": "only_traj",
    "steer_traj": -0.005971200439010855,
    "throttle_traj": 0.75,
    "brake_traj": 0.0,
    "plan": [
        [
            -0.02975652925670147,
            2.658698797225952
        ],
        [
            -0.0353451743721962,
            6.1377177238464355
        ],
        [
            -0.12544628977775574,
            10.017852783203125
        ],
        [
            -0.1971028745174408,
            14.008027076721191
        ],
        [
            -0.25632187724113464,
            18.203601837158203
        ],
        [
            -0.3445548415184021,
            22.195526123046875
        ]
    ]
}