{
    "speed": 4.846190374174105,
    "steer": -0.0065911915153265,
    "throttle": 0.75,
    "brake": 0.0,
    "wp_4": [
        -0.22226712107658386,
        13.491349220275879
    ],
    "wp_3": [
        -0.12814480066299438,
        9.681960105895996
    ],
    "wp_2": [
        -0.02892111986875534,
        5.950668811798096
    ],
    "wp_1": [
        -0.030703291296958923,
        2.6259448528289795
    ],
    "aim": [
        -0.030703291296958923,
        2.6259448528289795
    ],
    "target": [
        -0.9249092259950324,
        37.42483164098332
    ],
    "desired_speed": 7.4452239036560055,
    "angle": -0.007443188530061198,
    "angle_last": -0.02026899364450192,
    "angle_target": -0.01573008192259731,
    "angle_final": -0.007443188530061198,
    "delta": 0.25,
    "agent": "only_traj",
    "steer_traj": -0.006591191481819618,
    "throttle_traj": 0.75,
    "brake_traj": 0.0,
    "plan": [
        [
            -0.030703291296958923,
            2.6259448528289795
        ],
        [
            -0.02892111986875534,
            5.950668811798096
        ],
        [
            -0.12814480066299438,
            9.681960105895996
        ],
        [
            -0.22226712107658386,
            13.491349220275879
        ],
        [
            -0.29276975989341736,
            17.485200881958008
        ],
        [
            -0.41216638684272766,
            21.233999252319336
        ]
    ]
}