{
    "speed": 4.868522917208272,
    "steer": -0.0045793079771101475,
    "throttle": 0.75,
    "brake": 0.0,
    "wp_4": [
        -0.18732015788555145,
        13.713997840881348
    ],
    "wp_3": [
        -0.11979769170284271,
        9.852763175964355
    ],
    "wp_2": [
        -0.02952640876173973,
        6.092621326446533
    ],
    "wp_1": [
        -0.02349092997610569,
        2.7211153507232666
    ],
    "aim": [
        -0.02349092997610569,
        2.7211153507232666
    ],
    "target": [
        0.3333536666862437,
        38.37810094378694
    ],
    "desired_speed": 7.594499874114991,
    "angle": -0.0054956739247182295,
    "angle_last": -0.00737488663836107,
    "angle_target": 0.00552956486377866,
    "angle_final": -0.0054956739247182295,
    "delta": 0.25,
    "agent": "only_traj",
    "steer_traj": -0.004579308035373588,
    "throttle_traj": 0.75,
    "brake_traj": 0.0,
    "plan": [
        [
            -0.02349092997610569,
            2.7211153507232666
        ],
        [
            -0.02952640876173973,
            6.092621326446533
        ],
        [
            -0.11979769170284271,
            9.852763175964355
        ],
        [
            -0.18732015788555145,
            13.713997840881348
        ],
        [
            -0.22829273343086243,
            17.806535720825195
        ],
        [
            -0.27345913648605347,
            21.705219268798828
        ]
    ]
}