{
    "speed": 4.965924548533634,
    "steer": -0.0015947045758366585,
    "throttle": 0.75,
    "brake": 0.0,
    "wp_4": [
        -0.10102624446153641,
        14.308771133422852
    ],
    "wp_3": [
        -0.061407700181007385,
        10.473339080810547
    ],
    "wp_2": [
        -0.02234005555510521,
        6.66318416595459
    ],
    "wp_1": [
        -0.010030956007540226,
        3.0999884605407715
    ],
    "aim": [
        -0.010030956007540226,
        3.0999884605407715
    ],
    "target": [
        0.24702303506402656,
        36.35142755576414
    ],
    "desired_speed": 7.527054786682129,
    "angle": -0.0020599369902202596,
    "angle_last": -0.0021138195936725823,
    "angle_target": 0.004326028944765097,
    "angle_final": -0.0020599369902202596,
    "delta": 0.25,
    "agent": "only_traj",
    "steer_traj": -0.0015947046212362675,
    "throttle_traj": 0.75,
    "brake_traj": 0.0,
    "plan": [
        [
            -0.010030956007540226,
            3.0999884605407715
        ],
        [
            -0.02234005555510521,
            6.66318416595459
        ],
        [
            -0.061407700181007385,
            10.473339080810547
        ],
        [
            -0.10102624446153641,
            14.308771133422852
        ],
        [
            -0.13587713241577148,
            18.242733001708984
        ],
        [
            -0.14807716012001038,
            21.917024612426758
        ]
    ]
}