{
    "speed": 5.10560712458546,
    "steer": -0.0001181244442705065,
    "throttle": 0.0,
    "brake": 0.0,
    "wp_4": [
        -0.040948979556560516,
        14.42719554901123
    ],
    "wp_3": [
        -0.025193631649017334,
        10.558542251586914
    ],
    "wp_2": [
        -0.013491634279489517,
        6.750381946563721
    ],
    "wp_1": [
        0.0015233055455610156,
        3.1503746509552
    ],
    "aim": [
        0.0015233055455610156,
        3.1503746509552
    ],
    "target": [
        0.1806803569992207,
        36.233802252240295
    ],
    "desired_speed": 7.517658424377442,
    "angle": 0.0003078619220508274,
    "angle_last": 0.0035408940201809742,
    "angle_target": 0.0031744870047693465,
    "angle_final": 0.0003078619220508274,
    "delta": 0.25,
    "agent": "only_traj",
    "steer_traj": -0.0001181244443852924,
    "throttle_traj": 0.0,
    "brake_traj": 0.0,
    "plan": [
        [
            0.0015233055455610156,
            3.1503746509552
        ],
        [
            -0.013491634279489517,
            6.750381946563721
        ],
        [
            -0.025193631649017334,
            10.558542251586914
        ],
        [
            -0.040948979556560516,
            14.42719554901123
        ],
        [
            -0.04001437500119209,
            18.334266662597656
        ],
        [
            -0.019934438169002533,
            21.94438362121582
        ]
    ]
}