{
    "speed": 5.209071868550424,
    "steer": -0.0020712674595415592,
    "throttle": 0.0,
    "brake": 0.0,
    "wp_4": [
        -0.056523606181144714,
        14.531004905700684
    ],
    "wp_3": [
        -0.02274233289062977,
        10.66898250579834
    ],
    "wp_2": [
        -0.01948530413210392,
        6.862367153167725
    ],
    "wp_1": [
        -0.004344950895756483,
        3.231475353240967
    ],
    "aim": [
        -0.004344950895756483,
        3.231475353240967
    ],
    "target": [
        -0.9577931971733551,
        36.745390800641886
    ],
    "desired_speed": 7.522966384887695,
    "angle": -0.0008559264215285675,
    "angle_last": 0.0030221790982138948,
    "angle_target": -0.016590163778100454,
    "angle_final": -0.0008559264215285675,
    "delta": 0.25,
    "agent": "only_traj",
    "steer_traj": -0.002071267366791423,
    "throttle_traj": 0.0,
    "brake_traj": 0.0,
    "plan": [
        [
            -0.004344950895756483,
            3.231475353240967
        ],
        [
            -0.01948530413210392,
            6.862367153167725
        ],
        [
            -0.02274233289062977,
            10.66898250579834
        ],
        [
            -0.056523606181144714,
            14.531004905700684
        ],
        [
            -0.06059214845299721,
            18.42384910583496
        ],
        [
            -0.04343143850564957,
            22.038667678833008
        ]
    ]
}