{
    "speed": 5.121198128624136,
    "steer": 0.0008986990433186293,
    "throttle": 0.0,
    "brake": 0.0,
    "wp_4": [
        0.040937505662441254,
        13.312901496887207
    ],
    "wp_3": [
        0.040120404213666916,
        9.599810600280762
    ],
    "wp_2": [
        0.017955737188458443,
        6.010013580322266
    ],
    "wp_1": [
        0.005832655355334282,
        2.6884114742279053
    ],
    "aim": [
        0.005832655355334282,
        2.6884114742279053
    ],
    "target": [
        0.21311940890439557,
        36.195463638863494
    ],
    "desired_speed": 7.157964611053467,
    "angle": 0.0013811882046229423,
    "angle_last": 0.0085897698546544,
    "angle_target": 0.003748383031246247,
    "angle_final": 0.0013811882046229423,
    "delta": 0.25,
    "agent": "only_traj",
    "steer_traj": 0.0008986990444988136,
    "throttle_traj": 0.0,
    "brake_traj": 0.0,
    "plan": [
        [
            0.005832655355334282,
            2.6884114742279053
        ],
        [
            0.017955737188458443,
            6.010013580322266
        ],
        [
            0.040120404213666916,
            9.599810600280762
        ],
        [
            0.040937505662441254,
            13.312901496887207
        ],
        [
            0.07565119862556458,
            17.099628448486328
        ],
        [
            0.12265130877494812,
            20.58275604248047
        ]
    ]
}