{
    "speed": 4.966456299372147,
    "steer": -0.0012410498457029462,
    "throttle": 0.75,
    "brake": 0.0,
    "wp_4": [
        -0.058767884969711304,
        13.862133979797363
    ],
    "wp_3": [
        -0.030505448579788208,
        10.006828308105469
    ],
    "wp_2": [
        -0.010999335907399654,
        6.247706890106201
    ],
    "wp_1": [
        -3.628226477303542e-05,
        2.8055660724639893
    ],
    "aim": [
        -3.628226477303542e-05,
        2.8055660724639893
    ],
    "target": [
        0.42395042134679006,
        35.2580453873668
    ],
    "desired_speed": 7.430531024932861,
    "angle": -8.22405453920714e-06,
    "angle_last": -0.005505387971537803,
    "angle_target": 0.007654485992695161,
    "angle_final": -8.22405453920714e-06,
    "delta": 0.25,
    "agent": "only_traj",
    "steer_traj": -0.0012410498120780872,
    "throttle_traj": 0.75,
    "brake_traj": 0.0,
    "plan": [
        [
            -3.628226477303542e-05,
            2.8055660724639893
        ],
        [
            -0.010999335907399654,
            6.247706890106201
        ],
        [
            -0.030505448579788208,
            10.006828308105469
        ],
        [
            -0.058767884969711304,
            13.862133979797363
        ],
        [
            -0.07318302243947983,
            17.784223556518555
        ],
        [
            -0.10429331660270691,
            21.381561279296875
        ]
    ]
}