{
    "speed": 4.914305719905604,
    "steer": 0.0006765329162590206,
    "throttle": 0.75,
    "brake": 0.0,
    "wp_4": [
        0.06669799238443375,
        13.779688835144043
    ],
    "wp_3": [
        0.04486014321446419,
        9.943714141845703
    ],
    "wp_2": [
        0.011995459906756878,
        6.249008655548096
    ],
    "wp_1": [
        0.0059860446490347385,
        2.8016104698181152
    ],
    "aim": [
        0.0059860446490347385,
        2.8016104698181152
    ],
    "target": [
        0.5485540654597311,
        35.85579735919342
    ],
    "desired_speed": 7.378266429901124,
    "angle": 0.0013602422911682364,
    "angle_last": 0.007275641458343946,
    "angle_target": 0.009738819050207691,
    "angle_final": 0.0013602422911682364,
    "delta": 0.25,
    "agent": "only_traj",
    "steer_traj": 0.000676532912183378,
    "throttle_traj": 0.75,
    "brake_traj": 0.0,
    "plan": [
        [
            0.0059860446490347385,
            2.8016104698181152
        ],
        [
            0.011995459906756878,
            6.249008655548096
        ],
        [
            0.04486014321446419,
            9.943714141845703
        ],
        [
            0.06669799238443375,
            13.779688835144043
        ],
        [
            0.09584683179855347,
            17.6622257232666
        ],
        [
            0.13681398332118988,
            21.246719360351562
        ]
    ]
}