{
    "speed": 4.860621674287032,
    "steer": -0.00032371270935982466,
    "throttle": 0.75,
    "brake": 0.0,
    "wp_4": [
        0.03743899613618851,
        14.016960144042969
    ],
    "wp_3": [
        0.02754005789756775,
        10.145859718322754
    ],
    "wp_2": [
        0.003292433451861143,
        6.402938365936279
    ],
    "wp_1": [
        0.0034049253445118666,
        2.8933868408203125
    ],
    "aim": [
        0.0034049253445118666,
        2.8933868408203125
    ],
    "target": [
        0.5236084818255153,
        35.43399541401075
    ],
    "desired_speed": 7.403315067291259,
    "angle": 0.0007491680334244291,
    "angle_last": 0.002099420541345172,
    "angle_target": 0.009406651694812798,
    "angle_final": 0.0007491680334244291,
    "delta": 0.25,
    "agent": "only_traj",
    "steer_traj": -0.00032371271786306205,
    "throttle_traj": 0.75,
    "brake_traj": 0.0,
    "plan": [
        [
            0.0034049253445118666,
            2.8933868408203125
        ],
        [
            0.003292433451861143,
            6.402938365936279
        ],
        [
            0.02754005789756775,
            10.145859718322754
        ],
        [
            0.03743899613618851,
            14.016960144042969
        ],
        [
            0.049662332981824875,
            17.874467849731445
        ],
        [
            0.06129402667284012,
            21.40154457092285
        ]
    ]
}