{
    "speed": 4.984101072649695,
    "steer": 0.0013179744128137827,
    "throttle": 0.75,
    "brake": 0.0,
    "wp_4": [
        0.01981411688029766,
        13.960533142089844
    ],
    "wp_3": [
        0.03329232335090637,
        10.144795417785645
    ],
    "wp_2": [
        0.009144037030637264,
        6.412965297698975
    ],
    "wp_1": [
        0.010038265958428383,
        2.9366302490234375
    ],
    "aim": [
        0.010038265958428383,
        2.9366302490234375
    ],
    "target": [
        -0.1392414135888884,
        34.92971165996462
    ],
    "desired_speed": 7.238627910614014,
    "angle": 0.0021761463330216488,
    "angle_last": 0.0013402829605936436,
    "angle_target": -0.0025377640774375014,
    "angle_final": 0.0021761463330216488,
    "delta": 0.25,
    "agent": "only_traj",
    "steer_traj": 0.001317974414746263,
    "throttle_traj": 0.75,
    "brake_traj": 0.0,
    "plan": [
        [
            0.010038265958428383,
            2.9366302490234375
        ],
        [
            0.009144037030637264,
            6.412965297698975
        ],
        [
            0.03329232335090637,
            10.144795417785645
        ],
        [
            0.01981411688029766,
            13.960533142089844
        ],
        [
            0.032302577048540115,
            17.691871643066406
        ],
        [
            0.03933699429035187,
            21.033069610595703
        ]
    ]
}