{
    "speed": 5.124618679866321,
    "steer": -0.0004088951973244548,
    "throttle": 0.0,
    "brake": 0.0,
    "wp_4": [
        0.011618733406066895,
        14.732776641845703
    ],
    "wp_3": [
        0.01842150092124939,
        10.7999849319458
    ],
    "wp_2": [
        -0.009523839689791203,
        6.9602556228637695
    ],
    "wp_1": [
        0.003418557345867157,
        3.265144109725952
    ],
    "aim": [
        0.003418557345867157,
        3.265144109725952
    ],
    "target": [
        -1.8283750796713798,
        35.085890610444665
    ],
    "desired_speed": 7.553829860687257,
    "angle": 0.0006665227444672747,
    "angle_last": -0.0008047758937442498,
    "angle_target": -0.0331451699332063,
    "angle_final": 0.0006665227444672747,
    "delta": 0.25,
    "agent": "only_traj",
    "steer_traj": -0.0004088951983276757,
    "throttle_traj": 0.0,
    "brake_traj": 0.0,
    "plan": [
        [
            0.003418557345867157,
            3.265144109725952
        ],
        [
            -0.009523839689791203,
            6.9602556228637695
        ],
        [
            0.01842150092124939,
            10.7999849319458
        ],
        [
            0.011618733406066895,
            14.732776641845703
        ],
        [
            0.011149619705975056,
            18.60222053527832
        ],
        [
            0.00666524562984705,
            22.149585723876953
        ]
    ]
}