{
    "speed": 5.157080891236753,
    "steer": 0.00021465127065312117,
    "throttle": 0.0,
    "brake": 0.0,
    "wp_4": [
        0.0009026918560266495,
        13.873823165893555
    ],
    "wp_3": [
        0.0005689804092980921,
        10.049442291259766
    ],
    "wp_2": [
        -0.00314726447686553,
        6.327942371368408
    ],
    "wp_1": [
        0.0017612844239920378,
        2.8514304161071777
    ],
    "aim": [
        0.0017612844239920378,
        2.8514304161071777
    ],
    "target": [
        0.9922183997535622,
        34.86468661417217
    ],
    "desired_speed": 7.3644482612609865,
    "angle": 0.00039323928667598675,
    "angle_last": 0.0019164473625796082,
    "angle_target": 0.018112751401258655,
    "angle_final": 0.00039323928667598675,
    "delta": 0.25,
    "agent": "only_traj",
    "steer_traj": 0.00021465126943179036,
    "throttle_traj": 0.0,
    "brake_traj": 0.0,
    "plan": [
        [
            0.0017612844239920378,
            2.8514304161071777
        ],
        [
            -0.00314726447686553,
            6.327942371368408
        ],
        [
            0.0005689804092980921,
            10.049442291259766
        ],
        [
            0.0009026918560266495,
            13.873823165893555
        ],
        [
            -0.0010034600272774696,
            17.725261688232422
        ],
        [
            0.009644816629588604,
            21.262529373168945
        ]
    ]
}