{
    "speed": 4.980935595397618,
    "steer": -0.0011406809790059924,
    "throttle": 0.75,
    "brake": 0.0,
    "wp_4": [
        -0.04218970984220505,
        14.252402305603027
    ],
    "wp_3": [
        -0.029062971472740173,
        10.340841293334961
    ],
    "wp_2": [
        -0.012423977255821228,
        6.542115688323975
    ],
    "wp_1": [
        -0.008106410503387451,
        2.963229179382324
    ],
    "aim": [
        -0.008106410503387451,
        2.963229179382324
    ],
    "target": [
        -0.04024212477321429,
        33.5428847318728
    ],
    "desired_speed": 7.5485104560852045,
    "angle": -0.0017415742839068877,
    "angle_last": -0.006706742355552268,
    "angle_target": -0.000763766152676696,
    "angle_final": -0.000763766152676696,
    "delta": 0.25,
    "agent": "only_traj",
    "steer_traj": -0.0011406809753672193,
    "throttle_traj": 0.75,
    "brake_traj": 0.0,
    "plan": [
        [
            -0.008106410503387451,
            2.963229179382324
        ],
        [
            -0.012423977255821228,
            6.542115688323975
        ],
        [
            -0.029062971472740173,
            10.340841293334961
        ],
        [
            -0.04218970984220505,
            14.252402305603027
        ],
        [
            -0.07412658631801605,
            18.187389373779297
        ],
        [
            -0.11254613101482391,
            21.8341121673584
        ]
    ]
}