{
    "speed": 4.921951467268423,
    "steer": -0.0015165087534114718,
    "throttle": 0.75,
    "brake": 0.0,
    "wp_4": [
        -0.04466503858566284,
        14.002565383911133
    ],
    "wp_3": [
        -0.027351588010787964,
        10.124002456665039
    ],
    "wp_2": [
        -0.009806059300899506,
        6.37505578994751
    ],
    "wp_1": [
        -0.006002705544233322,
        2.8582911491394043
    ],
    "aim": [
        -0.006002705544233322,
        2.8582911491394043
    ],
    "target": [
        -0.7194646026261091,
        34.59965632045724
    ],
    "desired_speed": 7.4336026191711415,
    "angle": -0.001336923521079021,
    "angle_last": -0.007787430064229842,
    "angle_target": -0.013235952093953821,
    "angle_final": -0.001336923521079021,
    "delta": 0.25,
    "agent": "only_traj",
    "steer_traj": -0.0015165087578513207,
    "throttle_traj": 0.75,
    "brake_traj": 0.0,
    "plan": [
        [
            -0.006002705544233322,
            2.8582911491394043
        ],
        [
            -0.009806059300899506,
            6.37505578994751
        ],
        [
            -0.027351588010787964,
            10.124002456665039
        ],
        [
            -0.04466503858566284,
            14.002565383911133
        ],
        [
            -0.06802541017532349,
            17.883760452270508
        ],
        [
            -0.11155229806900024,
            21.441879272460938
        ]
    ]
}