{
    "speed": 4.871062679093337,
    "steer": 7.45582437957637e-05,
    "throttle": 0.75,
    "brake": 0.0,
    "wp_4": [
        0.02439337782561779,
        14.045625686645508
    ],
    "wp_3": [
        0.015268892049789429,
        10.15986156463623
    ],
    "wp_2": [
        0.008153536356985569,
        6.4043402671813965
    ],
    "wp_1": [
        -5.057014277554117e-05,
        2.871048927307129
    ],
    "aim": [
        -5.057014277554117e-05,
        2.871048927307129
    ],
    "target": [
        -0.17790663743266422,
        33.662817223100134
    ],
    "desired_speed": 7.451833438873291,
    "angle": -1.1183803179545998e-05,
    "angle_last": 0.000925386914010758,
    "angle_target": -0.0033644786121641668,
    "angle_final": -1.1183803179545998e-05,
    "delta": 0.25,
    "agent": "only_traj",
    "steer_traj": 7.455824017154282e-05,
    "throttle_traj": 0.75,
    "brake_traj": 0.0,
    "plan": [
        [
            -5.057014277554117e-05,
            2.871048927307129
        ],
        [
            0.008153536356985569,
            6.4043402671813965
        ],
        [
            0.015268892049789429,
            10.15986156463623
        ],
        [
            0.02439337782561779,
            14.045625686645508
        ],
        [
            0.03561720624566078,
            17.92595100402832
        ],
        [
            0.04081340134143829,
            21.500585556030273
        ]
    ]
}