{
    "speed": 4.897589814110329,
    "steer": 0.0002368691493757069,
    "throttle": 0.75,
    "brake": 0.0,
    "wp_4": [
        0.031918078660964966,
        14.421144485473633
    ],
    "wp_3": [
        0.017627889290452003,
        10.506192207336426
    ],
    "wp_2": [
        0.005547521635890007,
        6.708259105682373
    ],
    "wp_1": [
        0.0021602213382720947,
        3.07414174079895
    ],
    "aim": [
        0.0021602213382720947,
        3.07414174079895
    ],
    "target": [
        -0.1531747595860156,
        33.13077640756359
    ],
    "desired_speed": 7.487810039520263,
    "angle": 0.0004473495631006433,
    "angle_last": 0.0009614351346302698,
    "angle_target": -0.0029432870692046955,
    "angle_final": 0.0004473495631006433,
    "delta": 0.25,
    "agent": "only_traj",
    "steer_traj": 0.00023686914806043334,
    "throttle_traj": 0.75,
    "brake_traj": 0.0,
    "plan": [
        [
            0.0021602213382720947,
            3.07414174079895
        ],
        [
            0.005547521635890007,
            6.708259105682373
        ],
        [
            0.017627889290452003,
            10.506192207336426
        ],
        [
            0.031918078660964966,
            14.421144485473633
        ],
        [
            0.047878626734018326,
            18.26629066467285
        ],
        [
            0.05320549011230469,
            21.793582916259766
        ]
    ]
}