{
    "speed": 4.997273874343928,
    "steer": 0.0006791153573431075,
    "throttle": 0.75,
    "brake": 0.0,
    "wp_4": [
        0.04714742302894592,
        14.727452278137207
    ],
    "wp_3": [
        0.029309315606951714,
        10.792146682739258
    ],
    "wp_2": [
        0.0115413349121809,
        6.954498767852783
    ],
    "wp_1": [
        0.00488206185400486,
        3.2378907203674316
    ],
    "aim": [
        0.00488206185400486,
        3.2378907203674316
    ],
    "target": [
        -0.6725255997238798,
        33.12171053092328
    ],
    "desired_speed": 7.540217208862305,
    "angle": 0.0009599173148147113,
    "angle_last": 0.002410194148580752,
    "angle_target": -0.012924582204145494,
    "angle_final": 0.0009599173148147113,
    "delta": 0.25,
    "agent": "only_traj",
    "steer_traj": 0.0006791153590822964,
    "throttle_traj": 0.75,
    "brake_traj": 0.0,
    "plan": [
        [
            0.00488206185400486,
            3.2378907203674316
        ],
        [
            0.0115413349121809,
            6.954498767852783
        ],
        [
            0.029309315606951714,
            10.792146682739258
        ],
        [
            0.04714742302894592,
            14.727452278137207
        ],
        [
            0.06405946612358093,
            18.56563377380371
        ],
        [
            0.0773959755897522,
            22.08828353881836
        ]
    ]
}