{
    "speed": 5.138302206675501,
    "steer": -0.000636995944660157,
    "throttle": 0.0,
    "brake": 0.0,
    "wp_4": [
        0.047850869596004486,
        14.80367374420166
    ],
    "wp_3": [
        0.027730792760849,
        10.870511054992676
    ],
    "wp_2": [
        0.008364524692296982,
        7.010260581970215
    ],
    "wp_1": [
        -0.0006691007292829454,
        3.278717279434204
    ],
    "aim": [
        -0.0006691007292829454,
        3.278717279434204
    ],
    "target": [
        -0.5096239458137616,
        32.95303119995027
    ],
    "desired_speed": 7.5130517959594725,
    "angle": -0.00012987731275621202,
    "angle_last": 0.0037042873233258345,
    "angle_target": -0.009844642722379202,
    "angle_final": -0.00012987731275621202,
    "delta": 0.25,
    "agent": "only_traj",
    "steer_traj": -0.0006369959516293518,
    "throttle_traj": 0.0,
    "brake_traj": 0.0,
    "plan": [
        [
            -0.0006691007292829454,
            3.278717279434204
        ],
        [
            0.008364524692296982,
            7.010260581970215
        ],
        [
            0.027730792760849,
            10.870511054992676
        ],
        [
            0.047850869596004486,
            14.80367374420166
        ],
        [
            0.0724082887172699,
            18.603504180908203
        ],
        [
            0.09252703189849854,
            22.061098098754883
        ]
    ]
}