{
    "speed": 5.234912351417621,
    "steer": -0.003942542709410191,
    "throttle": 0.0,
    "brake": 0.0,
    "wp_4": [
        0.018281271681189537,
        14.73261547088623
    ],
    "wp_3": [
        0.011105954647064209,
        10.821989059448242
    ],
    "wp_2": [
        -0.0016402901383116841,
        6.955581188201904
    ],
    "wp_1": [
        -0.016771506518125534,
        3.249264717102051
    ],
    "aim": [
        -0.016771506518125534,
        3.249264717102051
    ],
    "target": [
        -0.8973111709144308,
        31.72851864034828
    ],
    "desired_speed": 7.433710765838622,
    "angle": -0.0032859559462375485,
    "angle_last": 0.0017613261774295408,
    "angle_target": -0.017999384619430882,
    "angle_final": -0.0032859559462375485,
    "delta": 0.25,
    "agent": "only_traj",
    "steer_traj": -0.00394254272501791,
    "throttle_traj": 0.0,
    "brake_traj": 0.0,
    "plan": [
        [
            -0.016771506518125534,
            3.249264717102051
        ],
        [
            -0.0016402901383116841,
            6.955581188201904
        ],
        [
            0.011105954647064209,
            10.821989059448242
        ],
        [
            0.018281271681189537,
            14.73261547088623
        ],
        [
            0.02109360322356224,
            18.4759521484375
        ],
        [
            0.030382879078388214,
            21.83346939086914
        ]
    ]
}