{
    "speed": 4.997382745801969,
    "steer": -0.0024018383119255304,
    "throttle": 0.75,
    "brake": 0.0,
    "wp_4": [
        0.05986969172954559,
        13.639963150024414
    ],
    "wp_3": [
        0.044113889336586,
        9.883356094360352
    ],
    "wp_2": [
        0.018222639337182045,
        6.2219696044921875
    ],
    "wp_1": [
        -0.010339885950088501,
        2.780001163482666
    ],
    "aim": [
        -0.010339885950088501,
        2.780001163482666
    ],
    "target": [
        -1.1032694050068788,
        32.50462586267506
    ],
    "desired_speed": 7.123703956604003,
    "angle": -0.002367826739806279,
    "angle_last": 0.0022666842850197068,
    "angle_target": -0.021599805106709356,
    "angle_final": -0.002367826739806279,
    "delta": 0.25,
    "agent": "only_traj",
    "steer_traj": -0.002401838396076616,
    "throttle_traj": 0.75,
    "brake_traj": 0.0,
    "plan": [
        [
            -0.010339885950088501,
            2.780001163482666
        ],
        [
            0.018222639337182045,
            6.2219696044921875
        ],
        [
            0.044113889336586,
            9.883356094360352
        ],
        [
            0.05986969172954559,
            13.639963150024414
        ],
        [
            0.05996372178196907,
            17.2950439453125
        ],
        [
            0.07169194519519806,
            20.58899688720703
        ]
    ]
}