{
    "speed": 4.8859076211583545,
    "steer": -0.004034421872347593,
    "throttle": 0.75,
    "brake": 0.0,
    "wp_4": [
        0.10671968758106232,
        14.109888076782227
    ],
    "wp_3": [
        0.06782451272010803,
        10.286205291748047
    ],
    "wp_2": [
        0.021418245509266853,
        6.556415557861328
    ],
    "wp_1": [
        -0.01146622747182846,
        2.9882915019989014
    ],
    "aim": [
        -0.01146622747182846,
        2.9882915019989014
    ],
    "target": [
        -0.13369891907753356,
        32.44143945131823
    ],
    "desired_speed": 7.236399936676026,
    "angle": -0.002442731147704085,
    "angle_last": 0.0064471395120214,
    "angle_target": -0.00262364725454825,
    "angle_final": -0.002442731147704085,
    "delta": 0.25,
    "agent": "only_traj",
    "steer_traj": -0.00403442208336729,
    "throttle_traj": 0.75,
    "brake_traj": 0.0,
    "plan": [
        [
            -0.01146622747182846,
            2.9882915019989014
        ],
        [
            0.021418245509266853,
            6.556415557861328
        ],
        [
            0.06782451272010803,
            10.286205291748047
        ],
        [
            0.10671968758106232,
            14.109888076782227
        ],
        [
            0.12917517125606537,
            17.775226593017578
        ],
        [
            0.16262829303741455,
            21.078414916992188
        ]
    ]
}