{
    "speed": 4.911912219031725,
    "steer": -0.006293139420449734,
    "throttle": 0.75,
    "brake": 0.0,
    "wp_4": [
        0.06265377998352051,
        14.34389591217041
    ],
    "wp_3": [
        0.03274179995059967,
        10.436249732971191
    ],
    "wp_2": [
        -0.002642350271344185,
        6.576641082763672
    ],
    "wp_1": [
        -0.027245264500379562,
        2.966958999633789
    ],
    "aim": [
        -0.027245264500379562,
        2.966958999633789
    ],
    "target": [
        0.4122917401784889,
        30.91612175382852
    ],
    "desired_speed": 7.343411636352539,
    "angle": -0.005845834956167549,
    "angle_last": 0.0028800352724868516,
    "angle_target": 0.008489341508500175,
    "angle_final": -0.005845834956167549,
    "delta": 0.25,
    "agent": "only_traj",
    "steer_traj": -0.006293139454340752,
    "throttle_traj": 0.75,
    "brake_traj": 0.0,
    "plan": [
        [
            -0.027245264500379562,
            2.966958999633789
        ],
        [
            -0.002642350271344185,
            6.576641082763672
        ],
        [
            0.03274179995059967,
            10.436249732971191
        ],
        [
            0.06265377998352051,
            14.34389591217041
        ],
        [
            0.07014388591051102,
            18.061389923095703
        ],
        [
            0.08490876853466034,
            21.32508659362793
        ]
    ]
}