{
    "speed": 5.0112287249642815,
    "steer": -0.004369970876723528,
    "throttle": 0.0,
    "brake": 0.0,
    "wp_4": [
        0.08084417134523392,
        12.095349311828613
    ],
    "wp_3": [
        0.026500556617975235,
        8.2741117477417
    ],
    "wp_2": [
        0.009035570546984673,
        4.7482218742370605
    ],
    "wp_1": [
        -0.035776857286691666,
        1.8379590511322021
    ],
    "aim": [
        -0.035776857286691666,
        1.8379590511322021
    ],
    "target": [
        -0.2337847382698485,
        30.26408008142593
    ],
    "desired_speed": 7.022376155853272,
    "angle": -0.012390598109864547,
    "angle_last": 0.011272895833607742,
    "angle_target": -0.004917678850716148,
    "angle_final": -0.004917678850716148,
    "delta": 0.25,
    "agent": "only_traj",
    "steer_traj": -0.004369971107368231,
    "throttle_traj": 0.0,
    "brake_traj": 0.0,
    "plan": [
        [
            -0.035776857286691666,
            1.8379590511322021
        ],
        [
            0.009035570546984673,
            4.7482218742370605
        ],
        [
            0.026500556617975235,
            8.2741117477417
        ],
        [
            0.08084417134523392,
            12.095349311828613
        ],
        [
            0.090884730219841,
            15.857122421264648
        ],
        [
            0.15349455177783966,
            19.39255714416504
        ]
    ]
}