{
    "speed": 5.122257245885934,
    "steer": -0.001315401983447373,
    "throttle": 0.0,
    "brake": 0.0,
    "wp_4": [
        0.1549772024154663,
        15.106851577758789
    ],
    "wp_3": [
        0.0918942242860794,
        11.214019775390625
    ],
    "wp_2": [
        0.014039566740393639,
        7.246646881103516
    ],
    "wp_1": [
        -0.011914294213056564,
        3.4449284076690674
    ],
    "aim": [
        -0.011914294213056564,
        3.4449284076690674
    ],
    "target": [
        -0.08557923626716078,
        31.175282297285655
    ],
    "desired_speed": 7.329903316497802,
    "angle": -0.0022017013609934135,
    "angle_last": 0.016156329308185304,
    "angle_target": -0.0017475799110126232,
    "angle_final": -0.0017475799110126232,
    "delta": 0.25,
    "agent": "only_traj",
    "steer_traj": -0.001315401952827378,
    "throttle_traj": 0.0,
    "brake_traj": 0.0,
    "plan": [
        [
            -0.011914294213056564,
            3.4449284076690674
        ],
        [
            0.014039566740393639,
            7.246646881103516
        ],
        [
            0.0918942242860794,
            11.214019775390625
        ],
        [
            0.1549772024154663,
            15.106851577758789
        ],
        [
            0.2142064869403839,
            18.667287826538086
        ],
        [
            0.2928844690322876,
            21.76683235168457
        ]
    ]
}