{
    "speed": 5.056386758121287,
    "steer": 0.003908250946551561,
    "throttle": 0.0,
    "brake": 0.0,
    "wp_4": [
        0.05753090977668762,
        14.814352035522461
    ],
    "wp_3": [
        0.0783032774925232,
        11.06330680847168
    ],
    "wp_2": [
        0.004880144260823727,
        7.061530113220215
    ],
    "wp_1": [
        -0.023238729685544968,
        3.3246171474456787
    ],
    "aim": [
        -0.023238729685544968,
        3.3246171474456787
    ],
    "target": [
        0.19169566309250768,
        30.46110992861112
    ],
    "desired_speed": 7.283080577850342,
    "angle": -0.004449820180807721,
    "angle_last": 0.04354197278535143,
    "angle_target": 0.004006276813079333,
    "angle_final": 0.004006276813079333,
    "delta": 0.25,
    "agent": "only_traj",
    "steer_traj": 0.0039082510692504445,
    "throttle_traj": 0.0,
    "brake_traj": 0.0,
    "plan": [
        [
            -0.023238729685544968,
            3.3246171474456787
        ],
        [
            0.004880144260823727,
            7.061530113220215
        ],
        [
            0.0783032774925232,
            11.06330680847168
        ],
        [
            0.05753090977668762,
            14.814352035522461
        ],
        [
            -0.6142544746398926,
            18.27052879333496
        ],
        [
            -0.3958142399787903,
            21.459325790405273
        ]
    ]
}