{
    "speed": 4.953711735257703,
    "steer": -0.0086596067994833,
    "throttle": 0.75,
    "brake": 0.0,
    "wp_4": [
        0.1591232717037201,
        14.386307716369629
    ],
    "wp_3": [
        0.10182859003543854,
        10.544122695922852
    ],
    "wp_2": [
        0.010336047038435936,
        6.6727705001831055
    ],
    "wp_1": [
        -0.04518063738942146,
        3.0934181213378906
    ],
    "aim": [
        -0.04518063738942146,
        3.0934181213378906
    ],
    "target": [
        -0.29865893006559907,
        30.89165135393743
    ],
    "desired_speed": 7.387925910949708,
    "angle": -0.009297433107738104,
    "angle_last": 0.04203864814903162,
    "angle_target": -0.006154616157948145,
    "angle_final": -0.006154616157948145,
    "delta": 0.25,
    "agent": "only_traj",
    "steer_traj": -0.00865960715004288,
    "throttle_traj": 0.75,
    "brake_traj": 0.0,
    "plan": [
        [
            -0.04518063738942146,
            3.0934181213378906
        ],
        [
            0.010336047038435936,
            6.6727705001831055
        ],
        [
            0.10182859003543854,
            10.544122695922852
        ],
        [
            0.1591232717037201,
            14.386307716369629
        ],
        [
            -0.5661149024963379,
            17.950082778930664
        ],
        [
            -0.3326450288295746,
            21.48053741455078
        ]
    ]
}