{
    "speed": 4.8458223852865006,
    "steer": 0.0019619029480963945,
    "throttle": 0.75,
    "brake": 0.0,
    "wp_4": [
        0.12138193100690842,
        14.640427589416504
    ],
    "wp_3": [
        0.11300188302993774,
        10.847299575805664
    ],
    "wp_2": [
        0.026761427521705627,
        6.962761878967285
    ],
    "wp_1": [
        -0.010661435313522816,
        3.2682225704193115
    ],
    "aim": [
        -0.010661435313522816,
        3.2682225704193115
    ],
    "target": [
        0.05555817358412183,
        29.636985213351455
    ],
    "desired_speed": 7.585823059082031,
    "angle": -0.0020767088991821797,
    "angle_last": 0.13919444632490566,
    "angle_target": 0.0011934206577985335,
    "angle_final": 0.0011934206577985335,
    "delta": 0.25,
    "agent": "only_traj",
    "steer_traj": 0.0019619029066926252,
    "throttle_traj": 0.75,
    "brake_traj": 0.0,
    "plan": [
        [
            -0.010661435313522816,
            3.2682225704193115
        ],
        [
            0.026761427521705627,
            6.962761878967285
        ],
        [
            0.11300188302993774,
            10.847299575805664
        ],
        [
            0.12138193100690842,
            14.640427589416504
        ],
        [
            -0.596814751625061,
            18.478734970092773
        ],
        [
            0.2027684897184372,
            22.077247619628906
        ]
    ]
}