{
    "speed": 4.768510711586601,
    "steer": -0.005254484247416258,
    "throttle": 0.75,
    "brake": 0.0,
    "wp_4": [
        0.07180559635162354,
        14.539215087890625
    ],
    "wp_3": [
        0.16393549740314484,
        10.951864242553711
    ],
    "wp_2": [
        0.03879804164171219,
        7.025047779083252
    ],
    "wp_1": [
        -0.018610399216413498,
        3.3131213188171387
    ],
    "aim": [
        -0.018610399216413498,
        3.3131213188171387
    ],
    "target": [
        -0.33072253611186186,
        31.121791431649886
    ],
    "desired_speed": 7.253729152679444,
    "angle": -0.0035759354219999785,
    "angle_last": 0.0832495051981929,
    "angle_target": -0.00676492486809632,
    "angle_final": -0.0035759354219999785,
    "delta": 0.25,
    "agent": "only_traj",
    "steer_traj": -0.005254484207652753,
    "throttle_traj": 0.75,
    "brake_traj": 0.0,
    "plan": [
        [
            -0.018610399216413498,
            3.3131213188171387
        ],
        [
            0.03879804164171219,
            7.025047779083252
        ],
        [
            0.16393549740314484,
            10.951864242553711
        ],
        [
            0.07180559635162354,
            14.539215087890625
        ],
        [
            -0.5697026252746582,
            18.083988189697266
        ],
        [
            -0.13910295069217682,
            21.358049392700195
        ]
    ]
}