{
    "speed": 4.780190860898127,
    "steer": 0.0005311980494298041,
    "throttle": 0.75,
    "brake": 0.0,
    "wp_4": [
        0.23510119318962097,
        15.118423461914062
    ],
    "wp_3": [
        0.11881282925605774,
        11.19135570526123
    ],
    "wp_2": [
        0.03532536327838898,
        7.242693901062012
    ],
    "wp_1": [
        0.0031412236858159304,
        3.4512553215026855
    ],
    "aim": [
        0.0031412236858159304,
        3.4512553215026855
    ],
    "target": [
        0.759182047760477,
        28.946793069114467
    ],
    "desired_speed": 7.539564704895019,
    "angle": 0.0005793998870542231,
    "angle_last": 0.024085875370606993,
    "angle_target": 0.016692679313542846,
    "angle_final": 0.0005793998870542231,
    "delta": 0.25,
    "agent": "only_traj",
    "steer_traj": 0.0005311980784777937,
    "throttle_traj": 0.75,
    "brake_traj": 0.0,
    "plan": [
        [
            0.0031412236858159304,
            3.4512553215026855
        ],
        [
            0.03532536327838898,
            7.242693901062012
        ],
        [
            0.11881282925605774,
            11.19135570526123
        ],
        [
            0.23510119318962097,
            15.118423461914062
        ],
        [
            0.35775670409202576,
            18.87895393371582
        ],
        [
            0.4869847893714905,
            22.29298210144043
        ]
    ]
}