{
    "speed": 4.871764636753983,
    "steer": -0.0041002919897437096,
    "throttle": 0.75,
    "brake": 0.0,
    "wp_4": [
        0.19130456447601318,
        14.864551544189453
    ],
    "wp_3": [
        0.11048942804336548,
        11.133020401000977
    ],
    "wp_2": [
        0.02058200165629387,
        7.1349616050720215
    ],
    "wp_1": [
        -0.014142048545181751,
        3.3756446838378906
    ],
    "aim": [
        -0.014142048545181751,
        3.3756446838378906
    ],
    "target": [
        0.4098822087435879,
        29.695587992667317
    ],
    "desired_speed": 7.073878765106201,
    "angle": -0.0026670649164436152,
    "angle_last": 0.024929707297066683,
    "angle_target": 0.008786576283752262,
    "angle_final": -0.0026670649164436152,
    "delta": 0.25,
    "agent": "only_traj",
    "steer_traj": -0.004100292010596538,
    "throttle_traj": 0.75,
    "brake_traj": 0.0,
    "plan": [
        [
            -0.014142048545181751,
            3.3756446838378906
        ],
        [
            0.02058200165629387,
            7.1349616050720215
        ],
        [
            0.11048942804336548,
            11.133020401000977
        ],
        [
            0.19130456447601318,
            14.864551544189453
        ],
        [
            0.3034347891807556,
            18.217737197875977
        ],
        [
            0.41456788778305054,
            21.054244995117188
        ]
    ]
}