{
    "speed": 5.141301407594515,
    "steer": -0.00411190465092659,
    "throttle": 0.0,
    "brake": 0.0,
    "wp_4": [
        0.1733323633670807,
        15.093700408935547
    ],
    "wp_3": [
        0.08511702716350555,
        11.231450080871582
    ],
    "wp_2": [
        0.013940822333097458,
        7.208990097045898
    ],
    "wp_1": [
        -0.017717352136969566,
        3.409756660461426
    ],
    "aim": [
        -0.017717352136969566,
        3.409756660461426
    ],
    "target": [
        -0.4842472272737285,
        28.474011743705063
    ],
    "desired_speed": 7.324372291564941,
    "angle": -0.0033078884425723674,
    "angle_last": 0.024361966795057068,
    "angle_target": -0.010825718783779734,
    "angle_final": -0.0033078884425723674,
    "delta": 0.25,
    "agent": "only_traj",
    "steer_traj": -0.004111904755141636,
    "throttle_traj": 0.0,
    "brake_traj": 0.0,
    "plan": [
        [
            -0.017717352136969566,
            3.409756660461426
        ],
        [
            0.013940822333097458,
            7.208990097045898
        ],
        [
            0.08511702716350555,
            11.231450080871582
        ],
        [
            0.1733323633670807,
            15.093700408935547
        ],
        [
            0.2718227505683899,
            18.648122787475586
        ],
        [
            0.389254093170166,
            21.715307235717773
        ]
    ]
}