{
    "speed": 5.092451126758254,
    "steer": -0.00114146969281137,
    "throttle": 0.0,
    "brake": 0.0,
    "wp_4": [
        -0.40347591042518616,
        14.729671478271484
    ],
    "wp_3": [
        0.0865228995680809,
        11.087642669677734
    ],
    "wp_2": [
        0.0036959312856197357,
        7.0903849601745605
    ],
    "wp_1": [
        -0.02230115234851837,
        3.3311522006988525
    ],
    "aim": [
        -0.02230115234851837,
        3.3311522006988525
    ],
    "target": [
        -0.045484425079309804,
        28.861566949320363
    ],
    "desired_speed": 7.4050520896911625,
    "angle": -0.004261914087641593,
    "angle_last": 0.1619992337077258,
    "angle_target": -0.001003280952104261,
    "angle_final": -0.001003280952104261,
    "delta": 0.25,
    "agent": "only_traj",
    "steer_traj": -0.0011414697143892001,
    "throttle_traj": 0.0,
    "brake_traj": 0.0,
    "plan": [
        [
            -0.02230115234851837,
            3.3311522006988525
        ],
        [
            0.0036959312856197357,
            7.0903849601745605
        ],
        [
            0.0865228995680809,
            11.087642669677734
        ],
        [
            -0.40347591042518616,
            14.729671478271484
        ],
        [
            -0.5821964144706726,
            18.55388069152832
        ],
        [
            0.2364221066236496,
            21.70112419128418
        ]
    ]
}