{
    "speed": 4.973840285361908,
    "steer": -0.005179892759770155,
    "throttle": 0.75,
    "brake": 0.0,
    "wp_4": [
        -0.10984473675489426,
        14.26618766784668
    ],
    "wp_3": [
        0.06733015179634094,
        10.637632369995117
    ],
    "wp_2": [
        -0.004645964130759239,
        6.667823791503906
    ],
    "wp_1": [
        -0.02777818590402603,
        3.015709161758423
    ],
    "aim": [
        -0.02777818590402603,
        3.015709161758423
    ],
    "target": [
        -0.18620821439095714,
        28.629048312352978
    ],
    "desired_speed": 6.994966316223145,
    "angle": -0.005863821120981917,
    "angle_last": 0.04213191817669768,
    "angle_target": -0.0041406252199608345,
    "angle_final": -0.0041406252199608345,
    "delta": 0.25,
    "agent": "only_traj",
    "steer_traj": -0.005179892760227175,
    "throttle_traj": 0.75,
    "brake_traj": 0.0,
    "plan": [
        [
            -0.02777818590402603,
            3.015709161758423
        ],
        [
            -0.004645964130759239,
            6.667823791503906
        ],
        [
            0.06733015179634094,
            10.637632369995117
        ],
        [
            -0.10984473675489426,
            14.26618766784668
        ],
        [
            0.15995968878269196,
            17.730928421020508
        ],
        [
            0.3422640860080719,
            20.481552124023438
        ]
    ]
}