{
    "speed": 4.875291300544686,
    "steer": -0.0031633360777050257,
    "throttle": 0.75,
    "brake": 0.0,
    "wp_4": [
        0.16641248762607574,
        14.24055004119873
    ],
    "wp_3": [
        0.10206043720245361,
        10.652316093444824
    ],
    "wp_2": [
        0.023342754691839218,
        6.7877092361450195
    ],
    "wp_1": [
        -0.015809431672096252,
        3.149655818939209
    ],
    "aim": [
        -0.015809431672096252,
        3.149655818939209
    ],
    "target": [
        -0.6050060380942313,
        27.845623435169813
    ],
    "desired_speed": 6.816485595703124,
    "angle": -0.0031954179942394905,
    "angle_last": 0.02891125223723945,
    "angle_target": -0.013829757380943573,
    "angle_final": -0.0031954179942394905,
    "delta": 0.25,
    "agent": "only_traj",
    "steer_traj": -0.00316333612432861,
    "throttle_traj": 0.75,
    "brake_traj": 0.0,
    "plan": [
        [
            -0.015809431672096252,
            3.149655818939209
        ],
        [
            0.023342754691839218,
            6.7877092361450195
        ],
        [
            0.10206043720245361,
            10.652316093444824
        ],
        [
            0.16641248762607574,
            14.24055004119873
        ],
        [
            0.25882744789123535,
            17.480140686035156
        ],
        [
            0.38175731897354126,
            20.185171127319336
        ]
    ]
}