{
    "speed": 4.8183328158473735,
    "steer": -0.004365313798189163,
    "throttle": 0.75,
    "brake": 0.0,
    "wp_4": [
        -0.5237749218940735,
        14.42524242401123
    ],
    "wp_3": [
        0.10141101479530334,
        10.772415161132812
    ],
    "wp_2": [
        0.020007353276014328,
        6.865541458129883
    ],
    "wp_1": [
        -0.019518103450536728,
        3.188992977142334
    ],
    "aim": [
        -0.019518103450536728,
        3.188992977142334
    ],
    "target": [
        0.6092840189811487,
        28.059545266965202
    ],
    "desired_speed": 7.215950870513916,
    "angle": -0.0038963471850643546,
    "angle_last": 0.1233201001109159,
    "angle_target": 0.013821368284300337,
    "angle_final": -0.0038963471850643546,
    "delta": 0.25,
    "agent": "only_traj",
    "steer_traj": -0.0043653139869664695,
    "throttle_traj": 0.75,
    "brake_traj": 0.0,
    "plan": [
        [
            -0.019518103450536728,
            3.188992977142334
        ],
        [
            0.020007353276014328,
            6.865541458129883
        ],
        [
            0.10141101479530334,
            10.772415161132812
        ],
        [
            -0.5237749218940735,
            14.42524242401123
        ],
        [
            -0.08776712417602539,
            18.353166580200195
        ],
        [
            0.45073747634887695,
            21.098249435424805
        ]
    ]
}