{
    "speed": 4.9115361321983695,
    "steer": -0.001047158264555037,
    "throttle": 0.75,
    "brake": 0.0,
    "wp_4": [
        -0.5513508319854736,
        14.519123077392578
    ],
    "wp_3": [
        0.08921286463737488,
        11.029279708862305
    ],
    "wp_2": [
        0.029230203479528427,
        7.116343975067139
    ],
    "wp_1": [
        -0.007011706475168467,
        3.33500337600708
    ],
    "aim": [
        -0.007011706475168467,
        3.33500337600708
    ],
    "target": [
        0.22174599884401677,
        28.035980041536597
    ],
    "desired_speed": 6.901526069641113,
    "angle": -0.0013384413408945794,
    "angle_last": 0.16603511659729556,
    "angle_target": 0.0050351349765773035,
    "angle_final": -0.0013384413408945794,
    "delta": 0.25,
    "agent": "only_traj",
    "steer_traj": -0.0010471582847115767,
    "throttle_traj": 0.75,
    "brake_traj": 0.0,
    "plan": [
        [
            -0.007011706475168467,
            3.33500337600708
        ],
        [
            0.029230203479528427,
            7.116343975067139
        ],
        [
            0.08921286463737488,
            11.029279708862305
        ],
        [
            -0.5513508319854736,
            14.519123077392578
        ],
        [
            -0.2870095372200012,
            18.078466415405273
        ],
        [
            0.3425872027873993,
            20.437511444091797
        ]
    ]
}