{
    "speed": 5.04883699850609,
    "steer": -0.0010980346705764532,
    "throttle": 0.0,
    "brake": 0.0,
    "wp_4": [
        0.15231724083423615,
        14.833168983459473
    ],
    "wp_3": [
        0.09352590143680573,
        11.176210403442383
    ],
    "wp_2": [
        0.03331426903605461,
        7.211258888244629
    ],
    "wp_1": [
        -0.00363249983638525,
        3.397277593612671
    ],
    "aim": [
        -0.00363249983638525,
        3.397277593612671
    ],
    "target": [
        0.501774612051835,
        27.018236542281457
    ],
    "desired_speed": 6.936317825317383,
    "angle": -0.0006806941238223514,
    "angle_last": 0.024350734928421932,
    "angle_target": 0.01182175308265859,
    "angle_final": -0.0006806941238223514,
    "delta": 0.25,
    "agent": "only_traj",
    "steer_traj": -0.001098034656291709,
    "throttle_traj": 0.0,
    "brake_traj": 0.0,
    "plan": [
        [
            -0.00363249983638525,
            3.397277593612671
        ],
        [
            0.03331426903605461,
            7.211258888244629
        ],
        [
            0.09352590143680573,
            11.176210403442383
        ],
        [
            0.15231724083423615,
            14.833168983459473
        ],
        [
            0.23260661959648132,
            18.06524085998535
        ],
        [
            0.3347371220588684,
            20.734012603759766
        ]
    ]
}