{
    "speed": 5.182630069407009,
    "steer": -0.002521599642932415,
    "throttle": 0.0,
    "brake": 0.0,
    "wp_4": [
        0.15469400584697723,
        14.863659858703613
    ],
    "wp_3": [
        0.0941493958234787,
        11.202102661132812
    ],
    "wp_2": [
        0.02834416553378105,
        7.228693008422852
    ],
    "wp_1": [
        -0.009684959426522255,
        3.4050135612487793
    ],
    "aim": [
        -0.009684959426522255,
        3.4050135612487793
    ],
    "target": [
        0.21384492596886603,
        26.312495998048067
    ],
    "desired_speed": 6.946639442443848,
    "angle": -0.001810710976505572,
    "angle_last": 0.027922468518393934,
    "angle_target": 0.005173774122812498,
    "angle_final": -0.001810710976505572,
    "delta": 0.25,
    "agent": "only_traj",
    "steer_traj": -0.0025215997585786914,
    "throttle_traj": 0.0,
    "brake_traj": 0.0,
    "plan": [
        [
            -0.009684959426522255,
            3.4050135612487793
        ],
        [
            0.02834416553378105,
            7.228693008422852
        ],
        [
            0.0941493958234787,
            11.202102661132812
        ],
        [
            0.15469400584697723,
            14.863659858703613
        ],
        [
            0.22803840041160583,
            18.093700408935547
        ],
        [
            0.3453647494316101,
            20.766971588134766
        ]
    ]
}