{
    "speed": 5.086019906473606,
    "steer": -0.003135921200737357,
    "throttle": 0.0,
    "brake": 0.0,
    "wp_4": [
        -0.5642271637916565,
        14.564236640930176
    ],
    "wp_3": [
        0.08626547455787659,
        10.971328735351562
    ],
    "wp_2": [
        0.026063095778226852,
        7.08394718170166
    ],
    "wp_1": [
        -0.014134752564132214,
        3.3501434326171875
    ],
    "aim": [
        -0.014134752564132214,
        3.3501434326171875
    ],
    "target": [
        0.28280537312712545,
        28.148615885364084
    ],
    "desired_speed": 7.069270038604736,
    "angle": -0.002685961773147317,
    "angle_last": 0.12906398563893354,
    "angle_target": 0.0063958183828556605,
    "angle_final": -0.002685961773147317,
    "delta": 0.25,
    "agent": "only_traj",
    "steer_traj": -0.003135921202090409,
    "throttle_traj": 0.0,
    "brake_traj": 0.0,
    "plan": [
        [
            -0.014134752564132214,
            3.3501434326171875
        ],
        [
            0.026063095778226852,
            7.08394718170166
        ],
        [
            0.08626547455787659,
            10.971328735351562
        ],
        [
            -0.5642271637916565,
            14.564236640930176
        ],
        [
            -0.14236944913864136,
            18.283771514892578
        ],
        [
            0.3925313949584961,
            20.885971069335938
        ]
    ]
}