{
    "speed": 4.984460980679445,
    "steer": 0.00015019948477856815,
    "throttle": 0.75,
    "brake": 0.0,
    "wp_4": [
        0.22182518243789673,
        14.441381454467773
    ],
    "wp_3": [
        0.14221659302711487,
        10.52237606048584
    ],
    "wp_2": [
        0.04661199077963829,
        6.679607391357422
    ],
    "wp_1": [
        0.0010291598737239838,
        3.0554561614990234
    ],
    "aim": [
        0.0010291598737239838,
        3.0554561614990234
    ],
    "target": [
        -0.13085250949387808,
        26.54237482341354
    ],
    "desired_speed": 7.400090694427491,
    "angle": 0.00021444011240320853,
    "angle_last": 0.028578622024659828,
    "angle_target": -0.0031384765113689865,
    "angle_final": 0.00021444011240320853,
    "delta": 0.25,
    "agent": "only_traj",
    "steer_traj": 0.0001501994900010461,
    "throttle_traj": 0.75,
    "brake_traj": 0.0,
    "plan": [
        [
            0.0010291598737239838,
            3.0554561614990234
        ],
        [
            0.04661199077963829,
            6.679607391357422
        ],
        [
            0.14221659302711487,
            10.52237606048584
        ],
        [
            0.22182518243789673,
            14.441381454467773
        ],
        [
            0.323207825422287,
            18.179208755493164
        ],
        [
            0.474566787481308,
            21.548625946044922
        ]
    ]
}