{
    "speed": 4.8969016748837,
    "steer": -0.0013753784587606788,
    "throttle": 0.75,
    "brake": 0.0,
    "wp_4": [
        0.16303253173828125,
        14.471304893493652
    ],
    "wp_3": [
        0.10261237621307373,
        10.752707481384277
    ],
    "wp_2": [
        0.029962208122015,
        6.870440483093262
    ],
    "wp_1": [
        -0.008886626921594143,
        3.184809446334839
    ],
    "aim": [
        -0.008886626921594143,
        3.184809446334839
    ],
    "target": [
        -0.016263219067964116,
        25.70635945631135
    ],
    "desired_speed": 7.019610118865968,
    "angle": -0.0017763323576831746,
    "angle_last": 0.027730616093707357,
    "angle_target": -0.00040275969287984783,
    "angle_final": -0.00040275969287984783,
    "delta": 0.25,
    "agent": "only_traj",
    "steer_traj": -0.0013753784144302078,
    "throttle_traj": 0.75,
    "brake_traj": 0.0,
    "plan": [
        [
            -0.008886626921594143,
            3.184809446334839
        ],
        [
            0.029962208122015,
            6.870440483093262
        ],
        [
            0.10261237621307373,
            10.752707481384277
        ],
        [
            0.16303253173828125,
            14.471304893493652
        ],
        [
            0.2517445683479309,
            17.851022720336914
        ],
        [
            0.37716710567474365,
            20.72856330871582
        ]
    ]
}