{
    "speed": 4.830293991135999,
    "steer": -0.001471895375289023,
    "throttle": 0.75,
    "brake": 0.0,
    "wp_4": [
        0.1939682960510254,
        14.527202606201172
    ],
    "wp_3": [
        0.11002054810523987,
        10.621983528137207
    ],
    "wp_2": [
        0.035429250448942184,
        6.742785930633545
    ],
    "wp_1": [
        -0.0030880181584507227,
        3.094057321548462
    ],
    "aim": [
        -0.0030880181584507227,
        3.094057321548462
    ],
    "target": [
        -0.11480312097247125,
        25.774325455695845
    ],
    "desired_speed": 7.365575122833252,
    "angle": -0.0006353872023279334,
    "angle_last": 0.02706330661179711,
    "angle_target": -0.002835591315093866,
    "angle_final": -0.0006353872023279334,
    "delta": 0.25,
    "agent": "only_traj",
    "steer_traj": -0.0014718954107688339,
    "throttle_traj": 0.75,
    "brake_traj": 0.0,
    "plan": [
        [
            -0.0030880181584507227,
            3.094057321548462
        ],
        [
            0.035429250448942184,
            6.742785930633545
        ],
        [
            0.11002054810523987,
            10.621983528137207
        ],
        [
            0.1939682960510254,
            14.527202606201172
        ],
        [
            0.2872312366962433,
            18.223539352416992
        ],
        [
            0.4266870617866516,
            21.502031326293945
        ]
    ]
}