{
    "speed": 4.847975555781894,
    "steer": -0.0023514877539128065,
    "throttle": 0.75,
    "brake": 0.0,
    "wp_4": [
        -0.6377006769180298,
        14.87768840789795
    ],
    "wp_3": [
        -0.1363789290189743,
        10.869997024536133
    ],
    "wp_2": [
        0.033232007175683975,
        7.099427700042725
    ],
    "wp_1": [
        -0.00783619750291109,
        3.3270890712738037
    ],
    "aim": [
        -0.00783619750291109,
        3.3270890712738037
    ],
    "target": [
        -0.7171291819393826,
        26.367092599621323
    ],
    "desired_speed": 7.251168727874757,
    "angle": -0.0014994061323345465,
    "angle_last": 0.07602392396622717,
    "angle_target": -0.017310444591706126,
    "angle_final": -0.0014994061323345465,
    "delta": 0.25,
    "agent": "only_traj",
    "steer_traj": -0.0023514878000493325,
    "throttle_traj": 0.75,
    "brake_traj": 0.0,
    "plan": [
        [
            -0.00783619750291109,
            3.3270890712738037
        ],
        [
            0.033232007175683975,
            7.099427700042725
        ],
        [
            -0.1363789290189743,
            10.869997024536133
        ],
        [
            -0.6377006769180298,
            14.87768840789795
        ],
        [
            0.10443124920129776,
            18.506807327270508
        ],
        [
            0.44251471757888794,
            21.324426651000977
        ]
    ]
}