{
    "speed": 4.942747480558186,
    "steer": -0.0007647252641618252,
    "throttle": 0.75,
    "brake": 0.0,
    "wp_4": [
        0.13106988370418549,
        14.853334426879883
    ],
    "wp_3": [
        0.10242864489555359,
        11.065740585327148
    ],
    "wp_2": [
        0.03383462131023407,
        7.098061561584473
    ],
    "wp_1": [
        -0.0010776605922728777,
        3.3373661041259766
    ],
    "aim": [
        -0.0010776605922728777,
        3.3373661041259766
    ],
    "target": [
        -0.2800476907024676,
        25.76013097681226
    ],
    "desired_speed": 7.166264057159424,
    "angle": -0.00020554063056179772,
    "angle_last": 0.02220931884164138,
    "angle_target": -0.00692065091526573,
    "angle_final": -0.00020554063056179772,
    "delta": 0.25,
    "agent": "only_traj",
    "steer_traj": -0.0007647252882374351,
    "throttle_traj": 0.75,
    "brake_traj": 0.0,
    "plan": [
        [
            -0.0010776605922728777,
            3.3373661041259766
        ],
        [
            0.03383462131023407,
            7.098061561584473
        ],
        [
            0.10242864489555359,
            11.065740585327148
        ],
        [
            0.13106988370418549,
            14.853334426879883
        ],
        [
            0.27459391951560974,
            18.300960540771484
        ],
        [
            0.3774256110191345,
            21.24738311767578
        ]
    ]
}