{
    "speed": 5.081130501577286,
    "steer": -0.0006147963576950133,
    "throttle": 0.0,
    "brake": 0.0,
    "wp_4": [
        0.1930297315120697,
        14.90616226196289
    ],
    "wp_3": [
        0.11325524747371674,
        11.03750228881836
    ],
    "wp_2": [
        0.03852458298206329,
        7.094672203063965
    ],
    "wp_1": [
        0.0018622975330799818,
        3.3378236293792725
    ],
    "aim": [
        0.0018622975330799818,
        3.3378236293792725
    ],
    "target": [
        0.013664147822846473,
        25.606134078813305
    ],
    "desired_speed": 7.301303768157959,
    "angle": 0.0003552179002962492,
    "angle_last": 0.0229207209891936,
    "angle_target": 0.0003397180466254336,
    "angle_final": 0.0003397180466254336,
    "delta": 0.25,
    "agent": "only_traj",
    "steer_traj": -0.000614796358092596,
    "throttle_traj": 0.0,
    "brake_traj": 0.0,
    "plan": [
        [
            0.0018622975330799818,
            3.3378236293792725
        ],
        [
            0.03852458298206329,
            7.094672203063965
        ],
        [
            0.11325524747371674,
            11.03750228881836
        ],
        [
            0.1930297315120697,
            14.90616226196289
        ],
        [
            0.286100298166275,
            18.471681594848633
        ],
        [
            0.39828118681907654,
            21.586139678955078
        ]
    ]
}