{
    "speed": 5.211533962475106,
    "steer": -0.0022840159945189953,
    "throttle": 0.0,
    "brake": 0.0,
    "wp_4": [
        0.17214801907539368,
        14.955843925476074
    ],
    "wp_3": [
        0.1031053364276886,
        11.097522735595703
    ],
    "wp_2": [
        0.02821451798081398,
        7.135013103485107
    ],
    "wp_1": [
        -0.005629582796245813,
        3.370429515838623
    ],
    "aim": [
        -0.005629582796245813,
        3.370429515838623
    ],
    "target": [
        0.3848518637182816,
        25.526399581329336
    ],
    "desired_speed": 7.282017326354981,
    "angle": -0.0010633364993246214,
    "angle_last": 0.023486032979498323,
    "angle_target": 0.009597348192332432,
    "angle_final": -0.0010633364993246214,
    "delta": 0.25,
    "agent": "only_traj",
    "steer_traj": -0.002284016095317421,
    "throttle_traj": 0.0,
    "brake_traj": 0.0,
    "plan": [
        [
            -0.005629582796245813,
            3.370429515838623
        ],
        [
            0.02821451798081398,
            7.135013103485107
        ],
        [
            0.1031053364276886,
            11.097522735595703
        ],
        [
            0.17214801907539368,
            14.955843925476074
        ],
        [
            0.261886328458786,
            18.497838973999023
        ],
        [
            0.37530338764190674,
            21.57076644897461
        ]
    ]
}