{
    "speed": 5.117266608943548,
    "steer": -0.00010507165279705077,
    "throttle": 0.0,
    "brake": 0.0,
    "wp_4": [
        0.18864183127880096,
        14.746683120727539
    ],
    "wp_3": [
        0.13207930326461792,
        10.951866149902344
    ],
    "wp_2": [
        0.04108048975467682,
        6.946129322052002
    ],
    "wp_1": [
        0.0029863675590604544,
        3.192190408706665
    ],
    "aim": [
        0.0029863675590604544,
        3.192190408706665
    ],
    "target": [
        -0.6501350760969369,
        25.30727940728212
    ],
    "desired_speed": 7.115044879913331,
    "angle": 0.0005955646680899201,
    "angle_last": 0.02895086733442552,
    "angle_target": -0.01635094092033267,
    "angle_final": 0.0005955646680899201,
    "delta": 0.25,
    "agent": "only_traj",
    "steer_traj": -0.00010507164923851406,
    "throttle_traj": 0.0,
    "brake_traj": 0.0,
    "plan": [
        [
            0.0029863675590604544,
            3.192190408706665
        ],
        [
            0.04108048975467682,
            6.946129322052002
        ],
        [
            0.13207930326461792,
            10.951866149902344
        ],
        [
            0.18864183127880096,
            14.746683120727539
        ],
        [
            0.27144744992256165,
            18.132474899291992
        ],
        [
            0.4007667899131775,
            20.974201202392578
        ]
    ]
}