{
    "speed": 4.910663369934116,
    "steer": -0.0040297373197972775,
    "throttle": 0.75,
    "brake": 0.0,
    "wp_4": [
        0.08000706136226654,
        14.813783645629883
    ],
    "wp_3": [
        0.05183887481689453,
        11.086566925048828
    ],
    "wp_2": [
        -0.0059449076652526855,
        7.0615057945251465
    ],
    "wp_1": [
        -0.016433097422122955,
        3.2770490646362305
    ],
    "aim": [
        -0.016433097422122955,
        3.2770490646362305
    ],
    "target": [
        0.8675217180828151,
        23.679595796453306
    ],
    "desired_speed": 7.003213977813721,
    "angle": -0.003192382354608374,
    "angle_last": 0.017195959990852022,
    "angle_target": 0.023312669455614724,
    "angle_final": -0.003192382354608374,
    "delta": 0.25,
    "agent": "only_traj",
    "steer_traj": -0.004029737302505313,
    "throttle_traj": 0.75,
    "brake_traj": 0.0,
    "plan": [
        [
            -0.016433097422122955,
            3.2770490646362305
        ],
        [
            -0.0059449076652526855,
            7.0615057945251465
        ],
        [
            0.05183887481689453,
            11.086566925048828
        ],
        [
            0.08000706136226654,
            14.813783645629883
        ],
        [
            0.13524474203586578,
            18.082876205444336
        ],
        [
            0.20819911360740662,
            20.783096313476562
        ]
    ]
}