{
    "speed": 4.850037731208478,
    "steer": -0.0030514008831232786,
    "throttle": 0.75,
    "brake": 0.0,
    "wp_4": [
        0.08951803296804428,
        14.565439224243164
    ],
    "wp_3": [
        0.07547050714492798,
        10.87161636352539
    ],
    "wp_2": [
        0.005304635036736727,
        6.879306793212891
    ],
    "wp_1": [
        -0.013425512239336967,
        3.1459548473358154
    ],
    "aim": [
        -0.013425512239336967,
        3.1459548473358154
    ],
    "target": [
        0.49858536275997006,
        23.854327866556172
    ],
    "desired_speed": 6.909622287750245,
    "angle": -0.0027167735154031525,
    "angle_last": 0.016809978411755522,
    "angle_target": 0.013304214339445291,
    "angle_final": -0.0027167735154031525,
    "delta": 0.25,
    "agent": "only_traj",
    "steer_traj": -0.0030514009271777652,
    "throttle_traj": 0.75,
    "brake_traj": 0.0,
    "plan": [
        [
            -0.013425512239336967,
            3.1459548473358154
        ],
        [
            0.005304635036736727,
            6.879306793212891
        ],
        [
            0.07547050714492798,
            10.87161636352539
        ],
        [
            0.08951803296804428,
            14.565439224243164
        ],
        [
            0.1375836730003357,
            17.788673400878906
        ],
        [
            0.20702846348285675,
            20.418045043945312
        ]
    ]
}