{
    "speed": 4.871002734589334,
    "steer": -0.0038841916248202324,
    "throttle": 0.75,
    "brake": 0.0,
    "wp_4": [
        0.08330580592155457,
        14.990039825439453
    ],
    "wp_3": [
        0.07178917527198792,
        11.244625091552734
    ],
    "wp_2": [
        -0.0019378875149413943,
        7.176240921020508
    ],
    "wp_1": [
        -0.017383193597197533,
        3.3382129669189453
    ],
    "aim": [
        -0.017383193597197533,
        3.3382129669189453
    ],
    "target": [
        -0.5013972369604438,
        24.529496507090574
    ],
    "desired_speed": 7.020038986206055,
    "angle": -0.0033150221957054917,
    "angle_last": 0.019645493500190927,
    "angle_target": -0.013011068132319531,
    "angle_final": -0.0033150221957054917,
    "delta": 0.25,
    "agent": "only_traj",
    "steer_traj": -0.003884191663116649,
    "throttle_traj": 0.75,
    "brake_traj": 0.0,
    "plan": [
        [
            -0.017383193597197533,
            3.3382129669189453
        ],
        [
            -0.0019378875149413943,
            7.176240921020508
        ],
        [
            0.07178917527198792,
            11.244625091552734
        ],
        [
            0.08330580592155457,
            14.990039825439453
        ],
        [
            0.1397709846496582,
            18.237714767456055
        ],
        [
            0.22151567041873932,
            20.885841369628906
        ]
    ]
}