{
    "speed": 4.967606201668886,
    "steer": -0.0032882860396057367,
    "throttle": 0.75,
    "brake": 0.0,
    "wp_4": [
        0.08721079677343369,
        15.001068115234375
    ],
    "wp_3": [
        0.059716373682022095,
        11.332165718078613
    ],
    "wp_2": [
        -0.005913949571549892,
        7.260407447814941
    ],
    "wp_1": [
        -0.015318537130951881,
        3.4105324745178223
    ],
    "aim": [
        -0.015318537130951881,
        3.4105324745178223
    ],
    "target": [
        0.8443506975053677,
        23.380134182747174
    ],
    "desired_speed": 6.916207695007325,
    "angle": -0.0028593726870748634,
    "angle_last": 0.017451636738782833,
    "angle_target": 0.022980913664792164,
    "angle_final": -0.0028593726870748634,
    "delta": 0.25,
    "agent": "only_traj",
    "steer_traj": -0.003288286117154578,
    "throttle_traj": 0.75,
    "brake_traj": 0.0,
    "plan": [
        [
            -0.015318537130951881,
            3.4105324745178223
        ],
        [
            -0.005913949571549892,
            7.260407447814941
        ],
        [
            0.059716373682022095,
            11.332165718078613
        ],
        [
            0.08721079677343369,
            15.001068115234375
        ],
        [
            0.1452522873878479,
            18.149797439575195
        ],
        [
            0.2151486575603485,
            20.698915481567383
        ]
    ]
}