{
    "speed": 5.106731092033129,
    "steer": -0.0032143350690603256,
    "throttle": 0.0,
    "brake": 0.0,
    "wp_4": [
        0.08533616364002228,
        14.958702087402344
    ],
    "wp_3": [
        0.0595637708902359,
        11.394210815429688
    ],
    "wp_2": [
        -0.017639538273215294,
        7.281496524810791
    ],
    "wp_1": [
        -0.013818672858178616,
        3.3896820545196533
    ],
    "aim": [
        -0.013818672858178616,
        3.3896820545196533
    ],
    "target": [
        0.4511657330360288,
        22.904765795846288
    ],
    "desired_speed": 6.7151535987854,
    "angle": -0.0025952720391677034,
    "angle_last": 0.022919127278387262,
    "angle_target": 0.012538171801336909,
    "angle_final": -0.0025952720391677034,
    "delta": 0.25,
    "agent": "only_traj",
    "steer_traj": -0.003214335089828419,
    "throttle_traj": 0.0,
    "brake_traj": 0.0,
    "plan": [
        [
            -0.013818672858178616,
            3.3896820545196533
        ],
        [
            -0.017639538273215294,
            7.281496524810791
        ],
        [
            0.0595637708902359,
            11.394210815429688
        ],
        [
            0.08533616364002228,
            14.958702087402344
        ],
        [
            0.1420309692621231,
            17.897104263305664
        ],
        [
            0.22406357526779175,
            20.17472267150879
        ]
    ]
}