{
    "speed": 5.2078783330213785,
    "steer": -0.0030460164416581392,
    "throttle": 0.0,
    "brake": 0.0,
    "wp_4": [
        -0.43480411171913147,
        14.846787452697754
    ],
    "wp_3": [
        -0.6695969104766846,
        11.348101615905762
    ],
    "wp_2": [
        -0.10425114631652832,
        7.237641334533691
    ],
    "wp_1": [
        -0.012452762573957443,
        3.4164316654205322
    ],
    "aim": [
        -0.012452762573957443,
        3.4164316654205322
    ],
    "target": [
        0.6936246901310847,
        22.4512144688689
    ],
    "desired_speed": 6.512151241302489,
    "angle": -0.0023203948705700795,
    "angle_last": 0.16319573106833046,
    "angle_target": 0.01966195552399888,
    "angle_final": -0.0023203948705700795,
    "delta": 0.25,
    "agent": "only_traj",
    "steer_traj": -0.0030460164613820727,
    "throttle_traj": 0.0,
    "brake_traj": 0.0,
    "plan": [
        [
            -0.012452762573957443,
            3.4164316654205322
        ],
        [
            -0.10425114631652832,
            7.237641334533691
        ],
        [
            -0.6695969104766846,
            11.348101615905762
        ],
        [
            -0.43480411171913147,
            14.846787452697754
        ],
        [
            -0.4186265468597412,
            17.679201126098633
        ],
        [
            0.08083802461624146,
            19.58472442626953
        ]
    ]
}