{
    "speed": 5.087215272231511,
    "steer": 0.002192579209804535,
    "throttle": 0.0,
    "brake": 0.0,
    "wp_4": [
        0.05833325535058975,
        13.927641868591309
    ],
    "wp_3": [
        0.07411360740661621,
        10.756478309631348
    ],
    "wp_2": [
        0.011151580139994621,
        6.876848220825195
    ],
    "wp_1": [
        0.01289747841656208,
        3.1083996295928955
    ],
    "aim": [
        0.01289747841656208,
        3.1083996295928955
    ],
    "target": [
        -0.6191956800373042,
        21.971444136459773
    ],
    "desired_speed": 5.997142601013183,
    "angle": 0.002641433997481073,
    "angle_last": 0.034193872323308866,
    "angle_target": -0.017936367869585548,
    "angle_final": 0.002641433997481073,
    "delta": 0.25,
    "agent": "only_traj",
    "steer_traj": 0.002192579260937075,
    "throttle_traj": 0.0,
    "brake_traj": 0.0,
    "plan": [
        [
            0.01289747841656208,
            3.1083996295928955
        ],
        [
            0.011151580139994621,
            6.876848220825195
        ],
        [
            0.07411360740661621,
            10.756478309631348
        ],
        [
            0.05833325535058975,
            13.927641868591309
        ],
        [
            0.09766627848148346,
            16.350257873535156
        ],
        [
            0.19162333011627197,
            18.097862243652344
        ]
    ]
}