{
    "speed": 4.917235349453212,
    "steer": 0.002528406912460923,
    "throttle": 0.75,
    "brake": 0.0,
    "wp_4": [
        -0.003024118021130562,
        13.921334266662598
    ],
    "wp_3": [
        0.022256512194871902,
        10.860836029052734
    ],
    "wp_2": [
        -0.021224258467555046,
        7.00142240524292
    ],
    "wp_1": [
        0.020721184089779854,
        3.1750588417053223
    ],
    "aim": [
        0.020721184089779854,
        3.1750588417053223
    ],
    "target": [
        -0.22251720193814942,
        21.68175029072486
    ],
    "desired_speed": 5.826374053955078,
    "angle": 0.004154700353592787,
    "angle_last": 0.04231754754014047,
    "angle_target": -0.0065333229731872585,
    "angle_final": 0.004154700353592787,
    "delta": 0.25,
    "agent": "only_traj",
    "steer_traj": 0.0025284068558219077,
    "throttle_traj": 0.75,
    "brake_traj": 0.0,
    "plan": [
        [
            0.020721184089779854,
            3.1750588417053223
        ],
        [
            -0.021224258467555046,
            7.00142240524292
        ],
        [
            0.022256512194871902,
            10.860836029052734
        ],
        [
            -0.003024118021130562,
            13.921334266662598
        ],
        [
            0.046311840415000916,
            16.161344528198242
        ],
        [
            0.15116290748119354,
            17.736385345458984
        ]
    ]
}