{
    "speed": 4.861719841314969,
    "steer": -0.0027298112399876118,
    "throttle": 0.75,
    "brake": 0.0,
    "wp_4": [
        0.025287913158535957,
        13.94920825958252
    ],
    "wp_3": [
        0.0372692346572876,
        10.891374588012695
    ],
    "wp_2": [
        -0.0068819280713796616,
        7.032498359680176
    ],
    "wp_1": [
        0.026154110208153725,
        3.209808826446533
    ],
    "aim": [
        0.026154110208153725,
        3.209808826446533
    ],
    "target": [
        -0.01230360571028713,
        22.172458708433773
    ],
    "desired_speed": 5.843927049636841,
    "angle": 0.00518719728312638,
    "angle_last": 0.04762232779551705,
    "angle_target": -0.0003532633870530329,
    "angle_final": -0.0003532633870530329,
    "delta": 0.25,
    "agent": "only_traj",
    "steer_traj": -0.002729811229379238,
    "throttle_traj": 0.75,
    "brake_traj": 0.0,
    "plan": [
        [
            0.026154110208153725,
            3.209808826446533
        ],
        [
            -0.0068819280713796616,
            7.032498359680176
        ],
        [
            0.0372692346572876,
            10.891374588012695
        ],
        [
            0.025287913158535957,
            13.94920825958252
        ],
        [
            0.09095945209264755,
            16.205394744873047
        ],
        [
            0.21149668097496033,
            17.81374168395996
        ]
    ]
}