{
    "speed": 4.983710210836747,
    "steer": -0.00426051951944828,
    "throttle": 0.75,
    "brake": 0.0,
    "wp_4": [
        0.012237820774316788,
        13.781088829040527
    ],
    "wp_3": [
        0.017743343487381935,
        10.967212677001953
    ],
    "wp_2": [
        0.002612520009279251,
        7.220766067504883
    ],
    "wp_1": [
        0.041766248643398285,
        3.332597255706787
    ],
    "aim": [
        0.041766248643398285,
        3.332597255706787
    ],
    "target": [
        -0.0788760080278102,
        21.685894341476473
    ],
    "desired_speed": 5.473813199996949,
    "angle": 0.00797808846898437,
    "angle_last": 0.06691457656117196,
    "angle_target": -0.0023155053720968224,
    "angle_final": -0.0023155053720968224,
    "delta": 0.25,
    "agent": "only_traj",
    "steer_traj": -0.004260519343582071,
    "throttle_traj": 0.75,
    "brake_traj": 0.0,
    "plan": [
        [
            0.041766248643398285,
            3.332597255706787
        ],
        [
            0.002612520009279251,
            7.220766067504883
        ],
        [
            0.017743343487381935,
            10.967212677001953
        ],
        [
            0.012237820774316788,
            13.781088829040527
        ],
        [
            0.07494349777698517,
            15.712141036987305
        ],
        [
            0.2117260992527008,
            17.008684158325195
        ]
    ]
}