{
    "speed": 5.1238899404795735,
    "steer": 0.006250396836549044,
    "throttle": 0.0,
    "brake": 0.0,
    "wp_4": [
        -0.16150689125061035,
        13.39354133605957
    ],
    "wp_3": [
        0.0531015582382679,
        10.807723999023438
    ],
    "wp_2": [
        0.031304530799388885,
        7.165558815002441
    ],
    "wp_1": [
        0.04709874466061592,
        3.3330869674682617
    ],
    "aim": [
        0.04709874466061592,
        3.3330869674682617
    ],
    "target": [
        0.19110217153059836,
        20.28777808375213
    ],
    "desired_speed": 5.415425729751586,
    "angle": 0.008995255418380824,
    "angle_last": -0.01176889911341183,
    "angle_target": 0.00599650796730707,
    "angle_final": 0.00599650796730707,
    "delta": 0.25,
    "agent": "only_traj",
    "steer_traj": 0.0062503969036114965,
    "throttle_traj": 0.0,
    "brake_traj": 0.0,
    "plan": [
        [
            0.04709874466061592,
            3.3330869674682617
        ],
        [
            0.031304530799388885,
            7.165558815002441
        ],
        [
            0.0531015582382679,
            10.807723999023438
        ],
        [
            -0.16150689125061035,
            13.39354133605957
        ],
        [
            -0.5805594325065613,
            15.388350486755371
        ],
        [
            -0.6070079803466797,
            16.818878173828125
        ]
    ]
}