{
    "speed": 5.1512949428856745,
    "steer": -0.0007075733155943453,
    "throttle": 0.0,
    "brake": 0.0,
    "wp_4": [
        0.04549505561590195,
        14.550769805908203
    ],
    "wp_3": [
        -0.6019618511199951,
        11.4845552444458
    ],
    "wp_2": [
        -0.5445676445960999,
        7.253568649291992
    ],
    "wp_1": [
        0.00907925982028246,
        3.4333531856536865
    ],
    "aim": [
        0.00907925982028246,
        3.4333531856536865
    ],
    "target": [
        0.7039058622868639,
        21.44078609940711
    ],
    "desired_speed": 6.060487174987793,
    "angle": 0.0016834620208913955,
    "angle_last": -0.04297231477265197,
    "angle_target": 0.020892867150863012,
    "angle_final": 0.0016834620208913955,
    "delta": 0.25,
    "agent": "only_traj",
    "steer_traj": -0.0007075733057229289,
    "throttle_traj": 0.0,
    "brake_traj": 0.0,
    "plan": [
        [
            0.00907925982028246,
            3.4333531856536865
        ],
        [
            -0.5445676445960999,
            7.253568649291992
        ],
        [
            -0.6019618511199951,
            11.4845552444458
        ],
        [
            0.04549505561590195,
            14.550769805908203
        ],
        [
            0.10054884105920792,
            16.80852508544922
        ],
        [
            -0.01192073617130518,
            18.472190856933594
        ]
    ]
}