{
    "speed": 5.049305256501949,
    "steer": -0.004922011401504278,
    "throttle": 0.0,
    "brake": 0.0,
    "wp_4": [
        0.0022012987174093723,
        12.528853416442871
    ],
    "wp_3": [
        -0.1728210747241974,
        10.17877197265625
    ],
    "wp_2": [
        -0.3624240458011627,
        6.496642589569092
    ],
    "wp_1": [
        0.05776713043451309,
        3.053725004196167
    ],
    "aim": [
        0.05776713043451309,
        3.053725004196167
    ],
    "target": [
        -0.11061897594696435,
        20.532259497519373
    ],
    "desired_speed": 5.038954448699951,
    "angle": 0.012041443897215731,
    "angle_last": -0.042755873666953347,
    "angle_target": -0.0034298001128886084,
    "angle_final": -0.0034298001128886084,
    "delta": 0.0,
    "agent": "only_traj",
    "steer_traj": -0.00492201120462913,
    "throttle_traj": 0.0,
    "brake_traj": 0.0,
    "plan": [
        [
            0.05776713043451309,
            3.053725004196167
        ],
        [
            -0.3624240458011627,
            6.496642589569092
        ],
        [
            -0.1728210747241974,
            10.17877197265625
        ],
        [
            0.0022012987174093723,
            12.528853416442871
        ],
        [
            -0.14856275916099548,
            14.226542472839355
        ],
        [
            -0.24123899638652802,
            15.60438346862793
        ]
    ]
}