{
    "speed": 4.978427643110019,
    "steer": 0.006200719624757767,
    "throttle": 0.75,
    "brake": 0.0,
    "wp_4": [
        -0.032144639641046524,
        13.009037017822266
    ],
    "wp_3": [
        -0.01872783713042736,
        10.181419372558594
    ],
    "wp_2": [
        -0.2572839856147766,
        6.641960144042969
    ],
    "wp_1": [
        0.026069730520248413,
        3.0206027030944824
    ],
    "aim": [
        0.026069730520248413,
        3.0206027030944824
    ],
    "target": [
        -0.4900133353809153,
        20.055903834403672
    ],
    "desired_speed": 5.564891242980957,
    "angle": 0.005494328122804621,
    "angle_last": 0.057555320123485035,
    "angle_target": -0.015551038262311252,
    "angle_final": 0.005494328122804621,
    "delta": 0.25,
    "agent": "only_traj",
    "steer_traj": 0.006200719788246877,
    "throttle_traj": 0.75,
    "brake_traj": 0.0,
    "plan": [
        [
            0.026069730520248413,
            3.0206027030944824
        ],
        [
            -0.2572839856147766,
            6.641960144042969
        ],
        [
            -0.01872783713042736,
            10.181419372558594
        ],
        [
            -0.032144639641046524,
            13.009037017822266
        ],
        [
            0.050887469202280045,
            15.193866729736328
        ],
        [
            0.2060195803642273,
            16.905105590820312
        ]
    ]
}