{
    "speed": 4.918246268963208,
    "steer": 0.0035106863360852003,
    "throttle": 0.0,
    "brake": 0.0,
    "wp_4": [
        -0.1498372107744217,
        12.25490665435791
    ],
    "wp_3": [
        -0.10508947819471359,
        9.864891052246094
    ],
    "wp_2": [
        -0.06697037816047668,
        6.71981143951416
    ],
    "wp_1": [
        0.026660578325390816,
        3.139005184173584
    ],
    "aim": [
        0.026660578325390816,
        3.139005184173584
    ],
    "target": [
        0.21677773753673982,
        20.3010546892984
    ],
    "desired_speed": 4.886979722976684,
    "angle": 0.005406901701428457,
    "angle_last": 0.06500940912868305,
    "angle_target": 0.006797664020503318,
    "angle_final": 0.005406901701428457,
    "delta": 0.0,
    "agent": "only_traj",
    "steer_traj": 0.003510686344661998,
    "throttle_traj": 0.0,
    "brake_traj": 0.0,
    "plan": [
        [
            0.026660578325390816,
            3.139005184173584
        ],
        [
            -0.06697037816047668,
            6.71981143951416
        ],
        [
            -0.10508947819471359,
            9.864891052246094
        ],
        [
            -0.1498372107744217,
            12.25490665435791
        ],
        [
            -0.05141044408082962,
            13.991991996765137
        ],
        [
            0.0872066393494606,
            15.344710350036621
        ]
    ]
}