{
    "speed": 4.560925654575619,
    "steer": 0.0009627213003113866,
    "throttle": 0.0,
    "brake": 1.0,
    "wp_4": [
        -0.20022329688072205,
        8.865808486938477
    ],
    "wp_3": [
        -0.1254950761795044,
        7.446565628051758
    ],
    "wp_2": [
        -0.0807713121175766,
        5.4983367919921875
    ],
    "wp_1": [
        0.018779436126351357,
        2.785921096801758
    ],
    "aim": [
        0.018779436126351357,
        2.785921096801758
    ],
    "target": [
        1.1633929851846565,
        19.46506010719556
    ],
    "desired_speed": 3.3909475326538083,
    "angle": 0.004291304136993042,
    "angle_last": -0.004215696474257839,
    "angle_target": 0.03800445227724644,
    "angle_final": 0.004291304136993042,
    "delta": 0.0,
    "agent": "only_traj",
    "steer_traj": 0.000962721271646746,
    "throttle_traj": 0.0,
    "brake_traj": 1.0,
    "plan": [
        [
            0.018779436126351357,
            2.785921096801758
        ],
        [
            -0.0807713121175766,
            5.4983367919921875
        ],
        [
            -0.1254950761795044,
            7.446565628051758
        ],
        [
            -0.20022329688072205,
            8.865808486938477
        ],
        [
            -0.11961757391691208,
            10.082027435302734
        ],
        [
            -0.12739373743534088,
            11.256290435791016
        ]
    ]
}