{
    "speed": 4.37528612310217,
    "steer": 0.009984301403164864,
    "throttle": 0.0,
    "brake": 1.0,
    "wp_4": [
        -0.02883041650056839,
        9.855364799499512
    ],
    "wp_3": [
        -0.06777814030647278,
        8.368398666381836
    ],
    "wp_2": [
        0.0043577514588832855,
        6.041254997253418
    ],
    "wp_1": [
        0.048367902636528015,
        2.91654109954834
    ],
    "aim": [
        0.048367902636528015,
        2.91654109954834
    ],
    "target": [
        -1.1491183781461332,
        19.609267638021024
    ],
    "desired_speed": 3.628120875358581,
    "angle": 0.010556712553636516,
    "angle_last": -0.011777323013388179,
    "angle_target": -0.03726379892660303,
    "angle_final": 0.010556712553636516,
    "delta": 0.0,
    "agent": "only_traj",
    "steer_traj": 0.009984301220186002,
    "throttle_traj": 0.0,
    "brake_traj": 1.0,
    "plan": [
        [
            0.048367902636528015,
            2.91654109954834
        ],
        [
            0.0043577514588832855,
            6.041254997253418
        ],
        [
            -0.06777814030647278,
            8.368398666381836
        ],
        [
            -0.02883041650056839,
            9.855364799499512
        ],
        [
            0.05671897530555725,
            11.004652976989746
        ],
        [
            0.038644369691610336,
            11.981558799743652
        ]
    ]
}