{
    "speed": 4.130788826314568,
    "steer": -0.0016516916221007705,
    "throttle": 0.75,
    "brake": 0.0,
    "wp_4": [
        -0.22837591171264648,
        11.783763885498047
    ],
    "wp_3": [
        -0.16974478960037231,
        9.01315975189209
    ],
    "wp_2": [
        -0.10777890682220459,
        5.800876617431641
    ],
    "wp_1": [
        0.004618830047547817,
        2.4819445610046387
    ],
    "aim": [
        0.004618830047547817,
        2.4819445610046387
    ],
    "target": [
        -1.1029349807533566,
        19.334919752624987
    ],
    "desired_speed": 5.505965709686279,
    "angle": 0.0011847064294989089,
    "angle_last": 0.046386898356643294,
    "angle_target": -0.03627582189339801,
    "angle_final": 0.0011847064294989089,
    "delta": 0.25,
    "agent": "only_traj",
    "steer_traj": -0.0016516915813001914,
    "throttle_traj": 0.75,
    "brake_traj": 0.0,
    "plan": [
        [
            0.004618830047547817,
            2.4819445610046387
        ],
        [
            -0.10777890682220459,
            5.800876617431641
        ],
        [
            -0.16974478960037231,
            9.01315975189209
        ],
        [
            -0.22837591171264648,
            11.783763885498047
        ],
        [
            -0.1348758041858673,
            14.1574125289917
        ],
        [
            0.0168745219707489,
            16.236366271972656
        ]
    ]
}