{
    "speed": 3.9222188788782932,
    "steer": -0.00187486142385751,
    "throttle": 0.75,
    "brake": 0.0,
    "wp_4": [
        -0.3134380877017975,
        12.082210540771484
    ],
    "wp_3": [
        -0.209048330783844,
        9.127093315124512
    ],
    "wp_2": [
        -0.14777128398418427,
        5.819831848144531
    ],
    "wp_1": [
        -0.006657992023974657,
        2.503243923187256
    ],
    "aim": [
        -0.006657992023974657,
        2.503243923187256
    ],
    "target": [
        0.3437577331794591,
        19.613295612777744
    ],
    "desired_speed": 5.788467693328857,
    "angle": -0.0016932317227813527,
    "angle_last": 0.05101966388868139,
    "angle_target": 0.011156746406811845,
    "angle_final": -0.0016932317227813527,
    "delta": 0.25,
    "agent": "only_traj",
    "steer_traj": -0.0018748613809033798,
    "throttle_traj": 0.75,
    "brake_traj": 0.0,
    "plan": [
        [
            -0.006657992023974657,
            2.503243923187256
        ],
        [
            -0.14777128398418427,
            5.819831848144531
        ],
        [
            -0.209048330783844,
            9.127093315124512
        ],
        [
            -0.3134380877017975,
            12.082210540771484
        ],
        [
            -0.20664307475090027,
            14.639524459838867
        ],
        [
            -0.020333409309387207,
            16.95930290222168
        ]
    ]
}