{
    "speed": 3.8280531545366028,
    "steer": 0.009189436212182045,
    "throttle": 0.75,
    "brake": 0.0,
    "wp_4": [
        -0.20574742555618286,
        11.853404998779297
    ],
    "wp_3": [
        -0.148625910282135,
        9.327497482299805
    ],
    "wp_2": [
        -0.09058097004890442,
        6.102888107299805
    ],
    "wp_1": [
        0.0328502394258976,
        2.6780972480773926
    ],
    "aim": [
        0.0328502394258976,
        2.6780972480773926
    ],
    "target": [
        -0.6214977103342003,
        19.67002382266923
    ],
    "desired_speed": 5.076610898971557,
    "angle": 0.007808547995586496,
    "angle_last": 0.07476868697876039,
    "angle_target": -0.020108066419137947,
    "angle_final": 0.007808547995586496,
    "delta": 0.25,
    "agent": "only_traj",
    "steer_traj": 0.009189435766858453,
    "throttle_traj": 0.75,
    "brake_traj": 0.0,
    "plan": [
        [
            0.0328502394258976,
            2.6780972480773926
        ],
        [
            -0.09058097004890442,
            6.102888107299805
        ],
        [
            -0.148625910282135,
            9.327497482299805
        ],
        [
            -0.20574742555618286,
            11.853404998779297
        ],
        [
            -0.12597543001174927,
            13.755192756652832
        ],
        [
            0.06260475516319275,
            15.353473663330078
        ]
    ]
}