{
    "speed": 3.816281134270679,
    "steer": 0.010176939889788628,
    "throttle": 0.75,
    "brake": 0.0,
    "wp_4": [
        -0.1839941442012787,
        10.647012710571289
    ],
    "wp_3": [
        -0.14047570526599884,
        8.656635284423828
    ],
    "wp_2": [
        -0.038155216723680496,
        5.994701862335205
    ],
    "wp_1": [
        0.04911138862371445,
        2.7895922660827637
    ],
    "aim": [
        0.04911138862371445,
        2.7895922660827637
    ],
    "target": [
        0.7644597601902551,
        18.561937082293646
    ],
    "desired_speed": 4.288184070587159,
    "angle": 0.011206642998658619,
    "angle_last": 0.04864450355030484,
    "angle_target": 0.026203909744436416,
    "angle_final": 0.011206642998658619,
    "delta": 0.25,
    "agent": "only_traj",
    "steer_traj": 0.010176940248190667,
    "throttle_traj": 0.75,
    "brake_traj": 0.0,
    "plan": [
        [
            0.04911138862371445,
            2.7895922660827637
        ],
        [
            -0.038155216723680496,
            5.994701862335205
        ],
        [
            -0.14047570526599884,
            8.656635284423828
        ],
        [
            -0.1839941442012787,
            10.647012710571289
        ],
        [
            -0.08907171338796616,
            12.162222862243652
        ],
        [
            0.01331280916929245,
            13.499539375305176
        ]
    ]
}