{
    "speed": 3.8935034496105936,
    "steer": 0.009371409192681313,
    "throttle": 0.43754738569259644,
    "brake": 0.0,
    "wp_4": [
        -0.14480356872081757,
        10.36880111694336
    ],
    "wp_3": [
        -0.1265449821949005,
        8.586986541748047
    ],
    "wp_2": [
        -0.02448827400803566,
        5.971071243286133
    ],
    "wp_1": [
        0.04784194752573967,
        2.725374460220337
    ],
    "aim": [
        0.04784194752573967,
        2.725374460220337
    ],
    "target": [
        0.5838958559440517,
        18.04978638818273
    ],
    "desired_speed": 3.9901849269866947,
    "angle": 0.011174237545596448,
    "angle_last": 0.04002260397901619,
    "angle_target": 0.02058695077113808,
    "angle_final": 0.011174237545596448,
    "delta": 0.09668147737610111,
    "agent": "only_traj",
    "steer_traj": 0.00937140908182052,
    "throttle_traj": 0.4375473827238079,
    "brake_traj": 0.0,
    "plan": [
        [
            0.04784194752573967,
            2.725374460220337
        ],
        [
            -0.02448827400803566,
            5.971071243286133
        ],
        [
            -0.1265449821949005,
            8.586986541748047
        ],
        [
            -0.14480356872081757,
            10.36880111694336
        ],
        [
            -0.06765327602624893,
            11.643111228942871
        ],
        [
            -0.001528821885585785,
            12.693534851074219
        ]
    ]
}