{
    "speed": 3.994980976835927,
    "steer": -0.004470505751669407,
    "throttle": 0.0,
    "brake": 1.0,
    "wp_4": [
        -0.48235762119293213,
        9.556981086730957
    ],
    "wp_3": [
        -0.6086633801460266,
        7.965230464935303
    ],
    "wp_2": [
        -0.4886462092399597,
        5.5561957359313965
    ],
    "wp_1": [
        -0.008232973515987396,
        2.555781841278076
    ],
    "aim": [
        -0.008232973515987396,
        2.555781841278076
    ],
    "target": [
        -0.2615962582115972,
        17.751650987794275
    ],
    "desired_speed": 3.5908010482788084,
    "angle": -0.002050754180336131,
    "angle_last": -0.07680520148036546,
    "angle_target": -0.009380834312111936,
    "angle_final": -0.002050754180336131,
    "delta": 0.0,
    "agent": "only_traj",
    "steer_traj": -0.004470505725651383,
    "throttle_traj": 0.0,
    "brake_traj": 1.0,
    "plan": [
        [
            -0.008232973515987396,
            2.555781841278076
        ],
        [
            -0.4886462092399597,
            5.5561957359313965
        ],
        [
            -0.6086633801460266,
            7.965230464935303
        ],
        [
            -0.48235762119293213,
            9.556981086730957
        ],
        [
            -0.44561484456062317,
            10.506135940551758
        ],
        [
            -0.5635281205177307,
            11.478743553161621
        ]
    ]
}