{
    "speed": 4.016542218001375,
    "steer": 0.004999824799597263,
    "throttle": 0.75,
    "brake": 0.0,
    "wp_4": [
        -0.20152388513088226,
        11.962349891662598
    ],
    "wp_3": [
        -0.15438911318778992,
        9.53187084197998
    ],
    "wp_2": [
        -0.09411528706550598,
        6.331777572631836
    ],
    "wp_1": [
        0.013741892762482166,
        2.812408685684204
    ],
    "aim": [
        0.013741892762482166,
        2.812408685684204
    ],
    "target": [
        0.7033454810288009,
        18.879006337023736
    ],
    "desired_speed": 4.8961859226226805,
    "angle": 0.003110592102470171,
    "angle_last": 0.08639799473259643,
    "angle_target": 0.023706578831664462,
    "angle_final": 0.003110592102470171,
    "delta": 0.25,
    "agent": "only_traj",
    "steer_traj": 0.0049998247661380965,
    "throttle_traj": 0.75,
    "brake_traj": 0.0,
    "plan": [
        [
            0.013741892762482166,
            2.812408685684204
        ],
        [
            -0.09411528706550598,
            6.331777572631836
        ],
        [
            -0.15438911318778992,
            9.53187084197998
        ],
        [
            -0.20152388513088226,
            11.962349891662598
        ],
        [
            -0.13327422738075256,
            13.691117286682129
        ],
        [
            0.05042356252670288,
            15.036365509033203
        ]
    ]
}