{
    "speed": 3.965978280890925,
    "steer": -0.006030573043972254,
    "throttle": 0.0,
    "brake": 0.0,
    "wp_4": [
        -0.14991673827171326,
        9.378620147705078
    ],
    "wp_3": [
        -0.09774328768253326,
        7.564435005187988
    ],
    "wp_2": [
        -0.04931699112057686,
        5.194219589233398
    ],
    "wp_1": [
        0.03203722834587097,
        2.3476719856262207
    ],
    "aim": [
        0.03203722834587097,
        2.3476719856262207
    ],
    "target": [
        -0.1598678406754624,
        17.462737537697688
    ],
    "desired_speed": 3.928088903427124,
    "angle": 0.008686986213840914,
    "angle_last": 0.07526046059900131,
    "angle_target": -0.0058279628263695725,
    "angle_final": -0.0058279628263695725,
    "delta": 0.0,
    "agent": "only_traj",
    "steer_traj": -0.0060305730821582845,
    "throttle_traj": 0.0,
    "brake_traj": 0.0,
    "plan": [
        [
            0.03203722834587097,
            2.3476719856262207
        ],
        [
            -0.04931699112057686,
            5.194219589233398
        ],
        [
            -0.09774328768253326,
            7.564435005187988
        ],
        [
            -0.14991673827171326,
            9.378620147705078
        ],
        [
            -0.0770486518740654,
            10.815160751342773
        ],
        [
            0.08199603110551834,
            12.154228210449219
        ]
    ]
}