{
    "speed": 3.901570835700055,
    "steer": 0.00013605556159745902,
    "throttle": 0.75,
    "brake": 0.0,
    "wp_4": [
        -0.42136654257774353,
        9.846141815185547
    ],
    "wp_3": [
        -0.7081924080848694,
        7.950273036956787
    ],
    "wp_2": [
        -0.7224733829498291,
        5.352761268615723
    ],
    "wp_1": [
        -0.1686505675315857,
        2.2161881923675537
    ],
    "aim": [
        -0.1686505675315857,
        2.2161881923675537
    ],
    "target": [
        -0.06970873940296402,
        17.77521220819806
    ],
    "desired_speed": 4.114519357681274,
    "angle": -0.04835313780078802,
    "angle_last": 0.09344758475694816,
    "angle_target": -0.0024966078485053433,
    "angle_final": -0.0024966078485053433,
    "delta": 0.2129485219812195,
    "agent": "only_traj",
    "steer_traj": 0.00013605555690108292,
    "throttle_traj": 0.75,
    "brake_traj": 0.0,
    "plan": [
        [
            -0.1686505675315857,
            2.2161881923675537
        ],
        [
            -0.7224733829498291,
            5.352761268615723
        ],
        [
            -0.7081924080848694,
            7.950273036956787
        ],
        [
            -0.42136654257774353,
            9.846141815185547
        ],
        [
            -0.15904586017131805,
            11.167190551757812
        ],
        [
            0.022225242108106613,
            12.393233299255371
        ]
    ]
}