{
    "speed": 3.7981928233525823,
    "steer": -0.011346150189638138,
    "throttle": 0.75,
    "brake": 0.0,
    "wp_4": [
        -0.577069103717804,
        9.690546035766602
    ],
    "wp_3": [
        -0.6681584119796753,
        7.59719705581665
    ],
    "wp_2": [
        -0.581286609172821,
        4.891383171081543
    ],
    "wp_1": [
        -0.2400236427783966,
        2.001965284347534
    ],
    "aim": [
        -0.2400236427783966,
        2.001965284347534
    ],
    "target": [
        -0.3307660682918202,
        17.10588143701258
    ],
    "desired_speed": 4.668606519699097,
    "angle": -0.07596425341155534,
    "angle_last": 0.024164802001016034,
    "angle_target": -0.01230839706899279,
    "angle_final": -0.01230839706899279,
    "delta": 0.25,
    "agent": "only_traj",
    "steer_traj": -0.011346150279767106,
    "throttle_traj": 0.75,
    "brake_traj": 0.0,
    "plan": [
        [
            -0.2400236427783966,
            2.001965284347534
        ],
        [
            -0.581286609172821,
            4.891383171081543
        ],
        [
            -0.6681584119796753,
            7.59719705581665
        ],
        [
            -0.577069103717804,
            9.690546035766602
        ],
        [
            -0.717509925365448,
            11.67762565612793
        ],
        [
            -0.6428477168083191,
            13.643649101257324
        ]
    ]
}