{
    "speed": 3.7325063706095882,
    "steer": -0.034203507006168365,
    "throttle": 0.75,
    "brake": 0.0,
    "wp_4": [
        -0.16850343346595764,
        11.880282402038574
    ],
    "wp_3": [
        -0.3559800982475281,
        9.17386245727539
    ],
    "wp_2": [
        -0.7411264181137085,
        5.819619178771973
    ],
    "wp_1": [
        -0.3150719106197357,
        2.3067171573638916
    ],
    "aim": [
        -0.3150719106197357,
        2.3067171573638916
    ],
    "target": [
        -1.0376730209162215,
        18.21396425366182
    ],
    "desired_speed": 5.691160011291505,
    "angle": -0.08642036233895552,
    "angle_last": 0.06934179811922214,
    "angle_target": -0.03622988544067732,
    "angle_final": -0.03622988544067732,
    "delta": 0.25,
    "agent": "only_traj",
    "steer_traj": -0.034203507408009884,
    "throttle_traj": 0.75,
    "brake_traj": 0.0,
    "plan": [
        [
            -0.3150719106197357,
            2.3067171573638916
        ],
        [
            -0.7411264181137085,
            5.819619178771973
        ],
        [
            -0.3559800982475281,
            9.17386245727539
        ],
        [
            -0.16850343346595764,
            11.880282402038574
        ],
        [
            -0.05924638360738754,
            14.294143676757812
        ],
        [
            0.17813995480537415,
            16.464937210083008
        ]
    ]
}