{
    "speed": 3.9592706624129956,
    "steer": -0.027061915025115013,
    "throttle": 0.75,
    "brake": 0.0,
    "wp_4": [
        0.1503273844718933,
        13.98051929473877
    ],
    "wp_3": [
        0.07057556509971619,
        10.300307273864746
    ],
    "wp_2": [
        -0.5077150464057922,
        6.480196475982666
    ],
    "wp_1": [
        -0.5035360455513,
        2.572585344314575
    ],
    "aim": [
        -0.5035360455513,
        2.572585344314575
    ],
    "target": [
        -0.6948758208625565,
        16.616975184818713
    ],
    "desired_speed": 7.023442173004151,
    "angle": -0.12305089453070625,
    "angle_last": 0.06456157639210255,
    "angle_target": -0.02660617209904247,
    "angle_final": -0.02660617209904247,
    "delta": 0.25,
    "agent": "only_traj",
    "steer_traj": -0.02706191534652285,
    "throttle_traj": 0.75,
    "brake_traj": 0.0,
    "plan": [
        [
            -0.5035360455513,
            2.572585344314575
        ],
        [
            -0.5077150464057922,
            6.480196475982666
        ],
        [
            0.07057556509971619,
            10.300307273864746
        ],
        [
            0.1503273844718933,
            13.98051929473877
        ],
        [
            0.28753215074539185,
            17.21094512939453
        ],
        [
            0.5783870220184326,
            20.069128036499023
        ]
    ]
}