{
    "speed": 4.1306210697577255,
    "steer": -0.005066304933279753,
    "throttle": 0.75,
    "brake": 0.0,
    "wp_4": [
        0.11785761266946793,
        14.172355651855469
    ],
    "wp_3": [
        0.009534196928143501,
        10.204305648803711
    ],
    "wp_2": [
        -0.02561607025563717,
        6.38564395904541
    ],
    "wp_1": [
        -0.6139724254608154,
        2.665933847427368
    ],
    "aim": [
        -0.6139724254608154,
        2.665933847427368
    ],
    "target": [
        -0.31892026523648553,
        17.205433172397417
    ],
    "desired_speed": 7.565920639038086,
    "angle": -0.144102751808538,
    "angle_last": 0.052029924757917054,
    "angle_target": -0.011799046073644378,
    "angle_final": -0.011799046073644378,
    "delta": 0.25,
    "agent": "only_traj",
    "steer_traj": -0.005066304789602562,
    "throttle_traj": 0.75,
    "brake_traj": 0.0,
    "plan": [
        [
            -0.6139724254608154,
            2.665933847427368
        ],
        [
            -0.02561607025563717,
            6.38564395904541
        ],
        [
            0.009534196928143501,
            10.204305648803711
        ],
        [
            0.11785761266946793,
            14.172355651855469
        ],
        [
            0.2729988992214203,
            17.9912166595459
        ],
        [
            0.5618719458580017,
            21.51789093017578
        ]
    ]
}