{
    "speed": 4.503603701400597,
    "steer": 0.01818881556391716,
    "throttle": 0.75,
    "brake": 0.0,
    "wp_4": [
        -0.2819371819496155,
        14.113933563232422
    ],
    "wp_3": [
        -0.007681908551603556,
        10.195359230041504
    ],
    "wp_2": [
        -0.6148832440376282,
        6.6222147941589355
    ],
    "wp_1": [
        -0.6244135499000549,
        2.772523880004883
    ],
    "aim": [
        -0.6244135499000549,
        2.772523880004883
    ],
    "target": [
        0.4090585917924263,
        16.260682334187567
    ],
    "desired_speed": 7.214910030364991,
    "angle": -0.14102332307574234,
    "angle_last": 0.0536221177444378,
    "angle_target": 0.016011620515744243,
    "angle_final": 0.016011620515744243,
    "delta": 0.25,
    "agent": "only_traj",
    "steer_traj": 0.018188814748799954,
    "throttle_traj": 0.75,
    "brake_traj": 0.0,
    "plan": [
        [
            -0.6244135499000549,
            2.772523880004883
        ],
        [
            -0.6148832440376282,
            6.6222147941589355
        ],
        [
            -0.007681908551603556,
            10.195359230041504
        ],
        [
            -0.2819371819496155,
            14.113933563232422
        ],
        [
            0.2626115083694458,
            17.449016571044922
        ],
        [
            0.5365211963653564,
            20.693269729614258
        ]
    ]
}