{
    "speed": 4.695701938692994,
    "steer": -0.005982980132102966,
    "throttle": 0.75,
    "brake": 0.0,
    "wp_4": [
        0.02471502125263214,
        12.862465858459473
    ],
    "wp_3": [
        -0.035496003925800323,
        9.915132522583008
    ],
    "wp_2": [
        -0.5790712237358093,
        6.589092254638672
    ],
    "wp_1": [
        -0.6552217602729797,
        2.7330737113952637
    ],
    "aim": [
        -0.6552217602729797,
        2.7330737113952637
    ],
    "target": [
        -0.016734795571722083,
        16.078577845505393
    ],
    "desired_speed": 5.851071453094483,
    "angle": -0.14979487968084507,
    "angle_last": 0.0822451638262379,
    "angle_target": -0.0006626020039107325,
    "angle_final": -0.0006626020039107325,
    "delta": 0.25,
    "agent": "only_traj",
    "steer_traj": -0.005982980229833203,
    "throttle_traj": 0.75,
    "brake_traj": 0.0,
    "plan": [
        [
            -0.6552217602729797,
            2.7330737113952637
        ],
        [
            -0.5790712237358093,
            6.589092254638672
        ],
        [
            -0.035496003925800323,
            9.915132522583008
        ],
        [
            0.02471502125263214,
            12.862465858459473
        ],
        [
            0.15345923602581024,
            15.291067123413086
        ],
        [
            0.4137994647026062,
            17.29500961303711
        ]
    ]
}