{
    "speed": 4.890832418692956,
    "steer": -0.007189794443547726,
    "throttle": 0.75,
    "brake": 0.0,
    "wp_4": [
        0.017532318830490112,
        12.321527481079102
    ],
    "wp_3": [
        -0.03774969279766083,
        9.575698852539062
    ],
    "wp_2": [
        -0.1655847728252411,
        6.448336601257324
    ],
    "wp_1": [
        -0.5571796298027039,
        2.7906744480133057
    ],
    "aim": [
        -0.5571796298027039,
        2.7906744480133057
    ],
    "target": [
        -0.1564823887695262,
        15.355997609109565
    ],
    "desired_speed": 5.5440487384796135,
    "angle": -0.12545633537440318,
    "angle_last": 0.08685334067726395,
    "angle_target": -0.006487128821909082,
    "angle_final": -0.006487128821909082,
    "delta": 0.25,
    "agent": "only_traj",
    "steer_traj": -0.007189794334194094,
    "throttle_traj": 0.75,
    "brake_traj": 0.0,
    "plan": [
        [
            -0.5571796298027039,
            2.7906744480133057
        ],
        [
            -0.1655847728252411,
            6.448336601257324
        ],
        [
            -0.03774969279766083,
            9.575698852539062
        ],
        [
            0.017532318830490112,
            12.321527481079102
        ],
        [
            0.16706955432891846,
            14.656879425048828
        ],
        [
            0.43433013558387756,
            16.603683471679688
        ]
    ]
}