{
    "speed": 5.087521938885849,
    "steer": 0.0030131686944514513,
    "throttle": 0.0,
    "brake": 0.0,
    "wp_4": [
        0.09412827342748642,
        13.681241989135742
    ],
    "wp_3": [
        -0.004368511959910393,
        10.256301879882812
    ],
    "wp_2": [
        -0.17221727967262268,
        6.760852336883545
    ],
    "wp_1": [
        0.0070013366639614105,
        3.006804943084717
    ],
    "aim": [
        0.0070013366639614105,
        3.006804943084717
    ],
    "target": [
        -0.04471579200666137,
        14.77362109153999
    ],
    "desired_speed": 6.697160148620606,
    "angle": 0.0014823508953299089,
    "angle_last": 0.06158869861035912,
    "angle_target": -0.0019268715654069525,
    "angle_final": 0.0014823508953299089,
    "delta": 0.25,
    "agent": "only_traj",
    "steer_traj": 0.0030131686627426933,
    "throttle_traj": 0.0,
    "brake_traj": 0.0,
    "plan": [
        [
            0.0070013366639614105,
            3.006804943084717
        ],
        [
            -0.17221727967262268,
            6.760852336883545
        ],
        [
            -0.004368511959910393,
            10.256301879882812
        ],
        [
            0.09412827342748642,
            13.681241989135742
        ],
        [
            0.2565365731716156,
            16.888595581054688
        ],
        [
            0.5315624475479126,
            19.722562789916992
        ]
    ]
}