{
    "speed": 5.249013138247976,
    "steer": -0.01012901309877634,
    "throttle": 0.0,
    "brake": 0.0,
    "wp_4": [
        0.01583915948867798,
        12.638114929199219
    ],
    "wp_3": [
        -0.05528821051120758,
        9.911688804626465
    ],
    "wp_2": [
        -0.04699535295367241,
        6.708988666534424
    ],
    "wp_1": [
        -0.6962254643440247,
        3.0660853385925293
    ],
    "aim": [
        -0.6962254643440247,
        3.0660853385925293
    ],
    "target": [
        -0.2061254292030316,
        15.167575627692367
    ],
    "desired_speed": 5.539144802093506,
    "angle": -0.1421487864689789,
    "angle_last": 0.07917264117360305,
    "angle_target": -0.008651049423497233,
    "angle_final": -0.008651049423497233,
    "delta": 0.25,
    "agent": "only_traj",
    "steer_traj": -0.010129013260474268,
    "throttle_traj": 0.0,
    "brake_traj": 0.0,
    "plan": [
        [
            -0.6962254643440247,
            3.0660853385925293
        ],
        [
            -0.04699535295367241,
            6.708988666534424
        ],
        [
            -0.05528821051120758,
            9.911688804626465
        ],
        [
            0.01583915948867798,
            12.638114929199219
        ],
        [
            0.18388095498085022,
            14.925823211669922
        ],
        [
            0.4224942922592163,
            16.8345890045166
        ]
    ]
}