{
    "speed": 5.1537769641962266,
    "steer": 0.007247129455208778,
    "throttle": 0.0,
    "brake": 0.0,
    "wp_4": [
        0.061423614621162415,
        13.970279693603516
    ],
    "wp_3": [
        -0.031693026423454285,
        10.019139289855957
    ],
    "wp_2": [
        -0.04375004023313522,
        6.2780303955078125
    ],
    "wp_1": [
        -0.37202951312065125,
        2.721013069152832
    ],
    "aim": [
        -0.37202951312065125,
        2.721013069152832
    ],
    "target": [
        0.11094896879650921,
        14.543645285391346
    ],
    "desired_speed": 7.67024621963501,
    "angle": -0.08650520846664524,
    "angle_last": 0.04689984556331125,
    "angle_target": 0.004856481007840586,
    "angle_final": 0.004856481007840586,
    "delta": 0.25,
    "agent": "only_traj",
    "steer_traj": 0.007247129473145075,
    "throttle_traj": 0.0,
    "brake_traj": 0.0,
    "plan": [
        [
            -0.37202951312065125,
            2.721013069152832
        ],
        [
            -0.04375004023313522,
            6.2780303955078125
        ],
        [
            -0.031693026423454285,
            10.019139289855957
        ],
        [
            0.061423614621162415,
            13.970279693603516
        ],
        [
            0.2570697069168091,
            18.021652221679688
        ],
        [
            0.5407391786575317,
            21.86522102355957
        ]
    ]
}