{
    "speed": 5.030962143252549,
    "steer": -0.0013387321960180998,
    "throttle": 0.0,
    "brake": 0.0,
    "wp_4": [
        0.04055254906415939,
        13.816813468933105
    ],
    "wp_3": [
        -0.0198344886302948,
        9.811477661132812
    ],
    "wp_2": [
        -0.004689311608672142,
        6.003978729248047
    ],
    "wp_1": [
        0.0019375942647457123,
        2.5742979049682617
    ],
    "aim": [
        0.0019375942647457123,
        2.5742979049682617
    ],
    "target": [
        0.4146391329053962,
        13.169233344824857
    ],
    "desired_speed": 7.767282676696777,
    "angle": 0.0004791478882365916,
    "angle_last": 0.034100071058707354,
    "angle_target": 0.020037635356675968,
    "angle_final": 0.0004791478882365916,
    "delta": 0.25,
    "agent": "only_traj",
    "steer_traj": -0.001338732171053375,
    "throttle_traj": 0.0,
    "brake_traj": 0.0,
    "plan": [
        [
            0.0019375942647457123,
            2.5742979049682617
        ],
        [
            -0.004689311608672142,
            6.003978729248047
        ],
        [
            -0.0198344886302948,
            9.811477661132812
        ],
        [
            0.04055254906415939,
            13.816813468933105
        ],
        [
            0.17196747660636902,
            17.992916107177734
        ],
        [
            0.3859628438949585,
            21.98421287536621
        ]
    ]
}