{
    "speed": 4.929811552441565,
    "steer": -0.0058014532551169395,
    "throttle": 0.75,
    "brake": 0.0,
    "wp_4": [
        0.005610868334770203,
        13.662809371948242
    ],
    "wp_3": [
        -0.0808563306927681,
        9.972497940063477
    ],
    "wp_2": [
        -0.06679295003414154,
        6.375345706939697
    ],
    "wp_1": [
        -0.022402692586183548,
        2.8642592430114746
    ],
    "aim": [
        -0.022402692586183548,
        2.8642592430114746
    ],
    "target": [
        1.2077215873152802,
        13.8196436105778
    ],
    "desired_speed": 7.209920215606689,
    "angle": -0.0049791598414837095,
    "angle_last": 0.036335060737117085,
    "angle_target": 0.05549426938574579,
    "angle_final": -0.0049791598414837095,
    "delta": 0.25,
    "agent": "only_traj",
    "steer_traj": -0.005801453247671918,
    "throttle_traj": 0.75,
    "brake_traj": 0.0,
    "plan": [
        [
            -0.022402692586183548,
            2.8642592430114746
        ],
        [
            -0.06679295003414154,
            6.375345706939697
        ],
        [
            -0.0808563306927681,
            9.972497940063477
        ],
        [
            0.005610868334770203,
            13.662809371948242
        ],
        [
            0.14847733080387115,
            17.39076042175293
        ],
        [
            0.3478030264377594,
            20.87931251525879
        ]
    ]
}