{
    "speed": 4.811822503560443,
    "steer": 0.003038097871467471,
    "throttle": 0.75,
    "brake": 0.0,
    "wp_4": [
        -0.11215333640575409,
        12.10762882232666
    ],
    "wp_3": [
        -0.13738155364990234,
        9.358861923217773
    ],
    "wp_2": [
        -0.09220285713672638,
        6.292034149169922
    ],
    "wp_1": [
        0.008237231522798538,
        2.903258800506592
    ],
    "aim": [
        0.008237231522798538,
        2.903258800506592
    ],
    "target": [
        0.3405611074778519,
        13.922639538994098
    ],
    "desired_speed": 5.6121951103210455,
    "angle": 0.0018062536439700692,
    "angle_last": 0.04520049449781208,
    "angle_target": 0.015569225082586567,
    "angle_final": 0.0018062536439700692,
    "delta": 0.25,
    "agent": "only_traj",
    "steer_traj": 0.0030380978906182675,
    "throttle_traj": 0.75,
    "brake_traj": 0.0,
    "plan": [
        [
            0.008237231522798538,
            2.903258800506592
        ],
        [
            -0.09220285713672638,
            6.292034149169922
        ],
        [
            -0.13738155364990234,
            9.358861923217773
        ],
        [
            -0.11215333640575409,
            12.10762882232666
        ],
        [
            0.03616620600223541,
            14.637803077697754
        ],
        [
            0.19859755039215088,
            16.92169761657715
        ]
    ]
}