{
    "speed": 4.729494322865734,
    "steer": -0.004994369577616453,
    "throttle": 0.75,
    "brake": 0.0,
    "wp_4": [
        0.026753850281238556,
        13.808627128601074
    ],
    "wp_3": [
        0.017595693469047546,
        10.073205947875977
    ],
    "wp_2": [
        0.18074077367782593,
        5.869693756103516
    ],
    "wp_1": [
        -0.016399912536144257,
        2.7545862197875977
    ],
    "aim": [
        -0.016399912536144257,
        2.7545862197875977
    ],
    "target": [
        -0.08061074991011906,
        13.311195120271346
    ],
    "desired_speed": 7.629421424865722,
    "angle": -0.0037901756889660455,
    "angle_last": 0.029659082060365063,
    "angle_target": -0.003855233843942394,
    "angle_final": -0.0037901756889660455,
    "delta": 0.25,
    "agent": "only_traj",
    "steer_traj": -0.004994369636221669,
    "throttle_traj": 0.75,
    "brake_traj": 0.0,
    "plan": [
        [
            -0.016399912536144257,
            2.7545862197875977
        ],
        [
            0.18074077367782593,
            5.869693756103516
        ],
        [
            0.017595693469047546,
            10.073205947875977
        ],
        [
            0.026753850281238556,
            13.808627128601074
        ],
        [
            0.15999090671539307,
            17.91741180419922
        ],
        [
            0.3415808379650116,
            21.812341690063477
        ]
    ]
}