{
    "speed": 4.738101988212343,
    "steer": 0.0013033119030296803,
    "throttle": 0.75,
    "brake": 0.0,
    "wp_4": [
        -0.09387291222810745,
        12.845315933227539
    ],
    "wp_3": [
        -0.17194649577140808,
        9.731374740600586
    ],
    "wp_2": [
        -0.1283504068851471,
        6.485995292663574
    ],
    "wp_1": [
        -0.007015087176114321,
        3.015536069869995
    ],
    "aim": [
        -0.007015087176114321,
        3.015536069869995
    ],
    "target": [
        0.014334196266719917,
        14.190928450666558
    ],
    "desired_speed": 6.315092468261719,
    "angle": -0.0014809646215755122,
    "angle_last": 0.03984312178582641,
    "angle_target": 0.0006430466965270736,
    "angle_final": 0.0006430466965270736,
    "delta": 0.25,
    "agent": "only_traj",
    "steer_traj": 0.00130331190820259,
    "throttle_traj": 0.75,
    "brake_traj": 0.0,
    "plan": [
        [
            -0.007015087176114321,
            3.015536069869995
        ],
        [
            -0.1283504068851471,
            6.485995292663574
        ],
        [
            -0.17194649577140808,
            9.731374740600586
        ],
        [
            -0.09387291222810745,
            12.845315933227539
        ],
        [
            0.04699965566396713,
            15.921144485473633
        ],
        [
            0.22684693336486816,
            18.7910213470459
        ]
    ]
}