{
    "speed": 4.827766247034055,
    "steer": 0.019939197227358818,
    "throttle": 0.75,
    "brake": 0.0,
    "wp_4": [
        -0.26865774393081665,
        12.639418601989746
    ],
    "wp_3": [
        -0.632323145866394,
        9.437799453735352
    ],
    "wp_2": [
        0.051844313740730286,
        5.570422172546387
    ],
    "wp_1": [
        -0.5822874307632446,
        3.204878330230713
    ],
    "aim": [
        -0.5822874307632446,
        3.204878330230713
    ],
    "target": [
        0.4067411245454038,
        13.352798711398078
    ],
    "desired_speed": 6.11402702331543,
    "angle": -0.11441799076575479,
    "angle_last": 0.04232354292841193,
    "angle_target": 0.019386152976307497,
    "angle_final": 0.019386152976307497,
    "delta": 0.25,
    "agent": "only_traj",
    "steer_traj": 0.019939196522999997,
    "throttle_traj": 0.75,
    "brake_traj": 0.0,
    "plan": [
        [
            -0.5822874307632446,
            3.204878330230713
        ],
        [
            0.051844313740730286,
            5.570422172546387
        ],
        [
            -0.632323145866394,
            9.437799453735352
        ],
        [
            -0.26865774393081665,
            12.639418601989746
        ],
        [
            0.2335156947374344,
            15.46928882598877
        ],
        [
            0.420343279838562,
            18.275362014770508
        ]
    ]
}