{
    "speed": 4.96255432025382,
    "steer": 0.012222223915159702,
    "throttle": 0.0,
    "brake": 0.0,
    "wp_4": [
        -0.07551278918981552,
        10.810413360595703
    ],
    "wp_3": [
        -0.19298894703388214,
        8.660863876342773
    ],
    "wp_2": [
        0.36772993206977844,
        5.386358737945557
    ],
    "wp_1": [
        -0.5795853734016418,
        3.2133402824401855
    ],
    "aim": [
        -0.5795853734016418,
        3.2133402824401855
    ],
    "target": [
        0.3474433887929208,
        12.946700188348348
    ],
    "desired_speed": 4.74240164756775,
    "angle": -0.11360466701758784,
    "angle_last": 0.0289035113561801,
    "angle_target": 0.017080510941442025,
    "angle_final": 0.017080510941442025,
    "delta": 0.0,
    "agent": "only_traj",
    "steer_traj": 0.012222223771116408,
    "throttle_traj": 0.0,
    "brake_traj": 0.0,
    "plan": [
        [
            -0.5795853734016418,
            3.2133402824401855
        ],
        [
            0.36772993206977844,
            5.386358737945557
        ],
        [
            -0.19298894703388214,
            8.660863876342773
        ],
        [
            -0.07551278918981552,
            10.810413360595703
        ],
        [
            0.018427066504955292,
            12.860092163085938
        ],
        [
            0.10732536762952805,
            14.816793441772461
        ]
    ]
}