{
    "speed": 5.059495227758852,
    "steer": 0.00494540948420763,
    "throttle": 0.0,
    "brake": 0.0,
    "wp_4": [
        -0.009221106767654419,
        14.553001403808594
    ],
    "wp_3": [
        -0.08294949680566788,
        10.609004974365234
    ],
    "wp_2": [
        -0.09634260833263397,
        6.851680755615234
    ],
    "wp_1": [
        -0.022368181496858597,
        3.2015140056610107
    ],
    "aim": [
        -0.022368181496858597,
        3.2015140056610107
    ],
    "target": [
        1.0493042832896353,
        12.341256346838199
    ],
    "desired_speed": 7.707077503204346,
    "angle": -0.004447847015047495,
    "angle_last": 0.04015450252098822,
    "angle_target": 0.05399815733441571,
    "angle_final": -0.004447847015047495,
    "delta": 0.25,
    "agent": "only_traj",
    "steer_traj": 0.004945409437703082,
    "throttle_traj": 0.0,
    "brake_traj": 0.0,
    "plan": [
        [
            -0.022368181496858597,
            3.2015140056610107
        ],
        [
            -0.09634260833263397,
            6.851680755615234
        ],
        [
            -0.08294949680566788,
            10.609004974365234
        ],
        [
            -0.009221106767654419,
            14.553001403808594
        ],
        [
            0.15220242738723755,
            18.58966064453125
        ],
        [
            0.39644551277160645,
            22.45681381225586
        ]
    ]
}