{
    "speed": 4.954461961952156,
    "steer": -0.0018100559245795012,
    "throttle": 0.75,
    "brake": 0.0,
    "wp_4": [
        -0.10725854337215424,
        13.014697074890137
    ],
    "wp_3": [
        -0.07966240495443344,
        9.391633987426758
    ],
    "wp_2": [
        -0.07388925552368164,
        5.979399681091309
    ],
    "wp_1": [
        -0.009586159139871597,
        2.7178094387054443
    ],
    "aim": [
        -0.009586159139871597,
        2.7178094387054443
    ],
    "target": [
        -0.6028542100376055,
        11.729704168773296
    ],
    "desired_speed": 7.061762046813964,
    "angle": -0.0022454145716814945,
    "angle_last": 0.040984598178117095,
    "angle_target": -0.03269063848407752,
    "angle_final": -0.0022454145716814945,
    "delta": 0.25,
    "agent": "only_traj",
    "steer_traj": -0.0018100559176792317,
    "throttle_traj": 0.75,
    "brake_traj": 0.0,
    "plan": [
        [
            -0.009586159139871597,
            2.7178094387054443
        ],
        [
            -0.07388925552368164,
            5.979399681091309
        ],
        [
            -0.07966240495443344,
            9.391633987426758
        ],
        [
            -0.10725854337215424,
            13.014697074890137
        ],
        [
            0.04171349108219147,
            16.73495864868164
        ],
        [
            0.27547305822372437,
            20.3609619140625
        ]
    ]
}