{
    "speed": 4.846369624523144,
    "steer": -0.021393822506070137,
    "throttle": 0.75,
    "brake": 0.0,
    "wp_4": [
        -0.09807459264993668,
        14.011642456054688
    ],
    "wp_3": [
        -0.2772376239299774,
        10.19832992553711
    ],
    "wp_2": [
        -0.6632471680641174,
        6.284461498260498
    ],
    "wp_1": [
        -0.09069649130105972,
        2.9031035900115967
    ],
    "aim": [
        -0.09069649130105972,
        2.9031035900115967
    ],
    "target": [
        0.3905896398039645,
        11.422427132849078
    ],
    "desired_speed": 7.616209697723388,
    "angle": -0.019882253155497645,
    "angle_last": 0.03255151539188391,
    "angle_target": 0.021760719913165017,
    "angle_final": -0.019882253155497645,
    "delta": 0.25,
    "agent": "only_traj",
    "steer_traj": -0.021393823323253285,
    "throttle_traj": 0.75,
    "brake_traj": 0.0,
    "plan": [
        [
            -0.09069649130105972,
            2.9031035900115967
        ],
        [
            -0.6632471680641174,
            6.284461498260498
        ],
        [
            -0.2772376239299774,
            10.19832992553711
        ],
        [
            -0.09807459264993668,
            14.011642456054688
        ],
        [
            0.05058228224515915,
            18.023494720458984
        ],
        [
            0.24715211987495422,
            21.864521026611328
        ]
    ]
}