{
    "speed": 4.780199042073433,
    "steer": -0.001736524049192667,
    "throttle": 0.75,
    "brake": 0.0,
    "wp_4": [
        -0.08545147627592087,
        14.2514066696167
    ],
    "wp_3": [
        -0.07310187071561813,
        10.295790672302246
    ],
    "wp_2": [
        -0.07072961330413818,
        6.546238899230957
    ],
    "wp_1": [
        -0.008109990507364273,
        2.9933998584747314
    ],
    "aim": [
        -0.008109990507364273,
        2.9933998584747314
    ],
    "target": [
        -0.06886159083522263,
        10.913531752399154
    ],
    "desired_speed": 7.640318965911865,
    "angle": -0.0017247264839541892,
    "angle_last": 0.02992538354700479,
    "angle_target": -0.004016854443644342,
    "angle_final": -0.0017247264839541892,
    "delta": 0.25,
    "agent": "only_traj",
    "steer_traj": -0.0017365240860371845,
    "throttle_traj": 0.75,
    "brake_traj": 0.0,
    "plan": [
        [
            -0.008109990507364273,
            2.9933998584747314
        ],
        [
            -0.07072961330413818,
            6.546238899230957
        ],
        [
            -0.07310187071561813,
            10.295790672302246
        ],
        [
            -0.08545147627592087,
            14.2514066696167
        ],
        [
            0.03492040932178497,
            18.257444381713867
        ],
        [
            0.21509520709514618,
            22.087581634521484
        ]
    ]
}