{
    "speed": 4.87175841996983,
    "steer": -0.0021778084337711334,
    "throttle": 0.75,
    "brake": 0.0,
    "wp_4": [
        -0.007557615637779236,
        14.701342582702637
    ],
    "wp_3": [
        -0.044177837669849396,
        10.696764945983887
    ],
    "wp_2": [
        -0.06902150809764862,
        6.881355285644531
    ],
    "wp_1": [
        -0.005843210965394974,
        3.1994564533233643
    ],
    "aim": [
        -0.005843210965394974,
        3.1994564533233643
    ],
    "target": [
        0.07959679699530353,
        11.26107358040264
    ],
    "desired_speed": 7.7461783409118645,
    "angle": -0.001162677806252918,
    "angle_last": 0.036282923626452655,
    "angle_target": 0.004499753114783641,
    "angle_final": -0.001162677806252918,
    "delta": 0.25,
    "agent": "only_traj",
    "steer_traj": -0.002177808378750938,
    "throttle_traj": 0.75,
    "brake_traj": 0.0,
    "plan": [
        [
            -0.005843210965394974,
            3.1994564533233643
        ],
        [
            -0.06902150809764862,
            6.881355285644531
        ],
        [
            -0.044177837669849396,
            10.696764945983887
        ],
        [
            -0.007557615637779236,
            14.701342582702637
        ],
        [
            0.1196746975183487,
            18.713655471801758
        ],
        [
            0.3388906717300415,
            22.55584716796875
        ]
    ]
}