{
    "speed": 5.008437460788338,
    "steer": -0.0025505959056317806,
    "throttle": 0.0,
    "brake": 0.0,
    "wp_4": [
        -0.03217700123786926,
        14.744770050048828
    ],
    "wp_3": [
        -0.05251132696866989,
        10.7655611038208
    ],
    "wp_2": [
        -0.07753759622573853,
        6.971911430358887
    ],
    "wp_1": [
        -0.006533686071634293,
        3.289735794067383
    ],
    "aim": [
        -0.006533686071634293,
        3.289735794067383
    ],
    "target": [
        0.4499786467848612,
        10.32926571518389
    ],
    "desired_speed": 7.722227001190185,
    "angle": -0.00126437173389533,
    "angle_last": 0.03784802352926569,
    "angle_target": 0.027715841764727668,
    "angle_final": -0.00126437173389533,
    "delta": 0.25,
    "agent": "only_traj",
    "steer_traj": -0.0025505958347820023,
    "throttle_traj": 0.0,
    "brake_traj": 0.0,
    "plan": [
        [
            -0.006533686071634293,
            3.289735794067383
        ],
        [
            -0.07753759622573853,
            6.971911430358887
        ],
        [
            -0.05251132696866989,
            10.7655611038208
        ],
        [
            -0.03217700123786926,
            14.744770050048828
        ],
        [
            0.11701375246047974,
            18.735036849975586
        ],
        [
            0.3461628258228302,
            22.584882736206055
        ]
    ]
}