{
    "speed": 5.141412585570195,
    "steer": -0.015213915146887302,
    "throttle": 0.0,
    "brake": 0.0,
    "wp_4": [
        -0.09169498085975647,
        14.059266090393066
    ],
    "wp_3": [
        -0.08759094029664993,
        10.33084774017334
    ],
    "wp_2": [
        -0.08150260150432587,
        6.738764762878418
    ],
    "wp_1": [
        -0.13003668189048767,
        3.0514612197875977
    ],
    "aim": [
        -0.13003668189048767,
        3.0514612197875977
    ],
    "target": [
        -0.20868999521335202,
        10.285931178766559
    ],
    "desired_speed": 7.2950239181518555,
    "angle": -0.027112843192854695,
    "angle_last": 0.04628505264701933,
    "angle_target": -0.012914528579493904,
    "angle_final": -0.012914528579493904,
    "delta": 0.25,
    "agent": "only_traj",
    "steer_traj": -0.015213914941027773,
    "throttle_traj": 0.0,
    "brake_traj": 0.0,
    "plan": [
        [
            -0.13003668189048767,
            3.0514612197875977
        ],
        [
            -0.08150260150432587,
            6.738764762878418
        ],
        [
            -0.08759094029664993,
            10.33084774017334
        ],
        [
            -0.09169498085975647,
            14.059266090393066
        ],
        [
            0.05168280005455017,
            17.736595153808594
        ],
        [
            0.309505432844162,
            21.27652359008789
        ]
    ]
}