{
    "speed": 5.077639332154523,
    "steer": -0.030933350324630737,
    "throttle": 0.0,
    "brake": 0.0,
    "wp_4": [
        -0.13156679272651672,
        13.66031265258789
    ],
    "wp_3": [
        -0.11386662721633911,
        10.107011795043945
    ],
    "wp_2": [
        -0.10338586568832397,
        6.639117240905762
    ],
    "wp_1": [
        -0.24174806475639343,
        2.9598388671875
    ],
    "aim": [
        -0.24174806475639343,
        2.9598388671875
    ],
    "target": [
        -0.515705952789592,
        10.723886827843186
    ],
    "desired_speed": 6.99033136367798,
    "angle": -0.051881461744035046,
    "angle_last": 0.048343823444842726,
    "angle_target": -0.030591135505235418,
    "angle_final": -0.030591135505235418,
    "delta": 0.25,
    "agent": "only_traj",
    "steer_traj": -0.030933350902668577,
    "throttle_traj": 0.0,
    "brake_traj": 0.0,
    "plan": [
        [
            -0.24174806475639343,
            2.9598388671875
        ],
        [
            -0.10338586568832397,
            6.639117240905762
        ],
        [
            -0.11386662721633911,
            10.107011795043945
        ],
        [
            -0.13156679272651672,
            13.66031265258789
        ],
        [
            0.010593920946121216,
            17.10759735107422
        ],
        [
            0.2626550495624542,
            20.420501708984375
        ]
    ]
}