{
    "speed": 4.972364858257886,
    "steer": 0.003937613684684038,
    "throttle": 0.75,
    "brake": 0.0,
    "wp_4": [
        -0.36251160502433777,
        11.73025131225586
    ],
    "wp_3": [
        -0.2624630331993103,
        8.813257217407227
    ],
    "wp_2": [
        -0.15704068541526794,
        5.933263778686523
    ],
    "wp_1": [
        -0.009823236614465714,
        2.8382773399353027
    ],
    "aim": [
        -0.009823236614465714,
        2.8382773399353027
    ],
    "target": [
        -0.47606365129242445,
        10.392941848613013
    ],
    "desired_speed": 5.7882264137268065,
    "angle": -0.0022032950717997494,
    "angle_last": 0.03239707722565085,
    "angle_target": -0.029140914377056296,
    "angle_final": -0.0022032950717997494,
    "delta": 0.25,
    "agent": "only_traj",
    "steer_traj": 0.0039376134871844,
    "throttle_traj": 0.75,
    "brake_traj": 0.0,
    "plan": [
        [
            -0.009823236614465714,
            2.8382773399353027
        ],
        [
            -0.15704068541526794,
            5.933263778686523
        ],
        [
            -0.2624630331993103,
            8.813257217407227
        ],
        [
            -0.36251160502433777,
            11.73025131225586
        ],
        [
            -0.27659720182418823,
            14.51693344116211
        ],
        [
            -0.13501104712486267,
            17.296772003173828
        ]
    ]
}