{
    "speed": 4.801095034429084,
    "steer": 0.059258509427309036,
    "throttle": 0.75,
    "brake": 0.0,
    "wp_4": [
        -0.20593318343162537,
        11.283618927001953
    ],
    "wp_3": [
        -0.12199731916189194,
        8.327447891235352
    ],
    "wp_2": [
        -0.06940323114395142,
        5.532316207885742
    ],
    "wp_1": [
        -0.2658301889896393,
        2.494185447692871
    ],
    "aim": [
        -0.2658301889896393,
        2.494185447692871
    ],
    "target": [
        1.048394493093309,
        10.117010182180111
    ],
    "desired_speed": 5.918690395355225,
    "angle": -0.06759567796748339,
    "angle_last": 0.02448650391092363,
    "angle_target": 0.06573630534807215,
    "angle_final": 0.06573630534807215,
    "delta": 0.25,
    "agent": "only_traj",
    "steer_traj": 0.05925851084694571,
    "throttle_traj": 0.75,
    "brake_traj": 0.0,
    "plan": [
        [
            -0.2658301889896393,
            2.494185447692871
        ],
        [
            -0.06940323114395142,
            5.532316207885742
        ],
        [
            -0.12199731916189194,
            8.327447891235352
        ],
        [
            -0.20593318343162537,
            11.283618927001953
        ],
        [
            -0.13542994856834412,
            14.280221939086914
        ],
        [
            -0.019998133182525635,
            17.27983283996582
        ]
    ]
}