{
    "speed": 4.811528018877569,
    "steer": -0.025535866618156433,
    "throttle": 0.0,
    "brake": 1.0,
    "wp_4": [
        -0.36218708753585815,
        6.563390254974365
    ],
    "wp_3": [
        -0.20365607738494873,
        5.092733383178711
    ],
    "wp_2": [
        -0.09006601572036743,
        3.796415328979492
    ],
    "wp_1": [
        -0.23929184675216675,
        2.0002007484436035
    ],
    "aim": [
        -0.09006601572036743,
        3.796415328979492
    ],
    "target": [
        -0.06392636774717494,
        9.616017010044692
    ],
    "desired_speed": 3.2561136722564696,
    "angle": -0.01510028593559016,
    "angle_last": -0.017373676455333515,
    "angle_target": -0.004232125435115944,
    "angle_final": -0.004232125435115944,
    "delta": 0.0,
    "agent": "only_traj",
    "steer_traj": -0.025535867168986214,
    "throttle_traj": 0.0,
    "brake_traj": 1.0,
    "plan": [
        [
            -0.23929184675216675,
            2.0002007484436035
        ],
        [
            -0.09006601572036743,
            3.796415328979492
        ],
        [
            -0.20365607738494873,
            5.092733383178711
        ],
        [
            -0.36218708753585815,
            6.563390254974365
        ],
        [
            -0.37974870204925537,
            8.207710266113281
        ],
        [
            -0.4319491684436798,
            10.120003700256348
        ]
    ]
}