{
    "speed": 4.848438187008666,
    "steer": 7.926675607450306e-05,
    "throttle": 0.0,
    "brake": 1.0,
    "wp_4": [
        -0.3708198666572571,
        5.217220306396484
    ],
    "wp_3": [
        -0.21969464421272278,
        4.129312515258789
    ],
    "wp_2": [
        -0.12066370248794556,
        3.468813180923462
    ],
    "wp_1": [
        -0.008700240403413773,
        2.3012852668762207
    ],
    "aim": [
        -0.12066370248794556,
        3.468813180923462
    ],
    "target": [
        0.005290775810512766,
        9.206647905072312
    ],
    "desired_speed": 2.564881467819214,
    "angle": -0.022136063799620295,
    "angle_last": -0.009730618883098468,
    "angle_target": 0.0003658456537153991,
    "angle_final": 0.0003658456537153991,
    "delta": 0.0,
    "agent": "only_traj",
    "steer_traj": 7.926675902543792e-05,
    "throttle_traj": 0.0,
    "brake_traj": 1.0,
    "plan": [
        [
            -0.008700240403413773,
            2.3012852668762207
        ],
        [
            -0.12066370248794556,
            3.468813180923462
        ],
        [
            -0.21969464421272278,
            4.129312515258789
        ],
        [
            -0.3708198666572571,
            5.217220306396484
        ],
        [
            -0.3445682227611542,
            6.781512260437012
        ],
        [
            -0.3737393319606781,
            8.689860343933105
        ]
    ]
}