{
    "speed": 4.763740367138623,
    "steer": 0.005480250809341669,
    "throttle": 0.733132004737854,
    "brake": 0.0,
    "wp_4": [
        -0.31536030769348145,
        9.56993579864502
    ],
    "wp_3": [
        -0.14019104838371277,
        7.135694980621338
    ],
    "wp_2": [
        -0.0719711035490036,
        4.8701887130737305
    ],
    "wp_1": [
        0.02702505514025688,
        2.493457317352295
    ],
    "aim": [
        0.02702505514025688,
        2.493457317352295
    ],
    "target": [
        -0.14620601346840342,
        9.425316320938954
    ],
    "desired_speed": 4.868080520629883,
    "angle": 0.006899677490030133,
    "angle_last": 0.009390723371324562,
    "angle_target": -0.009874488171657815,
    "angle_final": 0.006899677490030133,
    "delta": 0.10434015349126025,
    "agent": "only_traj",
    "steer_traj": 0.005480250859464636,
    "throttle_traj": 0.7331320293909674,
    "brake_traj": 0.0,
    "plan": [
        [
            0.02702505514025688,
            2.493457317352295
        ],
        [
            -0.0719711035490036,
            4.8701887130737305
        ],
        [
            -0.14019104838371277,
            7.135694980621338
        ],
        [
            -0.31536030769348145,
            9.56993579864502
        ],
        [
            -0.2959189713001251,
            12.053717613220215
        ],
        [
            -0.2575608789920807,
            14.65391731262207
        ]
    ]
}