{
    "speed": 4.630479761009649,
    "steer": 0.009211815893650055,
    "throttle": 0.75,
    "brake": 0.0,
    "wp_4": [
        -0.11753756552934647,
        9.982589721679688
    ],
    "wp_3": [
        -0.01352628879249096,
        7.243913173675537
    ],
    "wp_2": [
        -0.00307566300034523,
        4.750761985778809
    ],
    "wp_1": [
        0.04512348398566246,
        2.380056619644165
    ],
    "aim": [
        0.04512348398566246,
        2.380056619644165
    ],
    "target": [
        0.3005483515503953,
        8.364074883090236
    ],
    "desired_speed": 5.422515201568603,
    "angle": 0.012068233416960337,
    "angle_last": 0.030191305578690614,
    "angle_target": 0.022865976104959537,
    "angle_final": 0.012068233416960337,
    "delta": 0.25,
    "agent": "only_traj",
    "steer_traj": 0.00921181604929624,
    "throttle_traj": 0.75,
    "brake_traj": 0.0,
    "plan": [
        [
            0.04512348398566246,
            2.380056619644165
        ],
        [
            -0.00307566300034523,
            4.750761985778809
        ],
        [
            -0.01352628879249096,
            7.243913173675537
        ],
        [
            -0.11753756552934647,
            9.982589721679688
        ],
        [
            -0.019354283809661865,
            12.91376781463623
        ],
        [
            0.12373995780944824,
            15.928820610046387
        ]
    ]
}