{
    "speed": 4.569425461725961,
    "steer": -0.020903803408145905,
    "throttle": 0.0,
    "brake": 1.0,
    "wp_4": [
        -0.33203333616256714,
        5.582516193389893
    ],
    "wp_3": [
        -0.15287238359451294,
        4.176118850708008
    ],
    "wp_2": [
        -0.07132983207702637,
        3.06427264213562
    ],
    "wp_1": [
        -0.22514662146568298,
        1.5467027425765991
    ],
    "aim": [
        -0.07132983207702637,
        3.06427264213562
    ],
    "target": [
        1.060884460164075,
        8.537529154444725
    ],
    "desired_speed": 3.0911428451538088,
    "angle": -0.014816453630080741,
    "angle_last": -0.012165277758244901,
    "angle_target": 0.07870376938032682,
    "angle_final": -0.014816453630080741,
    "delta": 0.0,
    "agent": "only_traj",
    "steer_traj": -0.02090380423566128,
    "throttle_traj": 0.0,
    "brake_traj": 1.0,
    "plan": [
        [
            -0.22514662146568298,
            1.5467027425765991
        ],
        [
            -0.07132983207702637,
            3.06427264213562
        ],
        [
            -0.15287238359451294,
            4.176118850708008
        ],
        [
            -0.33203333616256714,
            5.582516193389893
        ],
        [
            -0.3447344899177551,
            7.304543495178223
        ],
        [
            -0.3819538950920105,
            9.252030372619629
        ]
    ]
}