{
    "speed": 4.520473485360311,
    "steer": -0.04188861325383186,
    "throttle": 0.0,
    "brake": 1.0,
    "wp_4": [
        -0.3738047480583191,
        4.061539173126221
    ],
    "wp_3": [
        -0.19453075528144836,
        2.955613613128662
    ],
    "wp_2": [
        -0.07026807963848114,
        2.2372097969055176
    ],
    "wp_1": [
        -0.27074259519577026,
        1.1741676330566406
    ],
    "aim": [
        -0.19453075528144836,
        2.955613613128662
    ],
    "target": [
        -0.6193570174389185,
        8.70709207067963
    ],
    "desired_speed": 2.5918761253356934,
    "angle": -0.04184024886321775,
    "angle_last": -0.004277471740751066,
    "angle_target": -0.04520819468576835,
    "angle_final": -0.04184024886321775,
    "delta": 0.0,
    "agent": "only_traj",
    "steer_traj": -0.04188861347953372,
    "throttle_traj": 0.0,
    "brake_traj": 1.0,
    "plan": [
        [
            -0.27074259519577026,
            1.1741676330566406
        ],
        [
            -0.07026807963848114,
            2.2372097969055176
        ],
        [
            -0.19453075528144836,
            2.955613613128662
        ],
        [
            -0.3738047480583191,
            4.061539173126221
        ],
        [
            -0.39940977096557617,
            5.705995082855225
        ],
        [
            -0.41220155358314514,
            7.609773635864258
        ]
    ]
}