{
    "speed": 4.365278152671421,
    "steer": 0.016147688031196594,
    "throttle": 0.75,
    "brake": 0.0,
    "wp_4": [
        0.025683987885713577,
        8.054267883300781
    ],
    "wp_3": [
        0.03405190259218216,
        5.787022590637207
    ],
    "wp_2": [
        0.03395228832960129,
        3.8823227882385254
    ],
    "wp_1": [
        0.04224446043372154,
        2.0396370887756348
    ],
    "aim": [
        0.03395228832960129,
        3.8823227882385254
    ],
    "target": [
        0.8231967306021719,
        7.860303478963566
    ],
    "desired_speed": 4.528822803497315,
    "angle": 0.005567335255932979,
    "angle_last": 0.06212145336562012,
    "angle_target": 0.06642998538557186,
    "angle_final": 0.005567335255932979,
    "delta": 0.16354465082589353,
    "agent": "only_traj",
    "steer_traj": 0.016147687348723867,
    "throttle_traj": 0.75,
    "brake_traj": 0.0,
    "plan": [
        [
            0.04224446043372154,
            2.0396370887756348
        ],
        [
            0.03395228832960129,
            3.8823227882385254
        ],
        [
            0.03405190259218216,
            5.787022590637207
        ],
        [
            0.025683987885713577,
            8.054267883300781
        ],
        [
            0.2338290959596634,
            10.59366226196289
        ],
        [
            0.5026726722717285,
            13.34001636505127
        ]
    ]
}