{
    "speed": 4.201192288632948,
    "steer": -0.0334479995071888,
    "throttle": 0.0,
    "brake": 0.0,
    "wp_4": [
        -0.3491329848766327,
        5.978966236114502
    ],
    "wp_3": [
        -0.23686058819293976,
        4.169999122619629
    ],
    "wp_2": [
        -0.12128464877605438,
        2.771235466003418
    ],
    "wp_1": [
        -0.34517383575439453,
        1.1310564279556274
    ],
    "aim": [
        -0.12128464877605438,
        2.771235466003418
    ],
    "target": [
        0.5366488225902633,
        7.662657406000439
    ],
    "desired_speed": 3.9480804920196535,
    "angle": -0.027844204670981507,
    "angle_last": 0.01549767139922374,
    "angle_target": 0.04451253791850493,
    "angle_final": -0.027844204670981507,
    "delta": 0.0,
    "agent": "only_traj",
    "steer_traj": -0.03344800120281886,
    "throttle_traj": 0.0,
    "brake_traj": 0.0,
    "plan": [
        [
            -0.34517383575439453,
            1.1310564279556274
        ],
        [
            -0.12128464877605438,
            2.771235466003418
        ],
        [
            -0.23686058819293976,
            4.169999122619629
        ],
        [
            -0.3491329848766327,
            5.978966236114502
        ],
        [
            -0.27842628955841064,
            8.31223201751709
        ],
        [
            -0.21356894075870514,
            10.975939750671387
        ]
    ]
}