{
    "speed": 4.08563308197707,
    "steer": -0.018014801666140556,
    "throttle": 0.10022356361150742,
    "brake": 0.0,
    "wp_4": [
        -0.34147384762763977,
        5.7774457931518555
    ],
    "wp_3": [
        -0.2599466145038605,
        4.050743579864502
    ],
    "wp_2": [
        -0.0965220183134079,
        2.67868971824646
    ],
    "wp_1": [
        -0.002059105783700943,
        1.4745290279388428
    ],
    "aim": [
        -0.0965220183134079,
        2.67868971824646
    ],
    "target": [
        -0.48446346708491544,
        7.524151524612103
    ],
    "desired_speed": 3.7684759140014648,
    "angle": -0.02292957999919422,
    "angle_last": 0.013979775692674572,
    "angle_target": -0.04093403289229313,
    "angle_final": -0.02292957999919422,
    "delta": 0.0,
    "agent": "only_traj",
    "steer_traj": -0.018014802592340045,
    "throttle_traj": 0.10022356005396442,
    "brake_traj": 0.0,
    "plan": [
        [
            -0.002059105783700943,
            1.4745290279388428
        ],
        [
            -0.0965220183134079,
            2.67868971824646
        ],
        [
            -0.2599466145038605,
            4.050743579864502
        ],
        [
            -0.34147384762763977,
            5.7774457931518555
        ],
        [
            -0.29533180594444275,
            8.150256156921387
        ],
        [
            -0.23539434373378754,
            10.879290580749512
        ]
    ]
}