{
    "speed": 3.8219724124949774,
    "steer": -0.008541639894247055,
    "throttle": 0.75,
    "brake": 0.0,
    "wp_4": [
        -0.13899467885494232,
        7.575835227966309
    ],
    "wp_3": [
        -0.11743058264255524,
        5.285775661468506
    ],
    "wp_2": [
        -0.09647886455059052,
        3.439748525619507
    ],
    "wp_1": [
        0.021369528025388718,
        1.763199806213379
    ],
    "aim": [
        -0.09647886455059052,
        3.439748525619507
    ],
    "target": [
        -0.2665660781892168,
        6.615144058644
    ],
    "desired_speed": 4.5928154468536375,
    "angle": -0.01785133435128974,
    "angle_last": 0.028987978028915926,
    "angle_target": -0.02563957346529959,
    "angle_final": -0.01785133435128974,
    "delta": 0.25,
    "agent": "only_traj",
    "steer_traj": -0.008541639962855677,
    "throttle_traj": 0.75,
    "brake_traj": 0.0,
    "plan": [
        [
            0.021369528025388718,
            1.763199806213379
        ],
        [
            -0.09647886455059052,
            3.439748525619507
        ],
        [
            -0.11743058264255524,
            5.285775661468506
        ],
        [
            -0.13899467885494232,
            7.575835227966309
        ],
        [
            -0.050561971962451935,
            10.273225784301758
        ],
        [
            0.08445506542921066,
            13.236357688903809
        ]
    ]
}