{
    "speed": 3.7076930563729924,
    "steer": -0.013272316195070744,
    "throttle": 0.75,
    "brake": 0.0,
    "wp_4": [
        -0.15136799216270447,
        6.658730983734131
    ],
    "wp_3": [
        -0.12907540798187256,
        4.674713134765625
    ],
    "wp_2": [
        -0.07112174481153488,
        3.064168691635132
    ],
    "wp_1": [
        0.033475350588560104,
        1.6189467906951904
    ],
    "aim": [
        -0.07112174481153488,
        3.064168691635132
    ],
    "target": [
        -0.224973956727562,
        8.218130630133171
    ],
    "desired_speed": 4.162386226654053,
    "angle": -0.014773802893263549,
    "angle_last": 0.019692014677537794,
    "angle_target": -0.01742331853575148,
    "angle_final": -0.014773802893263549,
    "delta": 0.25,
    "agent": "only_traj",
    "steer_traj": -0.013272315747369767,
    "throttle_traj": 0.75,
    "brake_traj": 0.0,
    "plan": [
        [
            0.033475350588560104,
            1.6189467906951904
        ],
        [
            -0.07112174481153488,
            3.064168691635132
        ],
        [
            -0.12907540798187256,
            4.674713134765625
        ],
        [
            -0.15136799216270447,
            6.658730983734131
        ],
        [
            -0.09843608736991882,
            9.178885459899902
        ],
        [
            -0.010586762800812721,
            12.018050193786621
        ]
    ]
}