{
    "speed": 3.6416640571589913,
    "steer": -0.008903625421226025,
    "throttle": 0.75,
    "brake": 0.0,
    "wp_4": [
        -0.0033786215353757143,
        7.369459629058838
    ],
    "wp_3": [
        -0.0992247462272644,
        5.233302593231201
    ],
    "wp_2": [
        -0.05245160311460495,
        3.417480707168579
    ],
    "wp_1": [
        0.0303133986890316,
        1.7063014507293701
    ],
    "aim": [
        -0.05245160311460495,
        3.417480707168579
    ],
    "target": [
        0.22166150771301407,
        7.007493920869402
    ],
    "desired_speed": 4.571555900573731,
    "angle": -0.009770082198302986,
    "angle_last": 0.06544631356259155,
    "angle_target": 0.020130885982973742,
    "angle_final": -0.009770082198302986,
    "delta": 0.25,
    "agent": "only_traj",
    "steer_traj": -0.008903625382406383,
    "throttle_traj": 0.75,
    "brake_traj": 0.0,
    "plan": [
        [
            0.0303133986890316,
            1.7063014507293701
        ],
        [
            -0.05245160311460495,
            3.417480707168579
        ],
        [
            -0.0992247462272644,
            5.233302593231201
        ],
        [
            -0.0033786215353757143,
            7.369459629058838
        ],
        [
            0.15675731003284454,
            10.075234413146973
        ],
        [
            0.46980226039886475,
            13.109600067138672
        ]
    ]
}