{
    "speed": 3.667848970636134,
    "steer": -0.028062807396054268,
    "throttle": 0.75,
    "brake": 0.0,
    "wp_4": [
        -0.27104124426841736,
        6.604279518127441
    ],
    "wp_3": [
        -0.27326077222824097,
        4.676455497741699
    ],
    "wp_2": [
        -0.12721464037895203,
        3.0860395431518555
    ],
    "wp_1": [
        0.007618483155965805,
        1.5766658782958984
    ],
    "aim": [
        -0.12721464037895203,
        3.0860395431518555
    ],
    "target": [
        -0.5705266431098109,
        7.174705019599738
    ],
    "desired_speed": 4.216782808303833,
    "angle": -0.02622825780434727,
    "angle_last": 0.041728178105759156,
    "angle_target": -0.050517181309282254,
    "angle_final": -0.02622825780434727,
    "delta": 0.25,
    "agent": "only_traj",
    "steer_traj": -0.0280628067764993,
    "throttle_traj": 0.75,
    "brake_traj": 0.0,
    "plan": [
        [
            0.007618483155965805,
            1.5766658782958984
        ],
        [
            -0.12721464037895203,
            3.0860395431518555
        ],
        [
            -0.27326077222824097,
            4.676455497741699
        ],
        [
            -0.27104124426841736,
            6.604279518127441
        ],
        [
            -0.18616700172424316,
            9.163900375366211
        ],
        [
            0.006441769190132618,
            12.098197937011719
        ]
    ]
}