{
    "speed": 3.759139973929856,
    "steer": -0.011896991170942783,
    "throttle": 0.75,
    "brake": 0.0,
    "wp_4": [
        -0.1305149346590042,
        6.270452499389648
    ],
    "wp_3": [
        -0.15848104655742645,
        4.45134162902832
    ],
    "wp_2": [
        -0.07027685642242432,
        2.985849380493164
    ],
    "wp_1": [
        0.015442069619894028,
        1.6311275959014893
    ],
    "aim": [
        -0.07027685642242432,
        2.985849380493164
    ],
    "target": [
        -0.4300993423833307,
        6.5143563307145795
    ],
    "desired_speed": 3.9324506759643554,
    "angle": -0.014981137080068827,
    "angle_last": 0.05446860585557472,
    "angle_target": -0.04197082816972453,
    "angle_final": -0.014981137080068827,
    "delta": 0.17331070203449928,
    "agent": "only_traj",
    "steer_traj": -0.011896991539115147,
    "throttle_traj": 0.75,
    "brake_traj": 0.0,
    "plan": [
        [
            0.015442069619894028,
            1.6311275959014893
        ],
        [
            -0.07027685642242432,
            2.985849380493164
        ],
        [
            -0.15848104655742645,
            4.45134162902832
        ],
        [
            -0.1305149346590042,
            6.270452499389648
        ],
        [
            0.03658650070428848,
            8.690582275390625
        ],
        [
            0.27247005701065063,
            11.440818786621094
        ]
    ]
}