{
    "speed": 3.908597353525035,
    "steer": -0.00850246474146843,
    "throttle": 0.0,
    "brake": 0.0,
    "wp_4": [
        0.02255232259631157,
        6.370181083679199
    ],
    "wp_3": [
        -0.05855337157845497,
        4.596539497375488
    ],
    "wp_2": [
        -0.04188339412212372,
        3.175328493118286
    ],
    "wp_1": [
        0.019693341106176376,
        1.7722141742706299
    ],
    "aim": [
        -0.04188339412212372,
        3.175328493118286
    ],
    "target": [
        1.0873983682207797,
        7.571471079547782
    ],
    "desired_speed": 3.8263760089874266,
    "angle": -0.008396682938194979,
    "angle_last": 0.09477681546042341,
    "angle_target": 0.09080901312392622,
    "angle_final": -0.008396682938194979,
    "delta": 0.0,
    "agent": "only_traj",
    "steer_traj": -0.008502464924948971,
    "throttle_traj": 0.0,
    "brake_traj": 0.0,
    "plan": [
        [
            0.019693341106176376,
            1.7722141742706299
        ],
        [
            -0.04188339412212372,
            3.175328493118286
        ],
        [
            -0.05855337157845497,
            4.596539497375488
        ],
        [
            0.02255232259631157,
            6.370181083679199
        ],
        [
            0.2764524817466736,
            8.665872573852539
        ],
        [
            0.6702545881271362,
            11.291486740112305
        ]
    ]
}