{
    "speed": 4.050336056160972,
    "steer": 0.0013328888453543186,
    "throttle": 0.75,
    "brake": 0.0,
    "wp_4": [
        0.13067249953746796,
        8.01677131652832
    ],
    "wp_3": [
        -0.019516879692673683,
        5.7854437828063965
    ],
    "wp_2": [
        -0.03734330087900162,
        3.8829941749572754
    ],
    "wp_1": [
        0.019027139991521835,
        1.987410306930542
    ],
    "aim": [
        -0.03734330087900162,
        3.8829941749572754
    ],
    "target": [
        0.02602330651041393,
        6.163823143092287
    ],
    "desired_speed": 4.70238471031189,
    "angle": -0.006122229944580732,
    "angle_last": 0.11645765726982255,
    "angle_target": 0.002687756064568942,
    "angle_final": 0.002687756064568942,
    "delta": 0.25,
    "agent": "only_traj",
    "steer_traj": 0.0013328888770124578,
    "throttle_traj": 0.75,
    "brake_traj": 0.0,
    "plan": [
        [
            0.019027139991521835,
            1.987410306930542
        ],
        [
            -0.03734330087900162,
            3.8829941749572754
        ],
        [
            -0.019516879692673683,
            5.7854437828063965
        ],
        [
            0.13067249953746796,
            8.01677131652832
        ],
        [
            0.4425503611564636,
            10.679256439208984
        ],
        [
            0.9955540895462036,
            13.668475151062012
        ]
    ]
}