{
    "speed": 4.124300844473921,
    "steer": -0.023120859637856483,
    "throttle": 0.75,
    "brake": 0.0,
    "wp_4": [
        -0.07353956252336502,
        8.270036697387695
    ],
    "wp_3": [
        -0.14594440162181854,
        5.981083869934082
    ],
    "wp_2": [
        -0.10741166025400162,
        3.997263193130493
    ],
    "wp_1": [
        -0.004575783386826515,
        2.0034303665161133
    ],
    "aim": [
        -0.10741166025400162,
        3.997263193130493
    ],
    "target": [
        0.20553352096472022,
        5.58197893251082
    ],
    "desired_speed": 4.864726400375367,
    "angle": -0.017102669727265565,
    "angle_last": 0.094383624237203,
    "angle_target": 0.023430331768064194,
    "angle_final": -0.017102669727265565,
    "delta": 0.25,
    "agent": "only_traj",
    "steer_traj": -0.023120859041916613,
    "throttle_traj": 0.75,
    "brake_traj": 0.0,
    "plan": [
        [
            -0.004575783386826515,
            2.0034303665161133
        ],
        [
            -0.10741166025400162,
            3.997263193130493
        ],
        [
            -0.14594440162181854,
            5.981083869934082
        ],
        [
            -0.07353956252336502,
            8.270036697387695
        ],
        [
            0.1659277081489563,
            11.030750274658203
        ],
        [
            0.6267925500869751,
            14.116484642028809
        ]
    ]
}