{
    "speed": 4.208423750387109,
    "steer": 0.004006698727607727,
    "throttle": 0.75,
    "brake": 0.0,
    "wp_4": [
        -0.1323518007993698,
        8.262423515319824
    ],
    "wp_3": [
        -0.23250886797904968,
        5.977473735809326
    ],
    "wp_2": [
        -0.17415304481983185,
        3.9881293773651123
    ],
    "wp_1": [
        -0.03349980339407921,
        1.9732197523117065
    ],
    "aim": [
        -0.17415304481983185,
        3.9881293773651123
    ],
    "target": [
        0.024417822252694246,
        5.410812457162591
    ],
    "desired_speed": 4.912570762634277,
    "angle": -0.027782125840525168,
    "angle_last": 0.11635725348902337,
    "angle_target": 0.0028729073579508236,
    "angle_final": 0.0028729073579508236,
    "delta": 0.25,
    "agent": "only_traj",
    "steer_traj": 0.004006698824763093,
    "throttle_traj": 0.75,
    "brake_traj": 0.0,
    "plan": [
        [
            -0.03349980339407921,
            1.9732197523117065
        ],
        [
            -0.17415304481983185,
            3.9881293773651123
        ],
        [
            -0.23250886797904968,
            5.977473735809326
        ],
        [
            -0.1323518007993698,
            8.262423515319824
        ],
        [
            0.17911867797374725,
            11.062236785888672
        ],
        [
            0.7547785639762878,
            14.176667213439941
        ]
    ]
}