{
    "speed": 4.346763346891382,
    "steer": -0.0008784072124399245,
    "throttle": 0.75,
    "brake": 0.0,
    "wp_4": [
        -0.004896223545074463,
        8.241422653198242
    ],
    "wp_3": [
        -0.09180039167404175,
        5.990842342376709
    ],
    "wp_2": [
        -0.07386885583400726,
        4.030494213104248
    ],
    "wp_1": [
        0.012608124874532223,
        2.0350921154022217
    ],
    "aim": [
        0.012608124874532223,
        2.0350921154022217
    ],
    "target": [
        0.2363925479756238,
        5.04509100498428
    ],
    "desired_speed": 4.790752124786377,
    "angle": 0.003944026963193283,
    "angle_last": 0.10335598840390409,
    "angle_target": 0.029807624993028546,
    "angle_final": 0.003944026963193283,
    "delta": 0.25,
    "agent": "only_traj",
    "steer_traj": -0.000878407228634377,
    "throttle_traj": 0.75,
    "brake_traj": 0.0,
    "plan": [
        [
            0.012608124874532223,
            2.0350921154022217
        ],
        [
            -0.07386885583400726,
            4.030494213104248
        ],
        [
            -0.09180039167404175,
            5.990842342376709
        ],
        [
            -0.004896223545074463,
            8.241422653198242
        ],
        [
            0.2500744163990021,
            10.938806533813477
        ],
        [
            0.7442870736122131,
            13.956110000610352
        ]
    ]
}