{
    "speed": 4.689539114141085,
    "steer": -0.0056565506383776665,
    "throttle": 0.75,
    "brake": 0.0,
    "wp_4": [
        0.1341520994901657,
        9.332771301269531
    ],
    "wp_3": [
        0.03915926814079285,
        6.782464504241943
    ],
    "wp_2": [
        0.01948373392224312,
        4.529469013214111
    ],
    "wp_1": [
        0.02664944902062416,
        2.259563446044922
    ],
    "aim": [
        0.02664944902062416,
        2.259563446044922
    ],
    "target": [
        -0.024579977706212536,
        4.9338073892914736
    ],
    "desired_speed": 5.203658580780029,
    "angle": 0.0075080196721059355,
    "angle_last": 0.0876632493308459,
    "angle_target": -0.0031715811174602717,
    "angle_final": -0.0031715811174602717,
    "delta": 0.25,
    "agent": "only_traj",
    "steer_traj": -0.00565655063184865,
    "throttle_traj": 0.75,
    "brake_traj": 0.0,
    "plan": [
        [
            0.02664944902062416,
            2.259563446044922
        ],
        [
            0.01948373392224312,
            4.529469013214111
        ],
        [
            0.03915926814079285,
            6.782464504241943
        ],
        [
            0.1341520994901657,
            9.332771301269531
        ],
        [
            0.4187184274196625,
            12.14333724975586
        ],
        [
            0.8454983234405518,
            15.223044395446777
        ]
    ]
}