{
    "speed": 4.876490033152578,
    "steer": 0.007071322295814753,
    "throttle": 0.6152506470680237,
    "brake": 0.0,
    "wp_4": [
        0.18198345601558685,
        9.111173629760742
    ],
    "wp_3": [
        0.09701886028051376,
        6.650850296020508
    ],
    "wp_2": [
        0.033734872937202454,
        4.499740123748779
    ],
    "wp_1": [
        0.03500433266162872,
        2.2883338928222656
    ],
    "aim": [
        0.03500433266162872,
        2.2883338928222656
    ],
    "target": [
        0.43522707289726104,
        4.894645588114821
    ],
    "desired_speed": 5.0054481506347654,
    "angle": 0.009737545199179654,
    "angle_last": 0.0841881249721342,
    "angle_target": 0.05645911689964295,
    "angle_final": 0.009737545199179654,
    "delta": 0.12895811748218744,
    "agent": "only_traj",
    "steer_traj": 0.007071322270211444,
    "throttle_traj": 0.6152506251910477,
    "brake_traj": 0.0,
    "plan": [
        [
            0.03500433266162872,
            2.2883338928222656
        ],
        [
            0.033734872937202454,
            4.499740123748779
        ],
        [
            0.09701886028051376,
            6.650850296020508
        ],
        [
            0.18198345601558685,
            9.111173629760742
        ],
        [
            0.46699172258377075,
            11.788973808288574
        ],
        [
            0.8619647026062012,
            14.758277893066406
        ]
    ]
}