{
    "speed": 5.051878363404128,
    "steer": -0.006688685156404972,
    "throttle": 0.0,
    "brake": 0.0,
    "wp_4": [
        0.05887317284941673,
        10.671611785888672
    ],
    "wp_3": [
        0.040700558573007584,
        7.764960765838623
    ],
    "wp_2": [
        0.002187166828662157,
        5.1375346183776855
    ],
    "wp_1": [
        0.0009887508349493146,
        2.5285427570343018
    ],
    "aim": [
        0.0009887508349493146,
        2.5285427570343018
    ],
    "target": [
        0.7878769326542294,
        4.657964548597396
    ],
    "desired_speed": 5.836531925201417,
    "angle": 0.0002489705132071619,
    "angle_last": 0.06605495930863046,
    "angle_target": 0.10667214102793561,
    "angle_final": 0.0002489705132071619,
    "delta": 0.25,
    "agent": "only_traj",
    "steer_traj": -0.006688685053760902,
    "throttle_traj": 0.0,
    "brake_traj": 0.0,
    "plan": [
        [
            0.0009887508349493146,
            2.5285427570343018
        ],
        [
            0.002187166828662157,
            5.1375346183776855
        ],
        [
            0.040700558573007584,
            7.764960765838623
        ],
        [
            0.05887317284941673,
            10.671611785888672
        ],
        [
            0.3712444603443146,
            13.775729179382324
        ],
        [
            0.7159478664398193,
            17.085956573486328
        ]
    ]
}