{
    "speed": 5.166967151623723,
    "steer": 0.0034763801377266645,
    "throttle": 0.0,
    "brake": 0.0,
    "wp_4": [
        -0.08773218840360641,
        9.811559677124023
    ],
    "wp_3": [
        -0.009957371279597282,
        7.164264678955078
    ],
    "wp_2": [
        0.009038491174578667,
        4.834586143493652
    ],
    "wp_1": [
        0.027512498199939728,
        2.4655418395996094
    ],
    "aim": [
        0.027512498199939728,
        2.4655418395996094
    ],
    "target": [
        0.8345618240972296,
        54.8598223595358
    ],
    "desired_speed": 5.267190551757812,
    "angle": 0.0071035965822504035,
    "angle_last": 0.03709935890524151,
    "angle_target": 0.009683909941007533,
    "angle_final": 0.0071035965822504035,
    "delta": 0.10022340013408915,
    "agent": "only_traj",
    "steer_traj": 0.0034763800348835607,
    "throttle_traj": 0.0,
    "brake_traj": 0.0,
    "plan": [
        [
            0.027512498199939728,
            2.4655418395996094
        ],
        [
            0.009038491174578667,
            4.834586143493652
        ],
        [
            -0.009957371279597282,
            7.164264678955078
        ],
        [
            -0.08773218840360641,
            9.811559677124023
        ],
        [
            0.07009953260421753,
            12.588719367980957
        ],
        [
            0.24710029363632202,
            15.622586250305176
        ]
    ]
}