{
    "speed": 5.061767948609152,
    "steer": -0.006815308704972267,
    "throttle": 0.0,
    "brake": 0.0,
    "wp_4": [
        -0.048832572996616364,
        10.180726051330566
    ],
    "wp_3": [
        -0.033547379076480865,
        7.347118854522705
    ],
    "wp_2": [
        -0.0189342238008976,
        4.880647659301758
    ],
    "wp_1": [
        -0.0014804609818384051,
        2.4388017654418945
    ],
    "aim": [
        -0.0014804609818384051,
        2.4388017654418945
    ],
    "target": [
        2.4006332734437854,
        54.45089127178409
    ],
    "desired_speed": 5.632988166809082,
    "angle": -0.0003864647525763577,
    "angle_last": 0.05760275199272123,
    "angle_target": 0.028049156181470004,
    "angle_final": -0.0003864647525763577,
    "delta": 0.25,
    "agent": "only_traj",
    "steer_traj": -0.006815308769814081,
    "throttle_traj": 0.0,
    "brake_traj": 0.0,
    "plan": [
        [
            -0.0014804609818384051,
            2.4388017654418945
        ],
        [
            -0.0189342238008976,
            4.880647659301758
        ],
        [
            -0.033547379076480865,
            7.347118854522705
        ],
        [
            -0.048832572996616364,
            10.180726051330566
        ],
        [
            0.22149141132831573,
            13.196305274963379
        ],
        [
            0.5208252668380737,
            16.495481491088867
        ]
    ]
}