{
    "speed": 4.953202292860153,
    "steer": -0.013062935322523117,
    "throttle": 0.341655433177948,
    "brake": 0.0,
    "wp_4": [
        -0.43606334924697876,
        8.911762237548828
    ],
    "wp_3": [
        -0.2707700729370117,
        6.39302921295166
    ],
    "wp_2": [
        -0.16795414686203003,
        4.302226543426514
    ],
    "wp_1": [
        -0.027902822941541672,
        2.212507724761963
    ],
    "aim": [
        -0.027902822941541672,
        2.212507724761963
    ],
    "target": [
        0.9919746662521854,
        53.910976681918804
    ],
    "desired_speed": 5.036699295043945,
    "angle": -0.00802823217796818,
    "angle_last": 0.03614556093314462,
    "angle_target": 0.01171263200282202,
    "angle_final": -0.00802823217796818,
    "delta": 0.08349700218379219,
    "agent": "only_traj",
    "steer_traj": -0.01306293509951641,
    "throttle_traj": 0.3416554384296496,
    "brake_traj": 0.0,
    "plan": [
        [
            -0.027902822941541672,
            2.212507724761963
        ],
        [
            -0.16795414686203003,
            4.302226543426514
        ],
        [
            -0.2707700729370117,
            6.39302921295166
        ],
        [
            -0.43606334924697876,
            8.911762237548828
        ],
        [
            -0.3215666711330414,
            11.669013977050781
        ],
        [
            -0.14450320601463318,
            14.784219741821289
        ]
    ]
}