{
    "speed": 4.8465507866081925,
    "steer": -0.012211961671710014,
    "throttle": 0.004051423165947199,
    "brake": 0.0,
    "wp_4": [
        -0.4394041895866394,
        8.421544075012207
    ],
    "wp_3": [
        -0.26357322931289673,
        6.11581563949585
    ],
    "wp_2": [
        -0.21248792111873627,
        4.234251022338867
    ],
    "wp_1": [
        -0.034908413887023926,
        2.259320020675659
    ],
    "aim": [
        -0.034908413887023926,
        2.259320020675659
    ],
    "target": [
        1.1687310268626505,
        55.82877077960365
    ],
    "desired_speed": 4.657562398910523,
    "angle": -0.009835500232353554,
    "angle_last": 0.05888690344767441,
    "angle_target": 0.013325183579108245,
    "angle_final": -0.009835500232353554,
    "delta": 0.0,
    "agent": "only_traj",
    "steer_traj": -0.012211962115996082,
    "throttle_traj": 0.004051423143104332,
    "brake_traj": 0.0,
    "plan": [
        [
            -0.034908413887023926,
            2.259320020675659
        ],
        [
            -0.21248792111873627,
            4.234251022338867
        ],
        [
            -0.26357322931289673,
            6.11581563949585
        ],
        [
            -0.4394041895866394,
            8.421544075012207
        ],
        [
            -0.23691847920417786,
            10.929900169372559
        ],
        [
            0.03554822504520416,
            13.867100715637207
        ]
    ]
}