{
    "speed": 4.7273631600815,
    "steer": -0.021923961117863655,
    "throttle": 0.0,
    "brake": 1.0,
    "wp_4": [
        -0.24155929684638977,
        6.600710868835449
    ],
    "wp_3": [
        -0.14932933449745178,
        4.641448020935059
    ],
    "wp_2": [
        -0.09888824820518494,
        3.254880666732788
    ],
    "wp_1": [
        -0.00984052661806345,
        1.9320448637008667
    ],
    "aim": [
        -0.09888824820518494,
        3.254880666732788
    ],
    "target": [
        2.529650090890238,
        52.90572602805484
    ],
    "desired_speed": 3.9082348346710205,
    "angle": -0.019335534457933512,
    "angle_last": 0.03208099124906081,
    "angle_target": 0.030416361543293937,
    "angle_final": -0.019335534457933512,
    "delta": 0.0,
    "agent": "only_traj",
    "steer_traj": -0.02192396177609354,
    "throttle_traj": 0.0,
    "brake_traj": 1.0,
    "plan": [
        [
            -0.00984052661806345,
            1.9320448637008667
        ],
        [
            -0.09888824820518494,
            3.254880666732788
        ],
        [
            -0.14932933449745178,
            4.641448020935059
        ],
        [
            -0.24155929684638977,
            6.600710868835449
        ],
        [
            -0.08659245073795319,
            8.884151458740234
        ],
        [
            0.05480736494064331,
            11.687735557556152
        ]
    ]
}