{
    "speed": 4.544515685622182,
    "steer": 0.017702359706163406,
    "throttle": 0.0,
    "brake": 1.0,
    "wp_4": [
        -0.7469295263290405,
        5.529966354370117
    ],
    "wp_3": [
        -0.46679389476776123,
        3.9574830532073975
    ],
    "wp_2": [
        -0.3092268705368042,
        2.8757262229919434
    ],
    "wp_1": [
        -0.051648400723934174,
        1.7235071659088135
    ],
    "aim": [
        -0.3092268705368042,
        2.8757262229919434
    ],
    "target": [
        1.3161565863399467,
        54.48683943057963
    ],
    "desired_speed": 3.2870405197143553,
    "angle": -0.06819369897481338,
    "angle_last": 0.0063547042852538935,
    "angle_target": 0.015374875945964353,
    "angle_final": 0.015374875945964353,
    "delta": 0.0,
    "agent": "only_traj",
    "steer_traj": 0.017702359862879068,
    "throttle_traj": 0.0,
    "brake_traj": 1.0,
    "plan": [
        [
            -0.051648400723934174,
            1.7235071659088135
        ],
        [
            -0.3092268705368042,
            2.8757262229919434
        ],
        [
            -0.46679389476776123,
            3.9574830532073975
        ],
        [
            -0.7469295263290405,
            5.529966354370117
        ],
        [
            -0.8154426217079163,
            7.466669082641602
        ],
        [
            -0.7914004921913147,
            9.875164031982422
        ]
    ]
}