{
    "speed": 4.298545788182116,
    "steer": 0.017089741304516792,
    "throttle": 0.0,
    "brake": 1.0,
    "wp_4": [
        -0.6274077296257019,
        4.779996395111084
    ],
    "wp_3": [
        -0.4743352234363556,
        3.1188557147979736
    ],
    "wp_2": [
        -0.2591452896595001,
        2.106039524078369
    ],
    "wp_1": [
        -0.07113431394100189,
        1.3187615871429443
    ],
    "aim": [
        -0.4743352234363556,
        3.1188557147979736
    ],
    "target": [
        2.0030397582193467,
        53.27063899025886
    ],
    "desired_speed": 3.511334013938904,
    "angle": -0.09608485234155124,
    "angle_last": 0.0010320896470445127,
    "angle_target": 0.02392639322141311,
    "angle_final": 0.02392639322141311,
    "delta": 0.0,
    "agent": "only_traj",
    "steer_traj": 0.017089742000497978,
    "throttle_traj": 0.0,
    "brake_traj": 1.0,
    "plan": [
        [
            -0.07113431394100189,
            1.3187615871429443
        ],
        [
            -0.2591452896595001,
            2.106039524078369
        ],
        [
            -0.4743352234363556,
            3.1188557147979736
        ],
        [
            -0.6274077296257019,
            4.779996395111084
        ],
        [
            -0.6788368821144104,
            7.144258499145508
        ],
        [
            -0.6741344332695007,
            10.04474925994873
        ]
    ]
}