{
    "speed": 3.6804061595262043,
    "steer": 0.01873953267931938,
    "throttle": 0.0,
    "brake": 1.0,
    "wp_4": [
        -0.6757261753082275,
        2.659536600112915
    ],
    "wp_3": [
        -0.44693711400032043,
        1.5042755603790283
    ],
    "wp_2": [
        -0.20803014934062958,
        1.0066545009613037
    ],
    "wp_1": [
        -0.10639568418264389,
        0.7613869309425354
    ],
    "aim": [
        -0.6757261753082275,
        2.659536600112915
    ],
    "target": [
        2.29341108109503,
        54.43840990765097
    ],
    "desired_speed": 2.4934113144874575,
    "angle": -0.15839848952335622,
    "angle_last": -0.040948302048604855,
    "angle_target": 0.026804015772062317,
    "angle_final": 0.026804015772062317,
    "delta": 0.0,
    "agent": "only_traj",
    "steer_traj": 0.018739532355654377,
    "throttle_traj": 0.0,
    "brake_traj": 1.0,
    "plan": [
        [
            -0.10639568418264389,
            0.7613869309425354
        ],
        [
            -0.20803014934062958,
            1.0066545009613037
        ],
        [
            -0.44693711400032043,
            1.5042755603790283
        ],
        [
            -0.6757261753082275,
            2.659536600112915
        ],
        [
            -0.6877140402793884,
            4.544958114624023
        ],
        [
            -0.838950514793396,
            6.892972469329834
        ]
    ]
}