{
    "speed": 3.37165968394612,
    "steer": 0.0018810424953699112,
    "throttle": 0.0,
    "brake": 1.0,
    "wp_4": [
        -0.7374057769775391,
        3.3816115856170654
    ],
    "wp_3": [
        -0.5346570014953613,
        1.99007248878479
    ],
    "wp_2": [
        -0.26798591017723083,
        1.2998733520507812
    ],
    "wp_1": [
        -0.10473854094743729,
        0.841793417930603
    ],
    "aim": [
        -0.7374057769775391,
        3.3816115856170654
    ],
    "target": [
        0.9550359438364855,
        53.011049752694824
    ],
    "desired_speed": 3.0437937021255492,
    "angle": -0.13668372444107935,
    "angle_last": -0.03120465774262778,
    "angle_target": 0.011467967567562585,
    "angle_final": 0.011467967567562585,
    "delta": 0.0,
    "agent": "only_traj",
    "steer_traj": 0.0018810425513737013,
    "throttle_traj": 0.0,
    "brake_traj": 1.0,
    "plan": [
        [
            -0.10473854094743729,
            0.841793417930603
        ],
        [
            -0.26798591017723083,
            1.2998733520507812
        ],
        [
            -0.5346570014953613,
            1.99007248878479
        ],
        [
            -0.7374057769775391,
            3.3816115856170654
        ],
        [
            -0.8721527457237244,
            5.616858005523682
        ],
        [
            -1.0062918663024902,
            8.35129451751709
        ]
    ]
}