{
    "speed": 2.8237901341524063,
    "steer": 0.007844073697924614,
    "throttle": 0.0,
    "brake": 1.0,
    "wp_4": [
        -0.5663408041000366,
        2.4497761726379395
    ],
    "wp_3": [
        -0.3877577781677246,
        1.4567381143569946
    ],
    "wp_2": [
        -0.1608046293258667,
        0.978882372379303
    ],
    "wp_1": [
        -0.047296132892370224,
        0.5665315389633179
    ],
    "aim": [
        -0.5663408041000366,
        2.4497761726379395
    ],
    "target": [
        1.051850506119278,
        53.28260743779615
    ],
    "desired_speed": 2.3265625119209288,
    "angle": -0.14463322983407564,
    "angle_last": -0.0288357963564858,
    "angle_target": 0.012565861472894646,
    "angle_final": 0.012565861472894646,
    "delta": 0.0,
    "agent": "only_traj",
    "steer_traj": 0.007844073974614094,
    "throttle_traj": 0.0,
    "brake_traj": 1.0,
    "plan": [
        [
            -0.047296132892370224,
            0.5665315389633179
        ],
        [
            -0.1608046293258667,
            0.978882372379303
        ],
        [
            -0.3877577781677246,
            1.4567381143569946
        ],
        [
            -0.5663408041000366,
            2.4497761726379395
        ],
        [
            -0.6550921201705933,
            4.135801315307617
        ],
        [
            -0.7530038952827454,
            6.295961856842041
        ]
    ]
}