{
    "speed": 2.5613258062918676,
    "steer": 0.011391970328986645,
    "throttle": 0.0,
    "brake": 1.0,
    "wp_4": [
        -0.4231148660182953,
        1.6008318662643433
    ],
    "wp_3": [
        -0.25417861342430115,
        0.8406587839126587
    ],
    "wp_2": [
        -0.07946828007698059,
        0.5479282736778259
    ],
    "wp_1": [
        -0.048737019300460815,
        0.36628782749176025
    ],
    "aim": [
        -0.5425057411193848,
        2.9133238792419434
    ],
    "target": [
        1.2459487093703911,
        53.11611756594909
    ],
    "desired_speed": 1.7708728075027464,
    "angle": -0.11720592220297245,
    "angle_last": -0.022979364489144536,
    "angle_target": 0.014930499195847125,
    "angle_final": 0.014930499195847125,
    "delta": 0.0,
    "agent": "only_traj",
    "steer_traj": 0.01139197039779221,
    "throttle_traj": 0.0,
    "brake_traj": 1.0,
    "plan": [
        [
            -0.048737019300460815,
            0.36628782749176025
        ],
        [
            -0.07946828007698059,
            0.5479282736778259
        ],
        [
            -0.25417861342430115,
            0.8406587839126587
        ],
        [
            -0.4231148660182953,
            1.6008318662643433
        ],
        [
            -0.5425057411193848,
            2.9133238792419434
        ],
        [
            -0.6076602339744568,
            4.717575550079346
        ]
    ]
}