{
    "speed": 2.309959710852999,
    "steer": 0.011650786735117435,
    "throttle": 0.75,
    "brake": 0.0,
    "wp_4": [
        -0.47305500507354736,
        2.24965763092041
    ],
    "wp_3": [
        -0.30399638414382935,
        1.1498208045959473
    ],
    "wp_2": [
        -0.0982448011636734,
        0.673760712146759
    ],
    "wp_1": [
        -0.05773269757628441,
        0.3949637711048126
    ],
    "aim": [
        -0.47305500507354736,
        2.24965763092041
    ],
    "target": [
        1.2828775125797556,
        52.5586967109044
    ],
    "desired_speed": 2.5153811454772947,
    "angle": -0.13194516686789684,
    "angle_last": -0.043106262371375,
    "angle_target": 0.015535831530050922,
    "angle_final": 0.015535831530050922,
    "delta": 0.20542143462429596,
    "agent": "only_traj",
    "steer_traj": 0.011650786655605152,
    "throttle_traj": 0.75,
    "brake_traj": 0.0,
    "plan": [
        [
            -0.05773269757628441,
            0.3949637711048126
        ],
        [
            -0.0982448011636734,
            0.673760712146759
        ],
        [
            -0.30399638414382935,
            1.1498208045959473
        ],
        [
            -0.47305500507354736,
            2.24965763092041
        ],
        [
            -0.6026818752288818,
            4.1446967124938965
        ],
        [
            -0.7701989412307739,
            6.6149091720581055
        ]
    ]
}