{
    "speed": 1.9556084637308164,
    "steer": 0.005895403679460287,
    "throttle": 0.75,
    "brake": 0.0,
    "wp_4": [
        -0.554417073726654,
        2.282538890838623
    ],
    "wp_3": [
        -0.33413267135620117,
        1.2290476560592651
    ],
    "wp_2": [
        -0.12045963108539581,
        0.7339047193527222
    ],
    "wp_1": [
        -0.06956789642572403,
        0.41713976860046387
    ],
    "aim": [
        -0.554417073726654,
        2.282538890838623
    ],
    "target": [
        0.9932782085513028,
        51.73474196908075
    ],
    "desired_speed": 2.42629656791687,
    "angle": -0.1516939758340717,
    "angle_last": -0.015323784903431132,
    "angle_target": 0.012221243262188063,
    "angle_final": 0.012221243262188063,
    "delta": 0.25,
    "agent": "only_traj",
    "steer_traj": 0.005895403809563934,
    "throttle_traj": 0.75,
    "brake_traj": 0.0,
    "plan": [
        [
            -0.06956789642572403,
            0.41713976860046387
        ],
        [
            -0.12045963108539581,
            0.7339047193527222
        ],
        [
            -0.33413267135620117,
            1.2290476560592651
        ],
        [
            -0.554417073726654,
            2.282538890838623
        ],
        [
            -0.7210884094238281,
            4.070023059844971
        ],
        [
            -0.7772667407989502,
            6.403468132019043
        ]
    ]
}