{
    "speed": 1.8489302278030946,
    "steer": 0.019426286220550537,
    "throttle": 0.75,
    "brake": 0.0,
    "wp_4": [
        -0.46643221378326416,
        2.224957227706909
    ],
    "wp_3": [
        -0.2890108525753021,
        1.1908575296401978
    ],
    "wp_2": [
        -0.10942167043685913,
        0.7229294776916504
    ],
    "wp_1": [
        -0.07269880175590515,
        0.44900617003440857
    ],
    "aim": [
        -0.46643221378326416,
        2.224957227706909
    ],
    "target": [
        1.8925802422784979,
        52.771760504673445
    ],
    "desired_speed": 2.3033092737197878,
    "angle": -0.13155364524647356,
    "angle_last": -0.04942395968066446,
    "angle_target": 0.022821634759828038,
    "angle_final": 0.022821634759828038,
    "delta": 0.25,
    "agent": "only_traj",
    "steer_traj": 0.019426286014631457,
    "throttle_traj": 0.75,
    "brake_traj": 0.0,
    "plan": [
        [
            -0.07269880175590515,
            0.44900617003440857
        ],
        [
            -0.10942167043685913,
            0.7229294776916504
        ],
        [
            -0.2890108525753021,
            1.1908575296401978
        ],
        [
            -0.46643221378326416,
            2.224957227706909
        ],
        [
            -0.5942734479904175,
            3.936838388442993
        ],
        [
            -0.7660494446754456,
            6.145001411437988
        ]
    ]
}