{
    "speed": 1.7704922283138638,
    "steer": 0.005082182586193085,
    "throttle": 0.75,
    "brake": 0.0,
    "wp_4": [
        -0.33059096336364746,
        2.0567173957824707
    ],
    "wp_3": [
        -0.18625657260417938,
        1.0764662027359009
    ],
    "wp_2": [
        -0.061704378575086594,
        0.6071664094924927
    ],
    "wp_1": [
        -0.05885088071227074,
        0.3119553327560425
    ],
    "aim": [
        -0.42997992038726807,
        3.6170666217803955
    ],
    "target": [
        0.9890105274406964,
        52.54196252507245
    ],
    "desired_speed": 2.138926839828491,
    "angle": -0.07532487181425138,
    "angle_last": -0.04177422370124095,
    "angle_target": 0.011981838529541442,
    "angle_final": 0.011981838529541442,
    "delta": 0.25,
    "agent": "only_traj",
    "steer_traj": 0.005082182389960278,
    "throttle_traj": 0.75,
    "brake_traj": 0.0,
    "plan": [
        [
            -0.05885088071227074,
            0.3119553327560425
        ],
        [
            -0.061704378575086594,
            0.6071664094924927
        ],
        [
            -0.18625657260417938,
            1.0764662027359009
        ],
        [
            -0.33059096336364746,
            2.0567173957824707
        ],
        [
            -0.42997992038726807,
            3.6170666217803955
        ],
        [
            -0.561924397945404,
            5.624949932098389
        ]
    ]
}