{
    "speed": 1.7351888668731603,
    "steer": 0.014957527630031109,
    "throttle": 0.75,
    "brake": 0.0,
    "wp_4": [
        -0.2391010820865631,
        2.3086113929748535
    ],
    "wp_3": [
        -0.11518082767724991,
        1.1797436475753784
    ],
    "wp_2": [
        -0.024369677528738976,
        0.6227695345878601
    ],
    "wp_1": [
        -0.05939668416976929,
        0.31595057249069214
    ],
    "aim": [
        -0.2391010820865631,
        2.3086113929748535
    ],
    "target": [
        1.4765404258300505,
        51.94808837600854
    ],
    "desired_speed": 2.3785282254219053,
    "angle": -0.06569992101785095,
    "angle_last": -0.051329430677116455,
    "angle_target": 0.018090017259971718,
    "angle_final": 0.018090017259971718,
    "delta": 0.25,
    "agent": "only_traj",
    "steer_traj": 0.014957527796684451,
    "throttle_traj": 0.75,
    "brake_traj": 0.0,
    "plan": [
        [
            -0.05939668416976929,
            0.31595057249069214
        ],
        [
            -0.024369677528738976,
            0.6227695345878601
        ],
        [
            -0.11518082767724991,
            1.1797436475753784
        ],
        [
            -0.2391010820865631,
            2.3086113929748535
        ],
        [
            -0.31480467319488525,
            4.064014911651611
        ],
        [
            -0.4904235899448395,
            6.237427234649658
        ]
    ]
}