{
    "speed": 1.7455972434163558,
    "steer": 0.02178870141506195,
    "throttle": 0.6490224003791809,
    "brake": 0.0,
    "wp_4": [
        -0.3007452189922333,
        1.884387731552124
    ],
    "wp_3": [
        -0.15107500553131104,
        0.9702245593070984
    ],
    "wp_2": [
        -0.039950016885995865,
        0.5533990263938904
    ],
    "wp_1": [
        -0.05674362927675247,
        0.36827418208122253
    ],
    "aim": [
        -0.3965185880661011,
        3.295358657836914
    ],
    "target": [
        2.181346227196322,
        53.195625223031335
    ],
    "desired_speed": 1.8850293338298796,
    "angle": -0.07623563959457717,
    "angle_last": -0.06095749300413877,
    "angle_target": 0.02609068991189003,
    "angle_final": 0.02609068991189003,
    "delta": 0.13943209041352378,
    "agent": "only_traj",
    "steer_traj": 0.021788701521349523,
    "throttle_traj": 0.6490223849523712,
    "brake_traj": 0.0,
    "plan": [
        [
            -0.05674362927675247,
            0.36827418208122253
        ],
        [
            -0.039950016885995865,
            0.5533990263938904
        ],
        [
            -0.15107500553131104,
            0.9702245593070984
        ],
        [
            -0.3007452189922333,
            1.884387731552124
        ],
        [
            -0.3965185880661011,
            3.295358657836914
        ],
        [
            -0.5642827749252319,
            5.042072772979736
        ]
    ]
}