{
    "speed": 1.7908761804187594,
    "steer": -0.0017103664577007294,
    "throttle": 0.75,
    "brake": 0.0,
    "wp_4": [
        -0.7823566198348999,
        3.3534328937530518
    ],
    "wp_3": [
        -0.48928919434547424,
        1.9995650053024292
    ],
    "wp_2": [
        -0.2131052017211914,
        1.2241334915161133
    ],
    "wp_1": [
        -0.09112069755792618,
        0.6612528562545776
    ],
    "aim": [
        -0.7823566198348999,
        3.3534328937530518
    ],
    "target": [
        0.45179084566683914,
        51.072897379663296
    ],
    "desired_speed": 3.1200756311416624,
    "angle": -0.14591358673948993,
    "angle_last": -0.010927495698657037,
    "angle_target": 0.005631391563986107,
    "angle_final": 0.005631391563986107,
    "delta": 0.25,
    "agent": "only_traj",
    "steer_traj": -0.0017103664421363306,
    "throttle_traj": 0.75,
    "brake_traj": 0.0,
    "plan": [
        [
            -0.09112069755792618,
            0.6612528562545776
        ],
        [
            -0.2131052017211914,
            1.2241334915161133
        ],
        [
            -0.48928919434547424,
            1.9995650053024292
        ],
        [
            -0.7823566198348999,
            3.3534328937530518
        ],
        [
            -0.8749348521232605,
            5.577484130859375
        ],
        [
            -0.9228208661079407,
            8.366966247558594
        ]
    ]
}