{
    "speed": 1.8635534647432899,
    "steer": 0.029509911313652992,
    "throttle": 0.75,
    "brake": 0.0,
    "wp_4": [
        -0.933579683303833,
        2.8270857334136963
    ],
    "wp_3": [
        -0.601213276386261,
        1.6768598556518555
    ],
    "wp_2": [
        -0.2711299657821655,
        1.0722739696502686
    ],
    "wp_1": [
        -0.10468262434005737,
        0.6610217690467834
    ],
    "aim": [
        -0.933579683303833,
        2.8270857334136963
    ],
    "target": [
        2.3318868231296324,
        52.48242273657076
    ],
    "desired_speed": 2.7861912846565247,
    "angle": -0.2030512306772685,
    "angle_last": -0.027487137559371395,
    "angle_target": 0.028267549953300476,
    "angle_final": 0.028267549953300476,
    "delta": 0.25,
    "agent": "only_traj",
    "steer_traj": 0.029509910598824653,
    "throttle_traj": 0.75,
    "brake_traj": 0.0,
    "plan": [
        [
            -0.10468262434005737,
            0.6610217690467834
        ],
        [
            -0.2711299657821655,
            1.0722739696502686
        ],
        [
            -0.601213276386261,
            1.6768598556518555
        ],
        [
            -0.933579683303833,
            2.8270857334136963
        ],
        [
            -1.1204766035079956,
            4.838998794555664
        ],
        [
            -1.2333545684814453,
            7.451698303222656
        ]
    ]
}