{
    "speed": 1.9654486952489967,
    "steer": 0.01532689481973648,
    "throttle": 0.75,
    "brake": 0.0,
    "wp_4": [
        -0.4889039993286133,
        3.169677495956421
    ],
    "wp_3": [
        -0.3017679750919342,
        1.788575291633606
    ],
    "wp_2": [
        -0.11969854682683945,
        1.0245985984802246
    ],
    "wp_1": [
        -0.06825336068868637,
        0.5512950420379639
    ],
    "aim": [
        -0.4889039993286133,
        3.169677495956421
    ],
    "target": [
        1.7320565834350856,
        52.607340524861556
    ],
    "desired_speed": 2.856093633174896,
    "angle": -0.09742698451345876,
    "angle_last": -0.043624977293342075,
    "angle_target": 0.020952651958422205,
    "angle_final": 0.020952651958422205,
    "delta": 0.25,
    "agent": "only_traj",
    "steer_traj": 0.015326894875579828,
    "throttle_traj": 0.75,
    "brake_traj": 0.0,
    "plan": [
        [
            -0.06825336068868637,
            0.5512950420379639
        ],
        [
            -0.11969854682683945,
            1.0245985984802246
        ],
        [
            -0.3017679750919342,
            1.788575291633606
        ],
        [
            -0.4889039993286133,
            3.169677495956421
        ],
        [
            -0.6319340467453003,
            5.177059173583984
        ],
        [
            -0.8012372255325317,
            7.643833160400391
        ]
    ]
}