{
    "speed": 2.0950807292893234,
    "steer": 0.025755995884537697,
    "throttle": 0.75,
    "brake": 0.0,
    "wp_4": [
        -0.34458252787590027,
        3.4439141750335693
    ],
    "wp_3": [
        -0.19691865146160126,
        1.9643007516860962
    ],
    "wp_2": [
        -0.058534953743219376,
        1.0957473516464233
    ],
    "wp_1": [
        -0.0520571805536747,
        0.5850731134414673
    ],
    "aim": [
        -0.34458252787590027,
        3.4439141750335693
    ],
    "target": [
        2.2822943586069244,
        52.22850166819935
    ],
    "desired_speed": 3.045568060874939,
    "angle": -0.06348602903487749,
    "angle_last": -0.03647862625574851,
    "angle_target": 0.027801485848632717,
    "angle_final": 0.027801485848632717,
    "delta": 0.25,
    "agent": "only_traj",
    "steer_traj": 0.02575599655600711,
    "throttle_traj": 0.75,
    "brake_traj": 0.0,
    "plan": [
        [
            -0.0520571805536747,
            0.5850731134414673
        ],
        [
            -0.058534953743219376,
            1.0957473516464233
        ],
        [
            -0.19691865146160126,
            1.9643007516860962
        ],
        [
            -0.34458252787590027,
            3.4439141750335693
        ],
        [
            -0.4488670825958252,
            5.583566665649414
        ],
        [
            -0.5974541902542114,
            8.173849105834961
        ]
    ]
}