{
    "speed": 2.246843515865703,
    "steer": 0.010000839829444885,
    "throttle": 0.75,
    "brake": 0.0,
    "wp_4": [
        -0.39584335684776306,
        3.2824041843414307
    ],
    "wp_3": [
        -0.2278985232114792,
        1.8717033863067627
    ],
    "wp_2": [
        -0.07929658144712448,
        1.0685118436813354
    ],
    "wp_1": [
        -0.0631241425871849,
        0.5947545766830444
    ],
    "aim": [
        -0.39584335684776306,
        3.2824041843414307
    ],
    "target": [
        1.1452243540457014,
        51.7271453194228
    ],
    "desired_speed": 2.9189642906188964,
    "angle": -0.07640449704905805,
    "angle_last": -0.048252961692961165,
    "angle_target": 0.01409227931805383,
    "angle_final": 0.01409227931805383,
    "delta": 0.25,
    "agent": "only_traj",
    "steer_traj": 0.01000083939403453,
    "throttle_traj": 0.75,
    "brake_traj": 0.0,
    "plan": [
        [
            -0.0631241425871849,
            0.5947545766830444
        ],
        [
            -0.07929658144712448,
            1.0685118436813354
        ],
        [
            -0.2278985232114792,
            1.8717033863067627
        ],
        [
            -0.39584335684776306,
            3.2824041843414307
        ],
        [
            -0.5313435792922974,
            5.345269203186035
        ],
        [
            -0.7220582365989685,
            7.856619834899902
        ]
    ]
}