{
    "speed": 2.4165276006609133,
    "steer": 0.02746480517089367,
    "throttle": 0.75,
    "brake": 0.0,
    "wp_4": [
        -0.4074976444244385,
        3.5389578342437744
    ],
    "wp_3": [
        -0.24320955574512482,
        2.1037471294403076
    ],
    "wp_2": [
        -0.07366622984409332,
        1.2383307218551636
    ],
    "wp_1": [
        -0.04302160069346428,
        0.7091647386550903
    ],
    "aim": [
        -0.4074976444244385,
        3.5389578342437744
    ],
    "target": [
        2.0741788649477657,
        51.66263812367277
    ],
    "desired_speed": 3.0204026222229006,
    "angle": -0.07298295172983554,
    "angle_last": -0.03652378139526138,
    "angle_target": 0.025545626846878482,
    "angle_final": 0.025545626846878482,
    "delta": 0.25,
    "agent": "only_traj",
    "steer_traj": 0.027464805577067854,
    "throttle_traj": 0.75,
    "brake_traj": 0.0,
    "plan": [
        [
            -0.04302160069346428,
            0.7091647386550903
        ],
        [
            -0.07366622984409332,
            1.2383307218551636
        ],
        [
            -0.24320955574512482,
            2.1037471294403076
        ],
        [
            -0.4074976444244385,
            3.5389578342437744
        ],
        [
            -0.500752866268158,
            5.661919116973877
        ],
        [
            -0.6480875015258789,
            8.22718620300293
        ]
    ]
}