{
    "speed": 2.6009991751993007,
    "steer": 0.0031871034298092127,
    "throttle": 0.0,
    "brake": 0.0,
    "wp_4": [
        -0.3981610834598541,
        2.900144100189209
    ],
    "wp_3": [
        -0.2258666306734085,
        1.7061783075332642
    ],
    "wp_2": [
        -0.06472229212522507,
        1.0532346963882446
    ],
    "wp_1": [
        -0.053496818989515305,
        0.6456447243690491
    ],
    "aim": [
        -0.3981610834598541,
        2.900144100189209
    ],
    "target": [
        0.424402404073225,
        51.13814349224636
    ],
    "desired_speed": 2.475615668296814,
    "angle": -0.08685855691970723,
    "angle_last": -0.04231175958892096,
    "angle_target": 0.00528327273282725,
    "angle_final": 0.00528327273282725,
    "delta": 0.0,
    "agent": "only_traj",
    "steer_traj": 0.00318710338149386,
    "throttle_traj": 0.0,
    "brake_traj": 0.0,
    "plan": [
        [
            -0.053496818989515305,
            0.6456447243690491
        ],
        [
            -0.06472229212522507,
            1.0532346963882446
        ],
        [
            -0.2258666306734085,
            1.7061783075332642
        ],
        [
            -0.3981610834598541,
            2.900144100189209
        ],
        [
            -0.4571188986301422,
            4.663651466369629
        ],
        [
            -0.5991082191467285,
            6.796865463256836
        ]
    ]
}