{
    "speed": 2.773844723736028,
    "steer": 0.007700328715145588,
    "throttle": 0.0,
    "brake": 1.0,
    "wp_4": [
        -0.2750760614871979,
        2.818105459213257
    ],
    "wp_3": [
        -0.13751764595508575,
        1.7092039585113525
    ],
    "wp_2": [
        -0.05135852098464966,
        1.0677183866500854
    ],
    "wp_1": [
        -0.040793970227241516,
        0.6866201162338257
    ],
    "aim": [
        -0.2750760614871979,
        2.818105459213257
    ],
    "target": [
        0.2800051693352744,
        51.420469033909214
    ],
    "desired_speed": 2.1322615504264832,
    "angle": -0.061944379448214834,
    "angle_last": 0.2623573281304649,
    "angle_target": 0.0034666168673565113,
    "angle_final": 0.0034666168673565113,
    "delta": 0.0,
    "agent": "only_traj",
    "steer_traj": 0.0077003288274765805,
    "throttle_traj": 0.0,
    "brake_traj": 1.0,
    "plan": [
        [
            -0.040793970227241516,
            0.6866201162338257
        ],
        [
            -0.05135852098464966,
            1.0677183866500854
        ],
        [
            -0.13751764595508575,
            1.7092039585113525
        ],
        [
            -0.2750760614871979,
            2.818105459213257
        ],
        [
            -0.03366928920149803,
            4.02830171585083
        ],
        [
            0.7476804256439209,
            5.815706253051758
        ]
    ]
}