{
    "speed": 2.817127527724664,
    "steer": 0.01791379228234291,
    "throttle": 0.75,
    "brake": 0.0,
    "wp_4": [
        -0.21360580623149872,
        3.754607677459717
    ],
    "wp_3": [
        -0.17674145102500916,
        2.4457335472106934
    ],
    "wp_2": [
        -0.03289634734392166,
        1.5388375520706177
    ],
    "wp_1": [
        -0.003937796223908663,
        0.8395228981971741
    ],
    "aim": [
        -0.21360580623149872,
        3.754607677459717
    ],
    "target": [
        1.1314313042840944,
        50.06465628127071
    ],
    "desired_speed": 3.1305258035659795,
    "angle": -0.0361793121881204,
    "angle_last": 0.06874210751009503,
    "angle_target": 0.014384777703300874,
    "angle_final": 0.014384777703300874,
    "delta": 0.25,
    "agent": "only_traj",
    "steer_traj": 0.017913791802103996,
    "throttle_traj": 0.75,
    "brake_traj": 0.0,
    "plan": [
        [
            -0.003937796223908663,
            0.8395228981971741
        ],
        [
            -0.03289634734392166,
            1.5388375520706177
        ],
        [
            -0.17674145102500916,
            2.4457335472106934
        ],
        [
            -0.21360580623149872,
            3.754607677459717
        ],
        [
            0.354481965303421,
            5.441954135894775
        ],
        [
            0.6905484199523926,
            8.542156219482422
        ]
    ]
}