{
    "speed": 2.8111283016946493,
    "steer": 0.012060999870300293,
    "throttle": 0.0,
    "brake": 1.0,
    "wp_4": [
        -0.27252036333084106,
        2.3690521717071533
    ],
    "wp_3": [
        -0.12805093824863434,
        1.3884196281433105
    ],
    "wp_2": [
        -0.04962039738893509,
        0.8921905159950256
    ],
    "wp_1": [
        -0.030002444982528687,
        0.642044723033905
    ],
    "aim": [
        -0.3121872842311859,
        3.6920483112335205
    ],
    "target": [
        0.6893643428180616,
        50.68431376063865
    ],
    "desired_speed": 1.8087038397789004,
    "angle": -0.05370269374072356,
    "angle_last": -0.040675549827749014,
    "angle_target": 0.008658219467778746,
    "angle_final": 0.008658219467778746,
    "delta": 0.0,
    "agent": "only_traj",
    "steer_traj": 0.012060999537699827,
    "throttle_traj": 0.0,
    "brake_traj": 1.0,
    "plan": [
        [
            -0.030002444982528687,
            0.642044723033905
        ],
        [
            -0.04962039738893509,
            0.8921905159950256
        ],
        [
            -0.12805093824863434,
            1.3884196281433105
        ],
        [
            -0.27252036333084106,
            2.3690521717071533
        ],
        [
            -0.3121872842311859,
            3.6920483112335205
        ],
        [
            -0.4050022065639496,
            5.142731189727783
        ]
    ]
}