{
    "speed": 2.764316988150111,
    "steer": 0.010359091684222221,
    "throttle": 0.0,
    "brake": 1.0,
    "wp_4": [
        -0.34998464584350586,
        2.3341076374053955
    ],
    "wp_3": [
        -0.19318702816963196,
        1.4057726860046387
    ],
    "wp_2": [
        -0.07291322201490402,
        0.931985080242157
    ],
    "wp_1": [
        -0.03720598667860031,
        0.6539004445075989
    ],
    "aim": [
        -0.4145021140575409,
        3.6037137508392334
    ],
    "target": [
        0.5244666213277116,
        51.065500439503374
    ],
    "desired_speed": 1.7788954377174377,
    "angle": -0.07290410099041729,
    "angle_last": -0.05379080318101673,
    "angle_target": 0.0065381535331449315,
    "angle_final": 0.0065381535331449315,
    "delta": 0.0,
    "agent": "only_traj",
    "steer_traj": 0.010359091388836308,
    "throttle_traj": 0.0,
    "brake_traj": 1.0,
    "plan": [
        [
            -0.03720598667860031,
            0.6539004445075989
        ],
        [
            -0.07291322201490402,
            0.931985080242157
        ],
        [
            -0.19318702816963196,
            1.4057726860046387
        ],
        [
            -0.34998464584350586,
            2.3341076374053955
        ],
        [
            -0.4145021140575409,
            3.6037137508392334
        ],
        [
            -0.5381667613983154,
            5.06381368637085
        ]
    ]
}