{
    "speed": 2.7119624454507374,
    "steer": 0.015892893075942993,
    "throttle": 0.75,
    "brake": 0.0,
    "wp_4": [
        -0.3886815309524536,
        4.770170211791992
    ],
    "wp_3": [
        -0.2573297917842865,
        3.155118942260742
    ],
    "wp_2": [
        -0.07986726611852646,
        1.9814198017120361
    ],
    "wp_1": [
        -0.0008462861296720803,
        1.0005396604537964
    ],
    "aim": [
        -0.2573297917842865,
        3.155118942260742
    ],
    "target": [
        0.7286069585218101,
        50.837648605913614
    ],
    "desired_speed": 3.517029428482056,
    "angle": -0.05180769570099891,
    "angle_last": -0.001920069894216554,
    "angle_target": 0.009123432212794894,
    "angle_final": 0.009123432212794894,
    "delta": 0.25,
    "agent": "only_traj",
    "steer_traj": 0.015892892672424337,
    "throttle_traj": 0.75,
    "brake_traj": 0.0,
    "plan": [
        [
            -0.0008462861296720803,
            1.0005396604537964
        ],
        [
            -0.07986726611852646,
            1.9814198017120361
        ],
        [
            -0.2573297917842865,
            3.155118942260742
        ],
        [
            -0.3886815309524536,
            4.770170211791992
        ],
        [
            -0.35667988657951355,
            7.062387466430664
        ],
        [
            -0.364849328994751,
            9.771026611328125
        ]
    ]
}