{
    "speed": 2.642201342188744,
    "steer": 0.014533556066453457,
    "throttle": 0.75,
    "brake": 0.0,
    "wp_4": [
        -0.3721972703933716,
        5.668285369873047
    ],
    "wp_3": [
        -0.2646031975746155,
        3.7286152839660645
    ],
    "wp_2": [
        -0.1064024493098259,
        2.25779128074646
    ],
    "wp_1": [
        -0.0006374444928951561,
        1.0603879690170288
    ],
    "aim": [
        -0.2646031975746155,
        3.7286152839660645
    ],
    "target": [
        0.6726541323630284,
        50.56935526972111
    ],
    "desired_speed": 4.053018856048584,
    "angle": -0.045102423101806614,
    "angle_last": -0.003772568979105568,
    "angle_target": 0.00846757221483248,
    "angle_final": 0.00846757221483248,
    "delta": 0.25,
    "agent": "only_traj",
    "steer_traj": 0.014533556036735343,
    "throttle_traj": 0.75,
    "brake_traj": 0.0,
    "plan": [
        [
            -0.0006374444928951561,
            1.0603879690170288
        ],
        [
            -0.1064024493098259,
            2.25779128074646
        ],
        [
            -0.2646031975746155,
            3.7286152839660645
        ],
        [
            -0.3721972703933716,
            5.668285369873047
        ],
        [
            -0.31916019320487976,
            8.212092399597168
        ],
        [
            -0.33672550320625305,
            11.176202774047852
        ]
    ]
}