{
    "speed": 2.595056603149232,
    "steer": 0.0026101400144398212,
    "throttle": 0.75,
    "brake": 0.0,
    "wp_4": [
        -0.39941203594207764,
        4.856579303741455
    ],
    "wp_3": [
        -0.2678736746311188,
        3.2357640266418457
    ],
    "wp_2": [
        -0.09492247551679611,
        2.044389486312866
    ],
    "wp_1": [
        0.005993660539388657,
        1.0362716913223267
    ],
    "aim": [
        -0.2678736746311188,
        3.2357640266418457
    ],
    "target": [
        -0.2312091238108025,
        49.85643184445497
    ],
    "desired_speed": 3.449186420440674,
    "angle": -0.05258284628080458,
    "angle_last": -0.00028864126546361953,
    "angle_target": -0.002952302022953276,
    "angle_final": -0.002952302022953276,
    "delta": 0.25,
    "agent": "only_traj",
    "steer_traj": 0.002610139917958776,
    "throttle_traj": 0.75,
    "brake_traj": 0.0,
    "plan": [
        [
            0.005993660539388657,
            1.0362716913223267
        ],
        [
            -0.09492247551679611,
            2.044389486312866
        ],
        [
            -0.2678736746311188,
            3.2357640266418457
        ],
        [
            -0.39941203594207764,
            4.856579303741455
        ],
        [
            -0.3626953661441803,
            7.057877540588379
        ],
        [
            -0.3638642430305481,
            9.636075973510742
        ]
    ]
}