{
    "speed": 2.592769497667618,
    "steer": 0.023266149684786797,
    "throttle": 0.75,
    "brake": 0.0,
    "wp_4": [
        -0.3235257863998413,
        5.938717842102051
    ],
    "wp_3": [
        -0.20756489038467407,
        4.033792495727539
    ],
    "wp_2": [
        -0.11396171152591705,
        2.5339064598083496
    ],
    "wp_1": [
        0.002647068351507187,
        1.2302377223968506
    ],
    "aim": [
        -0.11396171152591705,
        2.5339064598083496
    ],
    "target": [
        1.0295422088015227,
        49.99311625641604
    ],
    "desired_speed": 3.934271764755249,
    "angle": -0.02861252506161716,
    "angle_last": 0.002004708584854328,
    "angle_target": 0.013108490604574212,
    "angle_final": 0.013108490604574212,
    "delta": 0.25,
    "agent": "only_traj",
    "steer_traj": 0.023266149633428518,
    "throttle_traj": 0.75,
    "brake_traj": 0.0,
    "plan": [
        [
            0.002647068351507187,
            1.2302377223968506
        ],
        [
            -0.11396171152591705,
            2.5339064598083496
        ],
        [
            -0.20756489038467407,
            4.033792495727539
        ],
        [
            -0.3235257863998413,
            5.938717842102051
        ],
        [
            -0.26139891147613525,
            8.32129192352295
        ],
        [
            -0.2527952790260315,
            11.053444862365723
        ]
    ]
}