{
    "speed": 2.6452735399538123,
    "steer": 0.0008278907625935972,
    "throttle": 0.0,
    "brake": 1.0,
    "wp_4": [
        -0.38841989636421204,
        2.7064990997314453
    ],
    "wp_3": [
        -0.1889791339635849,
        1.6488488912582397
    ],
    "wp_2": [
        -0.07411632686853409,
        1.0640017986297607
    ],
    "wp_1": [
        0.1594538539648056,
        0.4776991307735443
    ],
    "aim": [
        -0.38841989636421204,
        2.7064990997314453
    ],
    "target": [
        -0.29182541218747976,
        50.7083210077352
    ],
    "desired_speed": 2.1530211925506593,
    "angle": -0.09074409975654593,
    "angle_last": -0.04623046678872961,
    "angle_target": -0.003663694100048647,
    "angle_final": -0.003663694100048647,
    "delta": 0.0,
    "agent": "only_traj",
    "steer_traj": 0.0008278907868927319,
    "throttle_traj": 0.0,
    "brake_traj": 1.0,
    "plan": [
        [
            0.1594538539648056,
            0.4776991307735443
        ],
        [
            -0.07411632686853409,
            1.0640017986297607
        ],
        [
            -0.1889791339635849,
            1.6488488912582397
        ],
        [
            -0.38841989636421204,
            2.7064990997314453
        ],
        [
            -0.4509122669696808,
            4.1369829177856445
        ],
        [
            -0.5704303979873657,
            5.779921531677246
        ]
    ]
}