{
    "speed": 2.696403111950557,
    "steer": 0.02507195435464382,
    "throttle": 0.75,
    "brake": 0.0,
    "wp_4": [
        -0.12849748134613037,
        6.876810073852539
    ],
    "wp_3": [
        -0.0488312803208828,
        4.8031721115112305
    ],
    "wp_2": [
        0.311739981174469,
        3.1550240516662598
    ],
    "wp_1": [
        0.7357569932937622,
        1.1103265285491943
    ],
    "aim": [
        0.311739981174469,
        3.1550240516662598
    ],
    "target": [
        1.1326176412422786,
        49.55487792875092
    ],
    "desired_speed": 4.4201634407043455,
    "angle": 0.0626992873694032,
    "angle_last": -0.00932604401126138,
    "angle_target": 0.014547937535920302,
    "angle_final": 0.014547937535920302,
    "delta": 0.25,
    "agent": "only_traj",
    "steer_traj": 0.025071954272360874,
    "throttle_traj": 0.75,
    "brake_traj": 0.0,
    "plan": [
        [
            0.7357569932937622,
            1.1103265285491943
        ],
        [
            0.311739981174469,
            3.1550240516662598
        ],
        [
            -0.0488312803208828,
            4.8031721115112305
        ],
        [
            -0.12849748134613037,
            6.876810073852539
        ],
        [
            -0.0804956704378128,
            9.327177047729492
        ],
        [
            -0.12076631188392639,
            12.075957298278809
        ]
    ]
}