{
    "speed": 2.7729945220810035,
    "steer": 0.012618015520274639,
    "throttle": 0.75,
    "brake": 0.0,
    "wp_4": [
        -0.21690627932548523,
        6.444675445556641
    ],
    "wp_3": [
        -0.12161503732204437,
        4.405760765075684
    ],
    "wp_2": [
        -0.05942676216363907,
        2.716801881790161
    ],
    "wp_1": [
        0.021476000547409058,
        1.2640680074691772
    ],
    "aim": [
        -0.05942676216363907,
        2.716801881790161
    ],
    "target": [
        0.37813178437787864,
        50.12244650073412
    ],
    "desired_speed": 4.199793386459351,
    "angle": -0.013923064886643072,
    "angle_last": -0.005040024416087601,
    "angle_target": 0.00480267067017193,
    "angle_final": 0.00480267067017193,
    "delta": 0.25,
    "agent": "only_traj",
    "steer_traj": 0.012618015114196836,
    "throttle_traj": 0.75,
    "brake_traj": 0.0,
    "plan": [
        [
            0.021476000547409058,
            1.2640680074691772
        ],
        [
            -0.05942676216363907,
            2.716801881790161
        ],
        [
            -0.12161503732204437,
            4.405760765075684
        ],
        [
            -0.21690627932548523,
            6.444675445556641
        ],
        [
            -0.15747950971126556,
            8.94636344909668
        ],
        [
            -0.17973268032073975,
            11.757136344909668
        ]
    ]
}