{
    "speed": 2.767717822326735,
    "steer": 0.002805544761940837,
    "throttle": 0.75,
    "brake": 0.0,
    "wp_4": [
        -0.24815130233764648,
        6.8187103271484375
    ],
    "wp_3": [
        -0.13217201828956604,
        4.691080570220947
    ],
    "wp_2": [
        -0.061804551631212234,
        2.8806028366088867
    ],
    "wp_1": [
        0.012719634920358658,
        1.3301351070404053
    ],
    "aim": [
        -0.061804551631212234,
        2.8806028366088867
    ],
    "target": [
        -0.3302418832023768,
        50.128833690453284
    ],
    "desired_speed": 4.384529066085816,
    "angle": -0.013656839290994132,
    "angle_last": -0.004616704469528366,
    "angle_target": -0.004193903102590511,
    "angle_final": -0.004193903102590511,
    "delta": 0.25,
    "agent": "only_traj",
    "steer_traj": 0.00280554482123078,
    "throttle_traj": 0.75,
    "brake_traj": 0.0,
    "plan": [
        [
            0.012719634920358658,
            1.3301351070404053
        ],
        [
            -0.061804551631212234,
            2.8806028366088867
        ],
        [
            -0.13217201828956604,
            4.691080570220947
        ],
        [
            -0.24815130233764648,
            6.8187103271484375
        ],
        [
            -0.19966058433055878,
            9.398122787475586
        ],
        [
            -0.2205934077501297,
            12.284610748291016
        ]
    ]
}