{
    "speed": 2.7635871507377825,
    "steer": 0.013411271385848522,
    "throttle": 0.75,
    "brake": 0.0,
    "wp_4": [
        -0.14031487703323364,
        7.550585746765137
    ],
    "wp_3": [
        -0.0407717227935791,
        5.245341777801514
    ],
    "wp_2": [
        -0.027925772592425346,
        3.2045114040374756
    ],
    "wp_1": [
        0.01715242862701416,
        1.4711403846740723
    ],
    "aim": [
        -0.027925772592425346,
        3.2045114040374756
    ],
    "target": [
        0.24223590775679538,
        49.159333486735015
    ],
    "desired_speed": 4.696296691894531,
    "angle": -0.005547659253401104,
    "angle_last": -0.018002964550864024,
    "angle_target": 0.003136961170915815,
    "angle_final": 0.003136961170915815,
    "delta": 0.25,
    "agent": "only_traj",
    "steer_traj": 0.013411271815532729,
    "throttle_traj": 0.75,
    "brake_traj": 0.0,
    "plan": [
        [
            0.01715242862701416,
            1.4711403846740723
        ],
        [
            -0.027925772592425346,
            3.2045114040374756
        ],
        [
            -0.0407717227935791,
            5.245341777801514
        ],
        [
            -0.14031487703323364,
            7.550585746765137
        ],
        [
            -0.12415914982557297,
            10.24293327331543
        ],
        [
            -0.2080269455909729,
            13.207873344421387
        ]
    ]
}