{
    "speed": 2.803243284260076,
    "steer": 0.00348191917873919,
    "throttle": 0.75,
    "brake": 0.0,
    "wp_4": [
        -0.13196739554405212,
        8.016911506652832
    ],
    "wp_3": [
        -0.029551878571510315,
        5.589929580688477
    ],
    "wp_2": [
        -0.023161394521594048,
        3.4103708267211914
    ],
    "wp_1": [
        0.0076633780263364315,
        1.546708106994629
    ],
    "aim": [
        -0.023161394521594048,
        3.4103708267211914
    ],
    "target": [
        0.8913103318119814,
        49.12201107020618
    ],
    "desired_speed": 4.936316013336182,
    "angle": -0.004323461681162485,
    "angle_last": -0.009441094753280706,
    "angle_target": 0.011550087392566688,
    "angle_final": -0.004323461681162485,
    "delta": 0.25,
    "agent": "only_traj",
    "steer_traj": 0.003481919261633449,
    "throttle_traj": 0.75,
    "brake_traj": 0.0,
    "plan": [
        [
            0.0076633780263364315,
            1.546708106994629
        ],
        [
            -0.023161394521594048,
            3.4103708267211914
        ],
        [
            -0.029551878571510315,
            5.589929580688477
        ],
        [
            -0.13196739554405212,
            8.016911506652832
        ],
        [
            -0.10756097733974457,
            10.827108383178711
        ],
        [
            -0.1529075652360916,
            13.884632110595703
        ]
    ]
}