{
    "speed": 2.8939268543528875,
    "steer": 0.0018802375998347998,
    "throttle": 0.75,
    "brake": 0.0,
    "wp_4": [
        -0.2089630514383316,
        8.005098342895508
    ],
    "wp_3": [
        -0.0912419855594635,
        5.5536956787109375
    ],
    "wp_2": [
        -0.04333627596497536,
        3.3726651668548584
    ],
    "wp_1": [
        -0.0028467902448028326,
        1.5016114711761475
    ],
    "aim": [
        -0.04333627596497536,
        3.3726651668548584
    ],
    "target": [
        0.6730334229044634,
        49.22299333677867
    ],
    "desired_speed": 4.98555555343628,
    "angle": -0.00817963470457013,
    "angle_last": -0.06500984423870733,
    "angle_target": 0.008704055912023927,
    "angle_final": -0.00817963470457013,
    "delta": 0.25,
    "agent": "only_traj",
    "steer_traj": 0.0018802375630544755,
    "throttle_traj": 0.75,
    "brake_traj": 0.0,
    "plan": [
        [
            -0.0028467902448028326,
            1.5016114711761475
        ],
        [
            -0.04333627596497536,
            3.3726651668548584
        ],
        [
            -0.0912419855594635,
            5.5536956787109375
        ],
        [
            -0.2089630514383316,
            8.005098342895508
        ],
        [
            -0.18171760439872742,
            10.884917259216309
        ],
        [
            -0.495352566242218,
            13.945554733276367
        ]
    ]
}