{
    "speed": 3.025651878173391,
    "steer": 0.0018595554865896702,
    "throttle": 0.75,
    "brake": 0.0,
    "wp_4": [
        -0.18788868188858032,
        6.776855945587158
    ],
    "wp_3": [
        -0.08100663125514984,
        4.712483882904053
    ],
    "wp_2": [
        -0.04424713924527168,
        2.918809413909912
    ],
    "wp_1": [
        0.0038778921589255333,
        1.348738193511963
    ],
    "aim": [
        -0.04424713924527168,
        2.918809413909912
    ],
    "target": [
        -0.6846660519552624,
        49.14690066910035
    ],
    "desired_speed": 4.23758864402771,
    "angle": -0.00964994675990154,
    "angle_last": -0.004991302400008176,
    "angle_target": -0.008868183883169945,
    "angle_final": -0.008868183883169945,
    "delta": 0.25,
    "agent": "only_traj",
    "steer_traj": 0.0018595554607506938,
    "throttle_traj": 0.75,
    "brake_traj": 0.0,
    "plan": [
        [
            0.0038778921589255333,
            1.348738193511963
        ],
        [
            -0.04424713924527168,
            2.918809413909912
        ],
        [
            -0.08100663125514984,
            4.712483882904053
        ],
        [
            -0.18788868188858032,
            6.776855945587158
        ],
        [
            -0.1392895132303238,
            9.249537467956543
        ],
        [
            -0.16037067770957947,
            11.938270568847656
        ]
    ]
}