{
    "speed": 3.189902908013096,
    "steer": 0.012432652525603771,
    "throttle": 0.75,
    "brake": 0.0,
    "wp_4": [
        -0.0560157373547554,
        8.929666519165039
    ],
    "wp_3": [
        0.025492221117019653,
        6.3144073486328125
    ],
    "wp_2": [
        0.008693540468811989,
        3.9340436458587646
    ],
    "wp_1": [
        0.022000038996338844,
        1.815850019454956
    ],
    "aim": [
        0.008693540468811989,
        3.9340436458587646
    ],
    "target": [
        0.5979859537988281,
        49.06759379830066
    ],
    "desired_speed": 5.271560382843018,
    "angle": 0.0014068393595058788,
    "angle_last": 0.005002326829591369,
    "angle_target": 0.00775809056437129,
    "angle_final": 0.0014068393595058788,
    "delta": 0.25,
    "agent": "only_traj",
    "steer_traj": 0.012432652984229494,
    "throttle_traj": 0.75,
    "brake_traj": 0.0,
    "plan": [
        [
            0.022000038996338844,
            1.815850019454956
        ],
        [
            0.008693540468811989,
            3.9340436458587646
        ],
        [
            0.025492221117019653,
            6.3144073486328125
        ],
        [
            -0.0560157373547554,
            8.929666519165039
        ],
        [
            -0.02388562634587288,
            11.8672513961792
        ],
        [
            0.0006767085287719965,
            14.993107795715332
        ]
    ]
}