{
    "speed": 3.377783020760799,
    "steer": 0.012258506380021572,
    "throttle": 0.75,
    "brake": 0.0,
    "wp_4": [
        -0.05536811798810959,
        10.477590560913086
    ],
    "wp_3": [
        0.014673082157969475,
        7.33446741104126
    ],
    "wp_2": [
        0.03631114214658737,
        4.438068866729736
    ],
    "wp_1": [
        0.013709243386983871,
        1.9327154159545898
    ],
    "aim": [
        0.013709243386983871,
        1.9327154159545898
    ],
    "target": [
        1.1035442472116404,
        48.354655091086386
    ],
    "desired_speed": 6.208010864257813,
    "angle": 0.004515637905732572,
    "angle_last": 0.025282296840220896,
    "angle_target": 0.014526339907753481,
    "angle_final": 0.004515637905732572,
    "delta": 0.25,
    "agent": "only_traj",
    "steer_traj": 0.012258506386865778,
    "throttle_traj": 0.75,
    "brake_traj": 0.0,
    "plan": [
        [
            0.013709243386983871,
            1.9327154159545898
        ],
        [
            0.03631114214658737,
            4.438068866729736
        ],
        [
            0.014673082157969475,
            7.33446741104126
        ],
        [
            -0.05536811798810959,
            10.477590560913086
        ],
        [
            0.08727825433015823,
            13.885416030883789
        ],
        [
            0.2287546992301941,
            17.445985794067383
        ]
    ]
}