{
    "speed": 3.586475995489379,
    "steer": 0.004255199339240789,
    "throttle": 0.75,
    "brake": 0.0,
    "wp_4": [
        -0.10894262790679932,
        7.510437488555908
    ],
    "wp_3": [
        -0.003369595855474472,
        5.361520290374756
    ],
    "wp_2": [
        -0.05790919438004494,
        3.459702491760254
    ],
    "wp_1": [
        0.004250075668096542,
        1.681452751159668
    ],
    "aim": [
        -0.05790919438004494,
        3.459702491760254
    ],
    "target": [
        -0.128127342019055,
        47.72394538017614
    ],
    "desired_speed": 4.293866920471191,
    "angle": -0.010654819368791972,
    "angle_last": -0.036206481162818896,
    "angle_target": -0.001709167225830805,
    "angle_final": -0.001709167225830805,
    "delta": 0.25,
    "agent": "only_traj",
    "steer_traj": 0.004255199253645729,
    "throttle_traj": 0.75,
    "brake_traj": 0.0,
    "plan": [
        [
            0.004250075668096542,
            1.681452751159668
        ],
        [
            -0.05790919438004494,
            3.459702491760254
        ],
        [
            -0.003369595855474472,
            5.361520290374756
        ],
        [
            -0.10894262790679932,
            7.510437488555908
        ],
        [
            -0.070762999355793,
            9.924144744873047
        ],
        [
            -0.21214216947555542,
            12.407337188720703
        ]
    ]
}