{
    "speed": 3.805488936538879,
    "steer": 0.003838122356683016,
    "throttle": 0.75,
    "brake": 0.0,
    "wp_4": [
        -0.07916334271430969,
        7.809948444366455
    ],
    "wp_3": [
        0.028722364455461502,
        5.820232391357422
    ],
    "wp_2": [
        -0.02235480025410652,
        3.936138153076172
    ],
    "wp_1": [
        0.026748759672045708,
        2.0037834644317627
    ],
    "aim": [
        -0.02235480025410652,
        3.936138153076172
    ],
    "target": [
        1.0135683892894138,
        48.924149434037545
    ],
    "desired_speed": 4.064581680297851,
    "angle": -0.003615550519186053,
    "angle_last": -0.03314390022997595,
    "angle_target": 0.013187053707989225,
    "angle_final": -0.003615550519186053,
    "delta": 0.25,
    "agent": "only_traj",
    "steer_traj": 0.003838122370965194,
    "throttle_traj": 0.75,
    "brake_traj": 0.0,
    "plan": [
        [
            0.026748759672045708,
            2.0037834644317627
        ],
        [
            -0.02235480025410652,
            3.936138153076172
        ],
        [
            0.028722364455461502,
            5.820232391357422
        ],
        [
            -0.07916334271430969,
            7.809948444366455
        ],
        [
            -0.081876739859581,
            9.970759391784668
        ],
        [
            -0.1958540976047516,
            12.158029556274414
        ]
    ]
}