{
    "speed": 4.019077058738836,
    "steer": 0.007106985431164503,
    "throttle": 0.75,
    "brake": 0.0,
    "wp_4": [
        -0.11204211413860321,
        7.59987735748291
    ],
    "wp_3": [
        0.004421759396791458,
        5.504324913024902
    ],
    "wp_2": [
        -0.06065632775425911,
        3.646738052368164
    ],
    "wp_1": [
        0.02424875646829605,
        1.8183698654174805
    ],
    "aim": [
        -0.06065632775425911,
        3.646738052368164
    ],
    "target": [
        -0.060243805008018986,
        48.19119979602984
    ],
    "desired_speed": 4.217986774444579,
    "angle": -0.010587959405916624,
    "angle_last": 0.01208166612232803,
    "angle_target": -0.0007958377798170114,
    "angle_final": -0.0007958377798170114,
    "delta": 0.19890971570574312,
    "agent": "only_traj",
    "steer_traj": 0.007106985364106375,
    "throttle_traj": 0.75,
    "brake_traj": 0.0,
    "plan": [
        [
            0.02424875646829605,
            1.8183698654174805
        ],
        [
            -0.06065632775425911,
            3.646738052368164
        ],
        [
            0.004421759396791458,
            5.504324913024902
        ],
        [
            -0.11204211413860321,
            7.59987735748291
        ],
        [
            -0.07070255279541016,
            9.900821685791016
        ],
        [
            -0.02409946173429489,
            12.356179237365723
        ]
    ]
}