{
    "speed": 4.2257461958961136,
    "steer": 0.014367952942848206,
    "throttle": 0.75,
    "brake": 0.0,
    "wp_4": [
        -0.026222728192806244,
        9.294973373413086
    ],
    "wp_3": [
        0.07290621101856232,
        6.815889358520508
    ],
    "wp_2": [
        0.02491379715502262,
        4.498069763183594
    ],
    "wp_1": [
        0.04467235878109932,
        2.2047460079193115
    ],
    "aim": [
        0.04467235878109932,
        2.2047460079193115
    ],
    "target": [
        0.5220921575349049,
        47.3181108373508
    ],
    "desired_speed": 4.968003177642822,
    "angle": 0.012897342491209107,
    "angle_last": -0.014251521094729908,
    "angle_target": 0.007023963925222518,
    "angle_final": 0.007023963925222518,
    "delta": 0.25,
    "agent": "only_traj",
    "steer_traj": 0.014367952753568315,
    "throttle_traj": 0.75,
    "brake_traj": 0.0,
    "plan": [
        [
            0.04467235878109932,
            2.2047460079193115
        ],
        [
            0.02491379715502262,
            4.498069763183594
        ],
        [
            0.07290621101856232,
            6.815889358520508
        ],
        [
            -0.026222728192806244,
            9.294973373413086
        ],
        [
            0.024991098791360855,
            11.911579132080078
        ],
        [
            -0.03567318245768547,
            14.621010780334473
        ]
    ]
}