{
    "speed": 4.427646872115199,
    "steer": -0.003685578005388379,
    "throttle": 0.0,
    "brake": 1.0,
    "wp_4": [
        -0.1277788281440735,
        7.425379753112793
    ],
    "wp_3": [
        -0.015426251105964184,
        5.457772254943848
    ],
    "wp_2": [
        -0.04407748952507973,
        3.724116802215576
    ],
    "wp_1": [
        0.021362466737627983,
        1.8741071224212646
    ],
    "aim": [
        -0.04407748952507973,
        3.724116802215576
    ],
    "target": [
        -0.8253635321869539,
        46.923559514943605
    ],
    "desired_speed": 3.908273983001709,
    "angle": -0.007534485391967035,
    "angle_last": 0.042452481721743617,
    "angle_target": -0.011196690324908882,
    "angle_final": -0.007534485391967035,
    "delta": 0.0,
    "agent": "only_traj",
    "steer_traj": -0.0036855780020140904,
    "throttle_traj": 0.0,
    "brake_traj": 1.0,
    "plan": [
        [
            0.021362466737627983,
            1.8741071224212646
        ],
        [
            -0.04407748952507973,
            3.724116802215576
        ],
        [
            -0.015426251105964184,
            5.457772254943848
        ],
        [
            -0.1277788281440735,
            7.425379753112793
        ],
        [
            -0.030836276710033417,
            9.459039688110352
        ],
        [
            0.11435049027204514,
            11.633041381835938
        ]
    ]
}