{
    "speed": 4.5737666617335675,
    "steer": 0.011675223708152771,
    "throttle": 0.0,
    "brake": 1.0,
    "wp_4": [
        -0.06485187262296677,
        6.407402992248535
    ],
    "wp_3": [
        -0.006913021206855774,
        4.519616603851318
    ],
    "wp_2": [
        0.01406196691095829,
        2.8362233638763428
    ],
    "wp_1": [
        0.02291741967201233,
        1.269499659538269
    ],
    "aim": [
        0.01406196691095829,
        2.8362233638763428
    ],
    "target": [
        -0.2505786565211565,
        48.83686478242271
    ],
    "desired_speed": 3.4851239681243893,
    "angle": 0.0031563543699092565,
    "angle_last": 0.09962685689905867,
    "angle_target": -0.003266424413446983,
    "angle_final": 0.0031563543699092565,
    "delta": 0.0,
    "agent": "only_traj",
    "steer_traj": 0.011675223346360227,
    "throttle_traj": 0.0,
    "brake_traj": 1.0,
    "plan": [
        [
            0.02291741967201233,
            1.269499659538269
        ],
        [
            0.01406196691095829,
            2.8362233638763428
        ],
        [
            -0.006913021206855774,
            4.519616603851318
        ],
        [
            -0.06485187262296677,
            6.407402992248535
        ],
        [
            0.014274907298386097,
            8.301092147827148
        ],
        [
            0.2758815884590149,
            9.959100723266602
        ]
    ]
}