{
    "speed": 4.4510830357552065,
    "steer": 0.020392026752233505,
    "throttle": 0.75,
    "brake": 0.0,
    "wp_4": [
        0.07497037202119827,
        9.158512115478516
    ],
    "wp_3": [
        0.10166013240814209,
        6.471288681030273
    ],
    "wp_2": [
        0.05011572688817978,
        4.030903339385986
    ],
    "wp_1": [
        0.03890721872448921,
        1.7871657609939575
    ],
    "aim": [
        0.03890721872448921,
        1.7871657609939575
    ],
    "target": [
        1.024424053518606,
        46.70630362404424
    ],
    "desired_speed": 5.313302993774414,
    "angle": 0.013857211742568234,
    "angle_last": 0.025930861247408992,
    "angle_target": 0.013960943335098692,
    "angle_final": 0.013857211742568234,
    "delta": 0.25,
    "agent": "only_traj",
    "steer_traj": 0.020392026658442537,
    "throttle_traj": 0.75,
    "brake_traj": 0.0,
    "plan": [
        [
            0.03890721872448921,
            1.7871657609939575
        ],
        [
            0.05011572688817978,
            4.030903339385986
        ],
        [
            0.10166013240814209,
            6.471288681030273
        ],
        [
            0.07497037202119827,
            9.158512115478516
        ],
        [
            0.1699935346841812,
            12.063614845275879
        ],
        [
            0.29234129190444946,
            15.065672874450684
        ]
    ]
}