{
    "speed": 4.4118218952578925,
    "steer": 0.0037927660159766674,
    "throttle": 0.75,
    "brake": 0.0,
    "wp_4": [
        0.11604607105255127,
        10.67324447631836
    ],
    "wp_3": [
        0.13082155585289001,
        7.592623710632324
    ],
    "wp_2": [
        0.10218297690153122,
        4.703010559082031
    ],
    "wp_1": [
        0.0259722750633955,
        2.075291395187378
    ],
    "aim": [
        0.0259722750633955,
        2.075291395187378
    ],
    "target": [
        0.174334598892616,
        45.65960574852397
    ],
    "desired_speed": 6.106829738616943,
    "angle": 0.007966856602349238,
    "angle_last": 0.028403693290916722,
    "angle_target": 0.002430689260881781,
    "angle_final": 0.002430689260881781,
    "delta": 0.25,
    "agent": "only_traj",
    "steer_traj": 0.0037927659966280054,
    "throttle_traj": 0.75,
    "brake_traj": 0.0,
    "plan": [
        [
            0.0259722750633955,
            2.075291395187378
        ],
        [
            0.10218297690153122,
            4.703010559082031
        ],
        [
            0.13082155585289001,
            7.592623710632324
        ],
        [
            0.11604607105255127,
            10.67324447631836
        ],
        [
            0.2183157354593277,
            13.981974601745605
        ],
        [
            0.36806708574295044,
            17.336162567138672
        ]
    ]
}