{
    "speed": 4.5485622083420845,
    "steer": 0.00624026358127594,
    "throttle": 0.75,
    "brake": 0.0,
    "wp_4": [
        -0.02491186372935772,
        12.167929649353027
    ],
    "wp_3": [
        0.013308831490576267,
        8.640271186828613
    ],
    "wp_2": [
        0.06895788758993149,
        5.254809856414795
    ],
    "wp_1": [
        0.017626343294978142,
        2.282315731048584
    ],
    "aim": [
        0.017626343294978142,
        2.282315731048584
    ],
    "target": [
        0.07832630879461516,
        45.99003376607492
    ],
    "desired_speed": 6.984974956512451,
    "angle": 0.004916494119021542,
    "angle_last": 0.027399807264906404,
    "angle_target": 0.0010842355306155344,
    "angle_final": 0.0010842355306155344,
    "delta": 0.25,
    "agent": "only_traj",
    "steer_traj": 0.00624026345388096,
    "throttle_traj": 0.75,
    "brake_traj": 0.0,
    "plan": [
        [
            0.017626343294978142,
            2.282315731048584
        ],
        [
            0.06895788758993149,
            5.254809856414795
        ],
        [
            0.013308831490576267,
            8.640271186828613
        ],
        [
            -0.02491186372935772,
            12.167929649353027
        ],
        [
            0.0804096981883049,
            15.951922416687012
        ],
        [
            0.243490070104599,
            19.738670349121094
        ]
    ]
}