{
    "speed": 4.693176228793505,
    "steer": 0.004691776353865862,
    "throttle": 0.75,
    "brake": 0.0,
    "wp_4": [
        -0.055859047919511795,
        12.53462028503418
    ],
    "wp_3": [
        -0.009283145889639854,
        8.966466903686523
    ],
    "wp_2": [
        0.059866949915885925,
        5.496913433074951
    ],
    "wp_1": [
        0.006449881475418806,
        2.4175405502319336
    ],
    "aim": [
        0.006449881475418806,
        2.4175405502319336
    ],
    "target": [
        0.04513588064697194,
        45.93380171197491
    ],
    "desired_speed": 7.071457004547119,
    "angle": 0.0016984884370654235,
    "angle_last": 0.02140790997902655,
    "angle_target": 0.0006255607797284007,
    "angle_final": 0.0006255607797284007,
    "delta": 0.25,
    "agent": "only_traj",
    "steer_traj": 0.004691776355179315,
    "throttle_traj": 0.75,
    "brake_traj": 0.0,
    "plan": [
        [
            0.006449881475418806,
            2.4175405502319336
        ],
        [
            0.059866949915885925,
            5.496913433074951
        ],
        [
            -0.009283145889639854,
            8.966466903686523
        ],
        [
            -0.055859047919511795,
            12.53462028503418
        ],
        [
            0.010343458503484726,
            16.333526611328125
        ],
        [
            0.1367800235748291,
            20.092023849487305
        ]
    ]
}