{
    "speed": 4.860118863675432,
    "steer": 0.005057013127952814,
    "throttle": 0.75,
    "brake": 0.0,
    "wp_4": [
        -0.08787953853607178,
        12.42393970489502
    ],
    "wp_3": [
        -0.02831738442182541,
        8.938036918640137
    ],
    "wp_2": [
        0.0431392677128315,
        5.552690029144287
    ],
    "wp_1": [
        0.00361973000690341,
        2.4875049591064453
    ],
    "aim": [
        0.00361973000690341,
        2.4875049591064453
    ],
    "target": [
        0.20966578669035743,
        45.11387143699661
    ],
    "desired_speed": 6.927430057525634,
    "angle": 0.000926373496890871,
    "angle_last": 0.018005565080470867,
    "angle_target": 0.0029586559557273208,
    "angle_final": 0.000926373496890871,
    "delta": 0.25,
    "agent": "only_traj",
    "steer_traj": 0.005057013044708012,
    "throttle_traj": 0.75,
    "brake_traj": 0.0,
    "plan": [
        [
            0.00361973000690341,
            2.4875049591064453
        ],
        [
            0.0431392677128315,
            5.552690029144287
        ],
        [
            -0.02831738442182541,
            8.938036918640137
        ],
        [
            -0.08787953853607178,
            12.42393970489502
        ],
        [
            -0.025115571916103363,
            16.13468360900879
        ],
        [
            0.07865086942911148,
            19.80256462097168
        ]
    ]
}