{
    "speed": 5.040072027875636,
    "steer": 0.005496366415172815,
    "throttle": 0.0,
    "brake": 0.0,
    "wp_4": [
        -0.10941725224256516,
        12.236823081970215
    ],
    "wp_3": [
        -0.034527409821748734,
        8.773361206054688
    ],
    "wp_2": [
        0.04516221955418587,
        5.432418346405029
    ],
    "wp_1": [
        0.007228277623653412,
        2.419936418533325
    ],
    "aim": [
        0.007228277623653412,
        2.419936418533325
    ],
    "target": [
        0.3087923865480986,
        45.53127413742642
    ],
    "desired_speed": 6.896300792694092,
    "angle": 0.001901572728387136,
    "angle_last": 0.019108640631427923,
    "angle_target": 0.0043174791101238084,
    "angle_final": 0.001901572728387136,
    "delta": 0.25,
    "agent": "only_traj",
    "steer_traj": 0.005496366349663224,
    "throttle_traj": 0.0,
    "brake_traj": 0.0,
    "plan": [
        [
            0.007228277623653412,
            2.419936418533325
        ],
        [
            0.04516221955418587,
            5.432418346405029
        ],
        [
            -0.034527409821748734,
            8.773361206054688
        ],
        [
            -0.10941725224256516,
            12.236823081970215
        ],
        [
            -0.05041776970028877,
            15.951408386230469
        ],
        [
            0.0608283095061779,
            19.656551361083984
        ]
    ]
}