{
    "speed": 5.195072425197292,
    "steer": 0.003299129894003272,
    "throttle": 0.0,
    "brake": 0.0,
    "wp_4": [
        -0.10986066609621048,
        12.733291625976562
    ],
    "wp_3": [
        -0.05020295828580856,
        9.219171524047852
    ],
    "wp_2": [
        0.03252151980996132,
        5.7855119705200195
    ],
    "wp_1": [
        0.0018786609871312976,
        2.636470079421997
    ],
    "aim": [
        0.0018786609871312976,
        2.636470079421997
    ],
    "target": [
        -0.2623485129693323,
        45.6749709803681
    ],
    "desired_speed": 6.999169158935547,
    "angle": 0.0004536485153352106,
    "angle_last": 0.01865701334530853,
    "angle_target": -0.003656585003985318,
    "angle_final": 0.0004536485153352106,
    "delta": 0.25,
    "agent": "only_traj",
    "steer_traj": 0.0032991298419519427,
    "throttle_traj": 0.0,
    "brake_traj": 0.0,
    "plan": [
        [
            0.0018786609871312976,
            2.636470079421997
        ],
        [
            0.03252151980996132,
            5.7855119705200195
        ],
        [
            -0.05020295828580856,
            9.219171524047852
        ],
        [
            -0.10986066609621048,
            12.733291625976562
        ],
        [
            -0.054279033094644547,
            16.454875946044922
        ],
        [
            0.053478267043828964,
            20.130746841430664
        ]
    ]
}