{
    "speed": 5.1180744309470185,
    "steer": 0.003123404923826456,
    "throttle": 0.0,
    "brake": 0.0,
    "wp_4": [
        -0.10750582814216614,
        11.409382820129395
    ],
    "wp_3": [
        -0.011195778846740723,
        8.102508544921875
    ],
    "wp_2": [
        0.05253450572490692,
        4.948545455932617
    ],
    "wp_1": [
        0.0012356701772660017,
        2.1694467067718506
    ],
    "aim": [
        0.0012356701772660017,
        2.1694467067718506
    ],
    "target": [
        -0.3008850440711023,
        45.633040284021156
    ],
    "desired_speed": 6.584750080108642,
    "angle": 0.00036257932640170734,
    "angle_last": 0.009972807270591204,
    "angle_target": -0.004197541764871775,
    "angle_final": 0.00036257932640170734,
    "delta": 0.25,
    "agent": "only_traj",
    "steer_traj": 0.0031234049601955097,
    "throttle_traj": 0.0,
    "brake_traj": 0.0,
    "plan": [
        [
            0.0012356701772660017,
            2.1694467067718506
        ],
        [
            0.05253450572490692,
            4.948545455932617
        ],
        [
            -0.011195778846740723,
            8.102508544921875
        ],
        [
            -0.10750582814216614,
            11.409382820129395
        ],
        [
            -0.05579986795783043,
            14.991918563842773
        ],
        [
            0.0011645853519439697,
            18.62798309326172
        ]
    ]
}