{
    "speed": 4.99348886873846,
    "steer": 0.008379067294299603,
    "throttle": 0.75,
    "brake": 0.0,
    "wp_4": [
        0.011570323258638382,
        11.378217697143555
    ],
    "wp_3": [
        0.05046066641807556,
        8.060202598571777
    ],
    "wp_2": [
        0.09236615151166916,
        4.913432598114014
    ],
    "wp_1": [
        0.01842053048312664,
        2.133852005004883
    ],
    "aim": [
        0.01842053048312664,
        2.133852005004883
    ],
    "target": [
        0.6011383698071252,
        44.82979108384499
    ],
    "desired_speed": 6.6052667617797844,
    "angle": 0.005495466487666289,
    "angle_last": 0.02183115403459501,
    "angle_target": 0.00853614589155276,
    "angle_final": 0.005495466487666289,
    "delta": 0.25,
    "agent": "only_traj",
    "steer_traj": 0.008379066995633604,
    "throttle_traj": 0.75,
    "brake_traj": 0.0,
    "plan": [
        [
            0.01842053048312664,
            2.133852005004883
        ],
        [
            0.09236615151166916,
            4.913432598114014
        ],
        [
            0.05046066641807556,
            8.060202598571777
        ],
        [
            0.011570323258638382,
            11.378217697143555
        ],
        [
            0.0955791100859642,
            14.971811294555664
        ],
        [
            0.22150075435638428,
            18.64238739013672
        ]
    ]
}