{
    "speed": 4.9211006865177644,
    "steer": -0.0006093641859479249,
    "throttle": 0.75,
    "brake": 0.0,
    "wp_4": [
        -0.03122011572122574,
        11.680976867675781
    ],
    "wp_3": [
        0.022014934569597244,
        8.296895980834961
    ],
    "wp_2": [
        0.07990830391645432,
        5.0649733543396
    ],
    "wp_1": [
        0.01706867106258869,
        2.2205686569213867
    ],
    "aim": [
        0.01706867106258869,
        2.2205686569213867
    ],
    "target": [
        -0.0780746997402631,
        44.29167425554917
    ],
    "desired_speed": 6.719781208038331,
    "angle": 0.004893347366834277,
    "angle_last": 0.017222445946633518,
    "angle_target": -0.0011221938870224848,
    "angle_final": -0.0011221938870224848,
    "delta": 0.25,
    "agent": "only_traj",
    "steer_traj": -0.0006093641849296253,
    "throttle_traj": 0.75,
    "brake_traj": 0.0,
    "plan": [
        [
            0.01706867106258869,
            2.2205686569213867
        ],
        [
            0.07990830391645432,
            5.0649733543396
        ],
        [
            0.022014934569597244,
            8.296895980834961
        ],
        [
            -0.03122011572122574,
            11.680976867675781
        ],
        [
            0.05226176977157593,
            15.323803901672363
        ],
        [
            0.15217339992523193,
            19.016082763671875
        ]
    ]
}