{
    "speed": 4.862249982865516,
    "steer": 0.006473017856478691,
    "throttle": 0.75,
    "brake": 0.0,
    "wp_4": [
        -0.04546289145946503,
        10.76138687133789
    ],
    "wp_3": [
        0.027171427384018898,
        7.610508441925049
    ],
    "wp_2": [
        0.05776436999440193,
        4.648843288421631
    ],
    "wp_1": [
        0.012036957778036594,
        2.0383265018463135
    ],
    "aim": [
        0.012036957778036594,
        2.0383265018463135
    ],
    "target": [
        -0.2845669925962704,
        44.734848536243625
    ],
    "desired_speed": 6.253446483612061,
    "angle": 0.003759384182630604,
    "angle_last": 0.014916118736892544,
    "angle_target": -0.004049606436392333,
    "angle_final": 0.003759384182630604,
    "delta": 0.25,
    "agent": "only_traj",
    "steer_traj": 0.006473017990296563,
    "throttle_traj": 0.75,
    "brake_traj": 0.0,
    "plan": [
        [
            0.012036957778036594,
            2.0383265018463135
        ],
        [
            0.05776436999440193,
            4.648843288421631
        ],
        [
            0.027171427384018898,
            7.610508441925049
        ],
        [
            -0.04546289145946503,
            10.76138687133789
        ],
        [
            0.03605419397354126,
            14.186211585998535
        ],
        [
            0.11766263842582703,
            17.668621063232422
        ]
    ]
}