{
    "speed": 4.884076353228033,
    "steer": 0.0031127696856856346,
    "throttle": 0.75,
    "brake": 0.0,
    "wp_4": [
        -0.06052156165242195,
        11.528206825256348
    ],
    "wp_3": [
        0.022620702162384987,
        8.232451438903809
    ],
    "wp_2": [
        0.0662282407283783,
        5.062827110290527
    ],
    "wp_1": [
        0.006956345867365599,
        2.2361721992492676
    ],
    "aim": [
        0.006956345867365599,
        2.2361721992492676
    ],
    "target": [
        0.23493683107620378,
        43.76422825890717
    ],
    "desired_speed": 6.5541784286499025,
    "angle": 0.0019804234678053945,
    "angle_last": 0.009657631985890505,
    "angle_target": 0.003417494176649324,
    "angle_final": 0.0019804234678053945,
    "delta": 0.25,
    "agent": "only_traj",
    "steer_traj": 0.0031127696925925827,
    "throttle_traj": 0.75,
    "brake_traj": 0.0,
    "plan": [
        [
            0.006956345867365599,
            2.2361721992492676
        ],
        [
            0.0662282407283783,
            5.062827110290527
        ],
        [
            0.022620702162384987,
            8.232451438903809
        ],
        [
            -0.06052156165242195,
            11.528206825256348
        ],
        [
            -0.002457916736602783,
            15.065183639526367
        ],
        [
            0.05145483836531639,
            18.618762969970703
        ]
    ]
}