{
    "speed": 4.981110043833698,
    "steer": 0.0055631850846111774,
    "throttle": 0.75,
    "brake": 0.0,
    "wp_4": [
        -0.06390306353569031,
        12.058650970458984
    ],
    "wp_3": [
        -0.0015986068174242973,
        8.676743507385254
    ],
    "wp_2": [
        0.05029851198196411,
        5.396273136138916
    ],
    "wp_1": [
        0.015167506411671638,
        2.429203510284424
    ],
    "aim": [
        0.015167506411671638,
        2.429203510284424
    ],
    "target": [
        0.5348290800181656,
        43.05292041328574
    ],
    "desired_speed": 6.726094055175781,
    "angle": 0.003974914596439895,
    "angle_last": 0.017883304694327636,
    "angle_target": 0.007908064098612598,
    "angle_final": 0.003974914596439895,
    "delta": 0.25,
    "agent": "only_traj",
    "steer_traj": 0.005563185162126358,
    "throttle_traj": 0.75,
    "brake_traj": 0.0,
    "plan": [
        [
            0.015167506411671638,
            2.429203510284424
        ],
        [
            0.05029851198196411,
            5.396273136138916
        ],
        [
            -0.0015986068174242973,
            8.676743507385254
        ],
        [
            -0.06390306353569031,
            12.058650970458984
        ],
        [
            0.017649181187152863,
            15.674359321594238
        ],
        [
            0.11786393076181412,
            19.24091911315918
        ]
    ]
}