{
    "speed": 5.056242160469293,
    "steer": -0.002097060438245535,
    "throttle": 0.0,
    "brake": 0.0,
    "wp_4": [
        -0.06789184361696243,
        10.261905670166016
    ],
    "wp_3": [
        0.007955657318234444,
        7.1974663734436035
    ],
    "wp_2": [
        0.020519673824310303,
        4.394786357879639
    ],
    "wp_1": [
        0.01726628467440605,
        1.913512110710144
    ],
    "aim": [
        0.01726628467440605,
        1.913512110710144
    ],
    "target": [
        -0.11899330826657939,
        42.66241059327561
    ],
    "desired_speed": 6.023890018463135,
    "angle": 0.005744313046427088,
    "angle_last": 0.018248188577987875,
    "angle_target": -0.0017756450075556494,
    "angle_final": -0.0017756450075556494,
    "delta": 0.25,
    "agent": "only_traj",
    "steer_traj": -0.00209706039957284,
    "throttle_traj": 0.0,
    "brake_traj": 0.0,
    "plan": [
        [
            0.01726628467440605,
            1.913512110710144
        ],
        [
            0.020519673824310303,
            4.394786357879639
        ],
        [
            0.007955657318234444,
            7.1974663734436035
        ],
        [
            -0.06789184361696243,
            10.261905670166016
        ],
        [
            0.0498928427696228,
            13.585673332214355
        ],
        [
            0.14689376950263977,
            16.968791961669922
        ]
    ]
}