{
    "speed": 4.970244181008975,
    "steer": 0.00029273686232045293,
    "throttle": 0.75,
    "brake": 0.0,
    "wp_4": [
        -0.2259853482246399,
        9.349427223205566
    ],
    "wp_3": [
        -0.09604918211698532,
        6.571767807006836
    ],
    "wp_2": [
        -0.0725211352109909,
        4.094581604003906
    ],
    "wp_1": [
        -0.004047256428748369,
        1.8426387310028076
    ],
    "aim": [
        -0.004047256428748369,
        1.8426387310028076
    ],
    "target": [
        -0.2118287555647417,
        44.03351836567932
    ],
    "desired_speed": 5.471551418304443,
    "angle": -0.0013982434416275797,
    "angle_last": 0.019780124117830956,
    "angle_target": -0.003062515531265382,
    "angle_final": -0.0013982434416275797,
    "delta": 0.25,
    "agent": "only_traj",
    "steer_traj": 0.0002927368697804574,
    "throttle_traj": 0.75,
    "brake_traj": 0.0,
    "plan": [
        [
            -0.004047256428748369,
            1.8426387310028076
        ],
        [
            -0.0725211352109909,
            4.094581604003906
        ],
        [
            -0.09604918211698532,
            6.571767807006836
        ],
        [
            -0.2259853482246399,
            9.349427223205566
        ],
        [
            -0.12165156751871109,
            12.381305694580078
        ],
        [
            -0.02428511530160904,
            15.514019966125488
        ]
    ]
}