{
    "speed": 4.912086180778246,
    "steer": 0.007087354082614183,
    "throttle": 0.75,
    "brake": 0.0,
    "wp_4": [
        -0.05023183673620224,
        11.221370697021484
    ],
    "wp_3": [
        0.0379495695233345,
        7.956774711608887
    ],
    "wp_2": [
        0.06653702259063721,
        4.885082244873047
    ],
    "wp_1": [
        0.02638740837574005,
        2.124310255050659
    ],
    "aim": [
        0.02638740837574005,
        2.124310255050659
    ],
    "target": [
        0.3546309583484348,
        43.003360376637204
    ],
    "desired_speed": 6.4722926139831545,
    "angle": 0.007907433956570127,
    "angle_last": 0.00830745536896054,
    "angle_target": 0.005249821418639633,
    "angle_final": 0.005249821418639633,
    "delta": 0.25,
    "agent": "only_traj",
    "steer_traj": 0.0070873543008922,
    "throttle_traj": 0.75,
    "brake_traj": 0.0,
    "plan": [
        [
            0.02638740837574005,
            2.124310255050659
        ],
        [
            0.06653702259063721,
            4.885082244873047
        ],
        [
            0.0379495695233345,
            7.956774711608887
        ],
        [
            -0.05023183673620224,
            11.221370697021484
        ],
        [
            -0.011938486248254776,
            14.737950325012207
        ],
        [
            0.03458445519208908,
            18.302913665771484
        ]
    ]
}