{
    "speed": 4.861995095653452,
    "steer": 0.005148571915924549,
    "throttle": 0.75,
    "brake": 0.0,
    "wp_4": [
        -0.048209477216005325,
        11.427552223205566
    ],
    "wp_3": [
        0.02540716901421547,
        8.069280624389648
    ],
    "wp_2": [
        0.05906888470053673,
        4.899770736694336
    ],
    "wp_1": [
        0.017805857583880424,
        2.1154541969299316
    ],
    "aim": [
        0.017805857583880424,
        2.1154541969299316
    ],
    "target": [
        0.5535728823568076,
        42.83086948222769
    ],
    "desired_speed": 6.610337448120117,
    "angle": 0.005358331467330589,
    "angle_last": 0.009781941428784736,
    "angle_target": 0.008227613060298797,
    "angle_final": 0.005358331467330589,
    "delta": 0.25,
    "agent": "only_traj",
    "steer_traj": 0.0051485721299218785,
    "throttle_traj": 0.75,
    "brake_traj": 0.0,
    "plan": [
        [
            0.017805857583880424,
            2.1154541969299316
        ],
        [
            0.05906888470053673,
            4.899770736694336
        ],
        [
            0.02540716901421547,
            8.069280624389648
        ],
        [
            -0.048209477216005325,
            11.427552223205566
        ],
        [
            0.033120546489953995,
            15.023632049560547
        ],
        [
            0.08867153525352478,
            18.638660430908203
        ]
    ]
}