{
    "speed": 4.889041927157837,
    "steer": 0.006658474449068308,
    "throttle": 0.75,
    "brake": 0.0,
    "wp_4": [
        0.003610836109146476,
        12.254698753356934
    ],
    "wp_3": [
        0.03930903226137161,
        8.793970108032227
    ],
    "wp_2": [
        0.07990487664937973,
        5.428594589233398
    ],
    "wp_1": [
        0.02528543211519718,
        2.4184441566467285
    ],
    "aim": [
        0.02528543211519718,
        2.4184441566467285
    ],
    "target": [
        -0.49031620129216213,
        41.56875931036211
    ],
    "desired_speed": 6.899771976470948,
    "angle": 0.006655763845669901,
    "angle_last": 0.015563468888228196,
    "angle_target": -0.0075087762704031105,
    "angle_final": 0.006655763845669901,
    "delta": 0.25,
    "agent": "only_traj",
    "steer_traj": 0.006658474347607553,
    "throttle_traj": 0.75,
    "brake_traj": 0.0,
    "plan": [
        [
            0.02528543211519718,
            2.4184441566467285
        ],
        [
            0.07990487664937973,
            5.428594589233398
        ],
        [
            0.03930903226137161,
            8.793970108032227
        ],
        [
            0.003610836109146476,
            12.254698753356934
        ],
        [
            0.06987621635198593,
            15.974810600280762
        ],
        [
            0.1601145714521408,
            19.66525650024414
        ]
    ]
}