{
    "speed": 4.989022429767112,
    "steer": 0.006565316114574671,
    "throttle": 0.75,
    "brake": 0.0,
    "wp_4": [
        -0.07068908959627151,
        10.911857604980469
    ],
    "wp_3": [
        0.016484173014760017,
        7.819130897521973
    ],
    "wp_2": [
        0.03888692334294319,
        4.878313064575195
    ],
    "wp_1": [
        0.02444540150463581,
        2.208599090576172
    ],
    "aim": [
        0.02444540150463581,
        2.208599090576172
    ],
    "target": [
        0.47713649113620626,
        41.749699724036304
    ],
    "desired_speed": 6.1215287208557125,
    "angle": 0.007045995320249962,
    "angle_last": 0.006114661081423335,
    "angle_target": 0.007275293065465252,
    "angle_final": 0.007045995320249962,
    "delta": 0.25,
    "agent": "only_traj",
    "steer_traj": 0.006565315895833744,
    "throttle_traj": 0.75,
    "brake_traj": 0.0,
    "plan": [
        [
            0.02444540150463581,
            2.208599090576172
        ],
        [
            0.03888692334294319,
            4.878313064575195
        ],
        [
            0.016484173014760017,
            7.819130897521973
        ],
        [
            -0.07068908959627151,
            10.911857604980469
        ],
        [
            -0.011248606257140636,
            14.22603988647461
        ],
        [
            0.0202981885522604,
            17.51038360595703
        ]
    ]
}