{
    "speed": 5.130271669343957,
    "steer": 0.004957129713147879,
    "throttle": 0.0,
    "brake": 0.0,
    "wp_4": [
        -0.1690593957901001,
        10.577136039733887
    ],
    "wp_3": [
        -0.04596885293722153,
        7.714358806610107
    ],
    "wp_2": [
        -0.008888645097613335,
        4.9804816246032715
    ],
    "wp_1": [
        0.02046186663210392,
        2.3844730854034424
    ],
    "aim": [
        0.02046186663210392,
        2.3844730854034424
    ],
    "target": [
        -1.06605794025876,
        41.73005984468838
    ],
    "desired_speed": 5.74486780166626,
    "angle": 0.005462909252622562,
    "angle_last": -0.0003980760741653794,
    "angle_target": -0.01625988517211551,
    "angle_final": 0.005462909252622562,
    "delta": 0.25,
    "agent": "only_traj",
    "steer_traj": 0.0049571298953135405,
    "throttle_traj": 0.0,
    "brake_traj": 0.0,
    "plan": [
        [
            0.02046186663210392,
            2.3844730854034424
        ],
        [
            -0.008888645097613335,
            4.9804816246032715
        ],
        [
            -0.04596885293722153,
            7.714358806610107
        ],
        [
            -0.1690593957901001,
            10.577136039733887
        ],
        [
            -0.1218479797244072,
            13.669943809509277
        ],
        [
            -0.12376981228590012,
            16.74321937561035
        ]
    ]
}