{
    "speed": 5.191755193227422,
    "steer": -0.003446695627644658,
    "throttle": 0.0,
    "brake": 0.0,
    "wp_4": [
        -0.09052025526762009,
        11.386699676513672
    ],
    "wp_3": [
        -0.004196701571345329,
        8.136940002441406
    ],
    "wp_2": [
        0.03797559067606926,
        5.050849914550781
    ],
    "wp_1": [
        0.023588696494698524,
        2.256403923034668
    ],
    "aim": [
        0.023588696494698524,
        2.256403923034668
    ],
    "target": [
        -0.1752706973385118,
        41.55208023651189
    ],
    "desired_speed": 6.407401657104492,
    "angle": 0.0066550808267528995,
    "angle_last": 0.010388917573026537,
    "angle_target": -0.002685307908849687,
    "angle_final": -0.002685307908849687,
    "delta": 0.25,
    "agent": "only_traj",
    "steer_traj": -0.003446695656033537,
    "throttle_traj": 0.0,
    "brake_traj": 0.0,
    "plan": [
        [
            0.023588696494698524,
            2.256403923034668
        ],
        [
            0.03797559067606926,
            5.050849914550781
        ],
        [
            -0.004196701571345329,
            8.136940002441406
        ],
        [
            -0.09052025526762009,
            11.386699676513672
        ],
        [
            -0.004809871315956116,
            14.851277351379395
        ],
        [
            0.05101613327860832,
            18.271921157836914
        ]
    ]
}