{
    "speed": 5.084739785538351,
    "steer": 0.00638784421607852,
    "throttle": 0.0,
    "brake": 0.0,
    "wp_4": [
        -0.09174595773220062,
        10.998414993286133
    ],
    "wp_3": [
        9.968812082661316e-05,
        7.820420742034912
    ],
    "wp_2": [
        0.03940858319401741,
        4.823101997375488
    ],
    "wp_1": [
        0.01454656757414341,
        2.1320416927337646
    ],
    "aim": [
        0.01454656757414341,
        2.1320416927337646
    ],
    "target": [
        -0.5575720537777815,
        41.35972008527485
    ],
    "desired_speed": 6.355154800415038,
    "angle": 0.00434351713864825,
    "angle_last": 0.004724262239381072,
    "angle_target": -0.008581776960521348,
    "angle_final": 0.00434351713864825,
    "delta": 0.25,
    "agent": "only_traj",
    "steer_traj": 0.006387844061221322,
    "throttle_traj": 0.0,
    "brake_traj": 0.0,
    "plan": [
        [
            0.01454656757414341,
            2.1320416927337646
        ],
        [
            0.03940858319401741,
            4.823101997375488
        ],
        [
            9.968812082661316e-05,
            7.820420742034912
        ],
        [
            -0.09174595773220062,
            10.998414993286133
        ],
        [
            -0.06275233626365662,
            14.478670120239258
        ],
        [
            -0.03648680821061134,
            18.01801109313965
        ]
    ]
}