{
    "speed": 4.98724503995729,
    "steer": 0.0068697091192007065,
    "throttle": 0.75,
    "brake": 0.0,
    "wp_4": [
        -0.05017002671957016,
        10.507797241210938
    ],
    "wp_3": [
        0.02482079342007637,
        7.52455997467041
    ],
    "wp_2": [
        0.026349980384111404,
        4.717548370361328
    ],
    "wp_1": [
        0.022594667971134186,
        2.1229114532470703
    ],
    "aim": [
        0.022594667971134186,
        2.1229114532470703
    ],
    "target": [
        -1.3310071418769716,
        40.922589452314945
    ],
    "desired_speed": 5.994766426086426,
    "angle": 0.0067754439381266796,
    "angle_last": 0.004691629113346567,
    "angle_target": -0.020698760004994713,
    "angle_final": 0.0067754439381266796,
    "delta": 0.25,
    "agent": "only_traj",
    "steer_traj": 0.006869709185198443,
    "throttle_traj": 0.75,
    "brake_traj": 0.0,
    "plan": [
        [
            0.022594667971134186,
            2.1229114532470703
        ],
        [
            0.026349980384111404,
            4.717548370361328
        ],
        [
            0.02482079342007637,
            7.52455997467041
        ],
        [
            -0.05017002671957016,
            10.507797241210938
        ],
        [
            -0.04379798844456673,
            13.792277336120605
        ],
        [
            -0.019356034696102142,
            17.10878562927246
        ]
    ]
}