{
    "speed": 4.926746078783703,
    "steer": 0.0023098476231098175,
    "throttle": 0.75,
    "brake": 0.0,
    "wp_4": [
        -0.08685186505317688,
        11.063326835632324
    ],
    "wp_3": [
        -0.0016362299211323261,
        7.916190147399902
    ],
    "wp_2": [
        0.035647399723529816,
        4.926484107971191
    ],
    "wp_1": [
        0.010250432416796684,
        2.1758346557617188
    ],
    "aim": [
        0.010250432416796684,
        2.1758346557617188
    ],
    "target": [
        -0.5743885587305797,
        40.37061320523879
    ],
    "desired_speed": 6.352063465118409,
    "angle": 0.0029991082370174073,
    "angle_last": 8.580488303463507e-05,
    "angle_target": -0.009057143628430091,
    "angle_final": 0.0029991082370174073,
    "delta": 0.25,
    "agent": "only_traj",
    "steer_traj": 0.0023098476218078277,
    "throttle_traj": 0.75,
    "brake_traj": 0.0,
    "plan": [
        [
            0.010250432416796684,
            2.1758346557617188
        ],
        [
            0.035647399723529816,
            4.926484107971191
        ],
        [
            -0.0016362299211323261,
            7.916190147399902
        ],
        [
            -0.08685186505317688,
            11.063326835632324
        ],
        [
            -0.11273171007633209,
            14.538505554199219
        ],
        [
            -0.11225773394107819,
            18.054393768310547
        ]
    ]
}