{
    "speed": 4.8756826935278434,
    "steer": 0.0009758441592566669,
    "throttle": 0.75,
    "brake": 0.0,
    "wp_4": [
        -0.12566283345222473,
        10.404862403869629
    ],
    "wp_3": [
        -0.015173852443695068,
        7.470588207244873
    ],
    "wp_2": [
        -0.015227582305669785,
        4.706084728240967
    ],
    "wp_1": [
        0.00231359270401299,
        2.1244101524353027
    ],
    "aim": [
        0.00231359270401299,
        2.1244101524353027
    ],
    "target": [
        -1.135137311901125,
        41.17083234997538
    ],
    "desired_speed": 5.872220802307129,
    "angle": 0.0006933122642118803,
    "angle_last": -0.006988070258366016,
    "angle_target": -0.01754805001472757,
    "angle_final": 0.0006933122642118803,
    "delta": 0.25,
    "agent": "only_traj",
    "steer_traj": 0.0009758441436941071,
    "throttle_traj": 0.75,
    "brake_traj": 0.0,
    "plan": [
        [
            0.00231359270401299,
            2.1244101524353027
        ],
        [
            -0.015227582305669785,
            4.706084728240967
        ],
        [
            -0.015173852443695068,
            7.470588207244873
        ],
        [
            -0.12566283345222473,
            10.404862403869629
        ],
        [
            -0.14421194791793823,
            13.617959976196289
        ],
        [
            -0.1791706383228302,
            16.80257797241211
        ]
    ]
}