{
    "speed": 4.901994153600311,
    "steer": -0.0008478623349219561,
    "throttle": 0.75,
    "brake": 0.0,
    "wp_4": [
        -0.17527107894420624,
        11.119133949279785
    ],
    "wp_3": [
        -0.05205448344349861,
        8.019264221191406
    ],
    "wp_2": [
        -0.006413803901523352,
        5.038525104522705
    ],
    "wp_1": [
        -0.009100981056690216,
        2.252657651901245
    ],
    "aim": [
        -0.009100981056690216,
        2.252657651901245
    ],
    "target": [
        -0.10818076819927147,
        39.39169008639799
    ],
    "desired_speed": 6.321420288085937,
    "angle": -0.002571973504998882,
    "angle_last": -0.013765818753751224,
    "angle_target": -0.0017483342992986924,
    "angle_final": -0.0017483342992986924,
    "delta": 0.25,
    "agent": "only_traj",
    "steer_traj": -0.0008478623177403901,
    "throttle_traj": 0.75,
    "brake_traj": 0.0,
    "plan": [
        [
            -0.009100981056690216,
            2.252657651901245
        ],
        [
            -0.006413803901523352,
            5.038525104522705
        ],
        [
            -0.05205448344349861,
            8.019264221191406
        ],
        [
            -0.17527107894420624,
            11.119133949279785
        ],
        [
            -0.2516888380050659,
            14.566448211669922
        ],
        [
            -0.32706424593925476,
            18.051748275756836
        ]
    ]
}