{
    "speed": 5.00159898662309,
    "steer": 0.0010400424944236875,
    "throttle": 0.0,
    "brake": 0.0,
    "wp_4": [
        -0.46488136053085327,
        11.219501495361328
    ],
    "wp_3": [
        -0.2652794420719147,
        8.090106964111328
    ],
    "wp_2": [
        -0.13291291892528534,
        5.129758358001709
    ],
    "wp_1": [
        -0.054234787821769714,
        2.356900691986084
    ],
    "aim": [
        -0.054234787821769714,
        2.356900691986084
    ],
    "target": [
        -0.04833028331661304,
        39.44221050087391
    ],
    "desired_speed": 6.3320084571838375,
    "angle": -0.014646685483710536,
    "angle_last": -0.029798701247476043,
    "angle_target": -0.0007800779462842706,
    "angle_final": -0.0007800779462842706,
    "delta": 0.25,
    "agent": "only_traj",
    "steer_traj": 0.0010400425111957846,
    "throttle_traj": 0.0,
    "brake_traj": 0.0,
    "plan": [
        [
            -0.054234787821769714,
            2.356900691986084
        ],
        [
            -0.13291291892528534,
            5.129758358001709
        ],
        [
            -0.2652794420719147,
            8.090106964111328
        ],
        [
            -0.46488136053085327,
            11.219501495361328
        ],
        [
            -0.5340660810470581,
            14.671075820922852
        ],
        [
            -0.6980540156364441,
            18.17195701599121
        ]
    ]
}