{
    "speed": 5.112978148679732,
    "steer": -0.0026914053596556187,
    "throttle": 0.0,
    "brake": 0.0,
    "wp_4": [
        -0.348034143447876,
        10.654818534851074
    ],
    "wp_3": [
        -0.16946902871131897,
        7.735238075256348
    ],
    "wp_2": [
        -0.10881399363279343,
        4.993690490722656
    ],
    "wp_1": [
        -0.025625618174672127,
        2.3397722244262695
    ],
    "aim": [
        -0.025625618174672127,
        2.3397722244262695
    ],
    "target": [
        -0.26024808449201525,
        40.00310986711817
    ],
    "desired_speed": 5.933600044250488,
    "angle": -0.0069720572593118734,
    "angle_last": -0.019182082874580557,
    "angle_target": -0.004141596478699492,
    "angle_final": -0.004141596478699492,
    "delta": 0.25,
    "agent": "only_traj",
    "steer_traj": -0.0026914053399107038,
    "throttle_traj": 0.0,
    "brake_traj": 0.0,
    "plan": [
        [
            -0.025625618174672127,
            2.3397722244262695
        ],
        [
            -0.10881399363279343,
            4.993690490722656
        ],
        [
            -0.16946902871131897,
            7.735238075256348
        ],
        [
            -0.348034143447876,
            10.654818534851074
        ],
        [
            -0.4229844808578491,
            13.885293960571289
        ],
        [
            -0.5218052864074707,
            17.163984298706055
        ]
    ]
}