{
    "speed": 4.9977819549417255,
    "steer": 0.0007478405605070293,
    "throttle": 0.75,
    "brake": 0.0,
    "wp_4": [
        -0.26881736516952515,
        11.38196849822998
    ],
    "wp_3": [
        -0.12963339686393738,
        8.187457084655762
    ],
    "wp_2": [
        -0.06410712748765945,
        5.151371002197266
    ],
    "wp_1": [
        -0.028980419039726257,
        2.319192409515381
    ],
    "aim": [
        -0.028980419039726257,
        2.319192409515381
    ],
    "target": [
        -0.10728644501398338,
        38.591518715093635
    ],
    "desired_speed": 6.450502777099609,
    "angle": -0.007954693807904376,
    "angle_last": -0.009267152602417714,
    "angle_target": -0.001769831779612157,
    "angle_final": -0.001769831779612157,
    "delta": 0.25,
    "agent": "only_traj",
    "steer_traj": 0.0007478405699971017,
    "throttle_traj": 0.75,
    "brake_traj": 0.0,
    "plan": [
        [
            -0.028980419039726257,
            2.319192409515381
        ],
        [
            -0.06410712748765945,
            5.151371002197266
        ],
        [
            -0.12963339686393738,
            8.187457084655762
        ],
        [
            -0.26881736516952515,
            11.38196849822998
        ],
        [
            -0.2671999931335449,
            14.884151458740234
        ],
        [
            -0.3189818859100342,
            18.441116333007812
        ]
    ]
}