{
    "speed": 4.969066720375826,
    "steer": -0.0029046570416539907,
    "throttle": 0.75,
    "brake": 0.0,
    "wp_4": [
        -0.23242908716201782,
        10.076780319213867
    ],
    "wp_3": [
        -0.07922225445508957,
        7.203287124633789
    ],
    "wp_2": [
        -0.07290324568748474,
        4.5558366775512695
    ],
    "wp_1": [
        -0.014397379010915756,
        2.07769775390625
    ],
    "aim": [
        -0.014397379010915756,
        2.07769775390625
    ],
    "target": [
        -0.4334175210240026,
        39.51153061850648
    ],
    "desired_speed": 5.791071128845214,
    "angle": -0.004411343448483316,
    "angle_last": -0.01898066818505596,
    "angle_target": -0.006983052618765647,
    "angle_final": -0.004411343448483316,
    "delta": 0.25,
    "agent": "only_traj",
    "steer_traj": -0.002904656992435364,
    "throttle_traj": 0.75,
    "brake_traj": 0.0,
    "plan": [
        [
            -0.014397379010915756,
            2.07769775390625
        ],
        [
            -0.07290324568748474,
            4.5558366775512695
        ],
        [
            -0.07922225445508957,
            7.203287124633789
        ],
        [
            -0.23242908716201782,
            10.076780319213867
        ],
        [
            -0.2928456664085388,
            13.285377502441406
        ],
        [
            -0.3901660442352295,
            16.54857635498047
        ]
    ]
}