{
    "speed": 4.9324952677731595,
    "steer": -0.007523005362600088,
    "throttle": 0.75,
    "brake": 0.0,
    "wp_4": [
        -0.24739357829093933,
        12.22285270690918
    ],
    "wp_3": [
        -0.13499991595745087,
        8.827995300292969
    ],
    "wp_2": [
        -0.07077642530202866,
        5.5680036544799805
    ],
    "wp_1": [
        -0.03777075558900833,
        2.5506200790405273
    ],
    "aim": [
        -0.03777075558900833,
        2.5506200790405273
    ],
    "target": [
        -0.8331681416969181,
        37.039695500490964
    ],
    "desired_speed": 6.751697444915772,
    "angle": -0.009426675465032902,
    "angle_last": 0.0011422074746632739,
    "angle_target": -0.014317663093876718,
    "angle_final": -0.009426675465032902,
    "delta": 0.25,
    "agent": "only_traj",
    "steer_traj": -0.00752300538863612,
    "throttle_traj": 0.75,
    "brake_traj": 0.0,
    "plan": [
        [
            -0.03777075558900833,
            2.5506200790405273
        ],
        [
            -0.07077642530202866,
            5.5680036544799805
        ],
        [
            -0.13499991595745087,
            8.827995300292969
        ],
        [
            -0.24739357829093933,
            12.22285270690918
        ],
        [
            -0.19926205277442932,
            15.837194442749023
        ],
        [
            -0.1928214728832245,
            19.426864624023438
        ]
    ]
}