{
    "speed": 4.967090764730655,
    "steer": 0.0009370403713546693,
    "throttle": 0.75,
    "brake": 0.0,
    "wp_4": [
        -0.31184935569763184,
        9.122533798217773
    ],
    "wp_3": [
        -0.13656842708587646,
        6.591010570526123
    ],
    "wp_2": [
        -0.1391904652118683,
        4.304896354675293
    ],
    "wp_1": [
        0.04166393727064133,
        2.0752084255218506
    ],
    "aim": [
        0.04166393727064133,
        2.0752084255218506
    ],
    "target": [
        -0.17204117362236176,
        38.88375083839256
    ],
    "desired_speed": 5.160346221923828,
    "angle": 0.012779711455503332,
    "angle_last": -0.005945100372105068,
    "angle_target": -0.002816706098121664,
    "angle_final": -0.002816706098121664,
    "delta": 0.19325545719317372,
    "agent": "only_traj",
    "steer_traj": 0.000937040384480512,
    "throttle_traj": 0.75,
    "brake_traj": 0.0,
    "plan": [
        [
            0.04166393727064133,
            2.0752084255218506
        ],
        [
            -0.1391904652118683,
            4.304896354675293
        ],
        [
            -0.13656842708587646,
            6.591010570526123
        ],
        [
            -0.31184935569763184,
            9.122533798217773
        ],
        [
            -0.3531920313835144,
            11.986408233642578
        ],
        [
            -0.3809829354286194,
            14.962261199951172
        ]
    ]
}