{
    "speed": 5.070664709940338,
    "steer": -0.004499993287026882,
    "throttle": 0.0,
    "brake": 0.0,
    "wp_4": [
        -0.2258618175983429,
        12.855539321899414
    ],
    "wp_3": [
        -0.12298494577407837,
        9.282491683959961
    ],
    "wp_2": [
        -0.04484442621469498,
        5.814610958099365
    ],
    "wp_1": [
        -0.030216673389077187,
        2.652730703353882
    ],
    "aim": [
        -0.030216673389077187,
        2.652730703353882
    ],
    "target": [
        -0.35090746263509126,
        37.15018730708125
    ],
    "desired_speed": 7.049420070648193,
    "angle": -0.00725126021438384,
    "angle_last": -0.0012032794863191048,
    "angle_target": -0.00601310522939744,
    "angle_final": -0.00601310522939744,
    "delta": 0.25,
    "agent": "only_traj",
    "steer_traj": -0.004499993278112057,
    "throttle_traj": 0.0,
    "brake_traj": 0.0,
    "plan": [
        [
            -0.030216673389077187,
            2.652730703353882
        ],
        [
            -0.04484442621469498,
            5.814610958099365
        ],
        [
            -0.12298494577407837,
            9.282491683959961
        ],
        [
            -0.2258618175983429,
            12.855539321899414
        ],
        [
            -0.2140405774116516,
            16.613733291625977
        ],
        [
            -0.22095859050750732,
            20.273860931396484
        ]
    ]
}