{
    "speed": 5.118561643582494,
    "steer": -0.010127640329301357,
    "throttle": 0.0,
    "brake": 0.0,
    "wp_4": [
        -0.4124664068222046,
        10.993743896484375
    ],
    "wp_3": [
        -0.21299520134925842,
        7.908206462860107
    ],
    "wp_2": [
        -0.15928472578525543,
        5.048715114593506
    ],
    "wp_1": [
        -0.05514311417937279,
        2.3513381481170654
    ],
    "aim": [
        -0.05514311417937279,
        2.3513381481170654
    ],
    "target": [
        -0.7144155989040502,
        38.06378437371751
    ],
    "desired_speed": 6.118118667602539,
    "angle": -0.014927102694634948,
    "angle_last": 0.0024191492854925465,
    "angle_target": -0.011947254036973482,
    "angle_final": -0.011947254036973482,
    "delta": 0.25,
    "agent": "only_traj",
    "steer_traj": -0.010127640123475345,
    "throttle_traj": 0.0,
    "brake_traj": 0.0,
    "plan": [
        [
            -0.05514311417937279,
            2.3513381481170654
        ],
        [
            -0.15928472578525543,
            5.048715114593506
        ],
        [
            -0.21299520134925842,
            7.908206462860107
        ],
        [
            -0.4124664068222046,
            10.993743896484375
        ],
        [
            -0.34285029768943787,
            14.308815002441406
        ],
        [
            -0.33020344376564026,
            17.636924743652344
        ]
    ]
}