{
    "speed": 4.940098856950798,
    "steer": -0.007188022136688232,
    "throttle": 0.75,
    "brake": 0.0,
    "wp_4": [
        -0.23509269952774048,
        10.117226600646973
    ],
    "wp_3": [
        -0.09951385110616684,
        7.128262519836426
    ],
    "wp_2": [
        -0.08824782073497772,
        4.453455448150635
    ],
    "wp_1": [
        -0.02826443314552307,
        1.9772818088531494
    ],
    "aim": [
        -0.02826443314552307,
        1.9772818088531494
    ],
    "target": [
        -0.778116054546736,
        36.963757102518514
    ],
    "desired_speed": 5.9075220108032225,
    "angle": -0.009099585294780069,
    "angle_last": 0.021008799258525473,
    "angle_target": -0.013399366099688434,
    "angle_final": -0.009099585294780069,
    "delta": 0.25,
    "agent": "only_traj",
    "steer_traj": -0.007188022312322948,
    "throttle_traj": 0.75,
    "brake_traj": 0.0,
    "plan": [
        [
            -0.02826443314552307,
            1.9772818088531494
        ],
        [
            -0.08824782073497772,
            4.453455448150635
        ],
        [
            -0.09951385110616684,
            7.128262519836426
        ],
        [
            -0.23509269952774048,
            10.117226600646973
        ],
        [
            -0.14243343472480774,
            13.387243270874023
        ],
        [
            -0.031779468059539795,
            16.739124298095703
        ]
    ]
}