{
    "speed": 4.9987648952103845,
    "steer": -0.00488798413425684,
    "throttle": 0.75,
    "brake": 0.0,
    "wp_4": [
        -0.09548716247081757,
        14.010103225708008
    ],
    "wp_3": [
        0.07679848372936249,
        10.113800048828125
    ],
    "wp_2": [
        -0.03875155374407768,
        6.343419551849365
    ],
    "wp_1": [
        -0.02648221142590046,
        2.8418095111846924
    ],
    "aim": [
        -0.02648221142590046,
        2.8418095111846924
    ],
    "target": [
        -0.46337342216528055,
        37.46071186300847
    ],
    "desired_speed": 7.510989379882813,
    "angle": -0.005932350685654377,
    "angle_last": -0.00527930871001038,
    "angle_target": -0.007874320160364616,
    "angle_final": -0.005932350685654377,
    "delta": 0.25,
    "agent": "only_traj",
    "steer_traj": -0.004887984213709574,
    "throttle_traj": 0.75,
    "brake_traj": 0.0,
    "plan": [
        [
            -0.02648221142590046,
            2.8418095111846924
        ],
        [
            -0.03875155374407768,
            6.343419551849365
        ],
        [
            0.07679848372936249,
            10.113800048828125
        ],
        [
            -0.09548716247081757,
            14.010103225708008
        ],
        [
            -0.10181517899036407,
            17.96257972717285
        ],
        [
            -0.13209258019924164,
            21.613554000854492
        ]
    ]
}