{
    "speed": 5.1152201712396135,
    "steer": -0.003917222376912832,
    "throttle": 0.0,
    "brake": 0.0,
    "wp_4": [
        -0.12739470601081848,
        14.537541389465332
    ],
    "wp_3": [
        -0.08845707774162292,
        10.644540786743164
    ],
    "wp_2": [
        -0.0563698410987854,
        6.79115629196167
    ],
    "wp_1": [
        -0.025880031287670135,
        3.144965171813965
    ],
    "aim": [
        -0.025880031287670135,
        3.144965171813965
    ],
    "target": [
        -0.42860914106018333,
        35.524453669405865
    ],
    "desired_speed": 7.504719829559327,
    "angle": -0.005238631138953416,
    "angle_last": -0.009166521148646193,
    "angle_target": -0.0076805632959480955,
    "angle_final": -0.005238631138953416,
    "delta": 0.25,
    "agent": "only_traj",
    "steer_traj": -0.003917222318795187,
    "throttle_traj": 0.0,
    "brake_traj": 0.0,
    "plan": [
        [
            -0.025880031287670135,
            3.144965171813965
        ],
        [
            -0.0563698410987854,
            6.79115629196167
        ],
        [
            -0.08845707774162292,
            10.644540786743164
        ],
        [
            -0.12739470601081848,
            14.537541389465332
        ],
        [
            -0.1706075668334961,
            18.394474029541016
        ],
        [
            -0.22116824984550476,
            21.905702590942383
        ]
    ]
}