{
    "speed": 5.139183568249567,
    "steer": -0.004456023685634136,
    "throttle": 0.0,
    "brake": 0.0,
    "wp_4": [
        -0.10075230896472931,
        13.497881889343262
    ],
    "wp_3": [
        0.10218936949968338,
        9.869654655456543
    ],
    "wp_2": [
        0.29401925206184387,
        6.031497001647949
    ],
    "wp_1": [
        -0.030528182163834572,
        2.837033987045288
    ],
    "aim": [
        -0.030528182163834572,
        2.837033987045288
    ],
    "target": [
        -0.3141249379299032,
        36.54758304748522
    ],
    "desired_speed": 7.064927005767822,
    "angle": -0.0068501004371317575,
    "angle_last": -0.0016647726012396329,
    "angle_target": -0.005471585414819882,
    "angle_final": -0.005471585414819882,
    "delta": 0.25,
    "agent": "only_traj",
    "steer_traj": -0.004456023850252045,
    "throttle_traj": 0.0,
    "brake_traj": 0.0,
    "plan": [
        [
            -0.030528182163834572,
            2.837033987045288
        ],
        [
            0.29401925206184387,
            6.031497001647949
        ],
        [
            0.10218936949968338,
            9.869654655456543
        ],
        [
            -0.10075230896472931,
            13.497881889343262
        ],
        [
            -0.09058171510696411,
            17.183387756347656
        ],
        [
            -0.09918259084224701,
            20.47241973876953
        ]
    ]
}