{
    "speed": 5.0416927251048635,
    "steer": 0.0008497570524923503,
    "throttle": 0.0,
    "brake": 0.0,
    "wp_4": [
        -0.08421684056520462,
        13.106618881225586
    ],
    "wp_3": [
        -0.04985147714614868,
        9.439739227294922
    ],
    "wp_2": [
        -0.011692638508975506,
        5.834690570831299
    ],
    "wp_1": [
        -0.03146614879369736,
        2.565746307373047
    ],
    "aim": [
        -0.03146614879369736,
        2.565746307373047
    ],
    "target": [
        -0.02644203088816721,
        36.795511560537655
    ],
    "desired_speed": 7.059195804595948,
    "angle": -0.007807085830841322,
    "angle_last": -0.007440001108448525,
    "angle_target": -0.00045748832054054336,
    "angle_final": -0.00045748832054054336,
    "delta": 0.25,
    "agent": "only_traj",
    "steer_traj": 0.0008497570592920231,
    "throttle_traj": 0.0,
    "brake_traj": 0.0,
    "plan": [
        [
            -0.03146614879369736,
            2.565746307373047
        ],
        [
            -0.011692638508975506,
            5.834690570831299
        ],
        [
            -0.04985147714614868,
            9.439739227294922
        ],
        [
            -0.08421684056520462,
            13.106618881225586
        ],
        [
            -0.08255290985107422,
            16.85018539428711
        ],
        [
            -0.12185603380203247,
            20.213083267211914
        ]
    ]
}