{
    "speed": 4.982947464220465,
    "steer": -0.009047945030033588,
    "throttle": 0.75,
    "brake": 0.0,
    "wp_4": [
        -0.1281810998916626,
        13.520326614379883
    ],
    "wp_3": [
        -0.07219427824020386,
        9.770120620727539
    ],
    "wp_2": [
        -0.03433714434504509,
        6.0749688148498535
    ],
    "wp_1": [
        -0.03526676073670387,
        2.707432746887207
    ],
    "aim": [
        -0.03526676073670387,
        2.707432746887207
    ],
    "target": [
        -0.5994821426622573,
        36.533756552036365
    ],
    "desired_speed": 7.192867279052734,
    "angle": -0.008292029261912227,
    "angle_last": -0.018779405277512918,
    "angle_target": -0.010445351743719841,
    "angle_final": -0.008292029261912227,
    "delta": 0.25,
    "agent": "only_traj",
    "steer_traj": -0.009047944870712808,
    "throttle_traj": 0.75,
    "brake_traj": 0.0,
    "plan": [
        [
            -0.03526676073670387,
            2.707432746887207
        ],
        [
            -0.03433714434504509,
            6.0749688148498535
        ],
        [
            -0.07219427824020386,
            9.770120620727539
        ],
        [
            -0.1281810998916626,
            13.520326614379883
        ],
        [
            -0.17409154772758484,
            17.290987014770508
        ],
        [
            -0.27430543303489685,
            20.687231063842773
        ]
    ]
}