{
    "speed": 4.9049456172368515,
    "steer": -0.006313536781817675,
    "throttle": 0.75,
    "brake": 0.0,
    "wp_4": [
        -0.08547036349773407,
        13.443284034729004
    ],
    "wp_3": [
        -0.04247255623340607,
        9.711389541625977
    ],
    "wp_2": [
        -0.02373715303838253,
        6.029099464416504
    ],
    "wp_1": [
        -0.032714612782001495,
        2.679929494857788
    ],
    "aim": [
        -0.032714612782001495,
        2.679929494857788
    ],
    "target": [
        0.6288735405218653,
        36.03264503408794
    ],
    "desired_speed": 7.119801425933837,
    "angle": -0.007770961719231032,
    "angle_last": -0.012642252635284127,
    "angle_target": 0.011109722520742195,
    "angle_final": -0.007770961719231032,
    "delta": 0.25,
    "agent": "only_traj",
    "steer_traj": -0.006313536703788334,
    "throttle_traj": 0.75,
    "brake_traj": 0.0,
    "plan": [
        [
            -0.032714612782001495,
            2.679929494857788
        ],
        [
            -0.02373715303838253,
            6.029099464416504
        ],
        [
            -0.04247255623340607,
            9.711389541625977
        ],
        [
            -0.08547036349773407,
            13.443284034729004
        ],
        [
            -0.11333881318569183,
            17.16944122314453
        ],
        [
            -0.17905767261981964,
            20.478368759155273
        ]
    ]
}