{
    "speed": 4.844165104663044,
    "steer": 0.0003145629307255149,
    "throttle": 0.75,
    "brake": 0.0,
    "wp_4": [
        -0.14250969886779785,
        13.676847457885742
    ],
    "wp_3": [
        -0.07726113498210907,
        9.929313659667969
    ],
    "wp_2": [
        -0.03452291339635849,
        6.1913862228393555
    ],
    "wp_1": [
        -0.04125836864113808,
        2.788679599761963
    ],
    "aim": [
        -0.04125836864113808,
        2.788679599761963
    ],
    "target": [
        -0.06926562619769083,
        35.18452328726718
    ],
    "desired_speed": 7.171121978759766,
    "angle": -0.009418023892084218,
    "angle_last": -0.02373318970054161,
    "angle_target": -0.0012532729193995228,
    "angle_final": -0.0012532729193995228,
    "delta": 0.25,
    "agent": "only_traj",
    "steer_traj": 0.0003145629173343925,
    "throttle_traj": 0.75,
    "brake_traj": 0.0,
    "plan": [
        [
            -0.04125836864113808,
            2.788679599761963
        ],
        [
            -0.03452291339635849,
            6.1913862228393555
        ],
        [
            -0.07726113498210907,
            9.929313659667969
        ],
        [
            -0.14250969886779785,
            13.676847457885742
        ],
        [
            -0.22510451078414917,
            17.399513244628906
        ],
        [
            -0.3486679792404175,
            20.712446212768555
        ]
    ]
}