{
    "speed": 4.865122330374912,
    "steer": -0.011440739035606384,
    "throttle": 0.75,
    "brake": 0.0,
    "wp_4": [
        -0.11882903426885605,
        14.012091636657715
    ],
    "wp_3": [
        -0.07161188125610352,
        10.185766220092773
    ],
    "wp_2": [
        -0.039754755795001984,
        6.379515647888184
    ],
    "wp_1": [
        0.08785655349493027,
        2.692538261413574
    ],
    "aim": [
        0.08785655349493027,
        2.692538261413574
    ],
    "target": [
        -0.5659105036384544,
        34.66186987312502
    ],
    "desired_speed": 7.3493095397949215,
    "angle": 0.02076534096010991,
    "angle_last": -0.01867793902284284,
    "angle_target": -0.010392913351873648,
    "angle_final": -0.010392913351873648,
    "delta": 0.25,
    "agent": "only_traj",
    "steer_traj": -0.011440739211723058,
    "throttle_traj": 0.75,
    "brake_traj": 0.0,
    "plan": [
        [
            0.08785655349493027,
            2.692538261413574
        ],
        [
            -0.039754755795001984,
            6.379515647888184
        ],
        [
            -0.07161188125610352,
            10.185766220092773
        ],
        [
            -0.11882903426885605,
            14.012091636657715
        ],
        [
            -0.18757648766040802,
            17.75836753845215
        ],
        [
            -0.2845050096511841,
            21.061126708984375
        ]
    ]
}