{
    "speed": 4.961600144748042,
    "steer": 0.01303312461823225,
    "throttle": 0.75,
    "brake": 0.0,
    "wp_4": [
        -0.006962252780795097,
        13.864139556884766
    ],
    "wp_3": [
        -0.002590268850326538,
        10.137239456176758
    ],
    "wp_2": [
        -0.013934200629591942,
        6.420634746551514
    ],
    "wp_1": [
        0.05929941684007645,
        2.8667445182800293
    ],
    "aim": [
        0.05929941684007645,
        2.8667445182800293
    ],
    "target": [
        0.5494527495399028,
        34.52816135616496
    ],
    "desired_speed": 7.116020679473877,
    "angle": 0.01316675550847072,
    "angle_last": -0.0005786207412260497,
    "angle_target": 0.010129788242268834,
    "angle_final": 0.010129788242268834,
    "delta": 0.25,
    "agent": "only_traj",
    "steer_traj": 0.013033124759041295,
    "throttle_traj": 0.75,
    "brake_traj": 0.0,
    "plan": [
        [
            0.05929941684007645,
            2.8667445182800293
        ],
        [
            -0.013934200629591942,
            6.420634746551514
        ],
        [
            -0.002590268850326538,
            10.137239456176758
        ],
        [
            -0.006962252780795097,
            13.864139556884766
        ],
        [
            -0.01396841648966074,
            17.489917755126953
        ],
        [
            -0.01684628613293171,
            20.65601348876953
        ]
    ]
}