{
    "speed": 5.100282062216742,
    "steer": -0.002463983604684472,
    "throttle": 0.0,
    "brake": 0.0,
    "wp_4": [
        -0.08072283864021301,
        14.525588989257812
    ],
    "wp_3": [
        -0.04930979013442993,
        10.659217834472656
    ],
    "wp_2": [
        -0.03552727401256561,
        6.809925556182861
    ],
    "wp_1": [
        1.0339137315750122,
        2.879922389984131
    ],
    "aim": [
        1.0339137315750122,
        2.879922389984131
    ],
    "target": [
        0.07339700795500462,
        35.695226611705195
    ],
    "desired_speed": 7.541907215118409,
    "angle": 0.21942799548612843,
    "angle_last": -0.010798784578297685,
    "angle_target": 0.0013090243452582185,
    "angle_final": 0.0013090243452582185,
    "delta": 0.25,
    "agent": "only_traj",
    "steer_traj": -0.002463983601232748,
    "throttle_traj": 0.0,
    "brake_traj": 0.0,
    "plan": [
        [
            1.0339137315750122,
            2.879922389984131
        ],
        [
            -0.03552727401256561,
            6.809925556182861
        ],
        [
            -0.04930979013442993,
            10.659217834472656
        ],
        [
            -0.08072283864021301,
            14.525588989257812
        ],
        [
            -0.13172629475593567,
            18.26584815979004
        ],
        [
            -0.1881319284439087,
            21.590801239013672
        ]
    ]
}