{
    "speed": 5.18991952359352,
    "steer": -0.004746847786009312,
    "throttle": 0.0,
    "brake": 0.0,
    "wp_4": [
        -0.07489539682865143,
        14.438482284545898
    ],
    "wp_3": [
        -0.04400138556957245,
        10.586557388305664
    ],
    "wp_2": [
        -0.03838440030813217,
        6.75254487991333
    ],
    "wp_1": [
        1.0361379384994507,
        2.8625504970550537
    ],
    "aim": [
        1.0361379384994507,
        2.8625504970550537
    ],
    "target": [
        -0.17644795496676366,
        33.57474996807851
    ],
    "desired_speed": 7.526114654541016,
    "angle": 0.22109327149676833,
    "angle_last": -0.004122502337582555,
    "angle_target": -0.0033456458469667007,
    "angle_final": -0.0033456458469667007,
    "delta": 0.25,
    "agent": "only_traj",
    "steer_traj": -0.004746847858214683,
    "throttle_traj": 0.0,
    "brake_traj": 0.0,
    "plan": [
        [
            1.0361379384994507,
            2.8625504970550537
        ],
        [
            -0.03838440030813217,
            6.75254487991333
        ],
        [
            -0.04400138556957245,
            10.586557388305664
        ],
        [
            -0.07489539682865143,
            14.438482284545898
        ],
        [
            -0.10096056759357452,
            18.181028366088867
        ],
        [
            -0.12265987694263458,
            21.531869888305664
        ]
    ]
}