{
    "speed": 5.125644060683806,
    "steer": 0.007442335598170757,
    "throttle": 0.0,
    "brake": 0.0,
    "wp_4": [
        -0.07116783410310745,
        13.877542495727539
    ],
    "wp_3": [
        -0.049593836069107056,
        10.054971694946289
    ],
    "wp_2": [
        -0.03302944451570511,
        6.290627479553223
    ],
    "wp_1": [
        0.4847399592399597,
        2.8617987632751465
    ],
    "aim": [
        0.4847399592399597,
        2.8617987632751465
    ],
    "target": [
        0.3654611841520371,
        33.827743421762285
    ],
    "desired_speed": 7.228937911987305,
    "angle": 0.10681866664012822,
    "angle_last": -0.013299316833439353,
    "angle_target": 0.006877513577041623,
    "angle_final": 0.006877513577041623,
    "delta": 0.25,
    "agent": "only_traj",
    "steer_traj": 0.007442335520806739,
    "throttle_traj": 0.0,
    "brake_traj": 0.0,
    "plan": [
        [
            0.4847399592399597,
            2.8617987632751465
        ],
        [
            -0.03302944451570511,
            6.290627479553223
        ],
        [
            -0.049593836069107056,
            10.054971694946289
        ],
        [
            -0.07116783410310745,
            13.877542495727539
        ],
        [
            -0.12244066596031189,
            17.60724449157715
        ],
        [
            -0.19111484289169312,
            20.89410400390625
        ]
    ]
}