{
    "speed": 4.986267111457921,
    "steer": -0.010371871292591095,
    "throttle": 0.75,
    "brake": 0.0,
    "wp_4": [
        -0.06428477168083191,
        13.882553100585938
    ],
    "wp_3": [
        -0.037646710872650146,
        10.075780868530273
    ],
    "wp_2": [
        -0.026779865846037865,
        6.279495716094971
    ],
    "wp_1": [
        -0.04607352986931801,
        2.821843147277832
    ],
    "aim": [
        -0.04607352986931801,
        2.821843147277832
    ],
    "target": [
        -0.36753630203022825,
        33.391074691010004
    ],
    "desired_speed": 7.1694068908691415,
    "angle": -0.010393450796552817,
    "angle_last": -0.015831950977680084,
    "angle_target": -0.007007005030700405,
    "angle_final": -0.007007005030700405,
    "delta": 0.25,
    "agent": "only_traj",
    "steer_traj": -0.01037187112887187,
    "throttle_traj": 0.75,
    "brake_traj": 0.0,
    "plan": [
        [
            -0.04607352986931801,
            2.821843147277832
        ],
        [
            -0.026779865846037865,
            6.279495716094971
        ],
        [
            -0.037646710872650146,
            10.075780868530273
        ],
        [
            -0.06428477168083191,
            13.882553100585938
        ],
        [
            -0.13319751620292664,
            17.554580688476562
        ],
        [
            -0.21252009272575378,
            20.74356460571289
        ]
    ]
}