{
    "speed": 4.916042868168538,
    "steer": -0.01092112623155117,
    "throttle": 0.75,
    "brake": 0.0,
    "wp_4": [
        -0.05719051510095596,
        13.839309692382812
    ],
    "wp_3": [
        -0.04067981243133545,
        10.01793098449707
    ],
    "wp_2": [
        -0.03174445778131485,
        6.2042155265808105
    ],
    "wp_1": [
        -0.048670146614313126,
        2.7598466873168945
    ],
    "aim": [
        -0.048670146614313126,
        2.7598466873168945
    ],
    "target": [
        -0.6306698166503237,
        33.422404251760334
    ],
    "desired_speed": 7.155400276184082,
    "angle": -0.01122567140142348,
    "angle_last": -0.016296100277277837,
    "angle_target": -0.012011381028618333,
    "angle_final": -0.01122567140142348,
    "delta": 0.25,
    "agent": "only_traj",
    "steer_traj": -0.010921126223268428,
    "throttle_traj": 0.75,
    "brake_traj": 0.0,
    "plan": [
        [
            -0.048670146614313126,
            2.7598466873168945
        ],
        [
            -0.03174445778131485,
            6.2042155265808105
        ],
        [
            -0.04067981243133545,
            10.01793098449707
        ],
        [
            -0.05719051510095596,
            13.839309692382812
        ],
        [
            -0.11965852975845337,
            17.501325607299805
        ],
        [
            -0.200190931558609,
            20.646696090698242
        ]
    ]
}