{
    "speed": 4.859068750974979,
    "steer": -0.007022064179182053,
    "throttle": 0.75,
    "brake": 0.0,
    "wp_4": [
        0.025972748175263405,
        13.87261962890625
    ],
    "wp_3": [
        0.005709141492843628,
        10.017679214477539
    ],
    "wp_2": [
        -0.0118145402520895,
        6.239978790283203
    ],
    "wp_1": [
        -0.03725338354706764,
        2.776848793029785
    ],
    "aim": [
        -0.03725338354706764,
        2.776848793029785
    ],
    "target": [
        0.5737491899131892,
        32.46048779327779
    ],
    "desired_speed": 7.257428741455078,
    "angle": -0.008540192801756025,
    "angle_last": -0.003272978586814524,
    "angle_target": 0.011251280336997503,
    "angle_final": -0.008540192801756025,
    "delta": 0.25,
    "agent": "only_traj",
    "steer_traj": -0.007022064346100622,
    "throttle_traj": 0.75,
    "brake_traj": 0.0,
    "plan": [
        [
            -0.03725338354706764,
            2.776848793029785
        ],
        [
            -0.0118145402520895,
            6.239978790283203
        ],
        [
            0.005709141492843628,
            10.017679214477539
        ],
        [
            0.025972748175263405,
            13.87261962890625
        ],
        [
            0.016464650630950928,
            17.61989402770996
        ],
        [
            -0.0005030669271945953,
            20.920177459716797
        ]
    ]
}