{
    "speed": 4.882186849825144,
    "steer": -0.0016418591840192676,
    "throttle": 0.75,
    "brake": 0.0,
    "wp_4": [
        0.0379609540104866,
        14.32444953918457
    ],
    "wp_3": [
        0.01250392198562622,
        10.463653564453125
    ],
    "wp_2": [
        -0.013587039895355701,
        6.590658664703369
    ],
    "wp_1": [
        -0.03888459876179695,
        2.992189884185791
    ],
    "aim": [
        -0.03888459876179695,
        2.992189884185791
    ],
    "target": [
        -0.13278163663691314,
        33.70043522906212
    ],
    "desired_speed": 7.223660373687744,
    "angle": -0.00827260116827308,
    "angle_last": -0.006081400591542211,
    "angle_target": -0.0025083052280072226,
    "angle_final": -0.0025083052280072226,
    "delta": 0.25,
    "agent": "only_traj",
    "steer_traj": -0.0016418591694734468,
    "throttle_traj": 0.75,
    "brake_traj": 0.0,
    "plan": [
        [
            -0.03888459876179695,
            2.992189884185791
        ],
        [
            -0.013587039895355701,
            6.590658664703369
        ],
        [
            0.01250392198562622,
            10.463653564453125
        ],
        [
            0.0379609540104866,
            14.32444953918457
        ],
        [
            0.014016907662153244,
            17.950292587280273
        ],
        [
            -0.01560269482433796,
            21.050859451293945
        ]
    ]
}