{
    "speed": 4.98002917708169,
    "steer": -0.009053461253643036,
    "throttle": 0.75,
    "brake": 0.0,
    "wp_4": [
        -0.03247130662202835,
        14.757253646850586
    ],
    "wp_3": [
        -0.034297168254852295,
        10.799420356750488
    ],
    "wp_2": [
        -0.02987724542617798,
        6.813074111938477
    ],
    "wp_1": [
        -0.04378599300980568,
        3.1101646423339844
    ],
    "aim": [
        -0.04378599300980568,
        3.1101646423339844
    ],
    "target": [
        -0.40832179649655614,
        33.59555544052352
    ],
    "desired_speed": 7.398283767700195,
    "angle": -0.008961919037508924,
    "angle_last": -0.033929599657499754,
    "angle_target": -0.007737122576855254,
    "angle_final": -0.007737122576855254,
    "delta": 0.25,
    "agent": "only_traj",
    "steer_traj": -0.009053461362312887,
    "throttle_traj": 0.75,
    "brake_traj": 0.0,
    "plan": [
        [
            -0.04378599300980568,
            3.1101646423339844
        ],
        [
            -0.02987724542617798,
            6.813074111938477
        ],
        [
            -0.034297168254852295,
            10.799420356750488
        ],
        [
            -0.03247130662202835,
            14.757253646850586
        ],
        [
            -0.0680641382932663,
            18.490182876586914
        ],
        [
            -0.2340303510427475,
            21.60125160217285
        ]
    ]
}