{
    "speed": 5.1198846348310765,
    "steer": -0.008174016140401363,
    "throttle": 0.0,
    "brake": 0.0,
    "wp_4": [
        -0.053064361214637756,
        14.997798919677734
    ],
    "wp_3": [
        -0.04879799485206604,
        11.06035041809082
    ],
    "wp_2": [
        -0.03581216558814049,
        7.030365943908691
    ],
    "wp_1": [
        -0.042439695447683334,
        3.266469717025757
    ],
    "aim": [
        -0.042439695447683334,
        3.266469717025757
    ],
    "target": [
        -0.44146764419559315,
        33.214586178686204
    ],
    "desired_speed": 7.378842163085938,
    "angle": -0.00827077978449441,
    "angle_last": -0.058939779232326225,
    "angle_target": -0.008461056278245845,
    "angle_final": -0.00827077978449441,
    "delta": 0.25,
    "agent": "only_traj",
    "steer_traj": -0.008174016282108346,
    "throttle_traj": 0.0,
    "brake_traj": 0.0,
    "plan": [
        [
            -0.042439695447683334,
            3.266469717025757
        ],
        [
            -0.03581216558814049,
            7.030365943908691
        ],
        [
            -0.04879799485206604,
            11.06035041809082
        ],
        [
            -0.053064361214637756,
            14.997798919677734
        ],
        [
            -0.09059328585863113,
            18.68768882751465
        ],
        [
            -0.37031686305999756,
            21.700397491455078
        ]
    ]
}