{
    "speed": 5.170229031584645,
    "steer": 0.0017203392926603556,
    "throttle": 0.0,
    "brake": 0.0,
    "wp_4": [
        -0.05548926815390587,
        14.760838508605957
    ],
    "wp_3": [
        -0.05144095420837402,
        10.839366912841797
    ],
    "wp_2": [
        -0.03755194693803787,
        6.8568220138549805
    ],
    "wp_1": [
        -0.04400146007537842,
        3.160517454147339
    ],
    "aim": [
        -0.04400146007537842,
        3.160517454147339
    ],
    "target": [
        0.054711498982686145,
        32.415383996291006
    ],
    "desired_speed": 7.349596405029297,
    "angle": -0.008862577730580625,
    "angle_last": -0.05547527961232342,
    "angle_target": 0.001074501815491632,
    "angle_final": 0.001074501815491632,
    "delta": 0.25,
    "agent": "only_traj",
    "steer_traj": 0.0017203393176097202,
    "throttle_traj": 0.0,
    "brake_traj": 0.0,
    "plan": [
        [
            -0.04400146007537842,
            3.160517454147339
        ],
        [
            -0.03755194693803787,
            6.8568220138549805
        ],
        [
            -0.05144095420837402,
            10.839366912841797
        ],
        [
            -0.05548926815390587,
            14.760838508605957
        ],
        [
            -0.09441683441400528,
            18.478580474853516
        ],
        [
            -0.3603540360927582,
            21.52267837524414
        ]
    ]
}