{
    "speed": 5.072170264305214,
    "steer": 0.002863675355911255,
    "throttle": 0.0,
    "brake": 0.0,
    "wp_4": [
        -0.028082331642508507,
        13.66785717010498
    ],
    "wp_3": [
        -0.031337037682533264,
        9.961221694946289
    ],
    "wp_2": [
        -0.025239529088139534,
        6.148856163024902
    ],
    "wp_1": [
        -0.05502442643046379,
        2.733083963394165
    ],
    "aim": [
        -0.05502442643046379,
        2.733083963394165
    ],
    "target": [
        0.25338962724418784,
        33.310000736894104
    ],
    "desired_speed": 6.955218601226807,
    "angle": -0.012815132312276227,
    "angle_last": -0.022626243709054878,
    "angle_target": 0.004842681831612729,
    "angle_final": 0.004842681831612729,
    "delta": 0.25,
    "agent": "only_traj",
    "steer_traj": 0.00286367542387135,
    "throttle_traj": 0.0,
    "brake_traj": 0.0,
    "plan": [
        [
            -0.05502442643046379,
            2.733083963394165
        ],
        [
            -0.025239529088139534,
            6.148856163024902
        ],
        [
            -0.031337037682533264,
            9.961221694946289
        ],
        [
            -0.028082331642508507,
            13.66785717010498
        ],
        [
            -0.08838735520839691,
            17.19505500793457
        ],
        [
            -0.1923387348651886,
            20.11863136291504
        ]
    ]
}