{
    "speed": 4.976264773607861,
    "steer": -0.0023863622918725014,
    "throttle": 0.75,
    "brake": 0.0,
    "wp_4": [
        -0.06566178798675537,
        13.771245002746582
    ],
    "wp_3": [
        -0.054829686880111694,
        10.020448684692383
    ],
    "wp_2": [
        -0.022360272705554962,
        6.21337890625
    ],
    "wp_1": [
        -0.04231109842658043,
        2.788094997406006
    ],
    "aim": [
        -0.04231109842658043,
        2.788094997406006
    ],
    "target": [
        0.050961378209800755,
        31.80968974572116
    ],
    "desired_speed": 7.085052871704101,
    "angle": -0.009660343825638115,
    "angle_last": -0.060410774306574634,
    "angle_target": 0.0010199091377005494,
    "angle_final": 0.0010199091377005494,
    "delta": 0.25,
    "agent": "only_traj",
    "steer_traj": -0.002386362185347193,
    "throttle_traj": 0.75,
    "brake_traj": 0.0,
    "plan": [
        [
            -0.04231109842658043,
            2.788094997406006
        ],
        [
            -0.022360272705554962,
            6.21337890625
        ],
        [
            -0.054829686880111694,
            10.020448684692383
        ],
        [
            -0.06566178798675537,
            13.771245002746582
        ],
        [
            -0.14447863399982452,
            17.444311141967773
        ],
        [
            -0.4339762032032013,
            20.485923767089844
        ]
    ]
}