{
    "speed": 4.915836296824824,
    "steer": 0.0003227430279366672,
    "throttle": 0.75,
    "brake": 0.0,
    "wp_4": [
        -0.05366126447916031,
        13.697242736816406
    ],
    "wp_3": [
        -0.03944910317659378,
        10.026947021484375
    ],
    "wp_2": [
        -0.026246260851621628,
        6.174253940582275
    ],
    "wp_1": [
        -0.04235471040010452,
        2.734522819519043
    ],
    "aim": [
        -0.04235471040010452,
        2.734522819519043
    ],
    "target": [
        0.13035581316080425,
        32.07329035061957
    ],
    "desired_speed": 6.854301548004151,
    "angle": -0.009859709458411709,
    "angle_last": -0.08834078386059077,
    "angle_target": 0.0025874062266292366,
    "angle_final": 0.0025874062266292366,
    "delta": 0.25,
    "agent": "only_traj",
    "steer_traj": 0.0003227430206961941,
    "throttle_traj": 0.75,
    "brake_traj": 0.0,
    "plan": [
        [
            -0.04235471040010452,
            2.734522819519043
        ],
        [
            -0.026246260851621628,
            6.174253940582275
        ],
        [
            -0.03944910317659378,
            10.026947021484375
        ],
        [
            -0.05366126447916031,
            13.697242736816406
        ],
        [
            -0.10658849775791168,
            17.145671844482422
        ],
        [
            -0.4833890199661255,
            19.843597412109375
        ]
    ]
}