{
    "speed": 4.864881837034392,
    "steer": 0.014117185957729816,
    "throttle": 0.75,
    "brake": 0.0,
    "wp_4": [
        -0.03841662406921387,
        13.726408004760742
    ],
    "wp_3": [
        -0.031876981258392334,
        9.935548782348633
    ],
    "wp_2": [
        -0.020478492602705956,
        6.13857889175415
    ],
    "wp_1": [
        -0.11337223649024963,
        2.802288293838501
    ],
    "aim": [
        -0.11337223649024963,
        2.802288293838501
    ],
    "target": [
        0.7944571098551023,
        31.63358826075455
    ],
    "desired_speed": 7.112382984161377,
    "angle": -0.02574164477147925,
    "angle_last": -0.11577006465745421,
    "angle_target": 0.015984933678722,
    "angle_final": 0.015984933678722,
    "delta": 0.25,
    "agent": "only_traj",
    "steer_traj": 0.01411718567670435,
    "throttle_traj": 0.75,
    "brake_traj": 0.0,
    "plan": [
        [
            -0.11337223649024963,
            2.802288293838501
        ],
        [
            -0.020478492602705956,
            6.13857889175415
        ],
        [
            -0.031876981258392334,
            9.935548782348633
        ],
        [
            -0.03841662406921387,
            13.726408004760742
        ],
        [
            -0.10396342724561691,
            17.40561294555664
        ],
        [
            -0.6782964468002319,
            20.528980255126953
        ]
    ]
}