{
    "speed": 4.890894797989474,
    "steer": -0.0034386911429464817,
    "throttle": 0.75,
    "brake": 0.0,
    "wp_4": [
        -0.04848345369100571,
        13.856164932250977
    ],
    "wp_3": [
        -0.03623199462890625,
        10.055497169494629
    ],
    "wp_2": [
        -0.018413033336400986,
        6.219675064086914
    ],
    "wp_1": [
        -0.114515520632267,
        2.8429410457611084
    ],
    "aim": [
        -0.114515520632267,
        2.8429410457611084
    ],
    "target": [
        0.1470628205971162,
        31.295686526901157
    ],
    "desired_speed": 7.107050991058349,
    "angle": -0.02562955377810026,
    "angle_last": -0.12190387809608877,
    "angle_target": 0.0029915435846092154,
    "angle_final": 0.0029915435846092154,
    "delta": 0.25,
    "agent": "only_traj",
    "steer_traj": -0.003438691192239544,
    "throttle_traj": 0.75,
    "brake_traj": 0.0,
    "plan": [
        [
            -0.114515520632267,
            2.8429410457611084
        ],
        [
            -0.018413033336400986,
            6.219675064086914
        ],
        [
            -0.03623199462890625,
            10.055497169494629
        ],
        [
            -0.04848345369100571,
            13.856164932250977
        ],
        [
            -0.15171311795711517,
            17.454998016357422
        ],
        [
            -0.7517220377922058,
            20.550037384033203
        ]
    ]
}