{
    "speed": 5.131309129234508,
    "steer": -0.006543358322232962,
    "throttle": 0.0,
    "brake": 0.0,
    "wp_4": [
        -0.044180795550346375,
        14.614019393920898
    ],
    "wp_3": [
        -0.02752949297428131,
        10.738431930541992
    ],
    "wp_2": [
        -0.027065271511673927,
        6.773323059082031
    ],
    "wp_1": [
        -0.03154406324028969,
        3.1157584190368652
    ],
    "aim": [
        -0.03154406324028969,
        3.1157584190368652
    ],
    "target": [
        -0.8097891294780133,
        30.945097463044966
    ],
    "desired_speed": 7.268227005004883,
    "angle": -0.006444918437368446,
    "angle_last": -0.11003316110058815,
    "angle_target": -0.016655631586867156,
    "angle_final": -0.006444918437368446,
    "delta": 0.25,
    "agent": "only_traj",
    "steer_traj": -0.006543358227101841,
    "throttle_traj": 0.0,
    "brake_traj": 0.0,
    "plan": [
        [
            -0.03154406324028969,
            3.1157584190368652
        ],
        [
            -0.027065271511673927,
            6.773323059082031
        ],
        [
            -0.02752949297428131,
            10.738431930541992
        ],
        [
            -0.044180795550346375,
            14.614019393920898
        ],
        [
            -0.18460069596767426,
            18.143924713134766
        ],
        [
            -0.7245455980300903,
            21.236717224121094
        ]
    ]
}