{
    "speed": 5.176056068279252,
    "steer": -0.004218241665512323,
    "throttle": 0.0,
    "brake": 0.0,
    "wp_4": [
        0.056513555347919464,
        13.800703048706055
    ],
    "wp_3": [
        0.042477983981370926,
        10.267204284667969
    ],
    "wp_2": [
        0.010754387825727463,
        6.531756401062012
    ],
    "wp_1": [
        -0.017255598679184914,
        3.068544864654541
    ],
    "aim": [
        -0.017255598679184914,
        3.068544864654541
    ],
    "target": [
        0.9844952804783134,
        31.09836958424694
    ],
    "desired_speed": 6.757736110687255,
    "angle": -0.00357988175352043,
    "angle_last": 0.0031107438844517263,
    "angle_target": 0.02014703409463556,
    "angle_final": -0.00357988175352043,
    "delta": 0.25,
    "agent": "only_traj",
    "steer_traj": -0.004218241680693833,
    "throttle_traj": 0.0,
    "brake_traj": 0.0,
    "plan": [
        [
            -0.017255598679184914,
            3.068544864654541
        ],
        [
            0.010754387825727463,
            6.531756401062012
        ],
        [
            0.042477983981370926,
            10.267204284667969
        ],
        [
            0.056513555347919464,
            13.800703048706055
        ],
        [
            0.041819553822278976,
            17.15036392211914
        ],
        [
            0.055561043322086334,
            19.962543487548828
        ]
    ]
}