{
    "speed": 4.983814320607444,
    "steer": -0.0019411261891946197,
    "throttle": 0.75,
    "brake": 0.0,
    "wp_4": [
        0.2113991528749466,
        14.394232749938965
    ],
    "wp_3": [
        0.13728877902030945,
        10.506549835205078
    ],
    "wp_2": [
        0.043335117399692535,
        6.680451393127441
    ],
    "wp_1": [
        0.004250289406627417,
        3.0673906803131104
    ],
    "aim": [
        0.004250289406627417,
        3.0673906803131104
    ],
    "target": [
        -0.838044320431553,
        29.383939398294807
    ],
    "desired_speed": 7.418374538421631,
    "angle": 0.0008821290492673439,
    "angle_last": -0.0565026918454749,
    "angle_target": -0.018151786618001663,
    "angle_final": 0.0008821290492673439,
    "delta": 0.25,
    "agent": "only_traj",
    "steer_traj": -0.001941126175418013,
    "throttle_traj": 0.75,
    "brake_traj": 0.0,
    "plan": [
        [
            0.004250289406627417,
            3.0673906803131104
        ],
        [
            0.043335117399692535,
            6.680451393127441
        ],
        [
            0.13728877902030945,
            10.506549835205078
        ],
        [
            0.2113991528749466,
            14.394232749938965
        ],
        [
            -0.2098081111907959,
            17.841461181640625
        ],
        [
            -0.5416818261146545,
            21.570880889892578
        ]
    ]
}