{
    "speed": 4.924992379498033,
    "steer": -0.004940468352288008,
    "throttle": 0.75,
    "brake": 0.0,
    "wp_4": [
        -0.5703346133232117,
        14.448206901550293
    ],
    "wp_3": [
        0.10090795159339905,
        10.629961967468262
    ],
    "wp_2": [
        0.02489384636282921,
        6.774205207824707
    ],
    "wp_1": [
        -0.010889696888625622,
        3.128849506378174
    ],
    "aim": [
        -0.010889696888625622,
        3.128849506378174
    ],
    "target": [
        0.665290328422826,
        29.637548638055794
    ],
    "desired_speed": 7.5047161102294915,
    "angle": -0.00221566530329655,
    "angle_last": -0.010068637356023322,
    "angle_target": 0.014288154026521562,
    "angle_final": -0.00221566530329655,
    "delta": 0.25,
    "agent": "only_traj",
    "steer_traj": -0.0049404682081103405,
    "throttle_traj": 0.75,
    "brake_traj": 0.0,
    "plan": [
        [
            -0.010889696888625622,
            3.128849506378174
        ],
        [
            0.02489384636282921,
            6.774205207824707
        ],
        [
            0.10090795159339905,
            10.629961967468262
        ],
        [
            -0.5703346133232117,
            14.448206901550293
        ],
        [
            -0.4477963149547577,
            18.20471954345703
        ],
        [
            -0.5051173567771912,
            21.828710556030273
        ]
    ]
}