{
    "speed": 4.874823354910879,
    "steer": -0.002149185398593545,
    "throttle": 0.75,
    "brake": 0.0,
    "wp_4": [
        -0.5724713802337646,
        14.448397636413574
    ],
    "wp_3": [
        -0.08272241055965424,
        10.401825904846191
    ],
    "wp_2": [
        0.03476832062005997,
        6.70224666595459
    ],
    "wp_1": [
        -0.002450081519782543,
        3.0744800567626953
    ],
    "aim": [
        -0.002450081519782543,
        3.0744800567626953
    ],
    "target": [
        1.3326990636424774,
        28.636288445556456
    ],
    "desired_speed": 7.432770824432373,
    "angle": -0.0005072832098948055,
    "angle_last": 0.016149043773070623,
    "angle_target": 0.029606170817121556,
    "angle_final": -0.0005072832098948055,
    "delta": 0.25,
    "agent": "only_traj",
    "steer_traj": -0.002149185330479252,
    "throttle_traj": 0.75,
    "brake_traj": 0.0,
    "plan": [
        [
            -0.002450081519782543,
            3.0744800567626953
        ],
        [
            0.03476832062005997,
            6.70224666595459
        ],
        [
            -0.08272241055965424,
            10.401825904846191
        ],
        [
            -0.5724713802337646,
            14.448397636413574
        ],
        [
            -0.6183007955551147,
            18.193334579467773
        ],
        [
            -0.5312712788581848,
            21.623437881469727
        ]
    ]
}