{
    "speed": 4.901705965586768,
    "steer": -0.002057128120213747,
    "throttle": 0.75,
    "brake": 0.0,
    "wp_4": [
        0.17946857213974,
        14.768644332885742
    ],
    "wp_3": [
        0.1158904880285263,
        10.806666374206543
    ],
    "wp_2": [
        0.03306783363223076,
        6.913855075836182
    ],
    "wp_1": [
        0.0001819022436393425,
        3.195378065109253
    ],
    "aim": [
        0.0001819022436393425,
        3.195378065109253
    ],
    "target": [
        0.40994613814518277,
        29.426614921631415
    ],
    "desired_speed": 7.642186641693115,
    "angle": 3.624806605665366e-05,
    "angle_last": 0.04353628096104308,
    "angle_target": 0.00886826216533792,
    "angle_final": 3.624806605665366e-05,
    "delta": 0.25,
    "agent": "only_traj",
    "steer_traj": -0.002057128121644453,
    "throttle_traj": 0.75,
    "brake_traj": 0.0,
    "plan": [
        [
            0.0001819022436393425,
            3.195378065109253
        ],
        [
            0.03306783363223076,
            6.913855075836182
        ],
        [
            0.1158904880285263,
            10.806666374206543
        ],
        [
            0.17946857213974,
            14.768644332885742
        ],
        [
            -0.4988158941268921,
            18.452253341674805
        ],
        [
            -0.2401655614376068,
            22.228532791137695
        ]
    ]
}