{
    "speed": 5.001639667720432,
    "steer": 0.003723119618371129,
    "throttle": 0.0,
    "brake": 0.0,
    "wp_4": [
        -0.06974684447050095,
        14.471452713012695
    ],
    "wp_3": [
        -0.20235735177993774,
        10.527045249938965
    ],
    "wp_2": [
        0.012555355206131935,
        6.855769634246826
    ],
    "wp_1": [
        -0.072445809841156,
        3.122232437133789
    ],
    "aim": [
        -0.072445809841156,
        3.122232437133789
    ],
    "target": [
        0.25136007940282545,
        28.992701675944076
    ],
    "desired_speed": 7.457538509368896,
    "angle": -0.014768945869853762,
    "angle_last": 0.02957104851106268,
    "angle_target": 0.00551920925424391,
    "angle_final": 0.00551920925424391,
    "delta": 0.25,
    "agent": "only_traj",
    "steer_traj": 0.0037231196063428635,
    "throttle_traj": 0.0,
    "brake_traj": 0.0,
    "plan": [
        [
            -0.072445809841156,
            3.122232437133789
        ],
        [
            0.012555355206131935,
            6.855769634246826
        ],
        [
            -0.20235735177993774,
            10.527045249938965
        ],
        [
            -0.06974684447050095,
            14.471452713012695
        ],
        [
            -0.6413964629173279,
            18.258625030517578
        ],
        [
            -0.4809657335281372,
            21.709970474243164
        ]
    ]
}