{
    "speed": 5.110901710341032,
    "steer": -0.004927011206746101,
    "throttle": 0.0,
    "brake": 0.0,
    "wp_4": [
        0.09672170132398605,
        14.666444778442383
    ],
    "wp_3": [
        0.06768114864826202,
        10.787018775939941
    ],
    "wp_2": [
        0.010131428949534893,
        6.926657676696777
    ],
    "wp_1": [
        -0.006584152113646269,
        3.2302041053771973
    ],
    "aim": [
        -0.006584152113646269,
        3.2302041053771973
    ],
    "target": [
        -0.16583456000173508,
        28.997100492826135
    ],
    "desired_speed": 7.407086277008057,
    "angle": -0.0012976119878560588,
    "angle_last": 0.050510207667589214,
    "angle_target": -0.0036407919091408646,
    "angle_final": -0.0012976119878560588,
    "delta": 0.25,
    "agent": "only_traj",
    "steer_traj": -0.0049270111141212145,
    "throttle_traj": 0.0,
    "brake_traj": 0.0,
    "plan": [
        [
            -0.006584152113646269,
            3.2302041053771973
        ],
        [
            0.010131428949534893,
            6.926657676696777
        ],
        [
            0.06768114864826202,
            10.787018775939941
        ],
        [
            0.09672170132398605,
            14.666444778442383
        ],
        [
            -0.5673245787620544,
            18.276371002197266
        ],
        [
            -0.29702237248420715,
            21.676048278808594
        ]
    ]
}