{
    "speed": 5.021699613449612,
    "steer": -0.0031396325211972,
    "throttle": 0.0,
    "brake": 0.0,
    "wp_4": [
        0.00562796788290143,
        14.05903148651123
    ],
    "wp_3": [
        0.014598146080970764,
        10.326739311218262
    ],
    "wp_2": [
        -0.008725615218281746,
        6.585440635681152
    ],
    "wp_1": [
        -0.007509684655815363,
        3.054088592529297
    ],
    "aim": [
        -0.007509684655815363,
        3.054088592529297
    ],
    "target": [
        0.5279350060699193,
        27.72704663334938
    ],
    "desired_speed": 7.177287292480468,
    "angle": -0.0015653554033205584,
    "angle_last": 0.007783352186648228,
    "angle_target": 0.012120052346415585,
    "angle_final": -0.0015653554033205584,
    "delta": 0.25,
    "agent": "only_traj",
    "steer_traj": -0.003139632502201428,
    "throttle_traj": 0.0,
    "brake_traj": 0.0,
    "plan": [
        [
            -0.007509684655815363,
            3.054088592529297
        ],
        [
            -0.008725615218281746,
            6.585440635681152
        ],
        [
            0.014598146080970764,
            10.326739311218262
        ],
        [
            0.00562796788290143,
            14.05903148651123
        ],
        [
            -0.6314624547958374,
            17.636728286743164
        ],
        [
            -0.5910659432411194,
            20.94069480895996
        ]
    ]
}