{
    "speed": 4.9488963601701235,
    "steer": -0.0056580910459160805,
    "throttle": 0.75,
    "brake": 0.0,
    "wp_4": [
        0.02736533060669899,
        14.232596397399902
    ],
    "wp_3": [
        0.022905394434928894,
        10.356534957885742
    ],
    "wp_2": [
        -0.004477670416235924,
        6.482501029968262
    ],
    "wp_1": [
        -0.018662838265299797,
        2.9155640602111816
    ],
    "aim": [
        -0.018662838265299797,
        2.9155640602111816
    ],
    "target": [
        0.19676359703109025,
        27.94345677159901
    ],
    "desired_speed": 7.362212657928467,
    "angle": -0.004074994577355578,
    "angle_last": 0.04563276958128311,
    "angle_target": 0.004482678257724821,
    "angle_final": -0.004074994577355578,
    "delta": 0.25,
    "agent": "only_traj",
    "steer_traj": -0.005658091035573063,
    "throttle_traj": 0.75,
    "brake_traj": 0.0,
    "plan": [
        [
            -0.018662838265299797,
            2.9155640602111816
        ],
        [
            -0.004477670416235924,
            6.482501029968262
        ],
        [
            0.022905394434928894,
            10.356534957885742
        ],
        [
            0.02736533060669899,
            14.232596397399902
        ],
        [
            -0.6190550327301025,
            18.033344268798828
        ],
        [
            -0.38750946521759033,
            21.258087158203125
        ]
    ]
}