{
    "speed": 4.838825100613768,
    "steer": -0.01821533590555191,
    "throttle": 0.75,
    "brake": 0.0,
    "wp_4": [
        -0.02501486800611019,
        13.77914047241211
    ],
    "wp_3": [
        -0.2855532169342041,
        9.986895561218262
    ],
    "wp_2": [
        0.023911507800221443,
        6.439999580383301
    ],
    "wp_1": [
        -0.1031809002161026,
        2.857734203338623
    ],
    "aim": [
        -0.1031809002161026,
        2.857734203338623
    ],
    "target": [
        -0.6993832094168125,
        26.70777911806777
    ],
    "desired_speed": 7.247483825683593,
    "angle": -0.022975721721587197,
    "angle_last": 0.007579964331363403,
    "angle_target": -0.01666703350053494,
    "angle_final": -0.01666703350053494,
    "delta": 0.25,
    "agent": "only_traj",
    "steer_traj": -0.018215336017642664,
    "throttle_traj": 0.75,
    "brake_traj": 0.0,
    "plan": [
        [
            -0.1031809002161026,
            2.857734203338623
        ],
        [
            0.023911507800221443,
            6.439999580383301
        ],
        [
            -0.2855532169342041,
            9.986895561218262
        ],
        [
            -0.02501486800611019,
            13.77914047241211
        ],
        [
            -0.6506968140602112,
            17.544225692749023
        ],
        [
            -0.6107401847839355,
            20.899904251098633
        ]
    ]
}