{
    "speed": 4.7602290877146345,
    "steer": 0.009434428997337818,
    "throttle": 0.75,
    "brake": 0.0,
    "wp_4": [
        -0.038491785526275635,
        14.013723373413086
    ],
    "wp_3": [
        -0.019666166976094246,
        10.209161758422852
    ],
    "wp_2": [
        -0.03012569434940815,
        6.439082622528076
    ],
    "wp_1": [
        -0.030330074951052666,
        2.9296562671661377
    ],
    "aim": [
        -0.030330074951052666,
        2.9296562671661377
    ],
    "target": [
        0.2576041786823607,
        28.047148527864078
    ],
    "desired_speed": 7.271110248565674,
    "angle": -0.006590553248671273,
    "angle_last": 0.003790878943803441,
    "angle_target": 0.005846986626326029,
    "angle_final": 0.005846986626326029,
    "delta": 0.25,
    "agent": "only_traj",
    "steer_traj": 0.00943442942297758,
    "throttle_traj": 0.75,
    "brake_traj": 0.0,
    "plan": [
        [
            -0.030330074951052666,
            2.9296562671661377
        ],
        [
            -0.03012569434940815,
            6.439082622528076
        ],
        [
            -0.019666166976094246,
            10.209161758422852
        ],
        [
            -0.038491785526275635,
            14.013723373413086
        ],
        [
            -0.6588995456695557,
            17.665971755981445
        ],
        [
            -0.6387186646461487,
            21.054990768432617
        ]
    ]
}