{
    "speed": 4.77121236251722,
    "steer": -0.005330575164407492,
    "throttle": 0.75,
    "brake": 0.0,
    "wp_4": [
        -0.6880940794944763,
        13.980816841125488
    ],
    "wp_3": [
        -0.5153820514678955,
        10.112319946289062
    ],
    "wp_2": [
        -0.028002478182315826,
        6.512503623962402
    ],
    "wp_1": [
        -0.312995582818985,
        2.7735159397125244
    ],
    "aim": [
        -0.312995582818985,
        2.7735159397125244
    ],
    "target": [
        -0.0817221181037303,
        27.228381783264226
    ],
    "desired_speed": 7.096360969543458,
    "angle": -0.07154079523208275,
    "angle_last": 0.00885857574398979,
    "angle_target": -0.0019107180301969951,
    "angle_final": -0.0019107180301969951,
    "delta": 0.25,
    "agent": "only_traj",
    "steer_traj": -0.005330575243218954,
    "throttle_traj": 0.75,
    "brake_traj": 0.0,
    "plan": [
        [
            -0.312995582818985,
            2.7735159397125244
        ],
        [
            -0.028002478182315826,
            6.512503623962402
        ],
        [
            -0.5153820514678955,
            10.112319946289062
        ],
        [
            -0.6880940794944763,
            13.980816841125488
        ],
        [
            -0.6893160343170166,
            17.40918731689453
        ],
        [
            -0.6467695832252502,
            20.46657943725586
        ]
    ]
}