{
    "speed": 4.998796267751283,
    "steer": -0.02051727846264839,
    "throttle": 0.75,
    "brake": 0.0,
    "wp_4": [
        -0.6276874542236328,
        14.472816467285156
    ],
    "wp_3": [
        -0.6418697834014893,
        10.54428768157959
    ],
    "wp_2": [
        -0.6531513333320618,
        6.817121982574463
    ],
    "wp_1": [
        -0.35450372099876404,
        2.9294989109039307
    ],
    "aim": [
        -0.35450372099876404,
        2.9294989109039307
    ],
    "target": [
        -0.5820503838933501,
        25.548492482077762
    ],
    "desired_speed": 7.484772109985352,
    "angle": -0.07666563794832487,
    "angle_last": 0.00851638326657215,
    "angle_target": -0.014501078505469433,
    "angle_final": -0.014501078505469433,
    "delta": 0.25,
    "agent": "only_traj",
    "steer_traj": -0.020517278961567027,
    "throttle_traj": 0.75,
    "brake_traj": 0.0,
    "plan": [
        [
            -0.35450372099876404,
            2.9294989109039307
        ],
        [
            -0.6531513333320618,
            6.817121982574463
        ],
        [
            -0.6418697834014893,
            10.54428768157959
        ],
        [
            -0.6276874542236328,
            14.472816467285156
        ],
        [
            -0.6587048172950745,
            18.205955505371094
        ],
        [
            -0.6129037141799927,
            21.629497528076172
        ]
    ]
}