{
    "speed": 5.1678328171910355,
    "steer": 0.00440246844664216,
    "throttle": 0.0,
    "brake": 0.0,
    "wp_4": [
        -0.6065258979797363,
        14.740830421447754
    ],
    "wp_3": [
        -0.1945320963859558,
        10.829176902770996
    ],
    "wp_2": [
        -0.03742082789540291,
        6.812901020050049
    ],
    "wp_1": [
        -0.5278980731964111,
        3.0015265941619873
    ],
    "aim": [
        -0.5278980731964111,
        3.0015265941619873
    ],
    "target": [
        0.14473527513413034,
        26.675154960503882
    ],
    "desired_speed": 7.603283500671386,
    "angle": -0.11083297625239666,
    "angle_last": 0.014570890619843787,
    "angle_target": 0.003454166765076906,
    "angle_final": 0.003454166765076906,
    "delta": 0.25,
    "agent": "only_traj",
    "steer_traj": 0.00440246862128354,
    "throttle_traj": 0.0,
    "brake_traj": 0.0,
    "plan": [
        [
            -0.5278980731964111,
            3.0015265941619873
        ],
        [
            -0.03742082789540291,
            6.812901020050049
        ],
        [
            -0.1945320963859558,
            10.829176902770996
        ],
        [
            -0.6065258979797363,
            14.740830421447754
        ],
        [
            -0.6544307470321655,
            18.593387603759766
        ],
        [
            -0.5775362849235535,
            21.95241928100586
        ]
    ]
}