{
    "speed": 5.069843829452409,
    "steer": 0.0017892204923555255,
    "throttle": 0.0,
    "brake": 0.0,
    "wp_4": [
        -0.4646461308002472,
        13.686927795410156
    ],
    "wp_3": [
        0.02365916781127453,
        10.333403587341309
    ],
    "wp_2": [
        0.004754096269607544,
        6.681881904602051
    ],
    "wp_1": [
        0.018699387088418007,
        3.1187925338745117
    ],
    "aim": [
        0.018699387088418007,
        3.1187925338745117
    ],
    "target": [
        1.390838213808587,
        24.678371407436497
    ],
    "desired_speed": 6.778052520751952,
    "angle": 0.0038169095536402676,
    "angle_last": 0.015566200963896201,
    "angle_target": 0.035841077541497464,
    "angle_final": 0.0038169095536402676,
    "delta": 0.25,
    "agent": "only_traj",
    "steer_traj": 0.001789220519786692,
    "throttle_traj": 0.0,
    "brake_traj": 0.0,
    "plan": [
        [
            0.018699387088418007,
            3.1187925338745117
        ],
        [
            0.004754096269607544,
            6.681881904602051
        ],
        [
            0.02365916781127453,
            10.333403587341309
        ],
        [
            -0.4646461308002472,
            13.686927795410156
        ],
        [
            -0.6483046412467957,
            17.128280639648438
        ],
        [
            -0.5775175094604492,
            20.022720336914062
        ]
    ]
}