{
    "speed": 4.945483981004343,
    "steer": -0.0013792125973850489,
    "throttle": 0.75,
    "brake": 0.0,
    "wp_4": [
        -0.5981665253639221,
        14.543076515197754
    ],
    "wp_3": [
        0.07454797625541687,
        10.791297912597656
    ],
    "wp_2": [
        0.015438701026141644,
        6.880678653717041
    ],
    "wp_1": [
        -0.0041867694817483425,
        3.15787410736084
    ],
    "aim": [
        -0.0041867694817483425,
        3.15787410736084
    ],
    "target": [
        0.3447780159112783,
        25.697207601354016
    ],
    "desired_speed": 7.302627849578858,
    "angle": -0.0008440115359764341,
    "angle_last": 0.013205763477730573,
    "angle_target": 0.008540979869475003,
    "angle_final": -0.0008440115359764341,
    "delta": 0.25,
    "agent": "only_traj",
    "steer_traj": -0.001379212591654993,
    "throttle_traj": 0.75,
    "brake_traj": 0.0,
    "plan": [
        [
            -0.0041867694817483425,
            3.15787410736084
        ],
        [
            0.015438701026141644,
            6.880678653717041
        ],
        [
            0.07454797625541687,
            10.791297912597656
        ],
        [
            -0.5981665253639221,
            14.543076515197754
        ],
        [
            -0.6358712911605835,
            18.21633529663086
        ],
        [
            -0.5707912445068359,
            21.353242874145508
        ]
    ]
}