{
    "speed": 4.906163527180594,
    "steer": 0.016386939212679863,
    "throttle": 0.75,
    "brake": 0.0,
    "wp_4": [
        -0.6473832726478577,
        14.498710632324219
    ],
    "wp_3": [
        -0.6587057709693909,
        10.80489444732666
    ],
    "wp_2": [
        -0.3070598840713501,
        6.628337383270264
    ],
    "wp_1": [
        -0.6337814331054688,
        3.034104824066162
    ],
    "aim": [
        -0.6337814331054688,
        3.034104824066162
    ],
    "target": [
        0.6385268933483752,
        25.499146939161704
    ],
    "desired_speed": 7.281478595733642,
    "angle": -0.13109579489911038,
    "angle_last": 0.020798125868125968,
    "angle_target": 0.015938333640018395,
    "angle_final": 0.015938333640018395,
    "delta": 0.25,
    "agent": "only_traj",
    "steer_traj": 0.01638693924581663,
    "throttle_traj": 0.75,
    "brake_traj": 0.0,
    "plan": [
        [
            -0.6337814331054688,
            3.034104824066162
        ],
        [
            -0.3070598840713501,
            6.628337383270264
        ],
        [
            -0.6587057709693909,
            10.80489444732666
        ],
        [
            -0.6473832726478577,
            14.498710632324219
        ],
        [
            -0.6671308875083923,
            18.084402084350586
        ],
        [
            -0.5650980472564697,
            21.206466674804688
        ]
    ]
}