{
    "speed": 4.938494425791549,
    "steer": -0.013752552680671215,
    "throttle": 0.75,
    "brake": 0.0,
    "wp_4": [
        -0.6516088843345642,
        15.110489845275879
    ],
    "wp_3": [
        -0.6364622116088867,
        11.218568801879883
    ],
    "wp_2": [
        -0.4578038454055786,
        6.918994426727295
    ],
    "wp_1": [
        -0.6664721369743347,
        3.2323708534240723
    ],
    "aim": [
        -0.6664721369743347,
        3.2323708534240723
    ],
    "target": [
        -0.30592335809670945,
        24.302376573019437
    ],
    "desired_speed": 7.527173233032226,
    "angle": -0.12944850505328484,
    "angle_last": 0.04860010732069976,
    "angle_target": -0.008013478506367579,
    "angle_final": -0.008013478506367579,
    "delta": 0.25,
    "agent": "only_traj",
    "steer_traj": -0.013752552657333852,
    "throttle_traj": 0.75,
    "brake_traj": 0.0,
    "plan": [
        [
            -0.6664721369743347,
            3.2323708534240723
        ],
        [
            -0.4578038454055786,
            6.918994426727295
        ],
        [
            -0.6364622116088867,
            11.218568801879883
        ],
        [
            -0.6516088843345642,
            15.110489845275879
        ],
        [
            -0.625002384185791,
            18.72887420654297
        ],
        [
            -0.37243029475212097,
            22.030920028686523
        ]
    ]
}