{
    "speed": 5.143066163154844,
    "steer": -0.007091084960848093,
    "throttle": 0.0,
    "brake": 0.0,
    "wp_4": [
        -0.6632540822029114,
        14.861857414245605
    ],
    "wp_3": [
        -0.05458923056721687,
        11.036345481872559
    ],
    "wp_2": [
        -0.4911179840564728,
        7.120316982269287
    ],
    "wp_1": [
        -0.012990246526896954,
        3.2703604698181152
    ],
    "aim": [
        -0.012990246526896954,
        3.2703604698181152
    ],
    "target": [
        -0.3573346643701117,
        24.517997477750065
    ],
    "desired_speed": 7.173536396026611,
    "angle": -0.002528715640255468,
    "angle_last": 0.038691627782753035,
    "angle_target": -0.009277682973977623,
    "angle_final": -0.002528715640255468,
    "delta": 0.25,
    "agent": "only_traj",
    "steer_traj": -0.007091085056799713,
    "throttle_traj": 0.0,
    "brake_traj": 0.0,
    "plan": [
        [
            -0.012990246526896954,
            3.2703604698181152
        ],
        [
            -0.4911179840564728,
            7.120316982269287
        ],
        [
            -0.05458923056721687,
            11.036345481872559
        ],
        [
            -0.6632540822029114,
            14.861857414245605
        ],
        [
            -0.6505204439163208,
            18.192575454711914
        ],
        [
            -0.4737904369831085,
            21.09685516357422
        ]
    ]
}