{
    "speed": 5.028255311607034,
    "steer": -0.000689972541294992,
    "throttle": 0.0,
    "brake": 0.0,
    "wp_4": [
        -0.6214891672134399,
        14.377102851867676
    ],
    "wp_3": [
        0.005710815079510212,
        10.771271705627441
    ],
    "wp_2": [
        -0.0016941381618380547,
        6.952672958374023
    ],
    "wp_1": [
        -0.004396336153149605,
        3.203535318374634
    ],
    "aim": [
        -0.004396336153149605,
        3.203535318374634
    ],
    "target": [
        0.7829502457649007,
        24.973719263135767
    ],
    "desired_speed": 6.970397567749023,
    "angle": -0.0008736090223798227,
    "angle_last": 0.00782486455860375,
    "angle_target": 0.0199521102539684,
    "angle_final": -0.0008736090223798227,
    "delta": 0.25,
    "agent": "only_traj",
    "steer_traj": -0.0006899725557665878,
    "throttle_traj": 0.0,
    "brake_traj": 0.0,
    "plan": [
        [
            -0.004396336153149605,
            3.203535318374634
        ],
        [
            -0.0016941381618380547,
            6.952672958374023
        ],
        [
            0.005710815079510212,
            10.771271705627441
        ],
        [
            -0.6214891672134399,
            14.377102851867676
        ],
        [
            -0.6024690866470337,
            17.649978637695312
        ],
        [
            -0.56651371717453,
            20.575103759765625
        ]
    ]
}