{
    "speed": 4.951035498139574,
    "steer": 0.008282681927084923,
    "throttle": 0.75,
    "brake": 0.0,
    "wp_4": [
        -0.6880477070808411,
        13.309000968933105
    ],
    "wp_3": [
        -0.11071842908859253,
        10.13960075378418
    ],
    "wp_2": [
        -0.021366072818636894,
        6.679681777954102
    ],
    "wp_1": [
        0.0387381836771965,
        3.0360636711120605
    ],
    "aim": [
        0.0387381836771965,
        3.0360636711120605
    ],
    "target": [
        1.0555250904542088,
        24.377086602661464
    ],
    "desired_speed": 6.09221134185791,
    "angle": 0.008122433133443971,
    "angle_last": 0.0013326938615158517,
    "angle_target": 0.027548356056245185,
    "angle_final": 0.008122433133443971,
    "delta": 0.25,
    "agent": "only_traj",
    "steer_traj": 0.008282681964168247,
    "throttle_traj": 0.75,
    "brake_traj": 0.0,
    "plan": [
        [
            0.0387381836771965,
            3.0360636711120605
        ],
        [
            -0.021366072818636894,
            6.679681777954102
        ],
        [
            -0.11071842908859253,
            10.13960075378418
        ],
        [
            -0.6880477070808411,
            13.309000968933105
        ],
        [
            -0.5885606408119202,
            16.052091598510742
        ],
        [
            -0.584041178226471,
            18.210981369018555
        ]
    ]
}