{
    "speed": 4.854904684591092,
    "steer": -0.001983156893402338,
    "throttle": 0.75,
    "brake": 0.0,
    "wp_4": [
        -0.6642511487007141,
        12.882295608520508
    ],
    "wp_3": [
        -0.12431303411722183,
        10.043805122375488
    ],
    "wp_2": [
        -0.022418588399887085,
        6.698012828826904
    ],
    "wp_1": [
        0.04807798191905022,
        3.0687687397003174
    ],
    "aim": [
        0.04807798191905022,
        3.0687687397003174
    ],
    "target": [
        0.02951221171001711,
        24.188148408479954
    ],
    "desired_speed": 5.6888596534729,
    "angle": 0.009973034943563537,
    "angle_last": 0.026791540973821377,
    "angle_target": 0.0007767460270438915,
    "angle_final": 0.0007767460270438915,
    "delta": 0.25,
    "agent": "only_traj",
    "steer_traj": -0.0019831568119662696,
    "throttle_traj": 0.75,
    "brake_traj": 0.0,
    "plan": [
        [
            0.04807798191905022,
            3.0687687397003174
        ],
        [
            -0.022418588399887085,
            6.698012828826904
        ],
        [
            -0.12431303411722183,
            10.043805122375488
        ],
        [
            -0.6642511487007141,
            12.882295608520508
        ],
        [
            -0.6838943958282471,
            15.305441856384277
        ],
        [
            -0.6026008725166321,
            17.235994338989258
        ]
    ]
}