{
    "speed": 4.78459218750777,
    "steer": -0.0004303416935727,
    "throttle": 0.75,
    "brake": 0.0,
    "wp_4": [
        -0.6784932613372803,
        13.32165813446045
    ],
    "wp_3": [
        -0.10420942306518555,
        10.006342887878418
    ],
    "wp_2": [
        -0.01919451914727688,
        6.538235187530518
    ],
    "wp_1": [
        0.019248422235250473,
        2.9770350456237793
    ],
    "aim": [
        0.019248422235250473,
        2.9770350456237793
    ],
    "target": [
        -0.001612925114379271,
        23.966741453840363
    ],
    "desired_speed": 6.293005657196046,
    "angle": 0.004116071839286826,
    "angle_last": -0.06563161912615083,
    "angle_target": -4.284353880940663e-05,
    "angle_final": -4.284353880940663e-05,
    "delta": 0.25,
    "agent": "only_traj",
    "steer_traj": -0.00043034170176819514,
    "throttle_traj": 0.75,
    "brake_traj": 0.0,
    "plan": [
        [
            0.019248422235250473,
            2.9770350456237793
        ],
        [
            -0.01919451914727688,
            6.538235187530518
        ],
        [
            -0.10420942306518555,
            10.006342887878418
        ],
        [
            -0.6784932613372803,
            13.32165813446045
        ],
        [
            -0.3277927041053772,
            16.082975387573242
        ],
        [
            -0.5906049609184265,
            18.623188018798828
        ]
    ]
}