{
    "speed": 4.800254136048732,
    "steer": -0.012970182113349438,
    "throttle": 0.75,
    "brake": 0.0,
    "wp_4": [
        -0.6936154961585999,
        13.710323333740234
    ],
    "wp_3": [
        -0.14645618200302124,
        10.182555198669434
    ],
    "wp_2": [
        0.022159958258271217,
        6.69224739074707
    ],
    "wp_1": [
        -0.6393292546272278,
        3.135211229324341
    ],
    "aim": [
        -0.6393292546272278,
        3.135211229324341
    ],
    "target": [
        -0.4374215860193925,
        22.90692156376751
    ],
    "desired_speed": 6.535451889038086,
    "angle": -0.12806303912564315,
    "angle_last": 0.022609492036013347,
    "angle_target": -0.012155164092728717,
    "angle_final": -0.012155164092728717,
    "delta": 0.25,
    "agent": "only_traj",
    "steer_traj": -0.01297018212533322,
    "throttle_traj": 0.75,
    "brake_traj": 0.0,
    "plan": [
        [
            -0.6393292546272278,
            3.135211229324341
        ],
        [
            0.022159958258271217,
            6.69224739074707
        ],
        [
            -0.14645618200302124,
            10.182555198669434
        ],
        [
            -0.6936154961585999,
            13.710323333740234
        ],
        [
            -0.6073561310768127,
            16.666627883911133
        ],
        [
            -0.5115314722061157,
            19.363645553588867
        ]
    ]
}