{
    "speed": 5.027705826435201,
    "steer": -0.0060204071924090385,
    "throttle": 0.0,
    "brake": 0.0,
    "wp_4": [
        -0.01146803516894579,
        13.843011856079102
    ],
    "wp_3": [
        0.012080959975719452,
        10.882545471191406
    ],
    "wp_2": [
        -0.001776002231054008,
        7.19034481048584
    ],
    "wp_1": [
        -0.047812290489673615,
        3.2352287769317627
    ],
    "aim": [
        -0.047812290489673615,
        3.2352287769317627
    ],
    "target": [
        0.12465041824117268,
        22.917850531500406
    ],
    "desired_speed": 5.822630500793457,
    "angle": -0.009407702717338422,
    "angle_last": -0.0830700786600735,
    "angle_target": 0.003462547164999711,
    "angle_final": 0.003462547164999711,
    "delta": 0.25,
    "agent": "only_traj",
    "steer_traj": -0.006020407275148316,
    "throttle_traj": 0.0,
    "brake_traj": 0.0,
    "plan": [
        [
            -0.047812290489673615,
            3.2352287769317627
        ],
        [
            -0.001776002231054008,
            7.19034481048584
        ],
        [
            0.012080959975719452,
            10.882545471191406
        ],
        [
            -0.01146803516894579,
            13.843011856079102
        ],
        [
            -0.3584689199924469,
            15.848777770996094
        ],
        [
            -0.6073610782623291,
            17.745361328125
        ]
    ]
}