{
    "speed": 5.030338436951689,
    "steer": 0.004612497519701719,
    "throttle": 0.0,
    "brake": 0.0,
    "wp_4": [
        -0.67791748046875,
        12.652006149291992
    ],
    "wp_3": [
        -0.4769411087036133,
        9.812126159667969
    ],
    "wp_2": [
        0.029097547754645348,
        6.6509575843811035
    ],
    "wp_1": [
        -0.2875332534313202,
        2.8833236694335938
    ],
    "aim": [
        -0.2875332534313202,
        2.8833236694335938
    ],
    "target": [
        0.13174017537578886,
        21.853724368879394
    ],
    "desired_speed": 5.299891471862793,
    "angle": -0.0632763422273581,
    "angle_last": -0.018096765815465533,
    "angle_target": 0.0038376700986316892,
    "angle_final": 0.0038376700986316892,
    "delta": 0.25,
    "agent": "only_traj",
    "steer_traj": 0.004612497548351257,
    "throttle_traj": 0.0,
    "brake_traj": 0.0,
    "plan": [
        [
            -0.2875332534313202,
            2.8833236694335938
        ],
        [
            0.029097547754645348,
            6.6509575843811035
        ],
        [
            -0.4769411087036133,
            9.812126159667969
        ],
        [
            -0.67791748046875,
            12.652006149291992
        ],
        [
            -0.4269584119319916,
            14.682415008544922
        ],
        [
            -0.46602681279182434,
            16.056415557861328
        ]
    ]
}