{
    "speed": 4.87463950019806,
    "steer": 0.0020086043514311314,
    "throttle": 0.75,
    "brake": 0.0,
    "wp_4": [
        -0.07213636487722397,
        13.877378463745117
    ],
    "wp_3": [
        0.04070104658603668,
        10.689165115356445
    ],
    "wp_2": [
        -0.0050522037781775,
        6.822395324707031
    ],
    "wp_1": [
        -0.0027296538464725018,
        3.0286412239074707
    ],
    "aim": [
        -0.0027296538464725018,
        3.0286412239074707
    ],
    "target": [
        -0.80438265215771,
        21.92080388425213
    ],
    "desired_speed": 6.399000453948974,
    "angle": -0.0005737637178162628,
    "angle_last": 0.049453729184969805,
    "angle_target": -0.023350249593558883,
    "angle_final": -0.0005737637178162628,
    "delta": 0.25,
    "agent": "only_traj",
    "steer_traj": 0.0020086043905743526,
    "throttle_traj": 0.75,
    "brake_traj": 0.0,
    "plan": [
        [
            -0.0027296538464725018,
            3.0286412239074707
        ],
        [
            -0.0050522037781775,
            6.822395324707031
        ],
        [
            0.04070104658603668,
            10.689165115356445
        ],
        [
            -0.07213636487722397,
            13.877378463745117
        ],
        [
            -0.6276478171348572,
            16.612836837768555
        ],
        [
            -0.444875568151474,
            18.960935592651367
        ]
    ]
}