{
    "speed": 4.808806192428856,
    "steer": 0.020951708778738976,
    "throttle": 0.75,
    "brake": 0.0,
    "wp_4": [
        -0.13805067539215088,
        13.574246406555176
    ],
    "wp_3": [
        0.019911175593733788,
        10.546781539916992
    ],
    "wp_2": [
        -0.0007971934974193573,
        6.855017185211182
    ],
    "wp_1": [
        -0.25794517993927,
        2.9531404972076416
    ],
    "aim": [
        -0.25794517993927,
        2.9531404972076416
    ],
    "target": [
        0.6521301318607858,
        22.002843200460187
    ],
    "desired_speed": 6.208109188079834,
    "angle": -0.055465413783522294,
    "angle_last": 0.018044041812795272,
    "angle_target": 0.01886290024460978,
    "angle_final": 0.01886290024460978,
    "delta": 0.25,
    "agent": "only_traj",
    "steer_traj": 0.020951708219468238,
    "throttle_traj": 0.75,
    "brake_traj": 0.0,
    "plan": [
        [
            -0.25794517993927,
            2.9531404972076416
        ],
        [
            -0.0007971934974193573,
            6.855017185211182
        ],
        [
            0.019911175593733788,
            10.546781539916992
        ],
        [
            -0.13805067539215088,
            13.574246406555176
        ],
        [
            -0.6144129037857056,
            16.153614044189453
        ],
        [
            -0.5502648949623108,
            18.416244506835938
        ]
    ]
}