{
    "speed": 4.82616589330997,
    "steer": 0.001161805004812777,
    "throttle": 0.75,
    "brake": 0.0,
    "wp_4": [
        -0.21763694286346436,
        13.66884708404541
    ],
    "wp_3": [
        -0.04014374315738678,
        10.7986421585083
    ],
    "wp_2": [
        -0.044157613068819046,
        7.044877052307129
    ],
    "wp_1": [
        0.028917359188199043,
        3.2007434368133545
    ],
    "aim": [
        0.028917359188199043,
        3.2007434368133545
    ],
    "target": [
        0.9602602922840563,
        21.826879940342998
    ],
    "desired_speed": 5.807753038406373,
    "angle": 0.005751446799560212,
    "angle_last": 0.002376574439666134,
    "angle_target": 0.027989650499952123,
    "angle_final": 0.005751446799560212,
    "delta": 0.25,
    "agent": "only_traj",
    "steer_traj": 0.0011618050344540986,
    "throttle_traj": 0.75,
    "brake_traj": 0.0,
    "plan": [
        [
            0.028917359188199043,
            3.2007434368133545
        ],
        [
            -0.044157613068819046,
            7.044877052307129
        ],
        [
            -0.04014374315738678,
            10.7986421585083
        ],
        [
            -0.21763694286346436,
            13.66884708404541
        ],
        [
            -0.6212360262870789,
            15.882288932800293
        ],
        [
            -0.6145345568656921,
            17.677438735961914
        ]
    ]
}