{
    "speed": 4.921523137121091,
    "steer": 0.00706220418214798,
    "throttle": 0.75,
    "brake": 0.0,
    "wp_4": [
        -0.23220369219779968,
        13.522653579711914
    ],
    "wp_3": [
        -0.006305498071014881,
        10.8815336227417
    ],
    "wp_2": [
        -0.00971264112740755,
        7.196327209472656
    ],
    "wp_1": [
        0.03895324841141701,
        3.287261486053467
    ],
    "aim": [
        0.03895324841141701,
        3.287261486053467
    ],
    "target": [
        1.1279307884102736,
        20.79541369269793
    ],
    "desired_speed": 5.602339029312135,
    "angle": 0.007543460764799225,
    "angle_last": 0.027115291940479982,
    "angle_target": 0.03449607365940264,
    "angle_final": 0.007543460764799225,
    "delta": 0.25,
    "agent": "only_traj",
    "steer_traj": 0.007062204178598494,
    "throttle_traj": 0.75,
    "brake_traj": 0.0,
    "plan": [
        [
            0.03895324841141701,
            3.287261486053467
        ],
        [
            -0.00971264112740755,
            7.196327209472656
        ],
        [
            -0.006305498071014881,
            10.8815336227417
        ],
        [
            -0.23220369219779968,
            13.522653579711914
        ],
        [
            -0.6102300882339478,
            15.650702476501465
        ],
        [
            -0.5421389937400818,
            17.248395919799805
        ]
    ]
}