{
    "speed": 5.060232153758069,
    "steer": 0.008996575139462948,
    "throttle": 0.0,
    "brake": 0.0,
    "wp_4": [
        -0.6660518646240234,
        10.62778377532959
    ],
    "wp_3": [
        -0.4636187255382538,
        7.247620582580566
    ],
    "wp_2": [
        -0.5731353163719177,
        3.8718061447143555
    ],
    "wp_1": [
        -0.3500656187534332,
        1.4279563426971436
    ],
    "aim": [
        -0.3500656187534332,
        1.4279563426971436
    ],
    "target": [
        0.3206785393018508,
        21.312287883804004
    ],
    "desired_speed": 6.595310306549072,
    "angle": -0.15304984427531002,
    "angle_last": 0.03394988278795785,
    "angle_target": 0.009578272179979256,
    "angle_final": 0.009578272179979256,
    "delta": 0.25,
    "agent": "only_traj",
    "steer_traj": 0.008996575293372956,
    "throttle_traj": 0.0,
    "brake_traj": 0.0,
    "plan": [
        [
            -0.3500656187534332,
            1.4279563426971436
        ],
        [
            -0.5731353163719177,
            3.8718061447143555
        ],
        [
            -0.4636187255382538,
            7.247620582580566
        ],
        [
            -0.6660518646240234,
            10.62778377532959
        ],
        [
            -0.6298363208770752,
            14.246463775634766
        ],
        [
            -0.4351949095726013,
            17.892868041992188
        ]
    ]
}