{
    "speed": 5.185614672716051,
    "steer": -0.01647781953215599,
    "throttle": 0.0,
    "brake": 0.0,
    "wp_4": [
        -0.6347326040267944,
        14.424721717834473
    ],
    "wp_3": [
        -0.6784788370132446,
        10.930227279663086
    ],
    "wp_2": [
        -0.6213127970695496,
        6.943416118621826
    ],
    "wp_1": [
        -0.6894074082374573,
        2.8465042114257812
    ],
    "aim": [
        -0.6894074082374573,
        2.8465042114257812
    ],
    "target": [
        -0.4562190251306135,
        20.79073010211242
    ],
    "desired_speed": 7.134403705596924,
    "angle": -0.15127285672624502,
    "angle_last": 0.14303119125467417,
    "angle_target": -0.013967352155315966,
    "angle_final": -0.013967352155315966,
    "delta": 0.25,
    "agent": "only_traj",
    "steer_traj": -0.01647781931545255,
    "throttle_traj": 0.0,
    "brake_traj": 0.0,
    "plan": [
        [
            -0.6894074082374573,
            2.8465042114257812
        ],
        [
            -0.6213127970695496,
            6.943416118621826
        ],
        [
            -0.6784788370132446,
            10.930227279663086
        ],
        [
            -0.6347326040267944,
            14.424721717834473
        ],
        [
            -0.4981766939163208,
            17.977920532226562
        ],
        [
            0.10350994765758514,
            20.610763549804688
        ]
    ]
}