{
    "speed": 5.082610771427043,
    "steer": 0.009476302191615105,
    "throttle": 0.0,
    "brake": 0.0,
    "wp_4": [
        -0.38185346126556396,
        13.097819328308105
    ],
    "wp_3": [
        -0.024330858141183853,
        10.098276138305664
    ],
    "wp_2": [
        -0.02305186353623867,
        6.505746841430664
    ],
    "wp_1": [
        0.017604786902666092,
        2.8809731006622314
    ],
    "aim": [
        0.017604786902666092,
        2.8809731006622314
    ],
    "target": [
        0.37487268900240756,
        20.237473909812085
    ],
    "desired_speed": 6.330642127990723,
    "angle": 0.0038901443597409596,
    "angle_last": 0.1690429801257876,
    "angle_target": 0.011791198679510208,
    "angle_final": 0.0038901443597409596,
    "delta": 0.25,
    "agent": "only_traj",
    "steer_traj": 0.009476302315569438,
    "throttle_traj": 0.0,
    "brake_traj": 0.0,
    "plan": [
        [
            0.017604786902666092,
            2.8809731006622314
        ],
        [
            -0.02305186353623867,
            6.505746841430664
        ],
        [
            -0.024330858141183853,
            10.098276138305664
        ],
        [
            -0.38185346126556396,
            13.097819328308105
        ],
        [
            -0.5183191299438477,
            16.27446746826172
        ],
        [
            0.11378397047519684,
            18.598770141601562
        ]
    ]
}