{
    "speed": 4.972762491798779,
    "steer": 0.00548971351236105,
    "throttle": 0.75,
    "brake": 0.0,
    "wp_4": [
        -0.3131665587425232,
        13.0482177734375
    ],
    "wp_3": [
        -0.40363654494285583,
        10.163348197937012
    ],
    "wp_2": [
        -0.44782358407974243,
        6.416115760803223
    ],
    "wp_1": [
        -0.273700088262558,
        2.55448579788208
    ],
    "aim": [
        -0.273700088262558,
        2.55448579788208
    ],
    "target": [
        0.16015819213350055,
        19.850600005678547
    ],
    "desired_speed": 6.316211795806884,
    "angle": -0.0679513031502687,
    "angle_last": 0.13686899458548865,
    "angle_target": 0.005136250768209822,
    "angle_final": 0.005136250768209822,
    "delta": 0.25,
    "agent": "only_traj",
    "steer_traj": 0.005489713665897104,
    "throttle_traj": 0.75,
    "brake_traj": 0.0,
    "plan": [
        [
            -0.273700088262558,
            2.55448579788208
        ],
        [
            -0.44782358407974243,
            6.416115760803223
        ],
        [
            -0.40363654494285583,
            10.163348197937012
        ],
        [
            -0.3131665587425232,
            13.0482177734375
        ],
        [
            -0.579194962978363,
            16.01776885986328
        ],
        [
            -0.0864303931593895,
            18.27434539794922
        ]
    ]
}