{
    "speed": 4.893115679421565,
    "steer": 0.010307009331882,
    "throttle": 0.75,
    "brake": 0.0,
    "wp_4": [
        -0.5693903565406799,
        13.216630935668945
    ],
    "wp_3": [
        -0.3736017048358917,
        9.981178283691406
    ],
    "wp_2": [
        -0.4070826768875122,
        6.272174835205078
    ],
    "wp_1": [
        -0.4343416094779968,
        2.511356830596924
    ],
    "aim": [
        -0.4343416094779968,
        2.511356830596924
    ],
    "target": [
        0.31259493933177446,
        20.061677143632753
    ],
    "desired_speed": 6.727468872070313,
    "angle": -0.10902548052503895,
    "angle_last": 0.12776397296690775,
    "angle_target": 0.00991881260423249,
    "angle_final": 0.00991881260423249,
    "delta": 0.25,
    "agent": "only_traj",
    "steer_traj": 0.010307009487835842,
    "throttle_traj": 0.75,
    "brake_traj": 0.0,
    "plan": [
        [
            -0.4343416094779968,
            2.511356830596924
        ],
        [
            -0.4070826768875122,
            6.272174835205078
        ],
        [
            -0.3736017048358917,
            9.981178283691406
        ],
        [
            -0.5693903565406799,
            13.216630935668945
        ],
        [
            -0.4608115255832672,
            16.672212600708008
        ],
        [
            0.06744592636823654,
            19.26896858215332
        ]
    ]
}