{
    "speed": 4.851922053028408,
    "steer": 0.00918627716600895,
    "throttle": 0.75,
    "brake": 0.0,
    "wp_4": [
        -0.44214436411857605,
        12.810952186584473
    ],
    "wp_3": [
        -0.16579993069171906,
        9.91373348236084
    ],
    "wp_2": [
        -0.11113729327917099,
        6.345668792724609
    ],
    "wp_1": [
        -0.503769040107727,
        2.668626308441162
    ],
    "aim": [
        -0.503769040107727,
        2.668626308441162
    ],
    "target": [
        0.1716913698533777,
        20.129648327634154
    ],
    "desired_speed": 6.207694625854492,
    "angle": -0.11877990135170649,
    "angle_last": 0.15399941258784375,
    "angle_target": 0.005429775453864556,
    "angle_final": 0.005429775453864556,
    "delta": 0.25,
    "agent": "only_traj",
    "steer_traj": 0.009186277080289615,
    "throttle_traj": 0.75,
    "brake_traj": 0.0,
    "plan": [
        [
            -0.503769040107727,
            2.668626308441162
        ],
        [
            -0.11113729327917099,
            6.345668792724609
        ],
        [
            -0.16579993069171906,
            9.91373348236084
        ],
        [
            -0.44214436411857605,
            12.810952186584473
        ],
        [
            -0.5402194261550903,
            15.86270523071289
        ],
        [
            0.008135605603456497,
            18.085166931152344
        ]
    ]
}