{
    "speed": 4.948177182108376,
    "steer": -0.046173885464668274,
    "throttle": 0.75,
    "brake": 0.0,
    "wp_4": [
        -0.6531969308853149,
        13.853069305419922
    ],
    "wp_3": [
        -0.2475498616695404,
        10.555510520935059
    ],
    "wp_2": [
        -0.5753424167633057,
        6.853828430175781
    ],
    "wp_1": [
        -0.6455613374710083,
        3.2258667945861816
    ],
    "aim": [
        -0.6455613374710083,
        3.2258667945861816
    ],
    "target": [
        -1.2560439560241836,
        18.54838592444742
    ],
    "desired_speed": 6.468134498596192,
    "angle": -0.1257394846609956,
    "angle_last": 0.12382044941311475,
    "angle_target": -0.04304436620228534,
    "angle_final": -0.04304436620228534,
    "delta": 0.25,
    "agent": "only_traj",
    "steer_traj": -0.04617388479421973,
    "throttle_traj": 0.75,
    "brake_traj": 0.0,
    "plan": [
        [
            -0.6455613374710083,
            3.2258667945861816
        ],
        [
            -0.5753424167633057,
            6.853828430175781
        ],
        [
            -0.2475498616695404,
            10.555510520935059
        ],
        [
            -0.6531969308853149,
            13.853069305419922
        ],
        [
            -0.3880143165588379,
            16.982769012451172
        ],
        [
            0.06853430718183517,
            19.30042839050293
        ]
    ]
}