{
    "speed": 5.082613562268248,
    "steer": -0.01320014800876379,
    "throttle": 0.0,
    "brake": 0.0,
    "wp_4": [
        -0.5647208094596863,
        13.988520622253418
    ],
    "wp_3": [
        -0.11386540532112122,
        10.52696418762207
    ],
    "wp_2": [
        -0.6319146752357483,
        6.740030288696289
    ],
    "wp_1": [
        -0.6411030292510986,
        3.1416256427764893
    ],
    "aim": [
        -0.6411030292510986,
        3.1416256427764893
    ],
    "target": [
        -0.7188850049587927,
        18.336102138446222
    ],
    "desired_speed": 6.736042785644531,
    "angle": -0.128153652968632,
    "angle_last": 0.07509183081749277,
    "angle_target": -0.024946530699168464,
    "angle_final": -0.024946530699168464,
    "delta": 0.25,
    "agent": "only_traj",
    "steer_traj": -0.013200147643228532,
    "throttle_traj": 0.0,
    "brake_traj": 0.0,
    "plan": [
        [
            -0.6411030292510986,
            3.1416256427764893
        ],
        [
            -0.6319146752357483,
            6.740030288696289
        ],
        [
            -0.11386540532112122,
            10.52696418762207
        ],
        [
            -0.5647208094596863,
            13.988520622253418
        ],
        [
            -0.09115691483020782,
            17.32037353515625
        ],
        [
            0.2105000764131546,
            19.865915298461914
        ]
    ]
}