{
    "speed": 5.188785187119868,
    "steer": 0.01357742678374052,
    "throttle": 0.0,
    "brake": 0.0,
    "wp_4": [
        -0.6399621963500977,
        10.584281921386719
    ],
    "wp_3": [
        -0.6835465431213379,
        7.028287887573242
    ],
    "wp_2": [
        -0.6714862585067749,
        4.086268901824951
    ],
    "wp_1": [
        -0.7260210514068604,
        1.5444680452346802
    ],
    "aim": [
        -0.7260210514068604,
        1.5444680452346802
    ],
    "target": [
        0.1644759175232809,
        18.68581542170521
    ],
    "desired_speed": 6.563379764556885,
    "angle": -0.27974674184842463,
    "angle_last": 0.12057421228258924,
    "angle_target": 0.005603497343745429,
    "angle_final": 0.005603497343745429,
    "delta": 0.25,
    "agent": "only_traj",
    "steer_traj": 0.013577426950863522,
    "throttle_traj": 0.0,
    "brake_traj": 0.0,
    "plan": [
        [
            -0.7260210514068604,
            1.5444680452346802
        ],
        [
            -0.6714862585067749,
            4.086268901824951
        ],
        [
            -0.6835465431213379,
            7.028287887573242
        ],
        [
            -0.6399621963500977,
            10.584281921386719
        ],
        [
            -0.6586247086524963,
            14.082898139953613
        ],
        [
            0.06979860365390778,
            17.882802963256836
        ]
    ]
}