{
    "speed": 5.075802898959368,
    "steer": -0.009870822541415691,
    "throttle": 0.0,
    "brake": 0.0,
    "wp_4": [
        -0.6459094882011414,
        13.783646583557129
    ],
    "wp_3": [
        -0.19195692241191864,
        10.494420051574707
    ],
    "wp_2": [
        -0.5279446244239807,
        7.043579578399658
    ],
    "wp_1": [
        -0.6376563906669617,
        3.2655677795410156
    ],
    "aim": [
        -0.6376563906669617,
        3.2655677795410156
    ],
    "target": [
        -0.23114062094241739,
        18.6568530024962
    ],
    "desired_speed": 6.24791202545166,
    "angle": -0.12276584796934438,
    "angle_last": 0.16412554748734154,
    "angle_target": -0.007886708525825173,
    "angle_final": -0.007886708525825173,
    "delta": 0.25,
    "agent": "only_traj",
    "steer_traj": -0.009870822996106738,
    "throttle_traj": 0.0,
    "brake_traj": 0.0,
    "plan": [
        [
            -0.6376563906669617,
            3.2655677795410156
        ],
        [
            -0.5279446244239807,
            7.043579578399658
        ],
        [
            -0.19195692241191864,
            10.494420051574707
        ],
        [
            -0.6459094882011414,
            13.783646583557129
        ],
        [
            -0.1925392746925354,
            16.61737060546875
        ],
        [
            0.36400333046913147,
            18.72808074951172
        ]
    ]
}