{
    "speed": 4.975057974870505,
    "steer": 0.004205075558274984,
    "throttle": 0.75,
    "brake": 0.0,
    "wp_4": [
        -0.687653660774231,
        13.614766120910645
    ],
    "wp_3": [
        -0.7011138796806335,
        9.965666770935059
    ],
    "wp_2": [
        -0.669171929359436,
        6.340201377868652
    ],
    "wp_1": [
        -0.6206434965133667,
        3.0793352127075195
    ],
    "aim": [
        -0.6206434965133667,
        3.0793352127075195
    ],
    "target": [
        0.042378686487241246,
        17.25146130547647
    ],
    "desired_speed": 6.958557987213135,
    "angle": -0.12661511491259123,
    "angle_last": 0.016363132258055135,
    "angle_target": 0.0015638707352668183,
    "angle_final": 0.0015638707352668183,
    "delta": 0.25,
    "agent": "only_traj",
    "steer_traj": 0.004205075713522702,
    "throttle_traj": 0.75,
    "brake_traj": 0.0,
    "plan": [
        [
            -0.6206434965133667,
            3.0793352127075195
        ],
        [
            -0.669171929359436,
            6.340201377868652
        ],
        [
            -0.7011138796806335,
            9.965666770935059
        ],
        [
            -0.687653660774231,
            13.614766120910645
        ],
        [
            0.02183673344552517,
            17.25825309753418
        ],
        [
            0.10275446623563766,
            20.40572738647461
        ]
    ]
}