{
    "speed": 4.9031430657702515,
    "steer": -0.016987254843115807,
    "throttle": 0.75,
    "brake": 0.0,
    "wp_4": [
        -0.5857834815979004,
        14.607051849365234
    ],
    "wp_3": [
        -0.2780514061450958,
        10.474331855773926
    ],
    "wp_2": [
        -0.49223950505256653,
        6.869527816772461
    ],
    "wp_1": [
        -0.40468016266822815,
        3.0914249420166016
    ],
    "aim": [
        -0.40468016266822815,
        3.0914249420166016
    ],
    "target": [
        -0.45412618266129473,
        18.14214652054179
    ],
    "desired_speed": 7.307723712921143,
    "angle": -0.08286494531200078,
    "angle_last": -0.06746233749668658,
    "angle_target": -0.015932257348178096,
    "angle_final": -0.015932257348178096,
    "delta": 0.25,
    "agent": "only_traj",
    "steer_traj": -0.016987255499565364,
    "throttle_traj": 0.75,
    "brake_traj": 0.0,
    "plan": [
        [
            -0.40468016266822815,
            3.0914249420166016
        ],
        [
            -0.49223950505256653,
            6.869527816772461
        ],
        [
            -0.2780514061450958,
            10.474331855773926
        ],
        [
            -0.5857834815979004,
            14.607051849365234
        ],
        [
            0.14870478212833405,
            18.176959991455078
        ],
        [
            -0.17814838886260986,
            21.24981117248535
        ]
    ]
}