{
    "speed": 4.84546549635924,
    "steer": -0.004900061059743166,
    "throttle": 0.75,
    "brake": 0.0,
    "wp_4": [
        -0.6053802371025085,
        14.322070121765137
    ],
    "wp_3": [
        -0.4305889904499054,
        10.166982650756836
    ],
    "wp_2": [
        -0.6600018739700317,
        6.360058307647705
    ],
    "wp_1": [
        -0.35559192299842834,
        2.921628713607788
    ],
    "aim": [
        -0.35559192299842834,
        2.921628713607788
    ],
    "target": [
        -0.2597379998304771,
        18.066904462129948
    ],
    "desired_speed": 7.582964992523193,
    "angle": -0.07710383252907657,
    "angle_last": -0.09320463745954763,
    "angle_target": -0.009151703665794002,
    "angle_final": -0.009151703665794002,
    "delta": 0.25,
    "agent": "only_traj",
    "steer_traj": -0.004900061151005844,
    "throttle_traj": 0.75,
    "brake_traj": 0.0,
    "plan": [
        [
            -0.35559192299842834,
            2.921628713607788
        ],
        [
            -0.6600018739700317,
            6.360058307647705
        ],
        [
            -0.4305889904499054,
            10.166982650756836
        ],
        [
            -0.6053802371025085,
            14.322070121765137
        ],
        [
            0.10642216354608536,
            18.2250919342041
        ],
        [
            -0.4137301445007324,
            21.752490997314453
        ]
    ]
}