{
    "speed": 4.868529800238097,
    "steer": 0.015273208729922771,
    "throttle": 0.75,
    "brake": 0.0,
    "wp_4": [
        -0.5215423107147217,
        14.508237838745117
    ],
    "wp_3": [
        -0.5026405453681946,
        10.331756591796875
    ],
    "wp_2": [
        -0.7212004661560059,
        6.565691947937012
    ],
    "wp_1": [
        -0.26610544323921204,
        3.0283117294311523
    ],
    "aim": [
        -0.26610544323921204,
        3.0283117294311523
    ],
    "target": [
        0.3321729595909925,
        17.988762472473073
    ],
    "desired_speed": 7.652443408966065,
    "angle": -0.055798043996101915,
    "angle_last": -0.09690098405637698,
    "angle_target": 0.01175421843968946,
    "angle_final": 0.01175421843968946,
    "delta": 0.25,
    "agent": "only_traj",
    "steer_traj": 0.015273208513846937,
    "throttle_traj": 0.75,
    "brake_traj": 0.0,
    "plan": [
        [
            -0.26610544323921204,
            3.0283117294311523
        ],
        [
            -0.7212004661560059,
            6.565691947937012
        ],
        [
            -0.5026405453681946,
            10.331756591796875
        ],
        [
            -0.5215423107147217,
            14.508237838745117
        ],
        [
            0.0887523889541626,
            18.368040084838867
        ],
        [
            -0.4734562933444977,
            22.033065795898438
        ]
    ]
}