{
    "speed": 4.965665373269039,
    "steer": 0.016260329633951187,
    "throttle": 0.75,
    "brake": 0.0,
    "wp_4": [
        -0.5251480937004089,
        14.650138854980469
    ],
    "wp_3": [
        -0.5549036860466003,
        10.417402267456055
    ],
    "wp_2": [
        -0.6960529088973999,
        6.638879299163818
    ],
    "wp_1": [
        -0.6259271502494812,
        3.08522891998291
    ],
    "aim": [
        -0.6259271502494812,
        3.08522891998291
    ],
    "target": [
        0.4900443094475764,
        16.79730362955965
    ],
    "desired_speed": 7.69621410369873,
    "angle": -0.1274270726229242,
    "angle_last": -0.10943764449595383,
    "angle_target": 0.01856747012011393,
    "angle_final": 0.01856747012011393,
    "delta": 0.25,
    "agent": "only_traj",
    "steer_traj": 0.01626032925287167,
    "throttle_traj": 0.75,
    "brake_traj": 0.0,
    "plan": [
        [
            -0.6259271502494812,
            3.08522891998291
        ],
        [
            -0.6960529088973999,
            6.638879299163818
        ],
        [
            -0.5549036860466003,
            10.417402267456055
        ],
        [
            -0.5251480937004089,
            14.650138854980469
        ],
        [
            0.04491330310702324,
            18.407459259033203
        ],
        [
            -0.6174050569534302,
            22.222265243530273
        ]
    ]
}