{
    "speed": 5.1054636221163765,
    "steer": -0.0179160013794899,
    "throttle": 0.0,
    "brake": 0.0,
    "wp_4": [
        -0.28721192479133606,
        15.035232543945312
    ],
    "wp_3": [
        -0.6204863786697388,
        10.73026180267334
    ],
    "wp_2": [
        -0.6958797574043274,
        6.898748874664307
    ],
    "wp_1": [
        -0.3794488310813904,
        3.0989885330200195
    ],
    "aim": [
        -0.3794488310813904,
        3.0989885330200195
    ],
    "target": [
        -0.321586275797993,
        16.94841244136428
    ],
    "desired_speed": 7.797736454010009,
    "angle": -0.07756342836922765,
    "angle_last": -0.10802212573596408,
    "angle_target": -0.012078040841751809,
    "angle_final": -0.012078040841751809,
    "delta": 0.25,
    "agent": "only_traj",
    "steer_traj": -0.01791600080501999,
    "throttle_traj": 0.0,
    "brake_traj": 0.0,
    "plan": [
        [
            -0.3794488310813904,
            3.0989885330200195
        ],
        [
            -0.6958797574043274,
            6.898748874664307
        ],
        [
            -0.6204863786697388,
            10.73026180267334
        ],
        [
            -0.28721192479133606,
            15.035232543945312
        ],
        [
            0.045145321637392044,
            18.669309616088867
        ],
        [
            -0.6104121208190918,
            22.495635986328125
        ]
    ]
}