{
    "speed": 5.20712873991156,
    "steer": 0.03157518431544304,
    "throttle": 0.0,
    "brake": 0.0,
    "wp_4": [
        -0.09904006868600845,
        15.217998504638672
    ],
    "wp_3": [
        -0.6452198028564453,
        11.008841514587402
    ],
    "wp_2": [
        -0.689563512802124,
        7.212900638580322
    ],
    "wp_1": [
        -0.5141540169715881,
        3.2970027923583984
    ],
    "aim": [
        -0.5141540169715881,
        3.2970027923583984
    ],
    "target": [
        0.700034287245764,
        17.31779781666563
    ],
    "desired_speed": 7.765668296813965,
    "angle": -0.09848498081589373,
    "angle_last": -0.09593906574826684,
    "angle_target": 0.025719966044750277,
    "angle_final": 0.025719966044750277,
    "delta": 0.25,
    "agent": "only_traj",
    "steer_traj": 0.03157518551271263,
    "throttle_traj": 0.0,
    "brake_traj": 0.0,
    "plan": [
        [
            -0.5141540169715881,
            3.2970027923583984
        ],
        [
            -0.689563512802124,
            7.212900638580322
        ],
        [
            -0.6452198028564453,
            11.008841514587402
        ],
        [
            -0.09904006868600845,
            15.217998504638672
        ],
        [
            0.0164417065680027,
            18.739852905273438
        ],
        [
            -0.5735659599304199,
            22.62526512145996
        ]
    ]
}