{
    "speed": 5.094694343499605,
    "steer": 0.03302733972668648,
    "throttle": 0.0,
    "brake": 0.0,
    "wp_4": [
        -0.1691363900899887,
        14.536002159118652
    ],
    "wp_3": [
        -0.584735631942749,
        10.183143615722656
    ],
    "wp_2": [
        -0.6863430142402649,
        6.407855033874512
    ],
    "wp_1": [
        -0.2919358015060425,
        2.6037909984588623
    ],
    "aim": [
        -0.2919358015060425,
        2.6037909984588623
    ],
    "target": [
        0.9783495332095746,
        16.679798671157954
    ],
    "desired_speed": 7.859273433685302,
    "angle": -0.07108059226400544,
    "angle_last": -0.09279292883457742,
    "angle_target": 0.037298043888805005,
    "angle_final": 0.037298043888805005,
    "delta": 0.25,
    "agent": "only_traj",
    "steer_traj": 0.03302733787908937,
    "throttle_traj": 0.0,
    "brake_traj": 0.0,
    "plan": [
        [
            -0.2919358015060425,
            2.6037909984588623
        ],
        [
            -0.6863430142402649,
            6.407855033874512
        ],
        [
            -0.584735631942749,
            10.183143615722656
        ],
        [
            -0.1691363900899887,
            14.536002159118652
        ],
        [
            -0.008757643401622772,
            18.186758041381836
        ],
        [
            -0.5926561951637268,
            22.164270401000977
        ]
    ]
}