{
    "speed": 4.990036789915664,
    "steer": 0.04434574395418167,
    "throttle": 0.75,
    "brake": 0.0,
    "wp_4": [
        -0.028524648398160934,
        14.781850814819336
    ],
    "wp_3": [
        -0.6083188056945801,
        10.523970603942871
    ],
    "wp_2": [
        -0.6781191229820251,
        6.632997512817383
    ],
    "wp_1": [
        -0.41004568338394165,
        2.7275547981262207
    ],
    "aim": [
        -0.41004568338394165,
        2.7275547981262207
    ],
    "target": [
        1.288958731177362,
        16.198528790116843
    ],
    "desired_speed": 7.904280281066894,
    "angle": -0.09499452647704487,
    "angle_last": -0.07072026183979188,
    "angle_target": 0.05055096465282502,
    "angle_final": 0.05055096465282502,
    "delta": 0.25,
    "agent": "only_traj",
    "steer_traj": 0.04434574486120368,
    "throttle_traj": 0.75,
    "brake_traj": 0.0,
    "plan": [
        [
            -0.41004568338394165,
            2.7275547981262207
        ],
        [
            -0.6781191229820251,
            6.632997512817383
        ],
        [
            -0.6083188056945801,
            10.523970603942871
        ],
        [
            -0.028524648398160934,
            14.781850814819336
        ],
        [
            -0.1962926983833313,
            18.483274459838867
        ],
        [
            -0.6344149112701416,
            22.410985946655273
        ]
    ]
}