{
    "speed": 4.86163890276774,
    "steer": -0.046396248042583466,
    "throttle": 0.75,
    "brake": 0.0,
    "wp_4": [
        -0.17813150584697723,
        14.464421272277832
    ],
    "wp_3": [
        -0.6797058582305908,
        10.313986778259277
    ],
    "wp_2": [
        -0.05902994051575661,
        6.335239887237549
    ],
    "wp_1": [
        -0.38439589738845825,
        2.568690299987793
    ],
    "aim": [
        -0.38439589738845825,
        2.568690299987793
    ],
    "target": [
        -0.9627402446145964,
        15.726753120585863
    ],
    "desired_speed": 7.84712438583374,
    "angle": -0.09456627361608506,
    "angle_last": -0.06269008432359867,
    "angle_target": -0.03892320154417084,
    "angle_final": -0.03892320154417084,
    "delta": 0.25,
    "agent": "only_traj",
    "steer_traj": -0.0463962473960958,
    "throttle_traj": 0.75,
    "brake_traj": 0.0,
    "plan": [
        [
            -0.38439589738845825,
            2.568690299987793
        ],
        [
            -0.05902994051575661,
            6.335239887237549
        ],
        [
            -0.6797058582305908,
            10.313986778259277
        ],
        [
            -0.17813150584697723,
            14.464421272277832
        ],
        [
            -0.45143571496009827,
            18.31587028503418
        ],
        [
            -0.8219432830810547,
            22.066213607788086
        ]
    ]
}