{
    "speed": 4.977217888699347,
    "steer": -0.015182076953351498,
    "throttle": 0.75,
    "brake": 0.0,
    "wp_4": [
        -0.006713658105581999,
        14.66231918334961
    ],
    "wp_3": [
        -0.48876702785491943,
        10.725732803344727
    ],
    "wp_2": [
        -0.6056004762649536,
        6.900602340698242
    ],
    "wp_1": [
        -0.44977083802223206,
        2.910491466522217
    ],
    "aim": [
        -0.44977083802223206,
        2.910491466522217
    ],
    "target": [
        -0.34081073053115346,
        14.185721203589036
    ],
    "desired_speed": 7.716103935241698,
    "angle": -0.09760752918051942,
    "angle_last": -0.05821281943166453,
    "angle_target": -0.015291793547952006,
    "angle_final": -0.015291793547952006,
    "delta": 0.25,
    "agent": "only_traj",
    "steer_traj": -0.015182076534960808,
    "throttle_traj": 0.75,
    "brake_traj": 0.0,
    "plan": [
        [
            -0.44977083802223206,
            2.910491466522217
        ],
        [
            -0.6056004762649536,
            6.900602340698242
        ],
        [
            -0.48876702785491943,
            10.725732803344727
        ],
        [
            -0.006713658105581999,
            14.66231918334961
        ],
        [
            -0.3399927020072937,
            18.383031845092773
        ],
        [
            -0.6841146349906921,
            22.135879516601562
        ]
    ]
}