{
    "speed": 5.1156488211846565,
    "steer": -0.015050443820655346,
    "throttle": 0.0,
    "brake": 0.0,
    "wp_4": [
        0.0396948866546154,
        14.68565559387207
    ],
    "wp_3": [
        -0.16417863965034485,
        10.848257064819336
    ],
    "wp_2": [
        -0.49628910422325134,
        6.8891801834106445
    ],
    "wp_1": [
        -0.5724440217018127,
        3.012422800064087
    ],
    "aim": [
        -0.5724440217018127,
        3.012422800064087
    ],
    "target": [
        -0.37026981935292314,
        15.137322015588794
    ],
    "desired_speed": 7.645129013061522,
    "angle": -0.11955004312612082,
    "angle_last": -0.04351994416210544,
    "angle_target": -0.015569074370124763,
    "angle_final": -0.015569074370124763,
    "delta": 0.25,
    "agent": "only_traj",
    "steer_traj": -0.015050444147254663,
    "throttle_traj": 0.0,
    "brake_traj": 0.0,
    "plan": [
        [
            -0.5724440217018127,
            3.012422800064087
        ],
        [
            -0.49628910422325134,
            6.8891801834106445
        ],
        [
            -0.16417863965034485,
            10.848257064819336
        ],
        [
            0.0396948866546154,
            14.68565559387207
        ],
        [
            -0.3568854033946991,
            18.358266830444336
        ],
        [
            -0.6113702058792114,
            22.07512855529785
        ]
    ]
}