{
    "speed": 5.016863634111345,
    "steer": -0.027564238756895065,
    "throttle": 0.0,
    "brake": 0.0,
    "wp_4": [
        0.020084893330931664,
        14.189142227172852
    ],
    "wp_3": [
        -0.5122753977775574,
        10.330670356750488
    ],
    "wp_2": [
        -0.5409334301948547,
        6.454161167144775
    ],
    "wp_1": [
        -0.6205606460571289,
        2.539517402648926
    ],
    "aim": [
        -0.6205606460571289,
        2.539517402648926
    ],
    "target": [
        -0.7217638173408715,
        14.579124626777086
    ],
    "desired_speed": 7.758588218688965,
    "angle": -0.15257544969195724,
    "angle_last": -0.04715064505191188,
    "angle_target": -0.03149121028392847,
    "angle_final": -0.03149121028392847,
    "delta": 0.25,
    "agent": "only_traj",
    "steer_traj": -0.02756423837616016,
    "throttle_traj": 0.0,
    "brake_traj": 0.0,
    "plan": [
        [
            -0.6205606460571289,
            2.539517402648926
        ],
        [
            -0.5409334301948547,
            6.454161167144775
        ],
        [
            -0.5122753977775574,
            10.330670356750488
        ],
        [
            0.020084893330931664,
            14.189142227172852
        ],
        [
            -0.22026944160461426,
            18.054967880249023
        ],
        [
            -0.5041259527206421,
            21.880538940429688
        ]
    ]
}