{
    "speed": 4.909173097356696,
    "steer": 0.0011367116821929812,
    "throttle": 0.75,
    "brake": 0.0,
    "wp_4": [
        -0.22327572107315063,
        12.583017349243164
    ],
    "wp_3": [
        -0.6313087344169617,
        8.449599266052246
    ],
    "wp_2": [
        -0.6635417938232422,
        4.981790065765381
    ],
    "wp_1": [
        -0.6775990724563599,
        1.874392032623291
    ],
    "aim": [
        -0.6775990724563599,
        1.874392032623291
    ],
    "target": [
        -0.18398369150058655,
        13.924862493303742
    ],
    "desired_speed": 7.459441757202149,
    "angle": -0.22083438709130446,
    "angle_last": -0.10878293291851272,
    "angle_target": -0.008410915425633943,
    "angle_final": -0.008410915425633943,
    "delta": 0.25,
    "agent": "only_traj",
    "steer_traj": 0.0011367117137074919,
    "throttle_traj": 0.75,
    "brake_traj": 0.0,
    "plan": [
        [
            -0.6775990724563599,
            1.874392032623291
        ],
        [
            -0.6635417938232422,
            4.981790065765381
        ],
        [
            -0.6313087344169617,
            8.449599266052246
        ],
        [
            -0.22327572107315063,
            12.583017349243164
        ],
        [
            0.08609191328287125,
            16.43949317932129
        ],
        [
            -0.6027357578277588,
            20.431339263916016
        ]
    ]
}