{
    "speed": 4.88866473606561,
    "steer": 0.05800522491335869,
    "throttle": 0.75,
    "brake": 0.0,
    "wp_4": [
        0.17961856722831726,
        15.021685600280762
    ],
    "wp_3": [
        -0.45403656363487244,
        11.188583374023438
    ],
    "wp_2": [
        -0.4539681673049927,
        6.957171440124512
    ],
    "wp_1": [
        -0.6672583222389221,
        3.2986717224121094
    ],
    "aim": [
        -0.6672583222389221,
        3.2986717224121094
    ],
    "target": [
        1.0819164768250085,
        13.360804491979493
    ],
    "desired_speed": 7.742415142059326,
    "angle": -0.12706150572034697,
    "angle_last": 0.005680336941201301,
    "angle_target": 0.0514392555903845,
    "angle_final": 0.0514392555903845,
    "delta": 0.25,
    "agent": "only_traj",
    "steer_traj": 0.05800522487735113,
    "throttle_traj": 0.75,
    "brake_traj": 0.0,
    "plan": [
        [
            -0.6672583222389221,
            3.2986717224121094
        ],
        [
            -0.4539681673049927,
            6.957171440124512
        ],
        [
            -0.45403656363487244,
            11.188583374023438
        ],
        [
            0.17961856722831726,
            15.021685600280762
        ],
        [
            -0.49926143884658813,
            18.73770523071289
        ],
        [
            -0.46538034081459045,
            22.534820556640625
        ]
    ]
}