{
    "speed": 4.841056335192701,
    "steer": -0.02066767029464245,
    "throttle": 0.75,
    "brake": 0.0,
    "wp_4": [
        -0.1016501784324646,
        12.170876502990723
    ],
    "wp_3": [
        -0.5876851081848145,
        7.973888397216797
    ],
    "wp_2": [
        -0.6513111591339111,
        4.603682041168213
    ],
    "wp_1": [
        -0.6998509168624878,
        1.649182677268982
    ],
    "aim": [
        -0.6998509168624878,
        1.649182677268982
    ],
    "target": [
        -0.13160869336377476,
        13.349674389899894
    ],
    "desired_speed": 7.333247661590576,
    "angle": -0.25549486505345115,
    "angle_last": -0.11608554350611801,
    "angle_target": -0.006275956981296056,
    "angle_final": -0.006275956981296056,
    "delta": 0.25,
    "agent": "only_traj",
    "steer_traj": -0.020667670504765607,
    "throttle_traj": 0.75,
    "brake_traj": 0.0,
    "plan": [
        [
            -0.6998509168624878,
            1.649182677268982
        ],
        [
            -0.6513111591339111,
            4.603682041168213
        ],
        [
            -0.5876851081848145,
            7.973888397216797
        ],
        [
            -0.1016501784324646,
            12.170876502990723
        ],
        [
            0.21656306087970734,
            15.930567741394043
        ],
        [
            -0.5104649066925049,
            19.873340606689453
        ]
    ]
}