{
    "speed": 4.871911932850244,
    "steer": -0.030379606410861015,
    "throttle": 0.75,
    "brake": 0.0,
    "wp_4": [
        0.12151073664426804,
        14.17270565032959
    ],
    "wp_3": [
        -0.5106557607650757,
        10.444652557373047
    ],
    "wp_2": [
        -0.5446308255195618,
        6.4566121101379395
    ],
    "wp_1": [
        -1.0003600120544434,
        2.7914671897888184
    ],
    "aim": [
        -1.0003600120544434,
        2.7914671897888184
    ],
    "target": [
        -0.6672579951132476,
        13.403179897285801
    ],
    "desired_speed": 7.6123459815979,
    "angle": -0.21906476096834493,
    "angle_last": -0.033637571124986325,
    "angle_target": -0.03166705392901211,
    "angle_final": -0.03166705392901211,
    "delta": 0.25,
    "agent": "only_traj",
    "steer_traj": -0.030379606462793605,
    "throttle_traj": 0.75,
    "brake_traj": 0.0,
    "plan": [
        [
            -1.0003600120544434,
            2.7914671897888184
        ],
        [
            -0.5446308255195618,
            6.4566121101379395
        ],
        [
            -0.5106557607650757,
            10.444652557373047
        ],
        [
            0.12151073664426804,
            14.17270565032959
        ],
        [
            -0.3596678674221039,
            17.841833114624023
        ],
        [
            -0.5639227628707886,
            21.703929901123047
        ]
    ]
}