{
    "speed": 4.973747301536922,
    "steer": 0.036612316966056824,
    "throttle": 0.75,
    "brake": 0.0,
    "wp_4": [
        0.10444065928459167,
        14.518692016601562
    ],
    "wp_3": [
        -0.5569280982017517,
        10.752409934997559
    ],
    "wp_2": [
        -0.5558289289474487,
        6.706218719482422
    ],
    "wp_1": [
        -0.6625146865844727,
        3.1375131607055664
    ],
    "aim": [
        -0.6625146865844727,
        3.1375131607055664
    ],
    "target": [
        0.5414062037580152,
        13.753100883905063
    ],
    "desired_speed": 7.545457363128662,
    "angle": -0.13248194384566908,
    "angle_last": -0.020741187389122135,
    "angle_target": 0.0250483159025372,
    "angle_final": 0.0250483159025372,
    "delta": 0.25,
    "agent": "only_traj",
    "steer_traj": 0.03661231730518909,
    "throttle_traj": 0.75,
    "brake_traj": 0.0,
    "plan": [
        [
            -0.6625146865844727,
            3.1375131607055664
        ],
        [
            -0.5558289289474487,
            6.706218719482422
        ],
        [
            -0.5569280982017517,
            10.752409934997559
        ],
        [
            0.10444065928459167,
            14.518692016601562
        ],
        [
            -0.4931240379810333,
            18.182558059692383
        ],
        [
            -0.6140066385269165,
            21.89155387878418
        ]
    ]
}