{
    "speed": 5.113091359927747,
    "steer": 0.016862714663147926,
    "throttle": 0.0,
    "brake": 0.0,
    "wp_4": [
        0.07103249430656433,
        15.025700569152832
    ],
    "wp_3": [
        -0.14828690886497498,
        11.235530853271484
    ],
    "wp_2": [
        -0.6351344585418701,
        7.111361980438232
    ],
    "wp_1": [
        -0.6385360360145569,
        3.481074094772339
    ],
    "aim": [
        -0.6385360360145569,
        3.481074094772339
    ],
    "target": [
        0.45089510319151527,
        12.97720627430589
    ],
    "desired_speed": 7.5618780136108406,
    "angle": -0.11549169650328078,
    "angle_last": -0.009215167273734838,
    "angle_target": 0.02211056097714613,
    "angle_final": 0.02211056097714613,
    "delta": 0.25,
    "agent": "only_traj",
    "steer_traj": 0.01686271394304141,
    "throttle_traj": 0.0,
    "brake_traj": 0.0,
    "plan": [
        [
            -0.6385360360145569,
            3.481074094772339
        ],
        [
            -0.6351344585418701,
            7.111361980438232
        ],
        [
            -0.14828690886497498,
            11.235530853271484
        ],
        [
            0.07103249430656433,
            15.025700569152832
        ],
        [
            -0.5215156674385071,
            18.676843643188477
        ],
        [
            -0.5740032196044922,
            22.302640914916992
        ]
    ]
}