{
    "speed": 5.220622068049205,
    "steer": -0.014223764650523663,
    "throttle": 0.0,
    "brake": 0.0,
    "wp_4": [
        -0.011215085163712502,
        14.914299011230469
    ],
    "wp_3": [
        -0.18677879869937897,
        11.060230255126953
    ],
    "wp_2": [
        -0.6343004107475281,
        6.97577428817749
    ],
    "wp_1": [
        -0.655082106590271,
        3.3573193550109863
    ],
    "aim": [
        -0.655082106590271,
        3.3573193550109863
    ],
    "target": [
        -0.17467891197247573,
        13.611208103982461
    ],
    "desired_speed": 7.662078285217285,
    "angle": -0.12267629660022643,
    "angle_last": 0.05494580840558628,
    "angle_target": -0.008169586704793386,
    "angle_final": -0.008169586704793386,
    "delta": 0.25,
    "agent": "only_traj",
    "steer_traj": -0.014223764648438343,
    "throttle_traj": 0.0,
    "brake_traj": 0.0,
    "plan": [
        [
            -0.655082106590271,
            3.3573193550109863
        ],
        [
            -0.6343004107475281,
            6.97577428817749
        ],
        [
            -0.18677879869937897,
            11.060230255126953
        ],
        [
            -0.011215085163712502,
            14.914299011230469
        ],
        [
            -0.5621267557144165,
            18.660125732421875
        ],
        [
            -0.23597492277622223,
            22.429636001586914
        ]
    ]
}