{
    "speed": 5.131160116952108,
    "steer": 0.03226270154118538,
    "throttle": 0.0,
    "brake": 0.0,
    "wp_4": [
        0.028155552223324776,
        14.265167236328125
    ],
    "wp_3": [
        -0.029338672757148743,
        10.407086372375488
    ],
    "wp_2": [
        -0.5915406346321106,
        6.411015510559082
    ],
    "wp_1": [
        -0.5803796052932739,
        3.0860025882720947
    ],
    "aim": [
        -0.5803796052932739,
        3.0860025882720947
    ],
    "target": [
        0.5331299127899014,
        12.545432413429374
    ],
    "desired_speed": 7.456254482269287,
    "angle": -0.11834565310247523,
    "angle_last": -0.008553246052169826,
    "angle_target": 0.027037486233127957,
    "angle_final": 0.027037486233127957,
    "delta": 0.25,
    "agent": "only_traj",
    "steer_traj": 0.03226270279348273,
    "throttle_traj": 0.0,
    "brake_traj": 0.0,
    "plan": [
        [
            -0.5803796052932739,
            3.0860025882720947
        ],
        [
            -0.5915406346321106,
            6.411015510559082
        ],
        [
            -0.029338672757148743,
            10.407086372375488
        ],
        [
            0.028155552223324776,
            14.265167236328125
        ],
        [
            -0.5708240866661072,
            17.9995059967041
        ],
        [
            -0.6197220683097839,
            21.638776779174805
        ]
    ]
}