{
    "speed": 4.9858118457679765,
    "steer": -0.03378303349018097,
    "throttle": 0.75,
    "brake": 0.0,
    "wp_4": [
        -0.09776216745376587,
        14.050840377807617
    ],
    "wp_3": [
        -0.06344062089920044,
        10.263954162597656
    ],
    "wp_2": [
        -0.6185152530670166,
        6.3256096839904785
    ],
    "wp_1": [
        -0.5529887676239014,
        3.020794630050659
    ],
    "aim": [
        -0.5529887676239014,
        3.020794630050659
    ],
    "target": [
        -0.48909212979625166,
        12.220701500353906
    ],
    "desired_speed": 7.489333057403565,
    "angle": -0.11526379585797471,
    "angle_last": 0.03562206487875853,
    "angle_target": -0.02546495704258425,
    "angle_final": -0.02546495704258425,
    "delta": 0.25,
    "agent": "only_traj",
    "steer_traj": -0.03378303447445023,
    "throttle_traj": 0.75,
    "brake_traj": 0.0,
    "plan": [
        [
            -0.5529887676239014,
            3.020794630050659
        ],
        [
            -0.6185152530670166,
            6.3256096839904785
        ],
        [
            -0.06344062089920044,
            10.263954162597656
        ],
        [
            -0.09776216745376587,
            14.050840377807617
        ],
        [
            -0.7289453148841858,
            17.940149307250977
        ],
        [
            -0.5212724208831787,
            21.647703170776367
        ]
    ]
}