{
    "speed": 4.928448130108892,
    "steer": -0.0027273562736809254,
    "throttle": 0.75,
    "brake": 0.0,
    "wp_4": [
        -0.07740519940853119,
        13.910584449768066
    ],
    "wp_3": [
        -0.036239996552467346,
        10.099236488342285
    ],
    "wp_2": [
        -0.6035488843917847,
        6.178668022155762
    ],
    "wp_1": [
        -0.4741475582122803,
        2.9517385959625244
    ],
    "aim": [
        -0.4741475582122803,
        2.9517385959625244
    ],
    "target": [
        -0.20293263224738242,
        12.063925832771618
    ],
    "desired_speed": 7.437904262542725,
    "angle": -0.1013961592221347,
    "angle_last": 0.040017443391643294,
    "angle_target": -0.010707852872977978,
    "angle_final": -0.010707852872977978,
    "delta": 0.25,
    "agent": "only_traj",
    "steer_traj": -0.002727356285309267,
    "throttle_traj": 0.75,
    "brake_traj": 0.0,
    "plan": [
        [
            -0.4741475582122803,
            2.9517385959625244
        ],
        [
            -0.6035488843917847,
            6.178668022155762
        ],
        [
            -0.036239996552467346,
            10.099236488342285
        ],
        [
            -0.07740519940853119,
            13.910584449768066
        ],
        [
            -0.7086030840873718,
            17.76178550720215
        ],
        [
            -0.47682511806488037,
            21.444181442260742
        ]
    ]
}