{
    "speed": 4.873611508284098,
    "steer": -0.027272358536720276,
    "throttle": 0.75,
    "brake": 0.0,
    "wp_4": [
        -0.10078483819961548,
        14.028454780578613
    ],
    "wp_3": [
        -0.007265460677444935,
        10.23279857635498
    ],
    "wp_2": [
        -0.009818137623369694,
        6.44040584564209
    ],
    "wp_1": [
        -0.38315755128860474,
        2.9734137058258057
    ],
    "aim": [
        -0.38315755128860474,
        2.9734137058258057
    ],
    "target": [
        -0.5278211811213013,
        11.573811112996975
    ],
    "desired_speed": 7.419628047943115,
    "angle": -0.0815859544444205,
    "angle_last": 0.021563107055167396,
    "angle_target": -0.0290128061634915,
    "angle_final": -0.0290128061634915,
    "delta": 0.25,
    "agent": "only_traj",
    "steer_traj": -0.027272357986382244,
    "throttle_traj": 0.75,
    "brake_traj": 0.0,
    "plan": [
        [
            -0.38315755128860474,
            2.9734137058258057
        ],
        [
            -0.009818137623369694,
            6.44040584564209
        ],
        [
            -0.007265460677444935,
            10.23279857635498
        ],
        [
            -0.10078483819961548,
            14.028454780578613
        ],
        [
            -0.7004157304763794,
            17.979888916015625
        ],
        [
            -0.5826961398124695,
            21.454055786132812
        ]
    ]
}