{
    "speed": 4.994648470539617,
    "steer": -0.05536933243274689,
    "throttle": 0.75,
    "brake": 0.0,
    "wp_4": [
        -0.04662686586380005,
        15.054794311523438
    ],
    "wp_3": [
        0.08186709880828857,
        11.141606330871582
    ],
    "wp_2": [
        -0.6900418996810913,
        7.208734512329102
    ],
    "wp_1": [
        -0.2755223512649536,
        3.3345539569854736
    ],
    "aim": [
        -0.2755223512649536,
        3.3345539569854736
    ],
    "target": [
        1.2260934922106388,
        11.870038609406553
    ],
    "desired_speed": 7.6832971572875985,
    "angle": -0.05248236660901461,
    "angle_last": -0.0851576880343925,
    "angle_target": 0.06552606817481237,
    "angle_final": -0.05248236660901461,
    "delta": 0.25,
    "agent": "only_traj",
    "steer_traj": -0.05536933147222341,
    "throttle_traj": 0.75,
    "brake_traj": 0.0,
    "plan": [
        [
            -0.2755223512649536,
            3.3345539569854736
        ],
        [
            -0.6900418996810913,
            7.208734512329102
        ],
        [
            0.08186709880828857,
            11.141606330871582
        ],
        [
            -0.04662686586380005,
            15.054794311523438
        ],
        [
            -0.06309208273887634,
            18.796056747436523
        ],
        [
            -0.5495406985282898,
            22.410919189453125
        ]
    ]
}