{
    "speed": 5.130732813655696,
    "steer": 0.0015157285379245877,
    "throttle": 0.0,
    "brake": 0.0,
    "wp_4": [
        -0.23495729267597198,
        14.054411888122559
    ],
    "wp_3": [
        0.06212684512138367,
        10.488571166992188
    ],
    "wp_2": [
        -0.6477214694023132,
        6.690274715423584
    ],
    "wp_1": [
        -0.021296678110957146,
        3.10744571685791
    ],
    "aim": [
        -0.021296678110957146,
        3.10744571685791
    ],
    "target": [
        -0.638259838925379,
        10.715964391953374
    ],
    "desired_speed": 7.485141181945801,
    "angle": -0.0043629249963670035,
    "angle_last": 0.05868639945003914,
    "angle_target": -0.03787333959566516,
    "angle_final": -0.0043629249963670035,
    "delta": 0.25,
    "agent": "only_traj",
    "steer_traj": 0.0015157285445867516,
    "throttle_traj": 0.0,
    "brake_traj": 0.0,
    "plan": [
        [
            -0.021296678110957146,
            3.10744571685791
        ],
        [
            -0.6477214694023132,
            6.690274715423584
        ],
        [
            0.06212684512138367,
            10.488571166992188
        ],
        [
            -0.23495729267597198,
            14.054411888122559
        ],
        [
            -0.6145663857460022,
            17.98624038696289
        ],
        [
            -0.27550360560417175,
            21.653911590576172
        ]
    ]
}