{
    "speed": 5.030527000679781,
    "steer": -0.022965695708990097,
    "throttle": 0.0,
    "brake": 0.0,
    "wp_4": [
        -0.1717032641172409,
        13.875532150268555
    ],
    "wp_3": [
        0.059582266956567764,
        10.306313514709473
    ],
    "wp_2": [
        -0.6539597511291504,
        6.600933074951172
    ],
    "wp_1": [
        -0.0960635095834732,
        2.9185240268707275
    ],
    "aim": [
        -0.0960635095834732,
        2.9185240268707275
    ],
    "target": [
        -1.2137734392268953,
        10.793637928767517
    ],
    "desired_speed": 7.205644035339355,
    "angle": -0.020946851974130296,
    "angle_last": -0.0013052010869338507,
    "angle_target": -0.07129009981577242,
    "angle_final": -0.020946851974130296,
    "delta": 0.25,
    "agent": "only_traj",
    "steer_traj": -0.02296569573019272,
    "throttle_traj": 0.0,
    "brake_traj": 0.0,
    "plan": [
        [
            -0.0960635095834732,
            2.9185240268707275
        ],
        [
            -0.6539597511291504,
            6.600933074951172
        ],
        [
            0.059582266956567764,
            10.306313514709473
        ],
        [
            -0.1717032641172409,
            13.875532150268555
        ],
        [
            -0.4536072611808777,
            17.662248611450195
        ],
        [
            -0.46004974842071533,
            20.804563522338867
        ]
    ]
}