{
    "speed": 4.926100191738685,
    "steer": -0.08341406285762787,
    "throttle": 0.75,
    "brake": 0.0,
    "wp_4": [
        -0.44979387521743774,
        14.434272766113281
    ],
    "wp_3": [
        0.09099724888801575,
        10.945051193237305
    ],
    "wp_2": [
        -0.6265053153038025,
        7.13394021987915
    ],
    "wp_1": [
        -0.3987193703651428,
        3.087427854537964
    ],
    "aim": [
        -0.3987193703651428,
        3.087427854537964
    ],
    "target": [
        1.3256882425847527,
        9.506875241752098
    ],
    "desired_speed": 7.152988529205322,
    "angle": -0.08176240099797917,
    "angle_last": 0.030475669121135477,
    "angle_target": 0.08820480126333566,
    "angle_final": -0.08176240099797917,
    "delta": 0.25,
    "agent": "only_traj",
    "steer_traj": -0.08341406120014778,
    "throttle_traj": 0.75,
    "brake_traj": 0.0,
    "plan": [
        [
            -0.3987193703651428,
            3.087427854537964
        ],
        [
            -0.6265053153038025,
            7.13394021987915
        ],
        [
            0.09099724888801575,
            10.945051193237305
        ],
        [
            -0.44979387521743774,
            14.434272766113281
        ],
        [
            -0.5287951827049255,
            18.106290817260742
        ],
        [
            -0.3973081111907959,
            20.85088348388672
        ]
    ]
}