{
    "speed": 4.865248400835351,
    "steer": 0.014033077284693718,
    "throttle": 0.75,
    "brake": 0.0,
    "wp_4": [
        -0.4369677007198334,
        14.383996963500977
    ],
    "wp_3": [
        0.176582470536232,
        10.688583374023438
    ],
    "wp_2": [
        -0.5594285130500793,
        7.013484954833984
    ],
    "wp_1": [
        -0.4008197784423828,
        3.040100336074829
    ],
    "aim": [
        -0.4008197784423828,
        3.040100336074829
    ],
    "target": [
        -0.0901527757176831,
        10.07003246807666
    ],
    "desired_speed": 7.53718023300171,
    "angle": -0.083453328163502,
    "angle_last": -0.0011471960441342224,
    "angle_target": -0.005699237463791408,
    "angle_final": -0.005699237463791408,
    "delta": 0.25,
    "agent": "only_traj",
    "steer_traj": 0.014033077602392148,
    "throttle_traj": 0.75,
    "brake_traj": 0.0,
    "plan": [
        [
            -0.4008197784423828,
            3.040100336074829
        ],
        [
            -0.5594285130500793,
            7.013484954833984
        ],
        [
            0.176582470536232,
            10.688583374023438
        ],
        [
            -0.4369677007198334,
            14.383996963500977
        ],
        [
            -0.40566912293434143,
            18.334529876708984
        ],
        [
            -0.411835253238678,
            21.756193161010742
        ]
    ]
}