{
    "speed": 4.891619511740069,
    "steer": -0.020585797727108,
    "throttle": 0.75,
    "brake": 0.0,
    "wp_4": [
        -0.502842128276825,
        14.918721199035645
    ],
    "wp_3": [
        0.20697228610515594,
        11.062113761901855
    ],
    "wp_2": [
        -0.3434155285358429,
        7.33516263961792
    ],
    "wp_1": [
        -0.5181135535240173,
        3.1972711086273193
    ],
    "aim": [
        -0.5181135535240173,
        3.1972711086273193
    ],
    "target": [
        -0.2236321761903094,
        8.60307268353756
    ],
    "desired_speed": 7.731208229064942,
    "angle": -0.10227429387642602,
    "angle_last": 0.02537670523274863,
    "angle_target": -0.016544857472387573,
    "angle_final": -0.016544857472387573,
    "delta": 0.25,
    "agent": "only_traj",
    "steer_traj": -0.020585796834257382,
    "throttle_traj": 0.75,
    "brake_traj": 0.0,
    "plan": [
        [
            -0.5181135535240173,
            3.1972711086273193
        ],
        [
            -0.3434155285358429,
            7.33516263961792
        ],
        [
            0.20697228610515594,
            11.062113761901855
        ],
        [
            -0.502842128276825,
            14.918721199035645
        ],
        [
            -0.3598371148109436,
            18.89645004272461
        ],
        [
            -0.21966558694839478,
            22.411043167114258
        ]
    ]
}