{
    "speed": 4.991284028542261,
    "steer": -0.018263287842273712,
    "throttle": 0.75,
    "brake": 0.0,
    "wp_4": [
        -0.35014015436172485,
        15.070050239562988
    ],
    "wp_3": [
        0.21470989286899567,
        11.247385025024414
    ],
    "wp_2": [
        -0.32028940320014954,
        7.533013343811035
    ],
    "wp_1": [
        -0.5642884969711304,
        3.3879339694976807
    ],
    "aim": [
        -0.5642884969711304,
        3.3879339694976807
    ],
    "target": [
        -0.29033918633565936,
        10.334246968581045
    ],
    "desired_speed": 7.5810884475708,
    "angle": -0.10506973852173067,
    "angle_last": 0.17731168302599581,
    "angle_target": -0.017881037557852135,
    "angle_final": -0.017881037557852135,
    "delta": 0.25,
    "agent": "only_traj",
    "steer_traj": -0.0182632875093332,
    "throttle_traj": 0.75,
    "brake_traj": 0.0,
    "plan": [
        [
            -0.5642884969711304,
            3.3879339694976807
        ],
        [
            -0.32028940320014954,
            7.533013343811035
        ],
        [
            0.21470989286899567,
            11.247385025024414
        ],
        [
            -0.35014015436172485,
            15.070050239562988
        ],
        [
            -0.2826344966888428,
            18.837783813476562
        ],
        [
            0.6563329696655273,
            22.121423721313477
        ]
    ]
}