{
    "speed": 5.132719266640282,
    "steer": 0.024165816605091095,
    "throttle": 0.0,
    "brake": 0.0,
    "wp_4": [
        -0.3680610656738281,
        15.074934005737305
    ],
    "wp_3": [
        0.1778188943862915,
        11.054204940795898
    ],
    "wp_2": [
        -0.3276701271533966,
        7.45827579498291
    ],
    "wp_1": [
        -0.62511146068573,
        3.374089241027832
    ],
    "aim": [
        -0.62511146068573,
        3.374089241027832
    ],
    "target": [
        0.32148319456143953,
        9.596109959993614
    ],
    "desired_speed": 7.755294513702392,
    "angle": -0.11662307939379803,
    "angle_last": 0.021139711217617384,
    "angle_target": 0.021319685083504906,
    "angle_final": 0.021319685083504906,
    "delta": 0.25,
    "agent": "only_traj",
    "steer_traj": 0.02416581683565619,
    "throttle_traj": 0.0,
    "brake_traj": 0.0,
    "plan": [
        [
            -0.62511146068573,
            3.374089241027832
        ],
        [
            -0.3276701271533966,
            7.45827579498291
        ],
        [
            0.1778188943862915,
            11.054204940795898
        ],
        [
            -0.3680610656738281,
            15.074934005737305
        ],
        [
            -0.10463500022888184,
            18.774518966674805
        ],
        [
            0.02469177357852459,
            22.667753219604492
        ]
    ]
}