{
    "speed": 5.191999943157541,
    "steer": -0.0029529461171478033,
    "throttle": 0.0,
    "brake": 0.0,
    "wp_4": [
        0.3094935417175293,
        15.234381675720215
    ],
    "wp_3": [
        0.2506522834300995,
        11.246129035949707
    ],
    "wp_2": [
        0.018964624032378197,
        7.378937721252441
    ],
    "wp_1": [
        -0.6218353509902954,
        3.490297555923462
    ],
    "aim": [
        -0.6218353509902954,
        3.490297555923462
    ],
    "target": [
        0.08937306447222142,
        8.52558461571175
    ],
    "desired_speed": 7.864166259765625,
    "angle": -0.11224318264303196,
    "angle_last": 0.060943245733792915,
    "angle_target": 0.006673392911429139,
    "angle_final": 0.006673392911429139,
    "delta": 0.25,
    "agent": "only_traj",
    "steer_traj": -0.00295294619553641,
    "throttle_traj": 0.0,
    "brake_traj": 0.0,
    "plan": [
        [
            -0.6218353509902954,
            3.490297555923462
        ],
        [
            0.018964624032378197,
            7.378937721252441
        ],
        [
            0.2506522834300995,
            11.246129035949707
        ],
        [
            0.3094935417175293,
            15.234381675720215
        ],
        [
            -0.26079443097114563,
            19.001005172729492
        ],
        [
            0.12602797150611877,
            23.029443740844727
        ]
    ]
}