{
    "speed": 5.089577577281466,
    "steer": -0.03231922537088394,
    "throttle": 0.0,
    "brake": 0.0,
    "wp_4": [
        -0.39168640971183777,
        14.852227210998535
    ],
    "wp_3": [
        0.13998320698738098,
        10.723495483398438
    ],
    "wp_2": [
        -0.05387013778090477,
        7.01228141784668
    ],
    "wp_1": [
        -0.770820677280426,
        3.1374754905700684
    ],
    "aim": [
        -0.770820677280426,
        3.1374754905700684
    ],
    "target": [
        -0.3297108012297464,
        8.334794948804161
    ],
    "desired_speed": 7.858564376831055,
    "angle": -0.15336828287261417,
    "angle_last": 0.0591856103873763,
    "angle_target": -0.025170508775420524,
    "angle_final": -0.025170508775420524,
    "delta": 0.25,
    "agent": "only_traj",
    "steer_traj": -0.03231922656978574,
    "throttle_traj": 0.0,
    "brake_traj": 0.0,
    "plan": [
        [
            -0.770820677280426,
            3.1374754905700684
        ],
        [
            -0.05387013778090477,
            7.01228141784668
        ],
        [
            0.13998320698738098,
            10.723495483398438
        ],
        [
            -0.39168640971183777,
            14.852227210998535
        ],
        [
            0.41666990518569946,
            18.96817398071289
        ],
        [
            0.7538607716560364,
            22.584651947021484
        ]
    ]
}