{
    "speed": 4.99169519728376,
    "steer": 0.06592394411563873,
    "throttle": 0.75,
    "brake": 0.0,
    "wp_4": [
        -0.4055706560611725,
        14.905243873596191
    ],
    "wp_3": [
        0.10829104483127594,
        10.767565727233887
    ],
    "wp_2": [
        -0.1556357741355896,
        7.156844615936279
    ],
    "wp_1": [
        -0.6960275173187256,
        3.2167413234710693
    ],
    "aim": [
        -0.6960275173187256,
        3.2167413234710693
    ],
    "target": [
        0.7846863989668376,
        8.54705105919791
    ],
    "desired_speed": 7.9181623458862305,
    "angle": -0.13565828537368813,
    "angle_last": 0.13625033122866706,
    "angle_target": 0.05828330981176506,
    "angle_final": 0.05828330981176506,
    "delta": 0.25,
    "agent": "only_traj",
    "steer_traj": 0.06592394293549837,
    "throttle_traj": 0.75,
    "brake_traj": 0.0,
    "plan": [
        [
            -0.6960275173187256,
            3.2167413234710693
        ],
        [
            -0.1556357741355896,
            7.156844615936279
        ],
        [
            0.10829104483127594,
            10.767565727233887
        ],
        [
            -0.4055706560611725,
            14.905243873596191
        ],
        [
            -0.2809758484363556,
            18.82990837097168
        ],
        [
            0.5902443528175354,
            22.83827781677246
        ]
    ]
}