{
    "speed": 4.922978032926099,
    "steer": -0.00018326030112802982,
    "throttle": 0.75,
    "brake": 0.0,
    "wp_4": [
        -0.39512187242507935,
        15.04833698272705
    ],
    "wp_3": [
        0.06896727532148361,
        10.81740665435791
    ],
    "wp_2": [
        -0.0460040308535099,
        7.155417442321777
    ],
    "wp_1": [
        -0.6543681621551514,
        3.2696285247802734
    ],
    "aim": [
        -0.6543681621551514,
        3.2696285247802734
    ],
    "target": [
        0.24745046117003203,
        8.48886214526923
    ],
    "desired_speed": 7.818893718719481,
    "angle": -0.1257487433618705,
    "angle_last": 0.04716743719679419,
    "angle_target": 0.018552222524173285,
    "angle_final": 0.018552222524173285,
    "delta": 0.25,
    "agent": "only_traj",
    "steer_traj": -0.00018326029502208595,
    "throttle_traj": 0.75,
    "brake_traj": 0.0,
    "plan": [
        [
            -0.6543681621551514,
            3.2696285247802734
        ],
        [
            -0.0460040308535099,
            7.155417442321777
        ],
        [
            0.06896727532148361,
            10.81740665435791
        ],
        [
            -0.39512187242507935,
            15.04833698272705
        ],
        [
            0.4911458194255829,
            18.985246658325195
        ],
        [
            0.7619634866714478,
            22.633785247802734
        ]
    ]
}