{
    "speed": 4.8726458501633765,
    "steer": -0.03314482793211937,
    "throttle": 0.75,
    "brake": 0.0,
    "wp_4": [
        0.29698216915130615,
        15.150240898132324
    ],
    "wp_3": [
        0.11764266341924667,
        11.053962707519531
    ],
    "wp_2": [
        0.05072236806154251,
        7.129369735717773
    ],
    "wp_1": [
        -0.6895437836647034,
        3.4725828170776367
    ],
    "aim": [
        -0.6895437836647034,
        3.4725828170776367
    ],
    "target": [
        -0.28930664104544596,
        7.693682833638427
    ],
    "desired_speed": 7.856443786621093,
    "angle": -0.12478910178348372,
    "angle_last": 0.094501179381918,
    "angle_target": -0.02392762950704636,
    "angle_final": -0.02392762950704636,
    "delta": 0.25,
    "agent": "only_traj",
    "steer_traj": -0.033144827351048664,
    "throttle_traj": 0.75,
    "brake_traj": 0.0,
    "plan": [
        [
            -0.6895437836647034,
            3.4725828170776367
        ],
        [
            0.05072236806154251,
            7.129369735717773
        ],
        [
            0.11764266341924667,
            11.053962707519531
        ],
        [
            0.29698216915130615,
            15.150240898132324
        ],
        [
            -0.3300076723098755,
            18.99643898010254
        ],
        [
            0.2597804367542267,
            22.940397262573242
        ]
    ]
}