{
    "speed": 4.896668937509639,
    "steer": -0.11318652331829071,
    "throttle": 0.75,
    "brake": 0.0,
    "wp_4": [
        -0.43828681111335754,
        15.258158683776855
    ],
    "wp_3": [
        -0.1786334365606308,
        11.184248924255371
    ],
    "wp_2": [
        0.034482985734939575,
        7.406187534332275
    ],
    "wp_1": [
        -0.6285018920898438,
        3.597195625305176
    ],
    "aim": [
        -0.6285018920898438,
        3.597195625305176
    ],
    "target": [
        1.2255987465053526,
        6.9098905001288555
    ],
    "desired_speed": 7.519893836975098,
    "angle": -0.11011861435620411,
    "angle_last": 0.10281200178200797,
    "angle_target": 0.11175421845085448,
    "angle_final": -0.11011861435620411,
    "delta": 0.25,
    "agent": "only_traj",
    "steer_traj": -0.11318652144822142,
    "throttle_traj": 0.75,
    "brake_traj": 0.0,
    "plan": [
        [
            -0.6285018920898438,
            3.597195625305176
        ],
        [
            0.034482985734939575,
            7.406187534332275
        ],
        [
            -0.1786334365606308,
            11.184248924255371
        ],
        [
            -0.43828681111335754,
            15.258158683776855
        ],
        [
            -0.35720503330230713,
            18.76881217956543
        ],
        [
            0.21452650427818298,
            22.278186798095703
        ]
    ]
}