{
    "speed": 4.980621785372983,
    "steer": 0.08845706284046173,
    "throttle": 0.75,
    "brake": 0.0,
    "wp_4": [
        -0.3342304527759552,
        15.378759384155273
    ],
    "wp_3": [
        -0.20413614809513092,
        11.111198425292969
    ],
    "wp_2": [
        0.024310827255249023,
        7.318579196929932
    ],
    "wp_1": [
        -0.6274811029434204,
        3.518632650375366
    ],
    "aim": [
        -0.6274811029434204,
        3.518632650375366
    ],
    "target": [
        0.5808061126314423,
        6.513493576243925
    ],
    "desired_speed": 7.725325584411621,
    "angle": -0.11234798810129626,
    "angle_last": 0.11630261197566326,
    "angle_target": 0.05661743633229855,
    "angle_final": 0.05661743633229855,
    "delta": 0.25,
    "agent": "only_traj",
    "steer_traj": 0.08845706409593218,
    "throttle_traj": 0.75,
    "brake_traj": 0.0,
    "plan": [
        [
            -0.6274811029434204,
            3.518632650375366
        ],
        [
            0.024310827255249023,
            7.318579196929932
        ],
        [
            -0.20413614809513092,
            11.111198425292969
        ],
        [
            -0.3342304527759552,
            15.378759384155273
        ],
        [
            -0.33079108595848083,
            19.04421615600586
        ],
        [
            0.3456468880176544,
            22.70563316345215
        ]
    ]
}