{
    "speed": 5.111463287874102,
    "steer": -0.007745141163468361,
    "throttle": 0.0,
    "brake": 0.0,
    "wp_4": [
        -0.32175925374031067,
        15.503726959228516
    ],
    "wp_3": [
        -0.24289557337760925,
        11.205819129943848
    ],
    "wp_2": [
        0.05014246329665184,
        7.392313480377197
    ],
    "wp_1": [
        -0.6216537952423096,
        3.6010358333587646
    ],
    "aim": [
        -0.6216537952423096,
        3.6010358333587646
    ],
    "target": [
        0.13038227508443684,
        6.801878591864292
    ],
    "desired_speed": 7.806754207611084,
    "angle": -0.10882823984000714,
    "angle_last": 0.15217135040198523,
    "angle_target": 0.012201595375234284,
    "angle_final": 0.012201595375234284,
    "delta": 0.25,
    "agent": "only_traj",
    "steer_traj": -0.00774514093646762,
    "throttle_traj": 0.0,
    "brake_traj": 0.0,
    "plan": [
        [
            -0.6216537952423096,
            3.6010358333587646
        ],
        [
            0.05014246329665184,
            7.392313480377197
        ],
        [
            -0.24289557337760925,
            11.205819129943848
        ],
        [
            -0.32175925374031067,
            15.503726959228516
        ],
        [
            -0.32038140296936035,
            19.31806182861328
        ],
        [
            0.5624591112136841,
            22.94087791442871
        ]
    ]
}