{
    "speed": 5.075825248053891,
    "steer": 0.014462518505752087,
    "throttle": 0.0,
    "brake": 0.0,
    "wp_4": [
        -0.34012851119041443,
        15.161482810974121
    ],
    "wp_3": [
        -0.2902512848377228,
        10.854203224182129
    ],
    "wp_2": [
        0.02324669621884823,
        7.071591377258301
    ],
    "wp_1": [
        -0.20219357311725616,
        3.2756221294403076
    ],
    "aim": [
        -0.20219357311725616,
        3.2756221294403076
    ],
    "target": [
        0.2250127440169531,
        6.900968136730954
    ],
    "desired_speed": 7.853616046905518,
    "angle": -0.039246674253382345,
    "angle_last": 0.14299719209080564,
    "angle_target": 0.020750252267421797,
    "angle_final": 0.020750252267421797,
    "delta": 0.25,
    "agent": "only_traj",
    "steer_traj": 0.01446251895412364,
    "throttle_traj": 0.0,
    "brake_traj": 0.0,
    "plan": [
        [
            -0.20219357311725616,
            3.2756221294403076
        ],
        [
            0.02324669621884823,
            7.071591377258301
        ],
        [
            -0.2902512848377228,
            10.854203224182129
        ],
        [
            -0.34012851119041443,
            15.161482810974121
        ],
        [
            -0.3555244505405426,
            19.00589370727539
        ],
        [
            0.5095331072807312,
            22.7921199798584
        ]
    ]
}