{
    "speed": 5.033697975584546,
    "steer": -0.0026839745696634054,
    "throttle": 0.0,
    "brake": 0.0,
    "wp_4": [
        -0.2773033380508423,
        15.641135215759277
    ],
    "wp_3": [
        -0.4812956154346466,
        11.34819221496582
    ],
    "wp_2": [
        0.03934828191995621,
        7.37932014465332
    ],
    "wp_1": [
        -0.0021324267145246267,
        3.4858999252319336
    ],
    "aim": [
        -0.0021324267145246267,
        3.4858999252319336
    ],
    "target": [
        -0.3668605184228019,
        6.439746104737239
    ],
    "desired_speed": 8.004803180694578,
    "angle": -0.00038942450121669654,
    "angle_last": 0.14474215364176235,
    "angle_target": -0.036227903066167355,
    "angle_final": -0.00038942450121669654,
    "delta": 0.25,
    "agent": "only_traj",
    "steer_traj": -0.0026839745533843826,
    "throttle_traj": 0.0,
    "brake_traj": 0.0,
    "plan": [
        [
            -0.0021324267145246267,
            3.4858999252319336
        ],
        [
            0.03934828191995621,
            7.37932014465332
        ],
        [
            -0.4812956154346466,
            11.34819221496582
        ],
        [
            -0.2773033380508423,
            15.641135215759277
        ],
        [
            -0.2558509111404419,
            19.691463470458984
        ],
        [
            0.5933278203010559,
            23.36182975769043
        ]
    ]
}