{
    "speed": 4.924476215245334,
    "steer": -0.07328632473945618,
    "throttle": 0.75,
    "brake": 0.0,
    "wp_4": [
        -0.43651923537254333,
        15.014665603637695
    ],
    "wp_3": [
        -0.4819210171699524,
        10.747681617736816
    ],
    "wp_2": [
        -0.0027606431394815445,
        7.0238823890686035
    ],
    "wp_1": [
        -0.34204965829849243,
        3.441890001296997
    ],
    "aim": [
        -0.34204965829849243,
        3.441890001296997
    ],
    "target": [
        1.1986831982734214,
        5.931352155525958
    ],
    "desired_speed": 7.82352123260498,
    "angle": -0.06305921810274247,
    "angle_last": 0.1446704366554772,
    "angle_target": 0.12694643633391947,
    "angle_final": -0.06305921810274247,
    "delta": 0.25,
    "agent": "only_traj",
    "steer_traj": -0.07328632551416375,
    "throttle_traj": 0.75,
    "brake_traj": 0.0,
    "plan": [
        [
            -0.34204965829849243,
            3.441890001296997
        ],
        [
            -0.0027606431394815445,
            7.0238823890686035
        ],
        [
            -0.4819210171699524,
            10.747681617736816
        ],
        [
            -0.43651923537254333,
            15.014665603637695
        ],
        [
            -0.3966333568096161,
            18.994138717651367
        ],
        [
            0.4954023063182831,
            22.851722717285156
        ]
    ]
}