{
    "speed": 4.835077680358792,
    "steer": 0.017505494877696037,
    "throttle": 0.75,
    "brake": 0.0,
    "wp_4": [
        0.21092039346694946,
        15.108750343322754
    ],
    "wp_3": [
        -0.412386417388916,
        10.880593299865723
    ],
    "wp_2": [
        0.044411640614271164,
        6.955709457397461
    ],
    "wp_1": [
        0.02390381135046482,
        3.221209764480591
    ],
    "aim": [
        0.02390381135046482,
        3.221209764480591
    ],
    "target": [
        -0.6479160849991024,
        5.14112425262396
    ],
    "desired_speed": 7.693973064422607,
    "angle": 0.004724110457399516,
    "angle_last": 0.05359965401116754,
    "angle_target": -0.07980998262034114,
    "angle_final": 0.004724110457399516,
    "delta": 0.25,
    "agent": "only_traj",
    "steer_traj": 0.0175054946544725,
    "throttle_traj": 0.75,
    "brake_traj": 0.0,
    "plan": [
        [
            0.02390381135046482,
            3.221209764480591
        ],
        [
            0.044411640614271164,
            6.955709457397461
        ],
        [
            -0.412386417388916,
            10.880593299865723
        ],
        [
            0.21092039346694946,
            15.108750343322754
        ],
        [
            0.5057817697525024,
            18.787235260009766
        ],
        [
            0.8072497844696045,
            22.359399795532227
        ]
    ]
}