{
    "speed": 4.889738763223799,
    "steer": 0.000282845227047801,
    "throttle": 0.75,
    "brake": 0.0,
    "wp_4": [
        -0.21531693637371063,
        14.81424331665039
    ],
    "wp_3": [
        -0.3562525808811188,
        10.750906944274902
    ],
    "wp_2": [
        -0.015350588597357273,
        6.990851402282715
    ],
    "wp_1": [
        0.03411414846777916,
        3.3386709690093994
    ],
    "aim": [
        0.03411414846777916,
        3.3386709690093994
    ],
    "target": [
        1.2412735364310334,
        5.451827658808191
    ],
    "desired_speed": 7.739006996154785,
    "angle": 0.006504664883031063,
    "angle_last": 0.10979776748311545,
    "angle_target": 0.14251630153603917,
    "angle_final": 0.006504664883031063,
    "delta": 0.25,
    "agent": "only_traj",
    "steer_traj": 0.00028284522666139613,
    "throttle_traj": 0.75,
    "brake_traj": 0.0,
    "plan": [
        [
            0.03411414846777916,
            3.3386709690093994
        ],
        [
            -0.015350588597357273,
            6.990851402282715
        ],
        [
            -0.3562525808811188,
            10.750906944274902
        ],
        [
            -0.21531693637371063,
            14.81424331665039
        ],
        [
            0.025280369445681572,
            18.935609817504883
        ],
        [
            0.6646127104759216,
            22.605701446533203
        ]
    ]
}