{
    "speed": 5.029434208036778,
    "steer": -0.0049151889979839325,
    "throttle": 0.0,
    "brake": 0.0,
    "wp_4": [
        0.1402347832918167,
        15.357081413269043
    ],
    "wp_3": [
        -0.4360732436180115,
        11.106216430664062
    ],
    "wp_2": [
        -0.050101347267627716,
        7.078247547149658
    ],
    "wp_1": [
        0.014075052924454212,
        3.339561939239502
    ],
    "aim": [
        0.014075052924454212,
        3.339561939239502
    ],
    "target": [
        0.601328051830445,
        4.615631131217023
    ],
    "desired_speed": 7.865896987915039,
    "angle": 0.0026830981514181502,
    "angle_last": 0.04800102383949886,
    "angle_target": 0.08247480054245235,
    "angle_final": 0.0026830981514181502,
    "delta": 0.25,
    "agent": "only_traj",
    "steer_traj": -0.004915188949221051,
    "throttle_traj": 0.0,
    "brake_traj": 0.0,
    "plan": [
        [
            0.014075052924454212,
            3.339561939239502
        ],
        [
            -0.050101347267627716,
            7.078247547149658
        ],
        [
            -0.4360732436180115,
            11.106216430664062
        ],
        [
            0.1402347832918167,
            15.357081413269043
        ],
        [
            0.4259690046310425,
            19.21834373474121
        ],
        [
            0.7060034275054932,
            22.925294876098633
        ]
    ]
}