{
    "speed": 5.163551845419143,
    "steer": -0.004924828186631203,
    "throttle": 0.0,
    "brake": 0.0,
    "wp_4": [
        -0.3418826162815094,
        15.10537052154541
    ],
    "wp_3": [
        -0.4813334047794342,
        11.158614158630371
    ],
    "wp_2": [
        -0.06653155386447906,
        7.090965270996094
    ],
    "wp_1": [
        0.005308070220053196,
        3.372999906539917
    ],
    "aim": [
        0.005308070220053196,
        3.372999906539917
    ],
    "target": [
        1.4041060646347054,
        34.91534110781316
    ],
    "desired_speed": 7.733446884155274,
    "angle": 0.0010018091417241229,
    "angle_last": 0.10202023107522194,
    "angle_target": 0.025587614389713017,
    "angle_final": 0.0010018091417241229,
    "delta": 0.25,
    "agent": "only_traj",
    "steer_traj": -0.00492482827568492,
    "throttle_traj": 0.0,
    "brake_traj": 0.0,
    "plan": [
        [
            0.005308070220053196,
            3.372999906539917
        ],
        [
            -0.06653155386447906,
            7.090965270996094
        ],
        [
            -0.4813334047794342,
            11.158614158630371
        ],
        [
            -0.3418826162815094,
            15.10537052154541
        ],
        [
            0.05182540416717529,
            19.1557674407959
        ],
        [
            0.6115114688873291,
            22.61833381652832
        ]
    ]
}