{
    "speed": 5.083330205054005,
    "steer": -0.0056262849830091,
    "throttle": 0.0,
    "brake": 0.0,
    "wp_4": [
        -0.3917807638645172,
        14.578843116760254
    ],
    "wp_3": [
        -0.3869583010673523,
        10.614693641662598
    ],
    "wp_2": [
        -0.11764775961637497,
        6.756038188934326
    ],
    "wp_1": [
        -0.0014603895833715796,
        3.1882660388946533
    ],
    "aim": [
        -0.0014603895833715796,
        3.1882660388946533
    ],
    "target": [
        2.4410340617914077,
        35.312049375870096
    ],
    "desired_speed": 7.571880722045899,
    "angle": -0.00029160101410395835,
    "angle_last": 0.12162097671838908,
    "angle_target": 0.04393804129399105,
    "angle_final": -0.00029160101410395835,
    "delta": 0.25,
    "agent": "only_traj",
    "steer_traj": -0.00562628509118001,
    "throttle_traj": 0.0,
    "brake_traj": 0.0,
    "plan": [
        [
            -0.0014603895833715796,
            3.1882660388946533
        ],
        [
            -0.11764775961637497,
            6.756038188934326
        ],
        [
            -0.3869583010673523,
            10.614693641662598
        ],
        [
            -0.3917807638645172,
            14.578843116760254
        ],
        [
            -0.11847761273384094,
            18.548404693603516
        ],
        [
            0.5553913116455078,
            22.032724380493164
        ]
    ]
}