{
    "speed": 4.882648168859017,
    "steer": -0.008550561033189297,
    "throttle": 0.75,
    "brake": 0.0,
    "wp_4": [
        -0.43053877353668213,
        14.63511848449707
    ],
    "wp_3": [
        -0.5211540460586548,
        10.649090766906738
    ],
    "wp_2": [
        -0.19209755957126617,
        6.603644371032715
    ],
    "wp_1": [
        -0.020307356491684914,
        3.0444676876068115
    ],
    "aim": [
        -0.020307356491684914,
        3.0444676876068115
    ],
    "target": [
        1.4419748916679693,
        34.830981990738906
    ],
    "desired_speed": 7.60772180557251,
    "angle": -0.004246356434532119,
    "angle_last": 0.08923267502013328,
    "angle_target": 0.026340509736085684,
    "angle_final": -0.004246356434532119,
    "delta": 0.25,
    "agent": "only_traj",
    "steer_traj": -0.008550561206803682,
    "throttle_traj": 0.75,
    "brake_traj": 0.0,
    "plan": [
        [
            -0.020307356491684914,
            3.0444676876068115
        ],
        [
            -0.19209755957126617,
            6.603644371032715
        ],
        [
            -0.5211540460586548,
            10.649090766906738
        ],
        [
            -0.43053877353668213,
            14.63511848449707
        ],
        [
            0.02094217576086521,
            18.508636474609375
        ],
        [
            0.5113694667816162,
            21.984588623046875
        ]
    ]
}