{
    "speed": 4.816189292518847,
    "steer": -0.019609984010457993,
    "throttle": 0.75,
    "brake": 0.0,
    "wp_4": [
        -0.46873244643211365,
        14.61291217803955
    ],
    "wp_3": [
        -0.5384918451309204,
        10.605125427246094
    ],
    "wp_2": [
        -0.22232775390148163,
        6.541907787322998
    ],
    "wp_1": [
        -0.06976552307605743,
        3.0801663398742676
    ],
    "aim": [
        -0.06976552307605743,
        3.0801663398742676
    ],
    "target": [
        0.8401210709613589,
        34.93123054698784
    ],
    "desired_speed": 7.566835117340087,
    "angle": -0.014416887563634994,
    "angle_last": 0.08933201632706159,
    "angle_target": 0.015308209561351569,
    "angle_final": -0.014416887563634994,
    "delta": 0.25,
    "agent": "only_traj",
    "steer_traj": -0.019609983732386226,
    "throttle_traj": 0.75,
    "brake_traj": 0.0,
    "plan": [
        [
            -0.06976552307605743,
            3.0801663398742676
        ],
        [
            -0.22232775390148163,
            6.541907787322998
        ],
        [
            -0.5384918451309204,
            10.605125427246094
        ],
        [
            -0.46873244643211365,
            14.61291217803955
        ],
        [
            0.02463756501674652,
            18.463838577270508
        ],
        [
            0.5121544003486633,
            21.915267944335938
        ]
    ]
}