{
    "speed": 4.928482312091736,
    "steer": -0.005203869193792343,
    "throttle": 0.75,
    "brake": 0.0,
    "wp_4": [
        0.2391071617603302,
        14.812092781066895
    ],
    "wp_3": [
        -0.45963576436042786,
        10.796156883239746
    ],
    "wp_2": [
        -0.20678646862506866,
        6.622793197631836
    ],
    "wp_1": [
        -0.002855835482478142,
        3.0937914848327637
    ],
    "aim": [
        -0.002855835482478142,
        3.0937914848327637
    ],
    "target": [
        0.8346763792553513,
        33.35132156163653
    ],
    "desired_speed": 7.647606468200683,
    "angle": -0.0005876517691286222,
    "angle_last": 0.04774064185013982,
    "angle_target": 0.01592922150066564,
    "angle_final": -0.0005876517691286222,
    "delta": 0.25,
    "agent": "only_traj",
    "steer_traj": -0.005203869073162975,
    "throttle_traj": 0.75,
    "brake_traj": 0.0,
    "plan": [
        [
            -0.002855835482478142,
            3.0937914848327637
        ],
        [
            -0.20678646862506866,
            6.622793197631836
        ],
        [
            -0.45963576436042786,
            10.796156883239746
        ],
        [
            0.2391071617603302,
            14.812092781066895
        ],
        [
            0.40500128269195557,
            18.616188049316406
        ],
        [
            0.6686563491821289,
            22.12542724609375
        ]
    ]
}