{
    "speed": 5.067024010273497,
    "steer": -0.010835603810846806,
    "throttle": 0.0,
    "brake": 0.0,
    "wp_4": [
        -0.07956699281930923,
        14.787784576416016
    ],
    "wp_3": [
        -0.43346214294433594,
        11.010366439819336
    ],
    "wp_2": [
        -0.36566296219825745,
        6.904120922088623
    ],
    "wp_1": [
        -0.021710732951760292,
        3.367290496826172
    ],
    "aim": [
        -0.021710732951760292,
        3.367290496826172
    ],
    "target": [
        1.4584243367669618,
        33.13266905021317
    ],
    "desired_speed": 7.406838321685791,
    "angle": -0.004104516172768188,
    "angle_last": 0.06217040305467187,
    "angle_target": 0.02800446937068529,
    "angle_final": -0.004104516172768188,
    "delta": 0.25,
    "agent": "only_traj",
    "steer_traj": -0.010835603939121306,
    "throttle_traj": 0.0,
    "brake_traj": 0.0,
    "plan": [
        [
            -0.021710732951760292,
            3.367290496826172
        ],
        [
            -0.36566296219825745,
            6.904120922088623
        ],
        [
            -0.43346214294433594,
            11.010366439819336
        ],
        [
            -0.07956699281930923,
            14.787784576416016
        ],
        [
            0.27458205819129944,
            18.51305389404297
        ],
        [
            0.5983613729476929,
            21.817981719970703
        ]
    ]
}