{
    "speed": 5.1947071005061,
    "steer": -0.005328511819243431,
    "throttle": 0.0,
    "brake": 0.0,
    "wp_4": [
        -0.06318306922912598,
        14.679645538330078
    ],
    "wp_3": [
        -0.43052709102630615,
        10.913168907165527
    ],
    "wp_2": [
        -0.44620761275291443,
        6.895229339599609
    ],
    "wp_1": [
        0.0031839360017329454,
        3.3366339206695557
    ],
    "aim": [
        0.0031839360017329454,
        3.3366339206695557
    ],
    "target": [
        2.071528691047093,
        33.36431359105184
    ],
    "desired_speed": 7.433475494384766,
    "angle": 0.0006074795536420534,
    "angle_last": 0.0626876001568234,
    "angle_target": 0.03947587377792873,
    "angle_final": 0.0006074795536420534,
    "delta": 0.25,
    "agent": "only_traj",
    "steer_traj": -0.005328511730539045,
    "throttle_traj": 0.0,
    "brake_traj": 0.0,
    "plan": [
        [
            0.0031839360017329454,
            3.3366339206695557
        ],
        [
            -0.44620761275291443,
            6.895229339599609
        ],
        [
            -0.43052709102630615,
            10.913168907165527
        ],
        [
            -0.06318306922912598,
            14.679645538330078
        ],
        [
            0.29513072967529297,
            18.445144653320312
        ],
        [
            0.6305662393569946,
            21.840620040893555
        ]
    ]
}