{
    "speed": 5.093852729162936,
    "steer": -0.005090886261314154,
    "throttle": 0.0,
    "brake": 0.0,
    "wp_4": [
        -0.0832170620560646,
        14.11217212677002
    ],
    "wp_3": [
        -0.46476465463638306,
        10.263041496276855
    ],
    "wp_2": [
        -0.3740583062171936,
        6.366540431976318
    ],
    "wp_1": [
        0.007944938726723194,
        2.9838643074035645
    ],
    "aim": [
        0.007944938726723194,
        2.9838643074035645
    ],
    "target": [
        2.576608008847667,
        33.5965462090162
    ],
    "desired_speed": 7.537297725677491,
    "angle": 0.0016950733424804171,
    "angle_last": 0.07489595617029496,
    "angle_target": 0.0487286671095446,
    "angle_final": 0.0016950733424804171,
    "delta": 0.25,
    "agent": "only_traj",
    "steer_traj": -0.005090886400461872,
    "throttle_traj": 0.0,
    "brake_traj": 0.0,
    "plan": [
        [
            0.007944938726723194,
            2.9838643074035645
        ],
        [
            -0.3740583062171936,
            6.366540431976318
        ],
        [
            -0.46476465463638306,
            10.263041496276855
        ],
        [
            -0.0832170620560646,
            14.11217212677002
        ],
        [
            0.2494339793920517,
            18.061412811279297
        ],
        [
            0.6849297285079956,
            21.746055603027344
        ]
    ]
}