{
    "speed": 4.984487032297154,
    "steer": -0.00590225774794817,
    "throttle": 0.75,
    "brake": 0.0,
    "wp_4": [
        -0.07488664984703064,
        14.31381893157959
    ],
    "wp_3": [
        -0.42780858278274536,
        10.39943790435791
    ],
    "wp_2": [
        -0.4453875720500946,
        6.442644119262695
    ],
    "wp_1": [
        0.004787536803632975,
        2.9776206016540527
    ],
    "aim": [
        0.004787536803632975,
        2.9776206016540527
    ],
    "target": [
        2.091845696812046,
        32.500623698678574
    ],
    "desired_speed": 7.654119777679444,
    "angle": 0.0010235898560773857,
    "angle_last": 0.06795428313482944,
    "angle_target": 0.04091847511253355,
    "angle_final": 0.0010235898560773857,
    "delta": 0.25,
    "agent": "only_traj",
    "steer_traj": -0.005902257646666775,
    "throttle_traj": 0.75,
    "brake_traj": 0.0,
    "plan": [
        [
            0.004787536803632975,
            2.9776206016540527
        ],
        [
            -0.4453875720500946,
            6.442644119262695
        ],
        [
            -0.42780858278274536,
            10.39943790435791
        ],
        [
            -0.07488664984703064,
            14.31381893157959
        ],
        [
            0.354385644197464,
            18.296842575073242
        ],
        [
            0.7536939382553101,
            22.02348518371582
        ]
    ]
}