{
    "speed": 4.902794396132954,
    "steer": -0.007532196119427681,
    "throttle": 0.75,
    "brake": 0.0,
    "wp_4": [
        -0.10060825198888779,
        14.548553466796875
    ],
    "wp_3": [
        -0.41518768668174744,
        10.70125961303711
    ],
    "wp_2": [
        -0.49637138843536377,
        6.771254539489746
    ],
    "wp_1": [
        -0.006120501551777124,
        3.201803684234619
    ],
    "aim": [
        -0.006120501551777124,
        3.201803684234619
    ],
    "target": [
        1.9123670728000872,
        33.946422160109805
    ],
    "desired_speed": 7.642437362670898,
    "angle": -0.0012169398646591303,
    "angle_last": 0.05788741909912921,
    "angle_target": 0.03582602090798391,
    "angle_final": -0.0012169398646591303,
    "delta": 0.25,
    "agent": "only_traj",
    "steer_traj": -0.007532196314416101,
    "throttle_traj": 0.75,
    "brake_traj": 0.0,
    "plan": [
        [
            -0.006120501551777124,
            3.201803684234619
        ],
        [
            -0.49637138843536377,
            6.771254539489746
        ],
        [
            -0.41518768668174744,
            10.70125961303711
        ],
        [
            -0.10060825198888779,
            14.548553466796875
        ],
        [
            0.2685769200325012,
            18.492557525634766
        ],
        [
            0.6091747283935547,
            22.22797203063965
        ]
    ]
}