{
    "speed": 4.840121451589665,
    "steer": -0.001297792186960578,
    "throttle": 0.75,
    "brake": 0.0,
    "wp_4": [
        -0.11593957245349884,
        14.15183162689209
    ],
    "wp_3": [
        0.025602104142308235,
        10.23000431060791
    ],
    "wp_2": [
        -0.40550774335861206,
        6.5286335945129395
    ],
    "wp_1": [
        0.01882491633296013,
        3.036304235458374
    ],
    "aim": [
        0.01882491633296013,
        3.036304235458374
    ],
    "target": [
        1.7811626462562948,
        32.3107810957778
    ],
    "desired_speed": 7.543564128875731,
    "angle": 0.003946986711833621,
    "angle_last": 0.0637358824124388,
    "angle_target": 0.03505878824982668,
    "angle_final": 0.003946986711833621,
    "delta": 0.25,
    "agent": "only_traj",
    "steer_traj": -0.0012977921763907278,
    "throttle_traj": 0.75,
    "brake_traj": 0.0,
    "plan": [
        [
            0.01882491633296013,
            3.036304235458374
        ],
        [
            -0.40550774335861206,
            6.5286335945129395
        ],
        [
            0.025602104142308235,
            10.23000431060791
        ],
        [
            -0.11593957245349884,
            14.15183162689209
        ],
        [
            0.3371703624725342,
            18.085134506225586
        ],
        [
            0.710060715675354,
            21.797260284423828
        ]
    ]
}