{
    "speed": 4.9559353894848925,
    "steer": -0.014924947172403336,
    "throttle": 0.75,
    "brake": 0.0,
    "wp_4": [
        0.0035571528133004904,
        14.612629890441895
    ],
    "wp_3": [
        -0.19039832055568695,
        10.767996788024902
    ],
    "wp_2": [
        -0.5174433588981628,
        6.8609113693237305
    ],
    "wp_1": [
        -0.051100533455610275,
        3.190237045288086
    ],
    "aim": [
        -0.051100533455610275,
        3.190237045288086
    ],
    "target": [
        2.7980964779108137,
        31.645174127963315
    ],
    "desired_speed": 7.74411449432373,
    "angle": -0.010196361893502561,
    "angle_last": 0.05925580955384588,
    "angle_target": 0.056144513694414526,
    "angle_final": -0.010196361893502561,
    "delta": 0.25,
    "agent": "only_traj",
    "steer_traj": -0.014924947337928424,
    "throttle_traj": 0.75,
    "brake_traj": 0.0,
    "plan": [
        [
            -0.051100533455610275,
            3.190237045288086
        ],
        [
            -0.5174433588981628,
            6.8609113693237305
        ],
        [
            -0.19039832055568695,
            10.767996788024902
        ],
        [
            0.0035571528133004904,
            14.612629890441895
        ],
        [
            0.5756069421768188,
            18.567626953125
        ],
        [
            0.9375032186508179,
            22.444454193115234
        ]
    ]
}