{
    "speed": 5.2236246132756365,
    "steer": -0.018615398555994034,
    "throttle": 0.0,
    "brake": 0.0,
    "wp_4": [
        -0.03931668773293495,
        14.845114707946777
    ],
    "wp_3": [
        -0.07370088994503021,
        10.932855606079102
    ],
    "wp_2": [
        -0.530182957649231,
        7.105078220367432
    ],
    "wp_1": [
        -0.08395511656999588,
        3.3165760040283203
    ],
    "aim": [
        -0.08395511656999588,
        3.3165760040283203
    ],
    "target": [
        1.1371551371540378,
        32.37336271475128
    ],
    "desired_speed": 7.708406162261962,
    "angle": -0.016111836951669047,
    "angle_last": 0.04630964132803138,
    "angle_target": 0.0223528809038019,
    "angle_final": -0.016111836951669047,
    "delta": 0.25,
    "agent": "only_traj",
    "steer_traj": -0.01861539815341171,
    "throttle_traj": 0.0,
    "brake_traj": 0.0,
    "plan": [
        [
            -0.08395511656999588,
            3.3165760040283203
        ],
        [
            -0.530182957649231,
            7.105078220367432
        ],
        [
            -0.07370088994503021,
            10.932855606079102
        ],
        [
            -0.03931668773293495,
            14.845114707946777
        ],
        [
            0.4007881283760071,
            18.706771850585938
        ],
        [
            0.6771394610404968,
            22.499074935913086
        ]
    ]
}