{
    "speed": 5.1165171165694625,
    "steer": -0.018066300079226494,
    "throttle": 0.0,
    "brake": 0.0,
    "wp_4": [
        0.11389970034360886,
        14.38326358795166
    ],
    "wp_3": [
        -0.02792065031826496,
        10.523024559020996
    ],
    "wp_2": [
        -0.5319651961326599,
        6.659329414367676
    ],
    "wp_1": [
        -0.08203146606683731,
        2.969630479812622
    ],
    "aim": [
        -0.08203146606683731,
        2.969630479812622
    ],
    "target": [
        1.1695677507169475,
        31.446885649342356
    ],
    "desired_speed": 7.7343866348266594,
    "angle": -0.017581162424120347,
    "angle_last": 0.041470224628105005,
    "angle_target": 0.02366615707124144,
    "angle_final": -0.017581162424120347,
    "delta": 0.25,
    "agent": "only_traj",
    "steer_traj": -0.01806629932464931,
    "throttle_traj": 0.0,
    "brake_traj": 0.0,
    "plan": [
        [
            -0.08203146606683731,
            2.969630479812622
        ],
        [
            -0.5319651961326599,
            6.659329414367676
        ],
        [
            -0.02792065031826496,
            10.523024559020996
        ],
        [
            0.11389970034360886,
            14.38326358795166
        ],
        [
            0.3662447929382324,
            18.351360321044922
        ],
        [
            0.6190448999404907,
            22.226669311523438
        ]
    ]
}