{
    "speed": 4.987845624676419,
    "steer": 0.032264143228530884,
    "throttle": 0.75,
    "brake": 0.0,
    "wp_4": [
        -0.11099020391702652,
        13.895151138305664
    ],
    "wp_3": [
        0.043716661632061005,
        10.441431045532227
    ],
    "wp_2": [
        -0.1111258938908577,
        5.108455181121826
    ],
    "wp_1": [
        -0.15988904237747192,
        2.714967966079712
    ],
    "aim": [
        -0.15988904237747192,
        2.714967966079712
    ],
    "target": [
        1.4138967756281609,
        32.1570149588678
    ],
    "desired_speed": 7.640986347198486,
    "angle": -0.03744836133590877,
    "angle_last": 0.062190210603264906,
    "angle_target": 0.027973220556762882,
    "angle_final": 0.027973220556762882,
    "delta": 0.25,
    "agent": "only_traj",
    "steer_traj": 0.032264143351164884,
    "throttle_traj": 0.75,
    "brake_traj": 0.0,
    "plan": [
        [
            -0.15988904237747192,
            2.714967966079712
        ],
        [
            -0.1111258938908577,
            5.108455181121826
        ],
        [
            0.043716661632061005,
            10.441431045532227
        ],
        [
            -0.11099020391702652,
            13.895151138305664
        ],
        [
            0.35934314131736755,
            17.84807777404785
        ],
        [
            0.7431607246398926,
            21.76458168029785
        ]
    ]
}