{
    "speed": 4.914090232485838,
    "steer": 0.014613136649131775,
    "throttle": 0.75,
    "brake": 0.0,
    "wp_4": [
        0.25156018137931824,
        14.64431381225586
    ],
    "wp_3": [
        0.013787226751446724,
        10.664506912231445
    ],
    "wp_2": [
        -0.4484754502773285,
        6.991986274719238
    ],
    "wp_1": [
        -0.215119406580925,
        3.1380133628845215
    ],
    "aim": [
        -0.215119406580925,
        3.1380133628845215
    ],
    "target": [
        1.107829325998503,
        29.8020727103488
    ],
    "desired_speed": 7.808796501159668,
    "angle": -0.04357382676555776,
    "angle_last": 0.06056750943845143,
    "angle_target": 0.023654108827888497,
    "angle_final": 0.023654108827888497,
    "delta": 0.25,
    "agent": "only_traj",
    "steer_traj": 0.01461313638455081,
    "throttle_traj": 0.75,
    "brake_traj": 0.0,
    "plan": [
        [
            -0.215119406580925,
            3.1380133628845215
        ],
        [
            -0.4484754502773285,
            6.991986274719238
        ],
        [
            0.013787226751446724,
            10.664506912231445
        ],
        [
            0.25156018137931824,
            14.64431381225586
        ],
        [
            0.6224687099456787,
            18.614999771118164
        ],
        [
            1.0009875297546387,
            22.581565856933594
        ]
    ]
}