{
    "speed": 4.856352852027153,
    "steer": -0.0077416240237653255,
    "throttle": 0.75,
    "brake": 0.0,
    "wp_4": [
        0.2693871259689331,
        14.058197975158691
    ],
    "wp_3": [
        0.038997139781713486,
        10.114365577697754
    ],
    "wp_2": [
        0.032330114394426346,
        6.515066623687744
    ],
    "wp_1": [
        0.0038737915456295013,
        3.008358955383301
    ],
    "aim": [
        0.0038737915456295013,
        3.008358955383301
    ],
    "target": [
        2.9553161920080475,
        29.722393085205766
    ],
    "desired_speed": 7.645607662200928,
    "angle": 0.0008197466548478942,
    "angle_last": 0.0744771896831824,
    "angle_target": 0.06309212965541261,
    "angle_final": 0.0008197466548478942,
    "delta": 0.25,
    "agent": "only_traj",
    "steer_traj": -0.007741624051093841,
    "throttle_traj": 0.75,
    "brake_traj": 0.0,
    "plan": [
        [
            0.0038737915456295013,
            3.008358955383301
        ],
        [
            0.032330114394426346,
            6.515066623687744
        ],
        [
            0.038997139781713486,
            10.114365577697754
        ],
        [
            0.2693871259689331,
            14.058197975158691
        ],
        [
            0.6470214128494263,
            18.044797897338867
        ],
        [
            1.1200820207595825,
            22.069984436035156
        ]
    ]
}