{
    "speed": 4.8786237043426235,
    "steer": 0.0408836305141449,
    "throttle": 0.75,
    "brake": 0.0,
    "wp_4": [
        0.21561911702156067,
        14.72361946105957
    ],
    "wp_3": [
        0.10006719827651978,
        10.762185096740723
    ],
    "wp_2": [
        -0.4667965769767761,
        7.058016777038574
    ],
    "wp_1": [
        -0.41955259442329407,
        3.178593397140503
    ],
    "aim": [
        -0.41955259442329407,
        3.178593397140503
    ],
    "target": [
        1.8991969677948295,
        30.508553336396513
    ],
    "desired_speed": 7.7745188713073725,
    "angle": -0.0835464464091865,
    "angle_last": 0.060853466691702635,
    "angle_target": 0.039579332015446146,
    "angle_final": 0.039579332015446146,
    "delta": 0.25,
    "agent": "only_traj",
    "steer_traj": 0.040883631158945846,
    "throttle_traj": 0.75,
    "brake_traj": 0.0,
    "plan": [
        [
            -0.41955259442329407,
            3.178593397140503
        ],
        [
            -0.4667965769767761,
            7.058016777038574
        ],
        [
            0.10006719827651978,
            10.762185096740723
        ],
        [
            0.21561911702156067,
            14.72361946105957
        ],
        [
            0.46872013807296753,
            18.663063049316406
        ],
        [
            0.8408145904541016,
            22.543874740600586
        ]
    ]
}