{
    "speed": 4.972629354220362,
    "steer": 0.02978288196027279,
    "throttle": 0.75,
    "brake": 0.0,
    "wp_4": [
        0.2767132818698883,
        14.401386260986328
    ],
    "wp_3": [
        0.10364531725645065,
        10.527509689331055
    ],
    "wp_2": [
        -0.47381436824798584,
        6.861125469207764
    ],
    "wp_1": [
        -0.3947408199310303,
        3.065497398376465
    ],
    "aim": [
        -0.3947408199310303,
        3.065497398376465
    ],
    "target": [
        1.9192990020383018,
        30.69704490063713
    ],
    "desired_speed": 7.630319881439208,
    "angle": -0.08152820140043851,
    "angle_last": 0.059700910214758374,
    "angle_target": 0.03975220534936899,
    "angle_final": 0.03975220534936899,
    "delta": 0.25,
    "agent": "only_traj",
    "steer_traj": 0.02978288230637031,
    "throttle_traj": 0.75,
    "brake_traj": 0.0,
    "plan": [
        [
            -0.3947408199310303,
            3.065497398376465
        ],
        [
            -0.47381436824798584,
            6.861125469207764
        ],
        [
            0.10364531725645065,
            10.527509689331055
        ],
        [
            0.2767132818698883,
            14.401386260986328
        ],
        [
            0.5463184118270874,
            18.295442581176758
        ],
        [
            0.9009022116661072,
            22.065452575683594
        ]
    ]
}