{
    "speed": 5.19032950093397,
    "steer": 0.026654450222849846,
    "throttle": 0.0,
    "brake": 0.0,
    "wp_4": [
        0.20758113265037537,
        14.561408996582031
    ],
    "wp_3": [
        0.10061118751764297,
        10.606104850769043
    ],
    "wp_2": [
        -0.39895716309547424,
        6.951414108276367
    ],
    "wp_1": [
        -0.4718567132949829,
        3.1213438510894775
    ],
    "aim": [
        -0.4718567132949829,
        3.1213438510894775
    ],
    "target": [
        1.6399216501853184,
        28.404201611959024
    ],
    "desired_speed": 7.752359104156493,
    "angle": -0.09551521456477216,
    "angle_last": 0.0562373212866449,
    "angle_target": 0.03671459817992598,
    "angle_final": 0.03671459817992598,
    "delta": 0.25,
    "agent": "only_traj",
    "steer_traj": 0.026654450113272114,
    "throttle_traj": 0.0,
    "brake_traj": 0.0,
    "plan": [
        [
            -0.4718567132949829,
            3.1213438510894775
        ],
        [
            -0.39895716309547424,
            6.951414108276367
        ],
        [
            0.10061118751764297,
            10.606104850769043
        ],
        [
            0.20758113265037537,
            14.561408996582031
        ],
        [
            0.4454066753387451,
            18.552425384521484
        ],
        [
            0.7900577783584595,
            22.443803787231445
        ]
    ]
}