{
    "speed": 5.104918757763686,
    "steer": 0.026956070214509964,
    "throttle": 0.0,
    "brake": 0.0,
    "wp_4": [
        0.15636736154556274,
        14.316064834594727
    ],
    "wp_3": [
        -5.0030223064823076e-05,
        10.377005577087402
    ],
    "wp_2": [
        -0.4507288634777069,
        6.742276668548584
    ],
    "wp_1": [
        -0.4675305187702179,
        2.968845844268799
    ],
    "aim": [
        -0.4675305187702179,
        2.968845844268799
    ],
    "target": [
        1.6056136561760397,
        29.294260975292975
    ],
    "desired_speed": 7.7143667221069325,
    "angle": -0.09943748864114738,
    "angle_last": 0.06253414857347044,
    "angle_target": 0.03485814759464118,
    "angle_final": 0.03485814759464118,
    "delta": 0.25,
    "agent": "only_traj",
    "steer_traj": 0.026956070588523895,
    "throttle_traj": 0.0,
    "brake_traj": 0.0,
    "plan": [
        [
            -0.4675305187702179,
            2.968845844268799
        ],
        [
            -0.4507288634777069,
            6.742276668548584
        ],
        [
            -5.0030223064823076e-05,
            10.377005577087402
        ],
        [
            0.15636736154556274,
            14.316064834594727
        ],
        [
            0.42144426703453064,
            18.286977767944336
        ],
        [
            0.8066623210906982,
            22.196014404296875
        ]
    ]
}