{
    "speed": 4.9541734815473015,
    "steer": 0.010808640159666538,
    "throttle": 0.75,
    "brake": 0.0,
    "wp_4": [
        0.06267303228378296,
        14.241670608520508
    ],
    "wp_3": [
        -0.04156654328107834,
        10.232380867004395
    ],
    "wp_2": [
        -0.4822763204574585,
        6.565310001373291
    ],
    "wp_1": [
        -0.4978231191635132,
        2.8632562160491943
    ],
    "aim": [
        -0.4978231191635132,
        2.8632562160491943
    ],
    "target": [
        0.8517971832445009,
        28.61911933705927
    ],
    "desired_speed": 7.800212001800538,
    "angle": -0.109591020188316,
    "angle_last": 0.06177440386479269,
    "angle_target": 0.018942263181483933,
    "angle_final": 0.018942263181483933,
    "delta": 0.25,
    "agent": "only_traj",
    "steer_traj": 0.010808640392618796,
    "throttle_traj": 0.75,
    "brake_traj": 0.0,
    "plan": [
        [
            -0.4978231191635132,
            2.8632562160491943
        ],
        [
            -0.4822763204574585,
            6.565310001373291
        ],
        [
            -0.04156654328107834,
            10.232380867004395
        ],
        [
            0.06267303228378296,
            14.241670608520508
        ],
        [
            0.30230045318603516,
            18.312118530273438
        ],
        [
            0.691463828086853,
            22.310068130493164
        ]
    ]
}