{
    "speed": 4.909278142381612,
    "steer": 0.02258092351257801,
    "throttle": 0.75,
    "brake": 0.0,
    "wp_4": [
        0.01611446961760521,
        14.128154754638672
    ],
    "wp_3": [
        -0.21755078434944153,
        10.135472297668457
    ],
    "wp_2": [
        -0.43556779623031616,
        6.607817649841309
    ],
    "wp_1": [
        -0.5402182936668396,
        2.9504635334014893
    ],
    "aim": [
        -0.5402182936668396,
        2.9504635334014893
    ],
    "target": [
        1.1105045392130264,
        28.564407240860806
    ],
    "desired_speed": 7.741854763031006,
    "angle": -0.11528557657232798,
    "angle_last": 0.06172621308564871,
    "angle_target": 0.024737544305811657,
    "angle_final": 0.024737544305811657,
    "delta": 0.25,
    "agent": "only_traj",
    "steer_traj": 0.02258092290610117,
    "throttle_traj": 0.75,
    "brake_traj": 0.0,
    "plan": [
        [
            -0.5402182936668396,
            2.9504635334014893
        ],
        [
            -0.43556779623031616,
            6.607817649841309
        ],
        [
            -0.21755078434944153,
            10.135472297668457
        ],
        [
            0.01611446961760521,
            14.128154754638672
        ],
        [
            0.30169567465782166,
            18.178438186645508
        ],
        [
            0.698756217956543,
            22.26072120666504
        ]
    ]
}