{
    "speed": 4.8596411584033055,
    "steer": 0.01495224330574274,
    "throttle": 0.75,
    "brake": 0.0,
    "wp_4": [
        0.10955049842596054,
        14.44713020324707
    ],
    "wp_3": [
        -0.1693308800458908,
        10.431571960449219
    ],
    "wp_2": [
        -0.3784011900424957,
        6.832378387451172
    ],
    "wp_1": [
        -0.5412632822990417,
        3.087859869003296
    ],
    "aim": [
        -0.5412632822990417,
        3.087859869003296
    ],
    "target": [
        0.781417077258119,
        29.49798807572176
    ],
    "desired_speed": 7.782814025878905,
    "angle": -0.11046915484260732,
    "angle_last": 0.0632433498822901,
    "angle_target": 0.016860446361149736,
    "angle_final": 0.016860446361149736,
    "delta": 0.25,
    "agent": "only_traj",
    "steer_traj": 0.01495224311535822,
    "throttle_traj": 0.75,
    "brake_traj": 0.0,
    "plan": [
        [
            -0.5412632822990417,
            3.087859869003296
        ],
        [
            -0.3784011900424957,
            6.832378387451172
        ],
        [
            -0.1693308800458908,
            10.431571960449219
        ],
        [
            0.10955049842596054,
            14.44713020324707
        ],
        [
            0.3889865279197693,
            18.480398178100586
        ],
        [
            0.7892287373542786,
            22.496049880981445
        ]
    ]
}