{
    "speed": 4.887089923876888,
    "steer": 0.02504684217274189,
    "throttle": 0.75,
    "brake": 0.0,
    "wp_4": [
        0.11474668234586716,
        14.567261695861816
    ],
    "wp_3": [
        -0.2713904082775116,
        10.590561866760254
    ],
    "wp_2": [
        -0.42303743958473206,
        6.871917247772217
    ],
    "wp_1": [
        -0.5387142896652222,
        3.148437738418579
    ],
    "aim": [
        -0.5387142896652222,
        3.148437738418579
    ],
    "target": [
        1.1158512280663395,
        28.638755813929745
    ],
    "desired_speed": 7.763530445098877,
    "angle": -0.10788423180572058,
    "angle_last": 0.014750372813033567,
    "angle_target": 0.024792061878093765,
    "angle_final": 0.024792061878093765,
    "delta": 0.25,
    "agent": "only_traj",
    "steer_traj": 0.025046843020531683,
    "throttle_traj": 0.75,
    "brake_traj": 0.0,
    "plan": [
        [
            -0.5387142896652222,
            3.148437738418579
        ],
        [
            -0.42303743958473206,
            6.871917247772217
        ],
        [
            -0.2713904082775116,
            10.590561866760254
        ],
        [
            0.11474668234586716,
            14.567261695861816
        ],
        [
            0.3834157884120941,
            18.685100555419922
        ],
        [
            0.47237586975097656,
            22.523887634277344
        ]
    ]
}