{
    "speed": 4.9867686225265535,
    "steer": 0.009895525872707367,
    "throttle": 0.75,
    "brake": 0.0,
    "wp_4": [
        0.10588784515857697,
        14.693222045898438
    ],
    "wp_3": [
        0.024132415652275085,
        10.640767097473145
    ],
    "wp_2": [
        -0.1369868814945221,
        6.956669330596924
    ],
    "wp_1": [
        -0.5530565977096558,
        3.332793951034546
    ],
    "aim": [
        -0.5530565977096558,
        3.332793951034546
    ],
    "target": [
        0.5690994403573203,
        28.702533322222127
    ],
    "desired_speed": 7.858819675445556,
    "angle": -0.10468906931198863,
    "angle_last": 0.04955405707477821,
    "angle_target": 0.012620923956283095,
    "angle_final": 0.012620923956283095,
    "delta": 0.25,
    "agent": "only_traj",
    "steer_traj": 0.00989552595844194,
    "throttle_traj": 0.75,
    "brake_traj": 0.0,
    "plan": [
        [
            -0.5530565977096558,
            3.332793951034546
        ],
        [
            -0.1369868814945221,
            6.956669330596924
        ],
        [
            0.024132415652275085,
            10.640767097473145
        ],
        [
            0.10588784515857697,
            14.693222045898438
        ],
        [
            0.3335503339767456,
            18.81684684753418
        ],
        [
            0.6545904874801636,
            22.93290901184082
        ]
    ]
}