{
    "speed": 5.0367985756825036,
    "steer": 0.016528621315956116,
    "throttle": 0.0,
    "brake": 0.0,
    "wp_4": [
        0.14970220625400543,
        14.083661079406738
    ],
    "wp_3": [
        -0.46000733971595764,
        10.225967407226562
    ],
    "wp_2": [
        -0.4487190246582031,
        6.393501281738281
    ],
    "wp_1": [
        -0.5240857601165771,
        3.0091552734375
    ],
    "aim": [
        -0.5240857601165771,
        3.0091552734375
    ],
    "target": [
        0.65155369903913,
        27.049828260032864
    ],
    "desired_speed": 7.7969790458679205,
    "angle": -0.10977497994996169,
    "angle_last": 0.018288334912109395,
    "angle_target": 0.015331401437956221,
    "angle_final": 0.015331401437956221,
    "delta": 0.25,
    "agent": "only_traj",
    "steer_traj": 0.016528622201592524,
    "throttle_traj": 0.0,
    "brake_traj": 0.0,
    "plan": [
        [
            -0.5240857601165771,
            3.0091552734375
        ],
        [
            -0.4487190246582031,
            6.393501281738281
        ],
        [
            -0.46000733971595764,
            10.225967407226562
        ],
        [
            0.14970220625400543,
            14.083661079406738
        ],
        [
            0.4005807638168335,
            18.28050422668457
        ],
        [
            0.5202093720436096,
            22.44365119934082
        ]
    ]
}