{
    "speed": 4.992824006456622,
    "steer": 0.04858613386750221,
    "throttle": 0.75,
    "brake": 0.0,
    "wp_4": [
        0.1621902883052826,
        13.939870834350586
    ],
    "wp_3": [
        -0.44692033529281616,
        10.073211669921875
    ],
    "wp_2": [
        -0.48740699887275696,
        6.349283695220947
    ],
    "wp_1": [
        -0.5423012971878052,
        3.010491371154785
    ],
    "aim": [
        -0.5423012971878052,
        3.010491371154785
    ],
    "target": [
        1.9069396242489849,
        27.490506710220906
    ],
    "desired_speed": 7.8606351852417,
    "angle": -0.11346199195492535,
    "angle_last": 0.09464984983285195,
    "angle_target": 0.04408990758777782,
    "angle_final": 0.04408990758777782,
    "delta": 0.25,
    "agent": "only_traj",
    "steer_traj": 0.04858613457052966,
    "throttle_traj": 0.75,
    "brake_traj": 0.0,
    "plan": [
        [
            -0.5423012971878052,
            3.010491371154785
        ],
        [
            -0.48740699887275696,
            6.349283695220947
        ],
        [
            -0.44692033529281616,
            10.073211669921875
        ],
        [
            0.1621902883052826,
            13.939870834350586
        ],
        [
            0.6074886322021484,
            18.14445686340332
        ],
        [
            1.2660313844680786,
            22.541166305541992
        ]
    ]
}