{
    "speed": 4.9250840638394795,
    "steer": 0.027070505544543266,
    "throttle": 0.75,
    "brake": 0.0,
    "wp_4": [
        0.07239682227373123,
        14.322166442871094
    ],
    "wp_3": [
        -0.37300950288772583,
        10.35354995727539
    ],
    "wp_2": [
        -0.477335661649704,
        6.562915802001953
    ],
    "wp_1": [
        -0.5889456868171692,
        3.116422414779663
    ],
    "aim": [
        -0.5889456868171692,
        3.116422414779663
    ],
    "target": [
        1.3680304180519212,
        27.76657034364863
    ],
    "desired_speed": 7.8986516952514645,
    "angle": -0.11890694287026873,
    "angle_last": 0.005581071525263782,
    "angle_target": 0.031340260298626965,
    "angle_final": 0.031340260298626965,
    "delta": 0.25,
    "agent": "only_traj",
    "steer_traj": 0.0270705058814978,
    "throttle_traj": 0.75,
    "brake_traj": 0.0,
    "plan": [
        [
            -0.5889456868171692,
            3.116422414779663
        ],
        [
            -0.477335661649704,
            6.562915802001953
        ],
        [
            -0.37300950288772583,
            10.35354995727539
        ],
        [
            0.07239682227373123,
            14.322166442871094
        ],
        [
            0.4841463565826416,
            18.55718994140625
        ],
        [
            0.5214723348617554,
            22.814760208129883
        ]
    ]
}