{
    "speed": 4.897678464786121,
    "steer": 0.016928257420659065,
    "throttle": 0.75,
    "brake": 0.0,
    "wp_4": [
        0.4896325469017029,
        15.076390266418457
    ],
    "wp_3": [
        0.2805882692337036,
        10.959054946899414
    ],
    "wp_2": [
        0.12793508172035217,
        7.0699238777160645
    ],
    "wp_1": [
        0.05614640936255455,
        3.3031117916107178
    ],
    "aim": [
        0.05614640936255455,
        3.3031117916107178
    ],
    "target": [
        1.2189130978802671,
        26.84110010274306
    ],
    "desired_speed": 8.095604801177979,
    "angle": 0.010820206073617453,
    "angle_last": 0.05436030941173463,
    "angle_target": 0.02889044808866686,
    "angle_final": 0.010820206073617453,
    "delta": 0.25,
    "agent": "only_traj",
    "steer_traj": 0.016928258198942045,
    "throttle_traj": 0.75,
    "brake_traj": 0.0,
    "plan": [
        [
            0.05614640936255455,
            3.3031117916107178
        ],
        [
            0.12793508172035217,
            7.0699238777160645
        ],
        [
            0.2805882692337036,
            10.959054946899414
        ],
        [
            0.4896325469017029,
            15.076390266418457
        ],
        [
            0.7949204444885254,
            19.294021606445312
        ],
        [
            1.155513882637024,
            23.506702423095703
        ]
    ]
}