{
    "speed": 4.9964282417397605,
    "steer": 0.019323956221342087,
    "throttle": 0.75,
    "brake": 0.0,
    "wp_4": [
        0.2485136091709137,
        14.700225830078125
    ],
    "wp_3": [
        0.0072615123353898525,
        10.834137916564941
    ],
    "wp_2": [
        -0.5275729894638062,
        6.896594524383545
    ],
    "wp_1": [
        -0.5409383773803711,
        3.326352596282959
    ],
    "aim": [
        -0.5409383773803711,
        3.326352596282959
    ],
    "target": [
        0.5694811548653427,
        26.055806766639062
    ],
    "desired_speed": 7.845738697052002,
    "angle": -0.10262999495020211,
    "angle_last": -0.05167481057614677,
    "angle_target": 0.013911879788695904,
    "angle_final": 0.013911879788695904,
    "delta": 0.25,
    "agent": "only_traj",
    "steer_traj": 0.019323955774316438,
    "throttle_traj": 0.75,
    "brake_traj": 0.0,
    "plan": [
        [
            -0.5409383773803711,
            3.326352596282959
        ],
        [
            -0.5275729894638062,
            6.896594524383545
        ],
        [
            0.0072615123353898525,
            10.834137916564941
        ],
        [
            0.2485136091709137,
            14.700225830078125
        ],
        [
            0.4387054741382599,
            18.865726470947266
        ],
        [
            0.112195685505867,
            22.879398345947266
        ]
    ]
}