{
    "speed": 5.17773128058356,
    "steer": -0.0368768684566021,
    "throttle": 0.0,
    "brake": 0.0,
    "wp_4": [
        0.25975626707077026,
        14.88098430633545
    ],
    "wp_3": [
        0.05251828581094742,
        11.016556739807129
    ],
    "wp_2": [
        -0.5197141170501709,
        7.103870868682861
    ],
    "wp_1": [
        -0.28891506791114807,
        3.366227149963379
    ],
    "aim": [
        -0.28891506791114807,
        3.366227149963379
    ],
    "target": [
        2.320936807679197,
        26.31555901707338
    ],
    "desired_speed": 7.826352310180663,
    "angle": -0.05450592398711706,
    "angle_last": -0.06824750568727493,
    "angle_target": 0.05600264625621778,
    "angle_final": -0.05450592398711706,
    "delta": 0.25,
    "agent": "only_traj",
    "steer_traj": -0.03687686782924273,
    "throttle_traj": 0.0,
    "brake_traj": 0.0,
    "plan": [
        [
            -0.28891506791114807,
            3.366227149963379
        ],
        [
            -0.5197141170501709,
            7.103870868682861
        ],
        [
            0.05251828581094742,
            11.016556739807129
        ],
        [
            0.25975626707077026,
            14.88098430633545
        ],
        [
            0.4350702464580536,
            18.922239303588867
        ],
        [
            0.012239656411111355,
            22.85132598876953
        ]
    ]
}