{
    "speed": 5.0486685087541305,
    "steer": 0.029471008107066154,
    "throttle": 0.0,
    "brake": 0.0,
    "wp_4": [
        0.32370784878730774,
        14.05440616607666
    ],
    "wp_3": [
        0.026319196447730064,
        10.341307640075684
    ],
    "wp_2": [
        -0.5029852986335754,
        6.482040882110596
    ],
    "wp_1": [
        -0.3075161576271057,
        3.169374465942383
    ],
    "aim": [
        -0.3075161576271057,
        3.169374465942383
    ],
    "target": [
        0.26800374735094445,
        25.533631689399837
    ],
    "desired_speed": 7.440390396118164,
    "angle": -0.06157676348888659,
    "angle_last": 0.03362127479788946,
    "angle_target": 0.006681784307602809,
    "angle_final": 0.006681784307602809,
    "delta": 0.25,
    "agent": "only_traj",
    "steer_traj": 0.029471008317301914,
    "throttle_traj": 0.0,
    "brake_traj": 0.0,
    "plan": [
        [
            -0.3075161576271057,
            3.169374465942383
        ],
        [
            -0.5029852986335754,
            6.482040882110596
        ],
        [
            0.026319196447730064,
            10.341307640075684
        ],
        [
            0.32370784878730774,
            14.05440616607666
        ],
        [
            0.5053955912590027,
            17.961700439453125
        ],
        [
            0.703383207321167,
            21.70711898803711
        ]
    ]
}