{
    "speed": 4.962695990015846,
    "steer": 0.012807896360754967,
    "throttle": 0.75,
    "brake": 0.0,
    "wp_4": [
        0.3469884693622589,
        14.205717086791992
    ],
    "wp_3": [
        0.2159672975540161,
        10.38106918334961
    ],
    "wp_2": [
        -0.057785242795944214,
        6.792205333709717
    ],
    "wp_1": [
        0.039238836616277695,
        3.109449863433838
    ],
    "aim": [
        0.039238836616277695,
        3.109449863433838
    ],
    "target": [
        0.8661894325462312,
        24.962843637936352
    ],
    "desired_speed": 7.549866008758545,
    "angle": 0.008033185328289139,
    "angle_last": 0.03562912274090088,
    "angle_target": 0.022081305032927455,
    "angle_final": 0.008033185328289139,
    "delta": 0.25,
    "agent": "only_traj",
    "steer_traj": 0.012807896149870454,
    "throttle_traj": 0.75,
    "brake_traj": 0.0,
    "plan": [
        [
            0.039238836616277695,
            3.109449863433838
        ],
        [
            -0.057785242795944214,
            6.792205333709717
        ],
        [
            0.2159672975540161,
            10.38106918334961
        ],
        [
            0.3469884693622589,
            14.205717086791992
        ],
        [
            0.568527102470398,
            18.13530158996582
        ],
        [
            0.7826884388923645,
            21.95793342590332
        ]
    ]
}