{
    "speed": 4.912331502602871,
    "steer": 0.04368821904063225,
    "throttle": 0.75,
    "brake": 0.0,
    "wp_4": [
        0.340465247631073,
        14.083150863647461
    ],
    "wp_3": [
        0.16865022480487823,
        10.370357513427734
    ],
    "wp_2": [
        -0.5021401643753052,
        6.650789260864258
    ],
    "wp_1": [
        -0.25378647446632385,
        2.9559895992279053
    ],
    "aim": [
        -0.25378647446632385,
        2.9559895992279053
    ],
    "target": [
        1.5065265165308583,
        25.828368360327524
    ],
    "desired_speed": 7.555842018127441,
    "angle": -0.054523303024005196,
    "angle_last": 0.042719997464235784,
    "angle_target": 0.03709096541697927,
    "angle_final": 0.03709096541697927,
    "delta": 0.25,
    "agent": "only_traj",
    "steer_traj": 0.04368821972150503,
    "throttle_traj": 0.75,
    "brake_traj": 0.0,
    "plan": [
        [
            -0.25378647446632385,
            2.9559895992279053
        ],
        [
            -0.5021401643753052,
            6.650789260864258
        ],
        [
            0.16865022480487823,
            10.370357513427734
        ],
        [
            0.340465247631073,
            14.083150863647461
        ],
        [
            0.5647073984146118,
            17.965251922607422
        ],
        [
            0.819617509841919,
            21.758255004882812
        ]
    ]
}