{
    "speed": 4.863921238776039,
    "steer": 0.0032516857609152794,
    "throttle": 0.75,
    "brake": 0.0,
    "wp_4": [
        0.32153552770614624,
        13.67280101776123
    ],
    "wp_3": [
        0.19618746638298035,
        10.026301383972168
    ],
    "wp_2": [
        0.03679933771491051,
        6.488770008087158
    ],
    "wp_1": [
        0.030956801027059555,
        3.027860641479492
    ],
    "aim": [
        0.030956801027059555,
        3.027860641479492
    ],
    "target": [
        0.8146187318489393,
        24.821936153978708
    ],
    "desired_speed": 7.2395342826843265,
    "angle": 0.0065085353235607366,
    "angle_last": 0.043463805064850175,
    "angle_target": 0.020885410431137008,
    "angle_final": 0.0065085353235607366,
    "delta": 0.25,
    "agent": "only_traj",
    "steer_traj": 0.0032516857759434543,
    "throttle_traj": 0.75,
    "brake_traj": 0.0,
    "plan": [
        [
            0.030956801027059555,
            3.027860641479492
        ],
        [
            0.03679933771491051,
            6.488770008087158
        ],
        [
            0.19618746638298035,
            10.026301383972168
        ],
        [
            0.32153552770614624,
            13.67280101776123
        ],
        [
            0.5519622564315796,
            17.436763763427734
        ],
        [
            0.8028155565261841,
            21.105335235595703
        ]
    ]
}