{
    "speed": 4.995739326448063,
    "steer": 0.009366326965391636,
    "throttle": 0.75,
    "brake": 0.0,
    "wp_4": [
        0.2620742917060852,
        14.637042999267578
    ],
    "wp_3": [
        0.17753824591636658,
        10.791999816894531
    ],
    "wp_2": [
        0.0712893158197403,
        7.014226913452148
    ],
    "wp_1": [
        0.025434505194425583,
        3.3241515159606934
    ],
    "aim": [
        0.025434505194425583,
        3.3241515159606934
    ],
    "target": [
        0.10540149007514327,
        24.45804478334017
    ],
    "desired_speed": 7.553190803527832,
    "angle": 0.0048709595245547905,
    "angle_last": 0.027309496985880678,
    "angle_target": 0.0027434841103711853,
    "angle_final": 0.0027434841103711853,
    "delta": 0.25,
    "agent": "only_traj",
    "steer_traj": 0.009366327159565332,
    "throttle_traj": 0.75,
    "brake_traj": 0.0,
    "plan": [
        [
            0.025434505194425583,
            3.3241515159606934
        ],
        [
            0.0712893158197403,
            7.014226913452148
        ],
        [
            0.17753824591636658,
            10.791999816894531
        ],
        [
            0.2620742917060852,
            14.637042999267578
        ],
        [
            0.4312933087348938,
            18.490842819213867
        ],
        [
            0.5903891324996948,
            22.197294235229492
        ]
    ]
}