{
    "speed": 5.13803567833774,
    "steer": 0.0037110529374331236,
    "throttle": 0.0,
    "brake": 0.0,
    "wp_4": [
        0.28371018171310425,
        14.947537422180176
    ],
    "wp_3": [
        0.18361395597457886,
        11.012003898620605
    ],
    "wp_2": [
        -0.0966711938381195,
        7.205817699432373
    ],
    "wp_1": [
        -0.016983376815915108,
        3.427610158920288
    ],
    "aim": [
        -0.016983376815915108,
        3.427610158920288
    ],
    "target": [
        0.6627010812884386,
        24.088994858235537
    ],
    "desired_speed": 7.694625949859619,
    "angle": -0.003154360968228636,
    "angle_last": -0.010368027314642213,
    "angle_target": 0.017509332777673945,
    "angle_final": -0.003154360968228636,
    "delta": 0.25,
    "agent": "only_traj",
    "steer_traj": 0.0037110530100870637,
    "throttle_traj": 0.0,
    "brake_traj": 0.0,
    "plan": [
        [
            -0.016983376815915108,
            3.427610158920288
        ],
        [
            -0.0966711938381195,
            7.205817699432373
        ],
        [
            0.18361395597457886,
            11.012003898620605
        ],
        [
            0.28371018171310425,
            14.947537422180176
        ],
        [
            0.3692348003387451,
            18.79256820678711
        ],
        [
            0.3064019978046417,
            22.650293350219727
        ]
    ]
}