{
    "speed": 5.19451387216102,
    "steer": 0.02989344485104084,
    "throttle": 0.0,
    "brake": 0.0,
    "wp_4": [
        0.2684224247932434,
        14.865412712097168
    ],
    "wp_3": [
        0.24980130791664124,
        10.903212547302246
    ],
    "wp_2": [
        0.06763258576393127,
        7.064994812011719
    ],
    "wp_1": [
        0.10210826247930527,
        3.2895801067352295
    ],
    "aim": [
        0.10210826247930527,
        3.2895801067352295
    ],
    "target": [
        1.044933394617645,
        23.54524107500204
    ],
    "desired_speed": 7.714526176452637,
    "angle": 0.019754245289975686,
    "angle_last": 0.023138907587680117,
    "angle_target": 0.028234539526254394,
    "angle_final": 0.019754245289975686,
    "delta": 0.25,
    "agent": "only_traj",
    "steer_traj": 0.029893444962337805,
    "throttle_traj": 0.0,
    "brake_traj": 0.0,
    "plan": [
        [
            0.10210826247930527,
            3.2895801067352295
        ],
        [
            0.06763258576393127,
            7.064994812011719
        ],
        [
            0.24980130791664124,
            10.903212547302246
        ],
        [
            0.2684224247932434,
            14.865412712097168
        ],
        [
            0.43100908398628235,
            18.794734954833984
        ],
        [
            0.5681241154670715,
            22.565519332885742
        ]
    ]
}