{
    "speed": 5.087068694791817,
    "steer": 0.004611811600625515,
    "throttle": 0.0,
    "brake": 0.0,
    "wp_4": [
        0.2729639410972595,
        14.59321403503418
    ],
    "wp_3": [
        0.17851069569587708,
        10.660554885864258
    ],
    "wp_2": [
        0.07014459371566772,
        6.848466873168945
    ],
    "wp_1": [
        0.010979410260915756,
        3.159076690673828
    ],
    "aim": [
        0.010979410260915756,
        3.159076690673828
    ],
    "target": [
        0.6739300111907076,
        23.207272198237607
    ],
    "desired_speed": 7.585233974456788,
    "angle": 0.0022125740085950497,
    "angle_last": 0.019689054928897453,
    "angle_target": 0.018481992432507855,
    "angle_final": 0.0022125740085950497,
    "delta": 0.25,
    "agent": "only_traj",
    "steer_traj": 0.0046118113769164915,
    "throttle_traj": 0.0,
    "brake_traj": 0.0,
    "plan": [
        [
            0.010979410260915756,
            3.159076690673828
        ],
        [
            0.07014459371566772,
            6.848466873168945
        ],
        [
            0.17851069569587708,
            10.660554885864258
        ],
        [
            0.2729639410972595,
            14.59321403503418
        ],
        [
            0.40485313534736633,
            18.472097396850586
        ],
        [
            0.5175555944442749,
            22.115028381347656
        ]
    ]
}