{
    "speed": 4.9314728589200545,
    "steer": 0.010753297246992588,
    "throttle": 0.75,
    "brake": 0.0,
    "wp_4": [
        0.27247384190559387,
        14.782417297363281
    ],
    "wp_3": [
        0.16734211146831512,
        10.805401802062988
    ],
    "wp_2": [
        0.05538056418299675,
        6.981479644775391
    ],
    "wp_1": [
        0.015516024082899094,
        3.242974281311035
    ],
    "aim": [
        0.015516024082899094,
        3.242974281311035
    ],
    "target": [
        0.9185918858258144,
        22.7213123131054
    ],
    "desired_speed": 7.605484676361083,
    "angle": 0.0030458570873366053,
    "angle_last": 0.026351373227309446,
    "angle_target": 0.02572366643947683,
    "angle_final": 0.0030458570873366053,
    "delta": 0.25,
    "agent": "only_traj",
    "steer_traj": 0.010753296920400007,
    "throttle_traj": 0.75,
    "brake_traj": 0.0,
    "plan": [
        [
            0.015516024082899094,
            3.242974281311035
        ],
        [
            0.05538056418299675,
            6.981479644775391
        ],
        [
            0.16734211146831512,
            10.805401802062988
        ],
        [
            0.27247384190559387,
            14.782417297363281
        ],
        [
            0.4245682656764984,
            18.63435173034668
        ],
        [
            0.5742049217224121,
            22.247346878051758
        ]
    ]
}