{
    "speed": 4.881474387716397,
    "steer": 0.009818262420594692,
    "throttle": 0.75,
    "brake": 0.0,
    "wp_4": [
        0.24539479613304138,
        14.492839813232422
    ],
    "wp_3": [
        0.14758676290512085,
        10.496622085571289
    ],
    "wp_2": [
        0.047620292752981186,
        6.686796188354492
    ],
    "wp_1": [
        0.011081274598836899,
        3.0372138023376465
    ],
    "aim": [
        0.011081274598836899,
        3.0372138023376465
    ],
    "target": [
        0.9828984752725497,
        22.48752232038973
    ],
    "desired_speed": 7.646030902862549,
    "angle": 0.002322691836213811,
    "angle_last": 0.02691577452572483,
    "angle_target": 0.027808069528664485,
    "angle_final": 0.002322691836213811,
    "delta": 0.25,
    "agent": "only_traj",
    "steer_traj": 0.009818262521454263,
    "throttle_traj": 0.75,
    "brake_traj": 0.0,
    "plan": [
        [
            0.011081274598836899,
            3.0372138023376465
        ],
        [
            0.047620292752981186,
            6.686796188354492
        ],
        [
            0.14758676290512085,
            10.496622085571289
        ],
        [
            0.24539479613304138,
            14.492839813232422
        ],
        [
            0.4014321565628052,
            18.41644287109375
        ],
        [
            0.559088945388794,
            22.143165588378906
        ]
    ]
}