{
    "speed": 4.908408660782736,
    "steer": 0.010369252413511276,
    "throttle": 0.75,
    "brake": 0.0,
    "wp_4": [
        0.2381114661693573,
        14.700925827026367
    ],
    "wp_3": [
        0.14116710424423218,
        10.682901382446289
    ],
    "wp_2": [
        0.04561218246817589,
        6.845661163330078
    ],
    "wp_1": [
        0.012700702995061874,
        3.139143466949463
    ],
    "aim": [
        0.012700702995061874,
        3.139143466949463
    ],
    "target": [
        0.7140375863620514,
        21.941530022198798
    ],
    "desired_speed": 7.711022663116456,
    "angle": 0.0025757123994673945,
    "angle_last": 0.026398197968619422,
    "angle_target": 0.020710045251238398,
    "angle_final": 0.0025757123994673945,
    "delta": 0.25,
    "agent": "only_traj",
    "steer_traj": 0.010369252458843115,
    "throttle_traj": 0.75,
    "brake_traj": 0.0,
    "plan": [
        [
            0.012700702995061874,
            3.139143466949463
        ],
        [
            0.04561218246817589,
            6.845661163330078
        ],
        [
            0.14116710424423218,
            10.682901382446289
        ],
        [
            0.2381114661693573,
            14.700925827026367
        ],
        [
            0.3923717737197876,
            18.644878387451172
        ],
        [
            0.5485010147094727,
            22.407941818237305
        ]
    ]
}