{
    "speed": 5.0083251107489275,
    "steer": 0.00962521880865097,
    "throttle": 0.0,
    "brake": 0.0,
    "wp_4": [
        0.24666446447372437,
        15.120429039001465
    ],
    "wp_3": [
        0.14275960624217987,
        11.097667694091797
    ],
    "wp_2": [
        0.04683474823832512,
        7.199605941772461
    ],
    "wp_1": [
        0.009150665253400803,
        3.3741064071655273
    ],
    "aim": [
        0.009150665253400803,
        3.3741064071655273
    ],
    "target": [
        1.2740388051211071,
        22.249410281633
    ],
    "desired_speed": 7.738531017303467,
    "angle": 0.0017264922126624758,
    "angle_last": 0.023528683716315512,
    "angle_target": 0.0364141584868097,
    "angle_final": 0.0017264922126624758,
    "delta": 0.25,
    "agent": "only_traj",
    "steer_traj": 0.009625218608212471,
    "throttle_traj": 0.0,
    "brake_traj": 0.0,
    "plan": [
        [
            0.009150665253400803,
            3.3741064071655273
        ],
        [
            0.04683474823832512,
            7.199605941772461
        ],
        [
            0.14275960624217987,
            11.097667694091797
        ],
        [
            0.24666446447372437,
            15.120429039001465
        ],
        [
            0.37418773770332336,
            19.02919578552246
        ],
        [
            0.5104035139083862,
            22.7131290435791
        ]
    ]
}