{
    "speed": 5.120120515098179,
    "steer": 0.024292387068271637,
    "throttle": 0.0,
    "brake": 0.0,
    "wp_4": [
        0.2665323317050934,
        14.983235359191895
    ],
    "wp_3": [
        0.1689450740814209,
        10.988630294799805
    ],
    "wp_2": [
        0.023385843262076378,
        7.149252891540527
    ],
    "wp_1": [
        -0.5426300764083862,
        3.307805299758911
    ],
    "aim": [
        -0.5426300764083862,
        3.307805299758911
    ],
    "target": [
        0.5165737890351032,
        21.89814910870916
    ],
    "desired_speed": 7.861517238616944,
    "angle": -0.10351253128195854,
    "angle_last": 0.10729290944149944,
    "angle_target": 0.015014972504053604,
    "angle_final": 0.015014972504053604,
    "delta": 0.25,
    "agent": "only_traj",
    "steer_traj": 0.02429238792003699,
    "throttle_traj": 0.0,
    "brake_traj": 0.0,
    "plan": [
        [
            -0.5426300764083862,
            3.307805299758911
        ],
        [
            0.023385843262076378,
            7.149252891540527
        ],
        [
            0.1689450740814209,
            10.988630294799805
        ],
        [
            0.2665323317050934,
            14.983235359191895
        ],
        [
            -0.3670536279678345,
            18.856050491333008
        ],
        [
            0.3053496479988098,
            22.807891845703125
        ]
    ]
}