{
    "speed": 5.030129009856224,
    "steer": 0.008014239370822906,
    "throttle": 0.0,
    "brake": 0.0,
    "wp_4": [
        0.2092345505952835,
        10.930248260498047
    ],
    "wp_3": [
        0.06915222108364105,
        7.274644374847412
    ],
    "wp_2": [
        -0.4786118268966675,
        4.003883361816406
    ],
    "wp_1": [
        -0.5432714819908142,
        1.379513144493103
    ],
    "aim": [
        -0.5432714819908142,
        1.379513144493103
    ],
    "target": [
        0.10286603289555757,
        22.064251116522485
    ],
    "desired_speed": 6.934607315063476,
    "angle": -0.2388356542128362,
    "angle_last": -0.1036037522528736,
    "angle_target": 0.002967971840517609,
    "angle_final": 0.002967971840517609,
    "delta": 0.25,
    "agent": "only_traj",
    "steer_traj": 0.008014239550760357,
    "throttle_traj": 0.0,
    "brake_traj": 0.0,
    "plan": [
        [
            -0.5432714819908142,
            1.379513144493103
        ],
        [
            -0.4786118268966675,
            4.003883361816406
        ],
        [
            0.06915222108364105,
            7.274644374847412
        ],
        [
            0.2092345505952835,
            10.930248260498047
        ],
        [
            0.3119460344314575,
            14.80344295501709
        ],
        [
            -0.31381872296333313,
            18.614608764648438
        ]
    ]
}