{
    "speed": 4.947686161315274,
    "steer": 0.011073983274400234,
    "throttle": 0.75,
    "brake": 0.0,
    "wp_4": [
        0.1526719033718109,
        14.444323539733887
    ],
    "wp_3": [
        0.09789590537548065,
        10.471807479858398
    ],
    "wp_2": [
        0.04033578559756279,
        6.640332221984863
    ],
    "wp_1": [
        -0.4524674713611603,
        3.1197500228881836
    ],
    "aim": [
        -0.4524674713611603,
        3.1197500228881836
    ],
    "target": [
        0.06761997255679474,
        20.609338448703415
    ],
    "desired_speed": 7.621024131774902,
    "angle": -0.09169167466739903,
    "angle_last": 0.010967434595726615,
    "angle_target": 0.0020887646234075278,
    "angle_final": 0.0020887646234075278,
    "delta": 0.25,
    "agent": "only_traj",
    "steer_traj": 0.011073983303996714,
    "throttle_traj": 0.75,
    "brake_traj": 0.0,
    "plan": [
        [
            -0.4524674713611603,
            3.1197500228881836
        ],
        [
            0.04033578559756279,
            6.640332221984863
        ],
        [
            0.09789590537548065,
            10.471807479858398
        ],
        [
            0.1526719033718109,
            14.444323539733887
        ],
        [
            0.2029946744441986,
            18.41888427734375
        ],
        [
            0.26704323291778564,
            22.136306762695312
        ]
    ]
}