{
    "speed": 4.764240288047267,
    "steer": 0.030086809769272804,
    "throttle": 0.75,
    "brake": 0.0,
    "wp_4": [
        0.1634751856327057,
        14.061572074890137
    ],
    "wp_3": [
        0.08811166882514954,
        10.112130165100098
    ],
    "wp_2": [
        0.032179441303014755,
        6.323075771331787
    ],
    "wp_1": [
        -0.36343473196029663,
        2.873037815093994
    ],
    "aim": [
        -0.36343473196029663,
        2.873037815093994
    ],
    "target": [
        0.7622519133543076,
        21.02583634651469
    ],
    "desired_speed": 7.518002033233642,
    "angle": -0.08010592834226953,
    "angle_last": 0.014499856652475655,
    "angle_target": 0.023069342241121914,
    "angle_final": 0.023069342241121914,
    "delta": 0.25,
    "agent": "only_traj",
    "steer_traj": 0.030086809524708838,
    "throttle_traj": 0.75,
    "brake_traj": 0.0,
    "plan": [
        [
            -0.36343473196029663,
            2.873037815093994
        ],
        [
            0.032179441303014755,
            6.323075771331787
        ],
        [
            0.08811166882514954,
            10.112130165100098
        ],
        [
            0.1634751856327057,
            14.061572074890137
        ],
        [
            0.22173675894737244,
            18.006298065185547
        ],
        [
            0.3045801818370819,
            21.642929077148438
        ]
    ]
}