{
    "speed": 4.775859063011193,
    "steer": -0.01232842169702053,
    "throttle": 0.75,
    "brake": 0.0,
    "wp_4": [
        0.10901964455842972,
        14.534914016723633
    ],
    "wp_3": [
        0.06663528084754944,
        10.587747573852539
    ],
    "wp_2": [
        0.022261494770646095,
        6.748207092285156
    ],
    "wp_1": [
        -0.4215411841869354,
        3.269385814666748
    ],
    "aim": [
        -0.4215411841869354,
        3.269385814666748
    ],
    "target": [
        -0.44562238752605754,
        20.410221203756958
    ],
    "desired_speed": 7.500508975982666,
    "angle": -0.08163277918573048,
    "angle_last": 0.006401301353591536,
    "angle_target": -0.013897299543472958,
    "angle_final": -0.013897299543472958,
    "delta": 0.25,
    "agent": "only_traj",
    "steer_traj": -0.012328421428495304,
    "throttle_traj": 0.75,
    "brake_traj": 0.0,
    "plan": [
        [
            -0.4215411841869354,
            3.269385814666748
        ],
        [
            0.022261494770646095,
            6.748207092285156
        ],
        [
            0.06663528084754944,
            10.587747573852539
        ],
        [
            0.10901964455842972,
            14.534914016723633
        ],
        [
            0.13411764800548553,
            18.42346954345703
        ],
        [
            0.1699981987476349,
            21.991718292236328
        ]
    ]
}