{
    "speed": 5.003815323230591,
    "steer": 0.05553482472896576,
    "throttle": 0.0,
    "brake": 0.0,
    "wp_4": [
        0.11809875071048737,
        14.6365385055542
    ],
    "wp_3": [
        0.06777986884117126,
        10.649134635925293
    ],
    "wp_2": [
        0.01780719682574272,
        6.792935848236084
    ],
    "wp_1": [
        -0.4959941506385803,
        3.14475417137146
    ],
    "aim": [
        -0.4959941506385803,
        3.14475417137146
    ],
    "target": [
        1.4061995810423817,
        19.797529856690193
    ],
    "desired_speed": 7.711745166778565,
    "angle": -0.09958798047586,
    "angle_last": 0.0963723476505384,
    "angle_target": 0.04514267764558886,
    "angle_final": 0.04514267764558886,
    "delta": 0.25,
    "agent": "only_traj",
    "steer_traj": 0.055534823912202234,
    "throttle_traj": 0.0,
    "brake_traj": 0.0,
    "plan": [
        [
            -0.4959941506385803,
            3.14475417137146
        ],
        [
            0.01780719682574272,
            6.792935848236084
        ],
        [
            0.06777986884117126,
            10.649134635925293
        ],
        [
            0.11809875071048737,
            14.6365385055542
        ],
        [
            -0.3540455996990204,
            18.53401756286621
        ],
        [
            0.22277288138866425,
            22.315235137939453
        ]
    ]
}