{
    "speed": 5.121728459555012,
    "steer": 0.028876062482595444,
    "throttle": 0.0,
    "brake": 0.0,
    "wp_4": [
        -0.22057493031024933,
        14.823984146118164
    ],
    "wp_3": [
        0.012078464031219482,
        10.941985130310059
    ],
    "wp_2": [
        -0.004918968304991722,
        7.011867523193359
    ],
    "wp_1": [
        -0.4278888702392578,
        3.3368871212005615
    ],
    "aim": [
        -0.4278888702392578,
        3.3368871212005615
    ],
    "target": [
        1.0301345515668157,
        20.1783456636546
    ],
    "desired_speed": 7.779365444183349,
    "angle": -0.08119063827345832,
    "angle_last": 0.10665853664958683,
    "angle_target": 0.03247219535335918,
    "angle_final": 0.03247219535335918,
    "delta": 0.25,
    "agent": "only_traj",
    "steer_traj": 0.028876062025130215,
    "throttle_traj": 0.0,
    "brake_traj": 0.0,
    "plan": [
        [
            -0.4278888702392578,
            3.3368871212005615
        ],
        [
            -0.004918968304991722,
            7.011867523193359
        ],
        [
            0.012078464031219482,
            10.941985130310059
        ],
        [
            -0.22057493031024933,
            14.823984146118164
        ],
        [
            -0.5541173219680786,
            19.043081283569336
        ],
        [
            0.06251245737075806,
            22.689098358154297
        ]
    ]
}