{
    "speed": 5.020944880071613,
    "steer": 0.015532347373664379,
    "throttle": 0.0,
    "brake": 0.0,
    "wp_4": [
        -0.16279572248458862,
        14.234625816345215
    ],
    "wp_3": [
        -0.006018221378326416,
        10.393306732177734
    ],
    "wp_2": [
        -0.005214862525463104,
        6.52060079574585
    ],
    "wp_1": [
        -0.4487605392932892,
        3.0280921459198
    ],
    "aim": [
        -0.4487605392932892,
        3.0280921459198
    ],
    "target": [
        0.5180413713212363,
        19.977490918783367
    ],
    "desired_speed": 7.64332275390625,
    "angle": -0.09366468864564338,
    "angle_last": 0.11223106032042789,
    "angle_target": 0.01650464963868698,
    "angle_final": 0.01650464963868698,
    "delta": 0.25,
    "agent": "only_traj",
    "steer_traj": 0.015532347177245082,
    "throttle_traj": 0.0,
    "brake_traj": 0.0,
    "plan": [
        [
            -0.4487605392932892,
            3.0280921459198
        ],
        [
            -0.005214862525463104,
            6.52060079574585
        ],
        [
            -0.006018221378326416,
            10.393306732177734
        ],
        [
            -0.16279572248458862,
            14.234625816345215
        ],
        [
            -0.6809037327766418,
            18.40906524658203
        ],
        [
            -0.038300637155771255,
            22.016328811645508
        ]
    ]
}