{
    "speed": 4.794559973273787,
    "steer": -0.005775972735136747,
    "throttle": 0.75,
    "brake": 0.0,
    "wp_4": [
        -0.14908450841903687,
        14.279375076293945
    ],
    "wp_3": [
        -0.0885830819606781,
        10.258037567138672
    ],
    "wp_2": [
        -0.033385761082172394,
        6.3244123458862305
    ],
    "wp_1": [
        -0.035185519605875015,
        2.7650725841522217
    ],
    "aim": [
        -0.035185519605875015,
        2.7650725841522217
    ],
    "target": [
        -0.6819158890374998,
        18.715117447064767
    ],
    "desired_speed": 7.673718070983886,
    "angle": -0.008100556292179538,
    "angle_last": -0.021796831070842994,
    "angle_target": -0.023186024613515505,
    "angle_final": -0.008100556292179538,
    "delta": 0.25,
    "agent": "only_traj",
    "steer_traj": -0.005775972553207465,
    "throttle_traj": 0.75,
    "brake_traj": 0.0,
    "plan": [
        [
            -0.035185519605875015,
            2.7650725841522217
        ],
        [
            -0.033385761082172394,
            6.3244123458862305
        ],
        [
            -0.0885830819606781,
            10.258037567138672
        ],
        [
            -0.14908450841903687,
            14.279375076293945
        ],
        [
            -0.22504130005836487,
            18.289892196655273
        ],
        [
            -0.35025790333747864,
            21.945661544799805
        ]
    ]
}