{
    "speed": 4.809217598107791,
    "steer": 0.013136032968759537,
    "throttle": 0.75,
    "brake": 0.0,
    "wp_4": [
        -0.12035953998565674,
        14.394132614135742
    ],
    "wp_3": [
        -0.07841825485229492,
        10.383620262145996
    ],
    "wp_2": [
        -0.04692361503839493,
        6.445116996765137
    ],
    "wp_1": [
        -0.07224969565868378,
        2.881330728530884
    ],
    "aim": [
        -0.07224969565868378,
        2.881330728530884
    ],
    "target": [
        0.1112874586600695,
        18.982152547232648
    ],
    "desired_speed": 7.650793552398682,
    "angle": -0.01595997907912243,
    "angle_last": -0.016375785817594652,
    "angle_target": 0.0037322945708757474,
    "angle_final": 0.0037322945708757474,
    "delta": 0.25,
    "agent": "only_traj",
    "steer_traj": 0.013136033132891392,
    "throttle_traj": 0.75,
    "brake_traj": 0.0,
    "plan": [
        [
            -0.07224969565868378,
            2.881330728530884
        ],
        [
            -0.04692361503839493,
            6.445116996765137
        ],
        [
            -0.07841825485229492,
            10.383620262145996
        ],
        [
            -0.12035953998565674,
            14.394132614135742
        ],
        [
            -0.16938698291778564,
            18.390392303466797
        ],
        [
            -0.26242169737815857,
            22.00638198852539
        ]
    ]
}