{
    "speed": 4.902235922911234,
    "steer": -0.0002162276505259797,
    "throttle": 0.75,
    "brake": 0.0,
    "wp_4": [
        -0.11034467071294785,
        14.67288589477539
    ],
    "wp_3": [
        -0.07319042086601257,
        10.616676330566406
    ],
    "wp_2": [
        -0.03642920404672623,
        6.638967514038086
    ],
    "wp_1": [
        -0.023604068905115128,
        2.963747501373291
    ],
    "aim": [
        -0.023604068905115128,
        2.963747501373291
    ],
    "target": [
        0.4805309865632075,
        17.568731338489588
    ],
    "desired_speed": 7.799478149414062,
    "angle": -0.005070077248435657,
    "angle_last": -0.010958686895866761,
    "angle_target": 0.017408159420643953,
    "angle_final": -0.005070077248435657,
    "delta": 0.25,
    "agent": "only_traj",
    "steer_traj": -0.000216227644924591,
    "throttle_traj": 0.75,
    "brake_traj": 0.0,
    "plan": [
        [
            -0.023604068905115128,
            2.963747501373291
        ],
        [
            -0.03642920404672623,
            6.638967514038086
        ],
        [
            -0.07319042086601257,
            10.616676330566406
        ],
        [
            -0.11034467071294785,
            14.67288589477539
        ],
        [
            -0.15270377695560455,
            18.73459815979004
        ],
        [
            -0.21686111390590668,
            22.461307525634766
        ]
    ]
}