{
    "speed": 5.0397898708971125,
    "steer": -0.00722647225484252,
    "throttle": 0.0,
    "brake": 0.0,
    "wp_4": [
        -0.15723690390586853,
        15.080591201782227
    ],
    "wp_3": [
        -0.10674813389778137,
        11.0238037109375
    ],
    "wp_2": [
        -0.05905032902956009,
        7.018738269805908
    ],
    "wp_1": [
        -0.08890146762132645,
        3.291205406188965
    ],
    "aim": [
        -0.08890146762132645,
        3.291205406188965
    ],
    "target": [
        -0.4086031281694771,
        18.86055858734218
    ],
    "desired_speed": 7.78602056503296,
    "angle": -0.017192069314401953,
    "angle_last": -0.01620882563788323,
    "angle_target": -0.013789843201370937,
    "angle_final": -0.013789843201370937,
    "delta": 0.25,
    "agent": "only_traj",
    "steer_traj": -0.007226472233919229,
    "throttle_traj": 0.0,
    "brake_traj": 0.0,
    "plan": [
        [
            -0.08890146762132645,
            3.291205406188965
        ],
        [
            -0.05905032902956009,
            7.018738269805908
        ],
        [
            -0.10674813389778137,
            11.0238037109375
        ],
        [
            -0.15723690390586853,
            15.080591201782227
        ],
        [
            -0.22484421730041504,
            19.082902908325195
        ],
        [
            -0.31832772493362427,
            22.7537784576416
        ]
    ]
}