{
    "speed": 5.135349902219741,
    "steer": -0.01132169459015131,
    "throttle": 0.0,
    "brake": 0.0,
    "wp_4": [
        -0.44135555624961853,
        14.342280387878418
    ],
    "wp_3": [
        -0.09145639836788177,
        10.421953201293945
    ],
    "wp_2": [
        -0.040626950562000275,
        6.494653701782227
    ],
    "wp_1": [
        -0.07761676609516144,
        2.9476325511932373
    ],
    "aim": [
        -0.07761676609516144,
        2.9476325511932373
    ],
    "target": [
        -0.5233586202372181,
        17.60065383342124
    ],
    "desired_speed": 7.737773990631103,
    "angle": -0.016759490666967813,
    "angle_last": -0.01110826803869004,
    "angle_target": -0.01892442767335561,
    "angle_final": -0.016759490666967813,
    "delta": 0.25,
    "agent": "only_traj",
    "steer_traj": -0.011321694292743165,
    "throttle_traj": 0.0,
    "brake_traj": 0.0,
    "plan": [
        [
            -0.07761676609516144,
            2.9476325511932373
        ],
        [
            -0.040626950562000275,
            6.494653701782227
        ],
        [
            -0.09145639836788177,
            10.421953201293945
        ],
        [
            -0.44135555624961853,
            14.342280387878418
        ],
        [
            -0.21164119243621826,
            18.534076690673828
        ],
        [
            -0.2768198251724243,
            22.26910400390625
        ]
    ]
}