{
    "speed": 4.8825107727563415,
    "steer": 0.004832860082387924,
    "throttle": 0.75,
    "brake": 0.0,
    "wp_4": [
        -0.5399343371391296,
        13.801301002502441
    ],
    "wp_3": [
        -0.09805049002170563,
        10.021649360656738
    ],
    "wp_2": [
        -0.02465338073670864,
        6.1774067878723145
    ],
    "wp_1": [
        -0.06342192739248276,
        2.7549731731414795
    ],
    "aim": [
        -0.06342192739248276,
        2.7549731731414795
    ],
    "target": [
        -0.010629764678181108,
        17.153896324195568
    ],
    "desired_speed": 7.577406597137452,
    "angle": -0.014652908544954326,
    "angle_last": 0.022537850940718994,
    "angle_target": -0.00039449448543227034,
    "angle_final": -0.00039449448543227034,
    "delta": 0.25,
    "agent": "only_traj",
    "steer_traj": 0.004832859859078746,
    "throttle_traj": 0.75,
    "brake_traj": 0.0,
    "plan": [
        [
            -0.06342192739248276,
            2.7549731731414795
        ],
        [
            -0.02465338073670864,
            6.1774067878723145
        ],
        [
            -0.09805049002170563,
            10.021649360656738
        ],
        [
            -0.5399343371391296,
            13.801301002502441
        ],
        [
            -0.4996601343154907,
            18.087120056152344
        ],
        [
            -0.372786283493042,
            21.669391632080078
        ]
    ]
}