{
    "speed": 4.818559259175188,
    "steer": 0.00492792809382081,
    "throttle": 0.75,
    "brake": 0.0,
    "wp_4": [
        -0.5286098718643188,
        13.6426420211792
    ],
    "wp_3": [
        -0.11740543693304062,
        9.867999076843262
    ],
    "wp_2": [
        -0.02760208211839199,
        6.039977073669434
    ],
    "wp_1": [
        -0.06569480150938034,
        2.6647984981536865
    ],
    "aim": [
        -0.06569480150938034,
        2.6647984981536865
    ],
    "target": [
        0.050711205537464665,
        17.13799717533396
    ],
    "desired_speed": 7.554551219940186,
    "angle": -0.01569124908077782,
    "angle_last": 0.01795911979411478,
    "angle_target": 0.0018837476499932349,
    "angle_final": 0.0018837476499932349,
    "delta": 0.25,
    "agent": "only_traj",
    "steer_traj": 0.004927928251983922,
    "throttle_traj": 0.75,
    "brake_traj": 0.0,
    "plan": [
        [
            -0.06569480150938034,
            2.6647984981536865
        ],
        [
            -0.02760208211839199,
            6.039977073669434
        ],
        [
            -0.11740543693304062,
            9.867999076843262
        ],
        [
            -0.5286098718643188,
            13.6426420211792
        ],
        [
            -0.5698321461677551,
            17.910411834716797
        ],
        [
            -0.46781060099601746,
            21.525938034057617
        ]
    ]
}