{
    "speed": 4.837612150617418,
    "steer": -0.01198393851518631,
    "throttle": 0.75,
    "brake": 0.0,
    "wp_4": [
        -0.2773105800151825,
        14.169869422912598
    ],
    "wp_3": [
        -0.1634417325258255,
        10.208354949951172
    ],
    "wp_2": [
        -0.056781284511089325,
        6.318564414978027
    ],
    "wp_1": [
        -0.05815412104129791,
        2.8039093017578125
    ],
    "aim": [
        -0.05815412104129791,
        2.8039093017578125
    ],
    "target": [
        -0.749503631866044,
        17.832347312379348
    ],
    "desired_speed": 7.662537479400636,
    "angle": -0.013201796910289727,
    "angle_last": -0.03131507913420965,
    "angle_target": -0.026741749057364376,
    "angle_final": -0.013201796910289727,
    "delta": 0.25,
    "agent": "only_traj",
    "steer_traj": -0.011983938413830398,
    "throttle_traj": 0.75,
    "brake_traj": 0.0,
    "plan": [
        [
            -0.05815412104129791,
            2.8039093017578125
        ],
        [
            -0.056781284511089325,
            6.318564414978027
        ],
        [
            -0.1634417325258255,
            10.208354949951172
        ],
        [
            -0.2773105800151825,
            14.169869422912598
        ],
        [
            -0.37895750999450684,
            18.205188751220703
        ],
        [
            -0.5633779168128967,
            21.951337814331055
        ]
    ]
}