{
    "speed": 4.932889525159058,
    "steer": 7.644386641914025e-05,
    "throttle": 0.75,
    "brake": 0.0,
    "wp_4": [
        -0.18248873949050903,
        14.384137153625488
    ],
    "wp_3": [
        -0.10774853825569153,
        10.415546417236328
    ],
    "wp_2": [
        -0.03772447258234024,
        6.503322124481201
    ],
    "wp_1": [
        -0.026166412979364395,
        2.906892776489258
    ],
    "aim": [
        -0.026166412979364395,
        2.906892776489258
    ],
    "target": [
        0.674118264902666,
        15.941473122995225
    ],
    "desired_speed": 7.743070125579834,
    "angle": -0.005730328868203557,
    "angle_last": -0.01581563441466283,
    "angle_target": 0.02690475851460948,
    "angle_final": -0.005730328868203557,
    "delta": 0.25,
    "agent": "only_traj",
    "steer_traj": 7.644386828582501e-05,
    "throttle_traj": 0.75,
    "brake_traj": 0.0,
    "plan": [
        [
            -0.026166412979364395,
            2.906892776489258
        ],
        [
            -0.03772447258234024,
            6.503322124481201
        ],
        [
            -0.10774853825569153,
            10.415546417236328
        ],
        [
            -0.18248873949050903,
            14.384137153625488
        ],
        [
            -0.24262359738349915,
            18.45125389099121
        ],
        [
            -0.3373039662837982,
            22.261598587036133
        ]
    ]
}