{
    "speed": 5.071889447435719,
    "steer": 0.0070101115852594376,
    "throttle": 0.0,
    "brake": 0.0,
    "wp_4": [
        -0.32745635509490967,
        14.945900917053223
    ],
    "wp_3": [
        -0.19885477423667908,
        10.895355224609375
    ],
    "wp_2": [
        -0.07716318964958191,
        6.8817853927612305
    ],
    "wp_1": [
        -0.04538247361779213,
        3.1421308517456055
    ],
    "aim": [
        -0.04538247361779213,
        3.1421308517456055
    ],
    "target": [
        0.07757909134034546,
        15.437754087647075
    ],
    "desired_speed": 7.872094440460205,
    "angle": -0.009194145469289356,
    "angle_last": -0.03185587833449311,
    "angle_target": 0.0031991679264169034,
    "angle_final": 0.0031991679264169034,
    "delta": 0.25,
    "agent": "only_traj",
    "steer_traj": 0.0070101117425937255,
    "throttle_traj": 0.0,
    "brake_traj": 0.0,
    "plan": [
        [
            -0.04538247361779213,
            3.1421308517456055
        ],
        [
            -0.07716318964958191,
            6.8817853927612305
        ],
        [
            -0.19885477423667908,
            10.895355224609375
        ],
        [
            -0.32745635509490967,
            14.945900917053223
        ],
        [
            -0.4544091820716858,
            19.023130416870117
        ],
        [
            -0.6441403031349182,
            22.811622619628906
        ]
    ]
}