{
    "speed": 5.196642523603923,
    "steer": -0.0012250718427821994,
    "throttle": 0.0,
    "brake": 0.0,
    "wp_4": [
        -0.2859428822994232,
        14.751575469970703
    ],
    "wp_3": [
        -0.1739826798439026,
        10.730046272277832
    ],
    "wp_2": [
        -0.06834623962640762,
        6.7500691413879395
    ],
    "wp_1": [
        -0.046127799898386,
        3.0649876594543457
    ],
    "aim": [
        -0.046127799898386,
        3.0649876594543457
    ],
    "target": [
        -0.07183720930703907,
        15.786734769874723
    ],
    "desired_speed": 7.791079711914062,
    "angle": -0.009580354721358188,
    "angle_last": -0.026534705625108505,
    "angle_target": -0.0028969050816984206,
    "angle_final": -0.0028969050816984206,
    "delta": 0.25,
    "agent": "only_traj",
    "steer_traj": -0.001225071816231077,
    "throttle_traj": 0.0,
    "brake_traj": 0.0,
    "plan": [
        [
            -0.046127799898386,
            3.0649876594543457
        ],
        [
            -0.06834623962640762,
            6.7500691413879395
        ],
        [
            -0.1739826798439026,
            10.730046272277832
        ],
        [
            -0.2859428822994232,
            14.751575469970703
        ],
        [
            -0.3985413908958435,
            18.788684844970703
        ],
        [
            -0.5547735691070557,
            22.534833908081055
        ]
    ]
}