{
    "speed": 5.103459860078719,
    "steer": 0.011134934611618519,
    "throttle": 0.0,
    "brake": 0.0,
    "wp_4": [
        -0.2450479418039322,
        14.391499519348145
    ],
    "wp_3": [
        -0.14052094519138336,
        10.39792251586914
    ],
    "wp_2": [
        -0.04596608132123947,
        6.45283317565918
    ],
    "wp_1": [
        -0.034936968237161636,
        2.867898941040039
    ],
    "aim": [
        -0.034936968237161636,
        2.867898941040039
    ],
    "target": [
        0.1397760627041883,
        14.704255823470152
    ],
    "desired_speed": 7.756285095214844,
    "angle": -0.007754948720176892,
    "angle_last": -0.02200522773151916,
    "angle_target": 0.0060514130201629246,
    "angle_final": 0.0060514130201629246,
    "delta": 0.25,
    "agent": "only_traj",
    "steer_traj": 0.011134934162044433,
    "throttle_traj": 0.0,
    "brake_traj": 0.0,
    "plan": [
        [
            -0.034936968237161636,
            2.867898941040039
        ],
        [
            -0.04596608132123947,
            6.45283317565918
        ],
        [
            -0.14052094519138336,
            10.39792251586914
        ],
        [
            -0.2450479418039322,
            14.391499519348145
        ],
        [
            -0.34766077995300293,
            18.461639404296875
        ],
        [
            -0.4787479639053345,
            22.252534866333008
        ]
    ]
}