{
    "speed": 4.98778193230035,
    "steer": -0.012615328654646873,
    "throttle": 0.75,
    "brake": 0.0,
    "wp_4": [
        -0.3427855372428894,
        13.757135391235352
    ],
    "wp_3": [
        -0.20084425806999207,
        9.878352165222168
    ],
    "wp_2": [
        -0.058454789221286774,
        6.0712480545043945
    ],
    "wp_1": [
        -0.05691227689385414,
        2.6542625427246094
    ],
    "aim": [
        -0.05691227689385414,
        2.6542625427246094
    ],
    "target": [
        -0.3866449742300978,
        15.253902994201717
    ],
    "desired_speed": 7.5632699012756355,
    "angle": -0.01364818771804545,
    "angle_last": -0.039883399666009095,
    "angle_target": -0.016133126119291498,
    "angle_final": -0.01364818771804545,
    "delta": 0.25,
    "agent": "only_traj",
    "steer_traj": -0.01261532901911367,
    "throttle_traj": 0.75,
    "brake_traj": 0.0,
    "plan": [
        [
            -0.05691227689385414,
            2.6542625427246094
        ],
        [
            -0.058454789221286774,
            6.0712480545043945
        ],
        [
            -0.20084425806999207,
            9.878352165222168
        ],
        [
            -0.3427855372428894,
            13.757135391235352
        ],
        [
            -0.4693700075149536,
            17.767236709594727
        ],
        [
            -0.7065248489379883,
            21.54775047302246
        ]
    ]
}