{
    "speed": 4.90629885985569,
    "steer": -0.006125046405941248,
    "throttle": 0.75,
    "brake": 0.0,
    "wp_4": [
        -0.38632625341415405,
        13.825157165527344
    ],
    "wp_3": [
        -0.2332485020160675,
        9.941396713256836
    ],
    "wp_2": [
        -0.06744401901960373,
        6.129730224609375
    ],
    "wp_1": [
        -0.05397318676114082,
        2.6999125480651855
    ],
    "aim": [
        -0.05397318676114082,
        2.6999125480651855
    ],
    "target": [
        -0.37991311972484965,
        14.92638746488305
    ],
    "desired_speed": 7.618299865722657,
    "angle": -0.012724746142259725,
    "angle_last": -0.04266913026449418,
    "angle_target": -0.016200034789946124,
    "angle_final": -0.012724746142259725,
    "delta": 0.25,
    "agent": "only_traj",
    "steer_traj": -0.006125046358148937,
    "throttle_traj": 0.75,
    "brake_traj": 0.0,
    "plan": [
        [
            -0.05397318676114082,
            2.6999125480651855
        ],
        [
            -0.06744401901960373,
            6.129730224609375
        ],
        [
            -0.2332485020160675,
            9.941396713256836
        ],
        [
            -0.38632625341415405,
            13.825157165527344
        ],
        [
            -0.5187443494796753,
            17.875442504882812
        ],
        [
            -0.7773599624633789,
            21.728181838989258
        ]
    ]
}