{
    "speed": 4.843972388586209,
    "steer": -0.003730364143848419,
    "throttle": 0.75,
    "brake": 0.0,
    "wp_4": [
        -0.267333447933197,
        13.841257095336914
    ],
    "wp_3": [
        -0.157636359333992,
        9.936439514160156
    ],
    "wp_2": [
        -0.04328989237546921,
        6.122298240661621
    ],
    "wp_1": [
        -0.039406824856996536,
        2.6826529502868652
    ],
    "aim": [
        -0.039406824856996536,
        2.6826529502868652
    ],
    "target": [
        0.5117741537219846,
        15.09347561414091
    ],
    "desired_speed": 7.643028450012206,
    "angle": -0.009350936256236538,
    "angle_last": -0.028976801817351176,
    "angle_target": 0.02157758636310932,
    "angle_final": -0.009350936256236538,
    "delta": 0.25,
    "agent": "only_traj",
    "steer_traj": -0.0037303641069331046,
    "throttle_traj": 0.75,
    "brake_traj": 0.0,
    "plan": [
        [
            -0.039406824856996536,
            2.6826529502868652
        ],
        [
            -0.04328989237546921,
            6.122298240661621
        ],
        [
            -0.157636359333992,
            9.936439514160156
        ],
        [
            -0.267333447933197,
            13.841257095336914
        ],
        [
            -0.35923710465431213,
            17.91596031188965
        ],
        [
            -0.5353246927261353,
            21.781923294067383
        ]
    ]
}