{
    "speed": 4.863971832955125,
    "steer": 0.021015016362071037,
    "throttle": 0.75,
    "brake": 0.0,
    "wp_4": [
        -0.37183064222335815,
        14.067004203796387
    ],
    "wp_3": [
        -0.2306613326072693,
        10.141815185546875
    ],
    "wp_2": [
        -0.06602272391319275,
        6.275516510009766
    ],
    "wp_1": [
        0.06591854244470596,
        2.79195237159729
    ],
    "aim": [
        0.06591854244470596,
        2.79195237159729
    ],
    "target": [
        0.5199157946033268,
        14.881545562301005
    ],
    "desired_speed": 7.723932838439941,
    "angle": 0.015027906166308419,
    "angle_last": -0.038095332032290534,
    "angle_target": 0.022232509705758855,
    "angle_final": 0.015027906166308419,
    "delta": 0.25,
    "agent": "only_traj",
    "steer_traj": 0.021015015674233663,
    "throttle_traj": 0.75,
    "brake_traj": 0.0,
    "plan": [
        [
            0.06591854244470596,
            2.79195237159729
        ],
        [
            -0.06602272391319275,
            6.275516510009766
        ],
        [
            -0.2306613326072693,
            10.141815185546875
        ],
        [
            -0.37183064222335815,
            14.067004203796387
        ],
        [
            -0.4953978657722473,
            18.174888610839844
        ],
        [
            -0.7296215891838074,
            22.08437728881836
        ]
    ]
}