{
    "speed": 4.959003425680213,
    "steer": 0.007519061211496592,
    "throttle": 0.75,
    "brake": 0.0,
    "wp_4": [
        -0.413591593503952,
        14.666762351989746
    ],
    "wp_3": [
        -0.25778430700302124,
        10.722725868225098
    ],
    "wp_2": [
        -0.08401545137166977,
        6.772884368896484
    ],
    "wp_1": [
        0.044667210429906845,
        3.1390695571899414
    ],
    "aim": [
        0.044667210429906845,
        3.1390695571899414
    ],
    "target": [
        -0.3085728399281902,
        15.346221101694224
    ],
    "desired_speed": 7.730676174163818,
    "angle": 0.009058169049735719,
    "angle_last": -0.04221287362793733,
    "angle_target": -0.012799053373076682,
    "angle_final": 0.009058169049735719,
    "delta": 0.25,
    "agent": "only_traj",
    "steer_traj": 0.007519061331871525,
    "throttle_traj": 0.75,
    "brake_traj": 0.0,
    "plan": [
        [
            0.044667210429906845,
            3.1390695571899414
        ],
        [
            -0.08401545137166977,
            6.772884368896484
        ],
        [
            -0.25778430700302124,
            10.722725868225098
        ],
        [
            -0.413591593503952,
            14.666762351989746
        ],
        [
            -0.5862065553665161,
            18.67949867248535
        ],
        [
            -0.8362276554107666,
            22.444581985473633
        ]
    ]
}