{
    "speed": 5.0982468186776835,
    "steer": 0.004990937188267708,
    "throttle": 0.0,
    "brake": 0.0,
    "wp_4": [
        -0.3877766728401184,
        14.732994079589844
    ],
    "wp_3": [
        -0.24434804916381836,
        10.798611640930176
    ],
    "wp_2": [
        -0.07638376206159592,
        6.847490310668945
    ],
    "wp_1": [
        0.024628857150673866,
        3.1957619190216064
    ],
    "aim": [
        0.024628857150673866,
        3.1957619190216064
    ],
    "target": [
        -0.826381919102948,
        13.704828957723807
    ],
    "desired_speed": 7.790621948242188,
    "angle": 0.004906172944275746,
    "angle_last": -0.03746900368540036,
    "angle_target": -0.038340854146815165,
    "angle_final": 0.004906172944275746,
    "delta": 0.25,
    "agent": "only_traj",
    "steer_traj": 0.004990936971746074,
    "throttle_traj": 0.0,
    "brake_traj": 0.0,
    "plan": [
        [
            0.024628857150673866,
            3.1957619190216064
        ],
        [
            -0.07638376206159592,
            6.847490310668945
        ],
        [
            -0.24434804916381836,
            10.798611640930176
        ],
        [
            -0.3877766728401184,
            14.732994079589844
        ],
        [
            -0.5532493591308594,
            18.790653228759766
        ],
        [
            -0.7809334397315979,
            22.6546630859375
        ]
    ]
}