{
    "speed": 5.224114731284155,
    "steer": -0.0036905466113239527,
    "throttle": 0.0,
    "brake": 0.0,
    "wp_4": [
        -0.6003219485282898,
        15.059359550476074
    ],
    "wp_3": [
        -0.7852087020874023,
        10.994865417480469
    ],
    "wp_2": [
        -0.13634780049324036,
        7.004300117492676
    ],
    "wp_1": [
        -0.02334587648510933,
        3.2853763103485107
    ],
    "aim": [
        -0.02334587648510933,
        3.2853763103485107
    ],
    "target": [
        -1.2739452017570116,
        14.107060101369433
    ],
    "desired_speed": 7.91954574584961,
    "angle": -0.004523738005825415,
    "angle_last": -0.04880180533826707,
    "angle_target": -0.05733475164354052,
    "angle_final": -0.004523738005825415,
    "delta": 0.25,
    "agent": "only_traj",
    "steer_traj": -0.003690546513677092,
    "throttle_traj": 0.0,
    "brake_traj": 0.0,
    "plan": [
        [
            -0.02334587648510933,
            3.2853763103485107
        ],
        [
            -0.13634780049324036,
            7.004300117492676
        ],
        [
            -0.7852087020874023,
            10.994865417480469
        ],
        [
            -0.6003219485282898,
            15.059359550476074
        ],
        [
            -0.7776857614517212,
            19.131635665893555
        ],
        [
            -1.0756242275238037,
            23.01062774658203
        ]
    ]
}