{
    "speed": 5.054180906724829,
    "steer": 0.002073874231427908,
    "throttle": 0.0,
    "brake": 0.0,
    "wp_4": [
        -0.5575835704803467,
        13.760138511657715
    ],
    "wp_3": [
        -0.5800796747207642,
        9.682188987731934
    ],
    "wp_2": [
        -0.05255412310361862,
        6.021008014678955
    ],
    "wp_1": [
        -0.005625208839774132,
        2.650301218032837
    ],
    "aim": [
        -0.005625208839774132,
        2.650301218032837
    ],
    "target": [
        0.3523930273323013,
        13.901180351568145
    ],
    "desired_speed": 7.605994319915772,
    "angle": -0.0013511910273452698,
    "angle_last": -0.04067979972323258,
    "angle_target": 0.016134768905868846,
    "angle_final": -0.0013511910273452698,
    "delta": 0.25,
    "agent": "only_traj",
    "steer_traj": 0.00207387416780764,
    "throttle_traj": 0.0,
    "brake_traj": 0.0,
    "plan": [
        [
            -0.005625208839774132,
            2.650301218032837
        ],
        [
            -0.05255412310361862,
            6.021008014678955
        ],
        [
            -0.5800796747207642,
            9.682188987731934
        ],
        [
            -0.5575835704803467,
            13.760138511657715
        ],
        [
            -0.505500316619873,
            17.732128143310547
        ],
        [
            -0.7541959285736084,
            21.618799209594727
        ]
    ]
}