{
    "speed": 4.979089537417888,
    "steer": 0.004736039321869612,
    "throttle": 0.75,
    "brake": 0.0,
    "wp_4": [
        -0.355155885219574,
        14.20763111114502
    ],
    "wp_3": [
        -0.21734394133090973,
        10.304816246032715
    ],
    "wp_2": [
        -0.055738091468811035,
        6.44416618347168
    ],
    "wp_1": [
        -0.029694853350520134,
        2.9231581687927246
    ],
    "aim": [
        -0.029694853350520134,
        2.9231581687927246
    ],
    "target": [
        0.03958211482047186,
        12.040730009194935
    ],
    "desired_speed": 7.775925922393798,
    "angle": -0.0064668509337032646,
    "angle_last": -0.03475203032456007,
    "angle_target": 0.002092785581649544,
    "angle_final": 0.002092785581649544,
    "delta": 0.25,
    "agent": "only_traj",
    "steer_traj": 0.004736039480702923,
    "throttle_traj": 0.75,
    "brake_traj": 0.0,
    "plan": [
        [
            -0.029694853350520134,
            2.9231581687927246
        ],
        [
            -0.055738091468811035,
            6.44416618347168
        ],
        [
            -0.21734394133090973,
            10.304816246032715
        ],
        [
            -0.355155885219574,
            14.20763111114502
        ],
        [
            -0.49987274408340454,
            18.33948516845703
        ],
        [
            -0.7189388275146484,
            22.348548889160156
        ]
    ]
}