{
    "speed": 4.910299784458812,
    "steer": -0.0024110281374305487,
    "throttle": 0.75,
    "brake": 0.0,
    "wp_4": [
        -0.3656693696975708,
        14.216516494750977
    ],
    "wp_3": [
        -0.2409716248512268,
        10.272371292114258
    ],
    "wp_2": [
        -0.06360575556755066,
        6.39829158782959
    ],
    "wp_1": [
        -0.016345743089914322,
        2.874870777130127
    ],
    "aim": [
        -0.016345743089914322,
        2.874870777130127
    ],
    "target": [
        0.26738743394930536,
        13.40728371174762
    ],
    "desired_speed": 7.828397846221924,
    "angle": -0.0036195727416972823,
    "angle_last": -0.035073276888523006,
    "angle_target": 0.01269470893623296,
    "angle_final": -0.0036195727416972823,
    "delta": 0.25,
    "agent": "only_traj",
    "steer_traj": -0.002411028091032266,
    "throttle_traj": 0.75,
    "brake_traj": 0.0,
    "plan": [
        [
            -0.016345743089914322,
            2.874870777130127
        ],
        [
            -0.06360575556755066,
            6.39829158782959
        ],
        [
            -0.2409716248512268,
            10.272371292114258
        ],
        [
            -0.3656693696975708,
            14.216516494750977
        ],
        [
            -0.5129538774490356,
            18.390581130981445
        ],
        [
            -0.7357660531997681,
            22.430782318115234
        ]
    ]
}