{
    "speed": 4.854654198616596,
    "steer": -0.00775618152692914,
    "throttle": 0.75,
    "brake": 0.0,
    "wp_4": [
        -0.42928507924079895,
        14.265975952148438
    ],
    "wp_3": [
        -0.256907194852829,
        10.319531440734863
    ],
    "wp_2": [
        -0.07239985466003418,
        6.410231590270996
    ],
    "wp_1": [
        -0.04576900601387024,
        2.8825206756591797
    ],
    "aim": [
        -0.04576900601387024,
        2.8825206756591797
    ],
    "target": [
        -0.6164154199265606,
        12.481277658993598
    ],
    "desired_speed": 7.81657247543335,
    "angle": -0.01010741765231084,
    "angle_last": -0.04311468627135135,
    "angle_target": -0.03141534619221199,
    "angle_final": -0.01010741765231084,
    "delta": 0.25,
    "agent": "only_traj",
    "steer_traj": -0.007756181651540843,
    "throttle_traj": 0.75,
    "brake_traj": 0.0,
    "plan": [
        [
            -0.04576900601387024,
            2.8825206756591797
        ],
        [
            -0.07239985466003418,
            6.410231590270996
        ],
        [
            -0.256907194852829,
            10.319531440734863
        ],
        [
            -0.42928507924079895,
            14.265975952148438
        ],
        [
            -0.5992722511291504,
            18.4122257232666
        ],
        [
            -0.8699647188186646,
            22.40308380126953
        ]
    ]
}