{
    "speed": 4.878342217444429,
    "steer": 0.0028628932777792215,
    "throttle": 0.75,
    "brake": 0.0,
    "wp_4": [
        -0.31857016682624817,
        13.864618301391602
    ],
    "wp_3": [
        -0.19380469620227814,
        9.984508514404297
    ],
    "wp_2": [
        -0.051201608031988144,
        6.172270774841309
    ],
    "wp_1": [
        -0.0223098024725914,
        2.7392241954803467
    ],
    "aim": [
        -0.0223098024725914,
        2.7392241954803467
    ],
    "target": [
        -0.03710948983147211,
        13.313231470512461
    ],
    "desired_speed": 7.665478610992432,
    "angle": -0.005184824426491871,
    "angle_last": -0.032867353459581215,
    "angle_target": -0.0017745183681763445,
    "angle_final": -0.0017745183681763445,
    "delta": 0.25,
    "agent": "only_traj",
    "steer_traj": 0.002862893378652129,
    "throttle_traj": 0.75,
    "brake_traj": 0.0,
    "plan": [
        [
            -0.0223098024725914,
            2.7392241954803467
        ],
        [
            -0.051201608031988144,
            6.172270774841309
        ],
        [
            -0.19380469620227814,
            9.984508514404297
        ],
        [
            -0.31857016682624817,
            13.864618301391602
        ],
        [
            -0.43052151799201965,
            17.96529197692871
        ],
        [
            -0.633396565914154,
            21.891361236572266
        ]
    ]
}