{
    "speed": 5.116592912814306,
    "steer": -0.004869598895311356,
    "throttle": 0.0,
    "brake": 0.0,
    "wp_4": [
        -0.41715070605278015,
        14.840999603271484
    ],
    "wp_3": [
        -0.7730223536491394,
        10.762434959411621
    ],
    "wp_2": [
        -0.2289915829896927,
        6.668646812438965
    ],
    "wp_1": [
        -0.04029831290245056,
        3.088303804397583
    ],
    "aim": [
        -0.04029831290245056,
        3.088303804397583
    ],
    "target": [
        -0.16808339565823216,
        12.776849185442689
    ],
    "desired_speed": 8.019997406005858,
    "angle": -0.00830652444115081,
    "angle_last": -0.03145320073742546,
    "angle_target": -0.008374446572856834,
    "angle_final": -0.00830652444115081,
    "delta": 0.25,
    "agent": "only_traj",
    "steer_traj": -0.004869598950187683,
    "throttle_traj": 0.0,
    "brake_traj": 0.0,
    "plan": [
        [
            -0.04029831290245056,
            3.088303804397583
        ],
        [
            -0.2289915829896927,
            6.668646812438965
        ],
        [
            -0.7730223536491394,
            10.762434959411621
        ],
        [
            -0.41715070605278015,
            14.840999603271484
        ],
        [
            -0.5237569808959961,
            19.02450180053711
        ],
        [
            -0.7240678071975708,
            23.07553482055664
        ]
    ]
}