{
    "speed": 5.1329032757981174,
    "steer": 0.00627118069678545,
    "throttle": 0.0,
    "brake": 0.0,
    "wp_4": [
        -0.4834606945514679,
        14.72506332397461
    ],
    "wp_3": [
        -0.7887744903564453,
        10.625250816345215
    ],
    "wp_2": [
        -0.2974317967891693,
        6.490323066711426
    ],
    "wp_1": [
        -0.04817843809723854,
        2.9846694469451904
    ],
    "aim": [
        -0.04817843809723854,
        2.9846694469451904
    ],
    "target": [
        0.049500414152410466,
        12.18980214546621
    ],
    "desired_speed": 8.063316154479981,
    "angle": -0.010275364414902375,
    "angle_last": -0.03688646444018905,
    "angle_target": 0.0025851747877325905,
    "angle_final": 0.0025851747877325905,
    "delta": 0.25,
    "agent": "only_traj",
    "steer_traj": 0.00627118065119676,
    "throttle_traj": 0.0,
    "brake_traj": 0.0,
    "plan": [
        [
            -0.04817843809723854,
            2.9846694469451904
        ],
        [
            -0.2974317967891693,
            6.490323066711426
        ],
        [
            -0.7887744903564453,
            10.625250816345215
        ],
        [
            -0.4834606945514679,
            14.72506332397461
        ],
        [
            -0.6098649501800537,
            18.964038848876953
        ],
        [
            -0.8488975763320923,
            23.084856033325195
        ]
    ]
}