{
    "speed": 5.033440832080472,
    "steer": -0.011150668375194073,
    "throttle": 0.0,
    "brake": 0.0,
    "wp_4": [
        -0.5322492718696594,
        13.932516098022461
    ],
    "wp_3": [
        -0.808079183101654,
        9.85988998413086
    ],
    "wp_2": [
        -0.17342305183410645,
        5.909077167510986
    ],
    "wp_1": [
        -0.04326000064611435,
        2.5852105617523193
    ],
    "aim": [
        -0.04326000064611435,
        2.5852105617523193
    ],
    "target": [
        1.2293777161835369,
        12.49261099909301
    ],
    "desired_speed": 7.930180931091309,
    "angle": -0.010651935511142411,
    "angle_last": -0.039467820600509206,
    "angle_target": 0.06244765839527781,
    "angle_final": -0.010651935511142411,
    "delta": 0.25,
    "agent": "only_traj",
    "steer_traj": -0.011150668194130638,
    "throttle_traj": 0.0,
    "brake_traj": 0.0,
    "plan": [
        [
            -0.04326000064611435,
            2.5852105617523193
        ],
        [
            -0.17342305183410645,
            5.909077167510986
        ],
        [
            -0.808079183101654,
            9.85988998413086
        ],
        [
            -0.5322492718696594,
            13.932516098022461
        ],
        [
            -0.5437518954277039,
            18.151702880859375
        ],
        [
            -0.8037462830543518,
            22.340057373046875
        ]
    ]
}