{
    "speed": 4.987405167334906,
    "steer": -0.0013037878088653088,
    "throttle": 0.75,
    "brake": 0.0,
    "wp_4": [
        -0.4894750714302063,
        14.525432586669922
    ],
    "wp_3": [
        -0.8274357318878174,
        10.455055236816406
    ],
    "wp_2": [
        -0.3784334361553192,
        6.30131196975708
    ],
    "wp_1": [
        -0.05825942009687424,
        2.8529467582702637
    ],
    "aim": [
        -0.05825942009687424,
        2.8529467582702637
    ],
    "target": [
        -0.09057535580549111,
        11.694408652015838
    ],
    "desired_speed": 8.050179481506348,
    "angle": -0.012998484945995679,
    "angle_last": -0.045312641146261455,
    "angle_target": -0.004930639174998677,
    "angle_final": -0.004930639174998677,
    "delta": 0.25,
    "agent": "only_traj",
    "steer_traj": -0.0013037877727373318,
    "throttle_traj": 0.75,
    "brake_traj": 0.0,
    "plan": [
        [
            -0.05825942009687424,
            2.8529467582702637
        ],
        [
            -0.3784334361553192,
            6.30131196975708
        ],
        [
            -0.8274357318878174,
            10.455055236816406
        ],
        [
            -0.4894750714302063,
            14.525432586669922
        ],
        [
            -0.6556671857833862,
            18.792024612426758
        ],
        [
            -0.9493869543075562,
            22.911666870117188
        ]
    ]
}