{
    "speed": 4.920187334390033,
    "steer": -0.007349791005253792,
    "throttle": 0.75,
    "brake": 0.0,
    "wp_4": [
        -0.4013891816139221,
        13.965827941894531
    ],
    "wp_3": [
        -0.7883888483047485,
        9.973122596740723
    ],
    "wp_2": [
        -0.3347874879837036,
        5.967169761657715
    ],
    "wp_1": [
        -0.03663700819015503,
        2.685382843017578
    ],
    "aim": [
        -0.03663700819015503,
        2.685382843017578
    ],
    "target": [
        1.042835828507692,
        11.472756293126784
    ],
    "desired_speed": 7.873464679718018,
    "angle": -0.008684916921169517,
    "angle_last": -0.02994934486417021,
    "angle_target": 0.05770806089497737,
    "angle_final": -0.008684916921169517,
    "delta": 0.25,
    "agent": "only_traj",
    "steer_traj": -0.007349791137405234,
    "throttle_traj": 0.75,
    "brake_traj": 0.0,
    "plan": [
        [
            -0.03663700819015503,
            2.685382843017578
        ],
        [
            -0.3347874879837036,
            5.967169761657715
        ],
        [
            -0.7883888483047485,
            9.973122596740723
        ],
        [
            -0.4013891816139221,
            13.965827941894531
        ],
        [
            -0.43485376238822937,
            18.156795501708984
        ],
        [
            -0.6302176713943481,
            22.306488037109375
        ]
    ]
}