{
    "speed": 4.8650670027509495,
    "steer": -0.008614723570644855,
    "throttle": 0.75,
    "brake": 0.0,
    "wp_4": [
        -0.3972601294517517,
        14.107744216918945
    ],
    "wp_3": [
        -0.26634880900382996,
        10.161360740661621
    ],
    "wp_2": [
        -0.07574912160634995,
        6.292065620422363
    ],
    "wp_1": [
        -0.04551489278674126,
        2.7952098846435547
    ],
    "aim": [
        -0.04551489278674126,
        2.7952098846435547
    ],
    "target": [
        0.5138220030623589,
        9.926937328260237
    ],
    "desired_speed": 7.8546688079833995,
    "angle": -0.01036521934798343,
    "angle_last": -0.03664611767239538,
    "angle_target": 0.032922298294968254,
    "angle_final": -0.01036521934798343,
    "delta": 0.25,
    "agent": "only_traj",
    "steer_traj": -0.008614723391504318,
    "throttle_traj": 0.75,
    "brake_traj": 0.0,
    "plan": [
        [
            -0.04551489278674126,
            2.7952098846435547
        ],
        [
            -0.07574912160634995,
            6.292065620422363
        ],
        [
            -0.26634880900382996,
            10.161360740661621
        ],
        [
            -0.3972601294517517,
            14.107744216918945
        ],
        [
            -0.5373682975769043,
            18.32082176208496
        ],
        [
            -0.7733487486839294,
            22.4157657623291
        ]
    ]
}