{
    "speed": 4.889217652219327,
    "steer": 0.014507995918393135,
    "throttle": 0.75,
    "brake": 0.0,
    "wp_4": [
        -0.403043657541275,
        14.378082275390625
    ],
    "wp_3": [
        -0.29346877336502075,
        10.366046905517578
    ],
    "wp_2": [
        -0.09789103269577026,
        6.439291000366211
    ],
    "wp_1": [
        -0.052290741354227066,
        2.8801307678222656
    ],
    "aim": [
        -0.052290741354227066,
        2.8801307678222656
    ],
    "target": [
        0.18462900129638826,
        10.946579275613967
    ],
    "desired_speed": 7.985607051849366,
    "angle": -0.01155701146715988,
    "angle_last": -0.03257585616400323,
    "angle_target": 0.010736443428001804,
    "angle_final": 0.010736443428001804,
    "delta": 0.25,
    "agent": "only_traj",
    "steer_traj": 0.014507995932039504,
    "throttle_traj": 0.75,
    "brake_traj": 0.0,
    "plan": [
        [
            -0.052290741354227066,
            2.8801307678222656
        ],
        [
            -0.09789103269577026,
            6.439291000366211
        ],
        [
            -0.29346877336502075,
            10.366046905517578
        ],
        [
            -0.403043657541275,
            14.378082275390625
        ],
        [
            -0.5398761034011841,
            18.66842269897461
        ],
        [
            -0.7530030608177185,
            22.829856872558594
        ]
    ]
}