{
    "speed": 4.987084965730892,
    "steer": -0.01671511121094227,
    "throttle": 0.75,
    "brake": 0.0,
    "wp_4": [
        -0.4621485471725464,
        14.558732032775879
    ],
    "wp_3": [
        -0.31903210282325745,
        10.573195457458496
    ],
    "wp_2": [
        -0.11580325663089752,
        6.62450647354126
    ],
    "wp_1": [
        -0.0602671317756176,
        3.0164096355438232
    ],
    "aim": [
        -0.0602671317756176,
        3.0164096355438232
    ],
    "target": [
        -1.0663452381164429,
        9.785000797663225
    ],
    "desired_speed": 7.928185939788818,
    "angle": -0.012717764171108155,
    "angle_last": -0.03899638576579677,
    "angle_target": -0.06910454843751902,
    "angle_final": -0.012717764171108155,
    "delta": 0.25,
    "agent": "only_traj",
    "steer_traj": -0.01671511177539103,
    "throttle_traj": 0.75,
    "brake_traj": 0.0,
    "plan": [
        [
            -0.0602671317756176,
            3.0164096355438232
        ],
        [
            -0.11580325663089752,
            6.62450647354126
        ],
        [
            -0.31903210282325745,
            10.573195457458496
        ],
        [
            -0.4621485471725464,
            14.558732032775879
        ],
        [
            -0.6310704946517944,
            18.76362419128418
        ],
        [
            -0.8797122240066528,
            22.817642211914062
        ]
    ]
}