{
    "speed": 5.126136013165067,
    "steer": -0.0042197369039058685,
    "throttle": 0.0,
    "brake": 0.0,
    "wp_4": [
        -0.257351279258728,
        14.614358901977539
    ],
    "wp_3": [
        -0.19714224338531494,
        10.632586479187012
    ],
    "wp_2": [
        -0.07409850507974625,
        6.70936393737793
    ],
    "wp_1": [
        -0.031862445175647736,
        3.075697660446167
    ],
    "aim": [
        -0.031862445175647736,
        3.075697660446167
    ],
    "target": [
        0.3914821418403437,
        10.989228892055205
    ],
    "desired_speed": 7.956166362762451,
    "angle": -0.006594727253164059,
    "angle_last": -0.015141722416554905,
    "angle_target": 0.02266946349254057,
    "angle_final": -0.006594727253164059,
    "delta": 0.25,
    "agent": "only_traj",
    "steer_traj": -0.004219737073668358,
    "throttle_traj": 0.0,
    "brake_traj": 0.0,
    "plan": [
        [
            -0.031862445175647736,
            3.075697660446167
        ],
        [
            -0.07409850507974625,
            6.70936393737793
        ],
        [
            -0.19714224338531494,
            10.632586479187012
        ],
        [
            -0.257351279258728,
            14.614358901977539
        ],
        [
            -0.3251277804374695,
            18.845623016357422
        ],
        [
            -0.4230472445487976,
            22.961776733398438
        ]
    ]
}