{
    "speed": 5.123986054059744,
    "steer": -0.012083428911864758,
    "throttle": 0.0,
    "brake": 0.0,
    "wp_4": [
        -0.437197744846344,
        14.510910034179688
    ],
    "wp_3": [
        -0.2926863133907318,
        10.577974319458008
    ],
    "wp_2": [
        -0.10041343420743942,
        6.653983116149902
    ],
    "wp_1": [
        -0.05533191189169884,
        3.0498995780944824
    ],
    "aim": [
        -0.05533191189169884,
        3.0498995780944824
    ],
    "target": [
        -0.5749402326972647,
        9.760857988062625
    ],
    "desired_speed": 7.812492179870606,
    "angle": -0.011548435785201974,
    "angle_last": -0.03759551396702716,
    "angle_target": -0.03745530330265987,
    "angle_final": -0.011548435785201974,
    "delta": 0.25,
    "agent": "only_traj",
    "steer_traj": -0.01208342894153942,
    "throttle_traj": 0.0,
    "brake_traj": 0.0,
    "plan": [
        [
            -0.05533191189169884,
            3.0498995780944824
        ],
        [
            -0.10041343420743942,
            6.653983116149902
        ],
        [
            -0.2926863133907318,
            10.577974319458008
        ],
        [
            -0.437197744846344,
            14.510910034179688
        ],
        [
            -0.5971671342849731,
            18.62270736694336
        ],
        [
            -0.8301608562469482,
            22.563493728637695
        ]
    ]
}