{
    "speed": 5.025642193397408,
    "steer": 0.017391839995980263,
    "throttle": 0.0,
    "brake": 0.0,
    "wp_4": [
        -0.3604547083377838,
        13.689453125
    ],
    "wp_3": [
        -0.2270890772342682,
        9.847867965698242
    ],
    "wp_2": [
        -0.06888125836849213,
        6.074631690979004
    ],
    "wp_1": [
        0.064005546271801,
        2.6922006607055664
    ],
    "aim": [
        0.064005546271801,
        2.6922006607055664
    ],
    "target": [
        0.4857906763411668,
        9.064275100132155
    ],
    "desired_speed": 7.637108516693116,
    "angle": 0.015132408060609613,
    "angle_last": -0.036561347435696445,
    "angle_target": 0.03408638356430597,
    "angle_final": 0.015132408060609613,
    "delta": 0.25,
    "agent": "only_traj",
    "steer_traj": 0.017391840126585168,
    "throttle_traj": 0.0,
    "brake_traj": 0.0,
    "plan": [
        [
            0.064005546271801,
            2.6922006607055664
        ],
        [
            -0.06888125836849213,
            6.074631690979004
        ],
        [
            -0.2270890772342682,
            9.847867965698242
        ],
        [
            -0.3604547083377838,
            13.689453125
        ],
        [
            -0.4750661551952362,
            17.79604148864746
        ],
        [
            -0.7034618854522705,
            21.768573760986328
        ]
    ]
}