{
    "speed": 4.982821606393811,
    "steer": -0.011448942124843597,
    "throttle": 0.75,
    "brake": 0.0,
    "wp_4": [
        -0.4016149342060089,
        13.691263198852539
    ],
    "wp_3": [
        -0.26381194591522217,
        9.887529373168945
    ],
    "wp_2": [
        -0.08812446147203445,
        6.122591972351074
    ],
    "wp_1": [
        -0.018084386363625526,
        2.732445478439331
    ],
    "aim": [
        -0.018084386363625526,
        2.732445478439331
    ],
    "target": [
        0.7264029107712581,
        9.437223181670383
    ],
    "desired_speed": 7.620351600646972,
    "angle": -0.004213343853543724,
    "angle_last": -0.03982192796347898,
    "angle_target": 0.048905530935641525,
    "angle_final": -0.004213343853543724,
    "delta": 0.25,
    "agent": "only_traj",
    "steer_traj": -0.011448942311898028,
    "throttle_traj": 0.75,
    "brake_traj": 0.0,
    "plan": [
        [
            -0.018084386363625526,
            2.732445478439331
        ],
        [
            -0.08812446147203445,
            6.122591972351074
        ],
        [
            -0.26381194591522217,
            9.887529373168945
        ],
        [
            -0.4016149342060089,
            13.691263198852539
        ],
        [
            -0.5432584285736084,
            17.798622131347656
        ],
        [
            -0.7917377948760986,
            21.765792846679688
        ]
    ]
}