{
    "speed": 4.92026253334845,
    "steer": -0.016399892047047615,
    "throttle": 0.75,
    "brake": 0.0,
    "wp_4": [
        -0.4721095561981201,
        13.689714431762695
    ],
    "wp_3": [
        -0.2990115284919739,
        9.888427734375
    ],
    "wp_2": [
        -0.09998968988656998,
        6.121747016906738
    ],
    "wp_1": [
        -0.05999312177300453,
        2.737272024154663
    ],
    "aim": [
        -0.05999312177300453,
        2.737272024154663
    ],
    "target": [
        0.21158735082474056,
        9.134760368728738
    ],
    "desired_speed": 7.5552972793579105,
    "angle": -0.013950613316295457,
    "angle_last": -0.051702966133725374,
    "angle_target": 0.014743310564042053,
    "angle_final": -0.013950613316295457,
    "delta": 0.25,
    "agent": "only_traj",
    "steer_traj": -0.01639989231311592,
    "throttle_traj": 0.75,
    "brake_traj": 0.0,
    "plan": [
        [
            -0.05999312177300453,
            2.737272024154663
        ],
        [
            -0.09998968988656998,
            6.121747016906738
        ],
        [
            -0.2990115284919739,
            9.888427734375
        ],
        [
            -0.4721095561981201,
            13.689714431762695
        ],
        [
            -0.6442658305168152,
            17.73507308959961
        ],
        [
            -0.9588183164596558,
            21.59964370727539
        ]
    ]
}