{
    "speed": 4.867720561197607,
    "steer": -0.013197781518101692,
    "throttle": 0.75,
    "brake": 0.0,
    "wp_4": [
        -0.4232027530670166,
        13.48483943939209
    ],
    "wp_3": [
        -0.2725306749343872,
        9.674568176269531
    ],
    "wp_2": [
        -0.08920241892337799,
        5.916208267211914
    ],
    "wp_1": [
        -0.055301323533058167,
        2.59110164642334
    ],
    "aim": [
        -0.055301323533058167,
        2.59110164642334
    ],
    "target": [
        0.242433520675191,
        9.025985215735014
    ],
    "desired_speed": 7.586780834197998,
    "angle": -0.013585122304708997,
    "angle_last": -0.04556550992753348,
    "angle_target": 0.017095183547486997,
    "angle_final": -0.013585122304708997,
    "delta": 0.25,
    "agent": "only_traj",
    "steer_traj": -0.013197781524859547,
    "throttle_traj": 0.75,
    "brake_traj": 0.0,
    "plan": [
        [
            -0.055301323533058167,
            2.59110164642334
        ],
        [
            -0.08920241892337799,
            5.916208267211914
        ],
        [
            -0.2725306749343872,
            9.674568176269531
        ],
        [
            -0.4232027530670166,
            13.48483943939209
        ],
        [
            -0.5655542612075806,
            17.595733642578125
        ],
        [
            -0.8481910228729248,
            21.537851333618164
        ]
    ]
}