{
    "speed": 4.992911073573009,
    "steer": -0.014895481988787651,
    "throttle": 0.75,
    "brake": 0.0,
    "wp_4": [
        -0.32048964500427246,
        14.539587020874023
    ],
    "wp_3": [
        -0.22136227786540985,
        10.603120803833008
    ],
    "wp_2": [
        -0.0840834230184555,
        6.676302433013916
    ],
    "wp_1": [
        -0.05116241052746773,
        3.0633513927459717
    ],
    "aim": [
        -0.05116241052746773,
        3.0633513927459717
    ],
    "target": [
        0.6791752907137198,
        8.51331349797414
    ],
    "desired_speed": 7.787714672088622,
    "angle": -0.010631444943632372,
    "angle_last": -0.027970866734589855,
    "angle_target": 0.05068092639409367,
    "angle_final": -0.010631444943632372,
    "delta": 0.25,
    "agent": "only_traj",
    "steer_traj": -0.014895482026408417,
    "throttle_traj": 0.75,
    "brake_traj": 0.0,
    "plan": [
        [
            -0.05116241052746773,
            3.0633513927459717
        ],
        [
            -0.0840834230184555,
            6.676302433013916
        ],
        [
            -0.22136227786540985,
            10.603120803833008
        ],
        [
            -0.32048964500427246,
            14.539587020874023
        ],
        [
            -0.43287262320518494,
            18.63870620727539
        ],
        [
            -0.6036689281463623,
            22.523548126220703
        ]
    ]
}