{
    "speed": 5.133231881180324,
    "steer": -0.010858898982405663,
    "throttle": 0.0,
    "brake": 0.0,
    "wp_4": [
        -0.296830415725708,
        14.706596374511719
    ],
    "wp_3": [
        -0.20135129988193512,
        10.736433982849121
    ],
    "wp_2": [
        -0.08025460690259933,
        6.788858413696289
    ],
    "wp_1": [
        -0.0505216009914875,
        3.1123924255371094
    ],
    "aim": [
        -0.0505216009914875,
        3.1123924255371094
    ],
    "target": [
        0.9292165184263288,
        7.632304165826785
    ],
    "desired_speed": 7.84192180633545,
    "angle": -0.010332965676902815,
    "angle_last": -0.024768646378715543,
    "angle_target": 0.07712749949818926,
    "angle_final": -0.010332965676902815,
    "delta": 0.25,
    "agent": "only_traj",
    "steer_traj": -0.010858899186813608,
    "throttle_traj": 0.0,
    "brake_traj": 0.0,
    "plan": [
        [
            -0.0505216009914875,
            3.1123924255371094
        ],
        [
            -0.08025460690259933,
            6.788858413696289
        ],
        [
            -0.20135129988193512,
            10.736433982849121
        ],
        [
            -0.296830415725708,
            14.706596374511719
        ],
        [
            -0.3905446231365204,
            18.812049865722656
        ],
        [
            -0.5422790050506592,
            22.710050582885742
        ]
    ]
}