{
    "speed": 5.139219968581964,
    "steer": -0.013455125503242016,
    "throttle": 0.0,
    "brake": 0.0,
    "wp_4": [
        -0.33725816011428833,
        14.563406944274902
    ],
    "wp_3": [
        -0.22739925980567932,
        10.612615585327148
    ],
    "wp_2": [
        -0.08748332411050797,
        6.683568954467773
    ],
    "wp_1": [
        -0.06036243215203285,
        3.050917148590088
    ],
    "aim": [
        -0.06036243215203285,
        3.050917148590088
    ],
    "target": [
        0.47901091486091907,
        7.66010920825057
    ],
    "desired_speed": 7.766122913360596,
    "angle": -0.012593834183167812,
    "angle_last": -0.031441741197818,
    "angle_target": 0.03975808337106003,
    "angle_final": -0.012593834183167812,
    "delta": 0.25,
    "agent": "only_traj",
    "steer_traj": -0.013455125238139307,
    "throttle_traj": 0.0,
    "brake_traj": 0.0,
    "plan": [
        [
            -0.06036243215203285,
            3.050917148590088
        ],
        [
            -0.08748332411050797,
            6.683568954467773
        ],
        [
            -0.22739925980567932,
            10.612615585327148
        ],
        [
            -0.33725816011428833,
            14.563406944274902
        ],
        [
            -0.4575902819633484,
            18.626224517822266
        ],
        [
            -0.6468742489814758,
            22.45564842224121
        ]
    ]
}