{
    "speed": 5.039023424269086,
    "steer": -0.014796792529523373,
    "throttle": 0.0,
    "brake": 0.0,
    "wp_4": [
        -0.32264184951782227,
        13.335298538208008
    ],
    "wp_3": [
        -0.19262662529945374,
        9.649063110351562
    ],
    "wp_2": [
        -0.06516552716493607,
        5.975187301635742
    ],
    "wp_1": [
        -0.06099206581711769,
        2.6669015884399414
    ],
    "aim": [
        -0.06099206581711769,
        2.6669015884399414
    ],
    "target": [
        -0.47777033538210884,
        7.359295104941343
    ],
    "desired_speed": 7.269714546203613,
    "angle": -0.014556906441620256,
    "angle_last": -0.04055313765962423,
    "angle_target": -0.04127186153949286,
    "angle_final": -0.014556906441620256,
    "delta": 0.25,
    "agent": "only_traj",
    "steer_traj": -0.014796792103409607,
    "throttle_traj": 0.0,
    "brake_traj": 0.0,
    "plan": [
        [
            -0.06099206581711769,
            2.6669015884399414
        ],
        [
            -0.06516552716493607,
            5.975187301635742
        ],
        [
            -0.19262662529945374,
            9.649063110351562
        ],
        [
            -0.32264184951782227,
            13.335298538208008
        ],
        [
            -0.4233230650424957,
            17.197834014892578
        ],
        [
            -0.6548801064491272,
            20.827993392944336
        ]
    ]
}