{
    "speed": 4.931254518944226,
    "steer": -0.00858025997877121,
    "throttle": 0.75,
    "brake": 0.0,
    "wp_4": [
        -0.10157886892557144,
        13.55024528503418
    ],
    "wp_3": [
        -0.05843815207481384,
        9.85651969909668
    ],
    "wp_2": [
        -0.026637887582182884,
        6.194480895996094
    ],
    "wp_1": [
        -0.030232522636651993,
        2.7969696521759033
    ],
    "aim": [
        -0.030232522636651993,
        2.7969696521759033
    ],
    "target": [
        -0.8680439713544931,
        7.6920191679807965
    ],
    "desired_speed": 7.286583042144775,
    "angle": -0.006880988070378371,
    "angle_last": -0.008597794063756464,
    "angle_target": -0.07153984411774042,
    "angle_final": -0.006880988070378371,
    "delta": 0.25,
    "agent": "only_traj",
    "steer_traj": -0.008580260132273696,
    "throttle_traj": 0.75,
    "brake_traj": 0.0,
    "plan": [
        [
            -0.030232522636651993,
            2.7969696521759033
        ],
        [
            -0.026637887582182884,
            6.194480895996094
        ],
        [
            -0.05843815207481384,
            9.85651969909668
        ],
        [
            -0.10157886892557144,
            13.55024528503418
        ],
        [
            -0.11741295456886292,
            17.3913516998291
        ],
        [
            -0.1663232147693634,
            21.012672424316406
        ]
    ]
}