{
    "speed": 4.877655458449934,
    "steer": -0.00632180692628026,
    "throttle": 0.75,
    "brake": 0.0,
    "wp_4": [
        -0.06459292769432068,
        13.471179008483887
    ],
    "wp_3": [
        -0.033389151096343994,
        9.740257263183594
    ],
    "wp_2": [
        -0.011350041255354881,
        6.074248313903809
    ],
    "wp_1": [
        -0.0195544995367527,
        2.7007970809936523
    ],
    "aim": [
        -0.0195544995367527,
        2.7007970809936523
    ],
    "target": [
        0.15317698655337098,
        7.10284367322866
    ],
    "desired_speed": 7.30847749710083,
    "angle": -0.004609191261441352,
    "angle_last": -0.009831705682814657,
    "angle_target": 0.013726950738350672,
    "angle_final": -0.004609191261441352,
    "delta": 0.25,
    "agent": "only_traj",
    "steer_traj": -0.006321807031248437,
    "throttle_traj": 0.75,
    "brake_traj": 0.0,
    "plan": [
        [
            -0.0195544995367527,
            2.7007970809936523
        ],
        [
            -0.011350041255354881,
            6.074248313903809
        ],
        [
            -0.033389151096343994,
            9.740257263183594
        ],
        [
            -0.06459292769432068,
            13.471179008483887
        ],
        [
            -0.06160366162657738,
            17.339284896850586
        ],
        [
            -0.11770057678222656,
            20.971349716186523
        ]
    ]
}