{
    "speed": 4.902684069411365,
    "steer": -0.005554556380957365,
    "throttle": 0.75,
    "brake": 0.0,
    "wp_4": [
        -0.022978520020842552,
        14.30295467376709
    ],
    "wp_3": [
        -0.01715528964996338,
        10.417703628540039
    ],
    "wp_2": [
        -0.013939952477812767,
        6.610420227050781
    ],
    "wp_1": [
        -0.016045385971665382,
        3.0005006790161133
    ],
    "aim": [
        -0.016045385971665382,
        3.0005006790161133
    ],
    "target": [
        0.20286835575530443,
        6.128353726265505
    ],
    "desired_speed": 7.558286571502685,
    "angle": -0.003404345891851103,
    "angle_last": -0.005185507445408873,
    "angle_target": 0.02106648342740515,
    "angle_final": -0.003404345891851103,
    "delta": 0.25,
    "agent": "only_traj",
    "steer_traj": -0.005554556229264055,
    "throttle_traj": 0.75,
    "brake_traj": 0.0,
    "plan": [
        [
            -0.016045385971665382,
            3.0005006790161133
        ],
        [
            -0.013939952477812767,
            6.610420227050781
        ],
        [
            -0.01715528964996338,
            10.417703628540039
        ],
        [
            -0.022978520020842552,
            14.30295467376709
        ],
        [
            -0.027622520923614502,
            18.224321365356445
        ],
        [
            -0.057531122118234634,
            21.896085739135742
        ]
    ]
}