{
    "speed": 5.001638267652654,
    "steer": -0.004311221186071634,
    "throttle": 0.0,
    "brake": 0.0,
    "wp_4": [
        -0.012213321402668953,
        14.533856391906738
    ],
    "wp_3": [
        -0.009021669626235962,
        10.626445770263672
    ],
    "wp_2": [
        -0.015730803832411766,
        6.787560939788818
    ],
    "wp_1": [
        -0.009510400705039501,
        3.1150259971618652
    ],
    "aim": [
        -0.009510400705039501,
        3.1150259971618652
    ],
    "target": [
        0.06553576789210583,
        6.016837294369948
    ],
    "desired_speed": 7.6067098617553714,
    "angle": -0.0019435961013577092,
    "angle_last": -0.003358052387476572,
    "angle_target": 0.0069338281582425115,
    "angle_final": -0.0019435961013577092,
    "delta": 0.25,
    "agent": "only_traj",
    "steer_traj": -0.004311221320744707,
    "throttle_traj": 0.0,
    "brake_traj": 0.0,
    "plan": [
        [
            -0.009510400705039501,
            3.1150259971618652
        ],
        [
            -0.015730803832411766,
            6.787560939788818
        ],
        [
            -0.009021669626235962,
            10.626445770263672
        ],
        [
            -0.012213321402668953,
            14.533856391906738
        ],
        [
            -0.013004151172935963,
            18.454448699951172
        ],
        [
            -0.03240150213241577,
            22.131736755371094
        ]
    ]
}