{
    "speed": 5.111737057420177,
    "steer": -0.006327562965452671,
    "throttle": 0.0,
    "brake": 0.0,
    "wp_4": [
        -0.005214011296629906,
        14.572999954223633
    ],
    "wp_3": [
        -0.005921497941017151,
        10.6866455078125
    ],
    "wp_2": [
        -0.021953752264380455,
        6.859647750854492
    ],
    "wp_1": [
        -0.016565753147006035,
        3.1669998168945312
    ],
    "aim": [
        -0.016565753147006035,
        3.1669998168945312
    ],
    "target": [
        -0.04219664292610049,
        6.605493959895527
    ],
    "desired_speed": 7.5625556945800785,
    "angle": -0.0033299727208887415,
    "angle_last": -0.0020459730479171225,
    "angle_target": -0.004066743830973712,
    "angle_final": -0.0033299727208887415,
    "delta": 0.25,
    "agent": "only_traj",
    "steer_traj": -0.00632756309553729,
    "throttle_traj": 0.0,
    "brake_traj": 0.0,
    "plan": [
        [
            -0.016565753147006035,
            3.1669998168945312
        ],
        [
            -0.021953752264380455,
            6.859647750854492
        ],
        [
            -0.005921497941017151,
            10.6866455078125
        ],
        [
            -0.005214011296629906,
            14.572999954223633
        ],
        [
            -0.0005593011155724525,
            18.449378967285156
        ],
        [
            -0.012206052429974079,
            22.07332992553711
        ]
    ]
}