{
    "speed": 5.049012996120347,
    "steer": -0.00573906023055315,
    "throttle": 0.0,
    "brake": 0.0,
    "wp_4": [
        0.008849835023283958,
        14.380302429199219
    ],
    "wp_3": [
        0.004677474498748779,
        10.482403755187988
    ],
    "wp_2": [
        -0.010881250724196434,
        6.674956321716309
    ],
    "wp_1": [
        -0.01510101929306984,
        3.0413503646850586
    ],
    "aim": [
        -0.01510101929306984,
        3.0413503646850586
    ],
    "target": [
        0.392146761107197,
        6.39823275254306
    ],
    "desired_speed": 7.547634220123291,
    "angle": -0.003160887593435537,
    "angle_last": -0.004530036958059982,
    "angle_target": 0.0389695869438084,
    "angle_final": -0.003160887593435537,
    "delta": 0.25,
    "agent": "only_traj",
    "steer_traj": -0.005739060397947186,
    "throttle_traj": 0.0,
    "brake_traj": 0.0,
    "plan": [
        [
            -0.01510101929306984,
            3.0413503646850586
        ],
        [
            -0.010881250724196434,
            6.674956321716309
        ],
        [
            0.004677474498748779,
            10.482403755187988
        ],
        [
            0.008849835023283958,
            14.380302429199219
        ],
        [
            0.010868052951991558,
            18.278318405151367
        ],
        [
            -0.014976837672293186,
            21.910306930541992
        ]
    ]
}