{
    "speed": 4.956058658719136,
    "steer": -0.006847815588116646,
    "throttle": 0.75,
    "brake": 0.0,
    "wp_4": [
        0.00574277900159359,
        14.085013389587402
    ],
    "wp_3": [
        -0.0073206424713134766,
        10.205552101135254
    ],
    "wp_2": [
        -0.004903053864836693,
        6.420223712921143
    ],
    "wp_1": [
        -0.018014483153820038,
        2.8747761249542236
    ],
    "aim": [
        -0.018014483153820038,
        2.8747761249542236
    ],
    "target": [
        0.42289889064755615,
        5.311939421917134
    ],
    "desired_speed": 7.541353416442871,
    "angle": -0.003989237757776528,
    "angle_last": -0.006146666843611222,
    "angle_target": 0.05057647010045268,
    "angle_final": -0.003989237757776528,
    "delta": 0.25,
    "agent": "only_traj",
    "steer_traj": -0.006847815810827552,
    "throttle_traj": 0.75,
    "brake_traj": 0.0,
    "plan": [
        [
            -0.018014483153820038,
            2.8747761249542236
        ],
        [
            -0.004903053864836693,
            6.420223712921143
        ],
        [
            -0.0073206424713134766,
            10.205552101135254
        ],
        [
            0.00574277900159359,
            14.085013389587402
        ],
        [
            -0.0013531791046261787,
            18.0341739654541
        ],
        [
            -0.03701823204755783,
            21.727933883666992
        ]
    ]
}