{
    "speed": 4.8430072245802895,
    "steer": -0.00844372808933258,
    "throttle": 0.75,
    "brake": 0.0,
    "wp_4": [
        -0.03375165909528732,
        14.022917747497559
    ],
    "wp_3": [
        -0.026543498039245605,
        10.16346549987793
    ],
    "wp_2": [
        -0.009451424703001976,
        6.38165283203125
    ],
    "wp_1": [
        -0.02639385685324669,
        2.855361223220825
    ],
    "aim": [
        -0.02639385685324669,
        2.855361223220825
    ],
    "target": [
        -0.6769367573522435,
        4.989296964236571
    ],
    "desired_speed": 7.4966040611267095,
    "angle": -0.005884463470473511,
    "angle_last": -0.011726400158576195,
    "angle_target": -0.08585092702695192,
    "angle_final": -0.005884463470473511,
    "delta": 0.25,
    "agent": "only_traj",
    "steer_traj": -0.008443727930215115,
    "throttle_traj": 0.75,
    "brake_traj": 0.0,
    "plan": [
        [
            -0.02639385685324669,
            2.855361223220825
        ],
        [
            -0.009451424703001976,
            6.38165283203125
        ],
        [
            -0.026543498039245605,
            10.16346549987793
        ],
        [
            -0.03375165909528732,
            14.022917747497559
        ],
        [
            -0.06758280098438263,
            17.94355010986328
        ],
        [
            -0.1348680704832077,
            21.596019744873047
        ]
    ]
}