{
    "speed": 4.763459236221193,
    "steer": -0.005751392804086208,
    "throttle": 0.75,
    "brake": 0.0,
    "wp_4": [
        0.03427097946405411,
        13.70270824432373
    ],
    "wp_3": [
        0.019221991300582886,
        9.8851318359375
    ],
    "wp_2": [
        0.007902378216385841,
        6.168116569519043
    ],
    "wp_1": [
        -0.01720590516924858,
        2.7265474796295166
    ],
    "aim": [
        -0.01720590516924858,
        2.7265474796295166
    ],
    "target": [
        0.28660709187988664,
        5.504979444837103
    ],
    "desired_speed": 7.396313476562501,
    "angle": -0.004017317424364358,
    "angle_last": -0.005627344793717919,
    "angle_target": 0.03311459264934982,
    "angle_final": -0.004017317424364358,
    "delta": 0.25,
    "agent": "only_traj",
    "steer_traj": -0.00575139257953087,
    "throttle_traj": 0.75,
    "brake_traj": 0.0,
    "plan": [
        [
            -0.01720590516924858,
            2.7265474796295166
        ],
        [
            0.007902378216385841,
            6.168116569519043
        ],
        [
            0.019221991300582886,
            9.8851318359375
        ],
        [
            0.03427097946405411,
            13.70270824432373
        ],
        [
            0.04898424074053764,
            17.598588943481445
        ],
        [
            0.016998596489429474,
            21.217023849487305
        ]
    ]
}