{
    "speed": 4.773895501332303,
    "steer": -0.004099708981812,
    "throttle": 0.75,
    "brake": 0.0,
    "wp_4": [
        0.002486390992999077,
        14.263965606689453
    ],
    "wp_3": [
        -0.0007199347019195557,
        10.3689603805542
    ],
    "wp_2": [
        0.0034814011305570602,
        6.5570292472839355
    ],
    "wp_1": [
        -0.009488806128501892,
        2.959193706512451
    ],
    "aim": [
        -0.009488806128501892,
        2.959193706512451
    ],
    "target": [
        -0.3447586495156782,
        4.9420443449634375
    ],
    "desired_speed": 7.5553194999694835,
    "angle": -0.0020413436974796697,
    "angle_last": -0.007159659788514891,
    "angle_target": -0.0443389739077647,
    "angle_final": -0.0020413436974796697,
    "delta": 0.25,
    "agent": "only_traj",
    "steer_traj": -0.004099709119658002,
    "throttle_traj": 0.75,
    "brake_traj": 0.0,
    "plan": [
        [
            -0.009488806128501892,
            2.959193706512451
        ],
        [
            0.0034814011305570602,
            6.5570292472839355
        ],
        [
            -0.0007199347019195557,
            10.3689603805542
        ],
        [
            0.002486390992999077,
            14.263965606689453
        ],
        [
            -0.008782130666077137,
            18.18347930908203
        ],
        [
            -0.04998770356178284,
            21.847217559814453
        ]
    ]
}