{
    "speed": 4.864794869374314,
    "steer": 0.02057272009551525,
    "throttle": 0.75,
    "brake": 0.0,
    "wp_4": [
        0.015038104727864265,
        14.65206241607666
    ],
    "wp_3": [
        -0.0009594261646270752,
        10.666128158569336
    ],
    "wp_2": [
        0.0008943976135924459,
        6.789175987243652
    ],
    "wp_1": [
        0.1059267595410347,
        3.0782785415649414
    ],
    "aim": [
        0.1059267595410347,
        3.0782785415649414
    ],
    "target": [
        0.8269945048771742,
        4.117751285042059
    ],
    "desired_speed": 7.74578981399536,
    "angle": 0.021898089888461134,
    "angle_last": 4.980977856150846e-06,
    "angle_target": 0.1261778470193148,
    "angle_final": 0.021898089888461134,
    "delta": 0.25,
    "agent": "only_traj",
    "steer_traj": 0.020572719972304795,
    "throttle_traj": 0.75,
    "brake_traj": 0.0,
    "plan": [
        [
            0.1059267595410347,
            3.0782785415649414
        ],
        [
            0.0008943976135924459,
            6.789175987243652
        ],
        [
            -0.0009594261646270752,
            10.666128158569336
        ],
        [
            0.015038104727864265,
            14.65206241607666
        ],
        [
            0.029684491455554962,
            18.663166046142578
        ],
        [
            0.02971421554684639,
            22.441207885742188
        ]
    ]
}