{
    "speed": 5.000064594701267,
    "steer": 0.002796678803861141,
    "throttle": 0.0,
    "brake": 0.0,
    "wp_4": [
        0.014264391735196114,
        14.70869255065918
    ],
    "wp_3": [
        0.004511773586273193,
        10.805577278137207
    ],
    "wp_2": [
        -0.00976174883544445,
        6.956932067871094
    ],
    "wp_1": [
        0.05954127013683319,
        3.222822427749634
    ],
    "aim": [
        0.05954127013683319,
        3.222822427749634
    ],
    "target": [
        0.35501291742195423,
        5.528313601481671
    ],
    "desired_speed": 7.601595115661621,
    "angle": 0.011760115994401984,
    "angle_last": 0.00026984053567108977,
    "angle_target": 0.0408258920568371,
    "angle_final": 0.011760115994401984,
    "delta": 0.25,
    "agent": "only_traj",
    "steer_traj": 0.002796678812972942,
    "throttle_traj": 0.0,
    "brake_traj": 0.0,
    "plan": [
        [
            0.05954127013683319,
            3.222822427749634
        ],
        [
            -0.00976174883544445,
            6.956932067871094
        ],
        [
            0.004511773586273193,
            10.805577278137207
        ],
        [
            0.014264391735196114,
            14.70869255065918
        ],
        [
            0.016650699079036713,
            18.59410285949707
        ],
        [
            0.018190238624811172,
            22.22612762451172
        ]
    ]
}