{
    "speed": 5.126825554691292,
    "steer": -0.07856131345033646,
    "throttle": 0.0,
    "brake": 0.0,
    "wp_4": [
        0.002143150195479393,
        14.771220207214355
    ],
    "wp_3": [
        -1.5616416931152344e-05,
        10.820697784423828
    ],
    "wp_2": [
        -0.0035402581561356783,
        6.939939022064209
    ],
    "wp_1": [
        -0.48621875047683716,
        3.3213233947753906
    ],
    "aim": [
        -0.48621875047683716,
        3.3213233947753906
    ],
    "target": [
        -0.3626187358871431,
        3.4158296218369752
    ],
    "desired_speed": 7.636725902557373,
    "angle": -0.0925393770343884,
    "angle_last": -0.0027110058001040306,
    "angle_target": -0.06733031318612151,
    "angle_final": -0.06733031318612151,
    "delta": 0.25,
    "agent": "only_traj",
    "steer_traj": -0.07856131377330393,
    "throttle_traj": 0.0,
    "brake_traj": 0.0,
    "plan": [
        [
            -0.48621875047683716,
            3.3213233947753906
        ],
        [
            -0.0035402581561356783,
            6.939939022064209
        ],
        [
            -1.5616416931152344e-05,
            10.820697784423828
        ],
        [
            0.002143150195479393,
            14.771220207214355
        ],
        [
            -0.006719251163303852,
            18.700199127197266
        ],
        [
            -0.022394128143787384,
            22.38104248046875
        ]
    ]
}