{
    "speed": 5.013111243470721,
    "steer": -0.09102526307106018,
    "throttle": 0.0,
    "brake": 0.0,
    "wp_4": [
        0.0290191899985075,
        14.303071022033691
    ],
    "wp_3": [
        0.010587811470031738,
        10.345632553100586
    ],
    "wp_2": [
        0.0073218266479671,
        6.5125732421875
    ],
    "wp_1": [
        -0.4860653877258301,
        3.0660438537597656
    ],
    "aim": [
        -0.4860653877258301,
        3.0660438537597656
    ],
    "target": [
        1.2461184625063884,
        3.1222430259399045
    ],
    "desired_speed": 7.670285701751708,
    "angle": -0.10009144130868071,
    "angle_last": 0.0005414543916652635,
    "angle_target": 0.24174930081531443,
    "angle_final": -0.10009144130868071,
    "delta": 0.25,
    "agent": "only_traj",
    "steer_traj": -0.09102526398476257,
    "throttle_traj": 0.0,
    "brake_traj": 0.0,
    "plan": [
        [
            -0.4860653877258301,
            3.0660438537597656
        ],
        [
            0.0073218266479671,
            6.5125732421875
        ],
        [
            0.010587811470031738,
            10.345632553100586
        ],
        [
            0.0290191899985075,
            14.303071022033691
        ],
        [
            0.053733184933662415,
            18.3608455657959
        ],
        [
            0.057003822177648544,
            22.206501007080078
        ]
    ]
}