{
    "speed": 4.947975157908385,
    "steer": -0.011022277176380157,
    "throttle": 0.75,
    "brake": 0.0,
    "wp_4": [
        0.18775424361228943,
        12.554348945617676
    ],
    "wp_3": [
        0.11300733685493469,
        8.855230331420898
    ],
    "wp_2": [
        0.041363056749105453,
        5.377441883087158
    ],
    "wp_1": [
        -0.7128745317459106,
        2.3082430362701416
    ],
    "aim": [
        -0.7128745317459106,
        2.3082430362701416
    ],
    "target": [
        -0.17072533954813027,
        3.3209774160280205
    ],
    "desired_speed": 6.884709358215332,
    "angle": -0.19069670861555865,
    "angle_last": -0.10109897010224837,
    "angle_target": -0.032698666283627054,
    "angle_final": -0.032698666283627054,
    "delta": 0.25,
    "agent": "only_traj",
    "steer_traj": -0.011022276932743762,
    "throttle_traj": 0.75,
    "brake_traj": 0.0,
    "plan": [
        [
            -0.7128745317459106,
            2.3082430362701416
        ],
        [
            0.041363056749105453,
            5.377441883087158
        ],
        [
            0.11300733685493469,
            8.855230331420898
        ],
        [
            0.18775424361228943,
            12.554348945617676
        ],
        [
            0.11528103798627853,
            16.235532760620117
        ],
        [
            -0.3893352746963501,
            19.386341094970703
        ]
    ]
}