{
    "speed": 4.854063659417031,
    "steer": -0.09113220870494843,
    "throttle": 0.75,
    "brake": 0.0,
    "wp_4": [
        0.24598070979118347,
        14.392583847045898
    ],
    "wp_3": [
        0.16721808910369873,
        10.569646835327148
    ],
    "wp_2": [
        0.05414925888180733,
        6.822312355041504
    ],
    "wp_1": [
        -0.4740808606147766,
        3.4027771949768066
    ],
    "aim": [
        -0.4740808606147766,
        3.4027771949768066
    ],
    "target": [
        -0.7036242064757786,
        3.5065520542557262
    ],
    "desired_speed": 7.471607112884521,
    "angle": -0.08812768195848639,
    "angle_last": 0.10477348032965407,
    "angle_target": -0.126069781477483,
    "angle_final": -0.08812768195848639,
    "delta": 0.25,
    "agent": "only_traj",
    "steer_traj": -0.0911322096652397,
    "throttle_traj": 0.75,
    "brake_traj": 0.0,
    "plan": [
        [
            -0.4740808606147766,
            3.4027771949768066
        ],
        [
            0.05414925888180733,
            6.822312355041504
        ],
        [
            0.16721808910369873,
            10.569646835327148
        ],
        [
            0.24598070979118347,
            14.392583847045898
        ],
        [
            -0.11664951592683792,
            18.3952579498291
        ],
        [
            0.47759413719177246,
            21.973316192626953
        ]
    ]
}