{
    "speed": 4.774656757435923,
    "steer": 0.04214650020003319,
    "throttle": 0.75,
    "brake": 0.0,
    "wp_4": [
        0.29834285378456116,
        14.513923645019531
    ],
    "wp_3": [
        0.18450911343097687,
        10.557148933410645
    ],
    "wp_2": [
        0.07072693109512329,
        6.763492107391357
    ],
    "wp_1": [
        0.10974826663732529,
        3.1037909984588623
    ],
    "aim": [
        0.10974826663732529,
        3.1037909984588623
    ],
    "target": [
        -0.17040387494205744,
        2.719252848729146
    ],
    "desired_speed": 7.780344104766845,
    "angle": 0.022501119701182484,
    "angle_last": 0.02497182679694843,
    "angle_target": -0.03984212302801834,
    "angle_final": 0.022501119701182484,
    "delta": 0.25,
    "agent": "only_traj",
    "steer_traj": 0.0421464997631744,
    "throttle_traj": 0.75,
    "brake_traj": 0.0,
    "plan": [
        [
            0.10974826663732529,
            3.1037909984588623
        ],
        [
            0.07072693109512329,
            6.763492107391357
        ],
        [
            0.18450911343097687,
            10.557148933410645
        ],
        [
            0.29834285378456116,
            14.513923645019531
        ],
        [
            0.45630738139152527,
            18.59157943725586
        ],
        [
            0.6114623546600342,
            22.544998168945312
        ]
    ]
}