{
    "speed": 4.880211453872483,
    "steer": 0.005302260164171457,
    "throttle": 0.75,
    "brake": 0.0,
    "wp_4": [
        0.24373172223567963,
        15.129054069519043
    ],
    "wp_3": [
        0.14244785904884338,
        11.081398010253906
    ],
    "wp_2": [
        0.040257737040519714,
        7.156429290771484
    ],
    "wp_1": [
        0.03759082779288292,
        3.3443853855133057
    ],
    "aim": [
        0.03759082779288292,
        3.3443853855133057
    ],
    "target": [
        -0.5061145660834189,
        2.2897606034906284
    ],
    "desired_speed": 7.871713256835937,
    "angle": 0.007155278346970165,
    "angle_last": 0.020173011777088246,
    "angle_target": -0.13848784460926036,
    "angle_final": 0.007155278346970165,
    "delta": 0.25,
    "agent": "only_traj",
    "steer_traj": 0.005302260392561862,
    "throttle_traj": 0.75,
    "brake_traj": 0.0,
    "plan": [
        [
            0.03759082779288292,
            3.3443853855133057
        ],
        [
            0.040257737040519714,
            7.156429290771484
        ],
        [
            0.14244785904884338,
            11.081398010253906
        ],
        [
            0.24373172223567963,
            15.129054069519043
        ],
        [
            0.36573830246925354,
            19.178802490234375
        ],
        [
            0.4874125123023987,
            23.017305374145508
        ]
    ]
}