{
    "speed": 5.019239096568009,
    "steer": -0.05290645733475685,
    "throttle": 0.0,
    "brake": 0.0,
    "wp_4": [
        -0.3078918159008026,
        15.287874221801758
    ],
    "wp_3": [
        0.14495673775672913,
        11.37982177734375
    ],
    "wp_2": [
        0.03904633969068527,
        7.417988300323486
    ],
    "wp_1": [
        -0.2335849106311798,
        3.690924644470215
    ],
    "aim": [
        -0.2335849106311798,
        3.690924644470215
    ],
    "target": [
        0.741100013520083,
        2.756604204707764
    ],
    "desired_speed": 7.888205909729004,
    "angle": -0.040235609754209416,
    "angle_last": 0.07550923126677132,
    "angle_target": 0.16719879695911313,
    "angle_final": -0.040235609754209416,
    "delta": 0.25,
    "agent": "only_traj",
    "steer_traj": -0.05290645736054172,
    "throttle_traj": 0.0,
    "brake_traj": 0.0,
    "plan": [
        [
            -0.2335849106311798,
            3.690924644470215
        ],
        [
            0.03904633969068527,
            7.417988300323486
        ],
        [
            0.14495673775672913,
            11.37982177734375
        ],
        [
            -0.3078918159008026,
            15.287874221801758
        ],
        [
            0.10609141737222672,
            19.673900604248047
        ],
        [
            0.5416139364242554,
            23.328563690185547
        ]
    ]
}