{
    "speed": 5.1242665159989915,
    "steer": 0.005790943279862404,
    "throttle": 0.0,
    "brake": 0.0,
    "wp_4": [
        0.24712291359901428,
        15.247673034667969
    ],
    "wp_3": [
        0.14024251699447632,
        11.1891450881958
    ],
    "wp_2": [
        0.04242181405425072,
        7.249819755554199
    ],
    "wp_1": [
        0.01037746760994196,
        3.3994600772857666
    ],
    "aim": [
        0.01037746760994196,
        3.3994600772857666
    ],
    "target": [
        1.0097612190934022,
        2.1387098752055484
    ],
    "desired_speed": 7.924753761291504,
    "angle": 0.0019433886643057696,
    "angle_last": 0.022388118015914157,
    "angle_target": 0.2808185246260439,
    "angle_final": 0.0019433886643057696,
    "delta": 0.25,
    "agent": "only_traj",
    "steer_traj": 0.00579094327998041,
    "throttle_traj": 0.0,
    "brake_traj": 0.0,
    "plan": [
        [
            0.01037746760994196,
            3.3994600772857666
        ],
        [
            0.04242181405425072,
            7.249819755554199
        ],
        [
            0.14024251699447632,
            11.1891450881958
        ],
        [
            0.24712291359901428,
            15.247673034667969
        ],
        [
            0.3820016384124756,
            19.320608139038086
        ],
        [
            0.5186240673065186,
            23.203954696655273
        ]
    ]
}