{
    "speed": 5.015145802191162,
    "steer": -0.007025327067822218,
    "throttle": 0.0,
    "brake": 0.0,
    "wp_4": [
        0.24051007628440857,
        14.876405715942383
    ],
    "wp_3": [
        0.13971742987632751,
        10.81854248046875
    ],
    "wp_2": [
        0.045806724578142166,
        6.9053850173950195
    ],
    "wp_1": [
        0.008924491703510284,
        3.151991844177246
    ],
    "aim": [
        0.008924491703510284,
        3.151991844177246
    ],
    "target": [
        0.5299786752359436,
        2.3359996826249216
    ],
    "desired_speed": 7.833723735809326,
    "angle": 0.0018025349854219508,
    "angle_last": 0.02165493515400868,
    "angle_target": 0.1420285127214853,
    "angle_final": 0.0018025349854219508,
    "delta": 0.25,
    "agent": "only_traj",
    "steer_traj": -0.007025327104695475,
    "throttle_traj": 0.0,
    "brake_traj": 0.0,
    "plan": [
        [
            0.008924491703510284,
            3.151991844177246
        ],
        [
            0.045806724578142166,
            6.9053850173950195
        ],
        [
            0.13971742987632751,
            10.81854248046875
        ],
        [
            0.24051007628440857,
            14.876405715942383
        ],
        [
            0.3683100938796997,
            18.92062759399414
        ],
        [
            0.49792152643203735,
            22.72951889038086
        ]
    ]
}