{
    "speed": 0.0008827768668285829,
    "steer": -0.0004054100136272609,
    "throttle": 0.75,
    "brake": 0.0,
    "wp_4": [
        -0.1661386787891388,
        15.466249465942383
    ],
    "wp_3": [
        -0.14740385115146637,
        11.171262741088867
    ],
    "wp_2": [
        -0.06003420427441597,
        6.983584880828857
    ],
    "wp_1": [
        -0.0018610842525959015,
        3.122931718826294
    ],
    "aim": [
        -0.0018610842525959015,
        3.122931718826294
    ],
    "target": [
        -0.5953680383591249,
        28.88252042323174
    ],
    "desired_speed": 8.439722919464112,
    "angle": -0.0003793309994432333,
    "angle_last": -0.012970177606435516,
    "angle_target": -0.013121063852408509,
    "angle_final": -0.0003793309994432333,
    "delta": 0.25,
    "agent": "only_traj",
    "steer_traj": -0.0004054100056549556,
    "throttle_traj": 0.75,
    "brake_traj": 0.0,
    "plan": [
        [
            -0.0018610842525959015,
            3.122931718826294
        ],
        [
            -0.06003420427441597,
            6.983584880828857
        ],
        [
            -0.14740385115146637,
            11.171262741088867
        ],
        [
            -0.1661386787891388,
            15.466249465942383
        ],
        [
            -0.23402205109596252,
            19.9025821685791
        ],
        [
            -0.32198378443717957,
            24.219432830810547
        ]
    ]
}