{
    "speed": 0.000771595273165481,
    "steer": 0.0003666909469757229,
    "throttle": 0.75,
    "brake": 0.0,
    "wp_4": [
        0.012027496472001076,
        8.261658668518066
    ],
    "wp_3": [
        0.017287015914916992,
        4.809803009033203
    ],
    "wp_2": [
        0.0007958058267831802,
        2.0825507640838623
    ],
    "wp_1": [
        -0.010503504425287247,
        0.4186502993106842
    ],
    "aim": [
        0.0007958058267831802,
        2.0825507640838623
    ],
    "target": [
        -0.7267089481920709,
        29.01561570664316
    ],
    "desired_speed": 6.164609861373901,
    "angle": 0.00024327868889881794,
    "angle_last": -0.009501655763921486,
    "angle_target": -0.01594109160953241,
    "angle_final": 0.00024327868889881794,
    "delta": 0.25,
    "agent": "only_traj",
    "steer_traj": 0.000366690942354021,
    "throttle_traj": 0.75,
    "brake_traj": 0.0,
    "plan": [
        [
            -0.010503504425287247,
            0.4186502993106842
        ],
        [
            0.0007958058267831802,
            2.0825507640838623
        ],
        [
            0.017287015914916992,
            4.809803009033203
        ],
        [
            0.012027496472001076,
            8.261658668518066
        ],
        [
            -0.018576862290501595,
            11.978096961975098
        ],
        [
            -0.0760645940899849,
            15.829527854919434
        ]
    ]
}