{
    "speed": 0.0005745386933281083,
    "steer": 0.0027155703864991665,
    "throttle": 0.75,
    "brake": 0.0,
    "wp_4": [
        0.0028729382902383804,
        7.819548606872559
    ],
    "wp_3": [
        -0.01429314911365509,
        4.573474407196045
    ],
    "wp_2": [
        -0.015539830550551414,
        2.031487464904785
    ],
    "wp_1": [
        -0.012656334787607193,
        0.45711612701416016
    ],
    "aim": [
        -0.015539830550551414,
        2.031487464904785
    ],
    "target": [
        0.11944106482566438,
        29.115972273523877
    ],
    "desired_speed": 5.879239463806153,
    "angle": -0.004869725032781949,
    "angle_last": -0.0063899733600452325,
    "angle_target": 0.002611560289077167,
    "angle_final": 0.002611560289077167,
    "delta": 0.25,
    "agent": "only_traj",
    "steer_traj": 0.002715570471458869,
    "throttle_traj": 0.75,
    "brake_traj": 0.0,
    "plan": [
        [
            -0.012656334787607193,
            0.45711612701416016
        ],
        [
            -0.015539830550551414,
            2.031487464904785
        ],
        [
            -0.01429314911365509,
            4.573474407196045
        ],
        [
            0.0028729382902383804,
            7.819548606872559
        ],
        [
            -0.009759203530848026,
            11.39450454711914
        ],
        [
            -0.04750542715191841,
            15.15495491027832
        ]
    ]
}