{
    "speed": 0.00045569856009524583,
    "steer": -0.00542651629075408,
    "throttle": 0.75,
    "brake": 0.0,
    "wp_4": [
        -0.10020895302295685,
        6.083173751831055
    ],
    "wp_3": [
        -0.09468825161457062,
        3.4197206497192383
    ],
    "wp_2": [
        -0.03421271592378616,
        1.4403375387191772
    ],
    "wp_1": [
        -0.021845582872629166,
        0.33006569743156433
    ],
    "aim": [
        -0.09468825161457062,
        3.4197206497192383
    ],
    "target": [
        -0.1972761920625996,
        28.622056494416768
    ],
    "desired_speed": 4.862524795532227,
    "angle": -0.017622750687066646,
    "angle_last": -0.008588990708826226,
    "angle_target": -0.004387802665782558,
    "angle_final": -0.004387802665782558,
    "delta": 0.25,
    "agent": "only_traj",
    "steer_traj": -0.00542651641118077,
    "throttle_traj": 0.75,
    "brake_traj": 0.0,
    "plan": [
        [
            -0.021845582872629166,
            0.33006569743156433
        ],
        [
            -0.03421271592378616,
            1.4403375387191772
        ],
        [
            -0.09468825161457062,
            3.4197206497192383
        ],
        [
            -0.10020895302295685,
            6.083173751831055
        ],
        [
            -0.11574377864599228,
            9.13414478302002
        ],
        [
            -0.16095547378063202,
            12.485034942626953
        ]
    ]
}