{
    "speed": 0.0004055093238743946,
    "steer": 0.013119453564286232,
    "throttle": 0.75,
    "brake": 0.0,
    "wp_4": [
        -0.10696300119161606,
        6.0289459228515625
    ],
    "wp_3": [
        -0.10392335057258606,
        3.4757251739501953
    ],
    "wp_2": [
        -0.042655862867832184,
        1.534895658493042
    ],
    "wp_1": [
        -0.027138981968164444,
        0.4029408395290375
    ],
    "aim": [
        -0.10392335057258606,
        3.4757251739501953
    ],
    "target": [
        0.5119097388737341,
        29.416565399076223
    ],
    "desired_speed": 4.694843912124634,
    "angle": -0.019029086637172274,
    "angle_last": -0.005204859648057242,
    "angle_target": 0.011077396904744708,
    "angle_final": 0.011077396904744708,
    "delta": 0.25,
    "agent": "only_traj",
    "steer_traj": 0.01311945321629474,
    "throttle_traj": 0.75,
    "brake_traj": 0.0,
    "plan": [
        [
            -0.027138981968164444,
            0.4029408395290375
        ],
        [
            -0.042655862867832184,
            1.534895658493042
        ],
        [
            -0.10392335057258606,
            3.4757251739501953
        ],
        [
            -0.10696300119161606,
            6.0289459228515625
        ],
        [
            -0.10285967588424683,
            8.952210426330566
        ],
        [
            -0.12891365587711334,
            12.138866424560547
        ]
    ]
}