{
    "speed": 0.00031813574540630937,
    "steer": 0.005971882957965136,
    "throttle": 0.75,
    "brake": 0.0,
    "wp_4": [
        -0.123045414686203,
        5.276275634765625
    ],
    "wp_3": [
        -0.10332225263118744,
        2.9674057960510254
    ],
    "wp_2": [
        -0.028124457225203514,
        1.2703523635864258
    ],
    "wp_1": [
        -0.019000057131052017,
        0.3185946047306061
    ],
    "aim": [
        -0.10332225263118744,
        2.9674057960510254
    ],
    "target": [
        0.3930295373307441,
        29.30930633559088
    ],
    "desired_speed": 4.305293321609497,
    "angle": -0.022157540950010445,
    "angle_last": -0.005653754858508635,
    "angle_target": 0.00853638007284947,
    "angle_final": 0.00853638007284947,
    "delta": 0.25,
    "agent": "only_traj",
    "steer_traj": 0.005971882798012487,
    "throttle_traj": 0.75,
    "brake_traj": 0.0,
    "plan": [
        [
            -0.019000057131052017,
            0.3185946047306061
        ],
        [
            -0.028124457225203514,
            1.2703523635864258
        ],
        [
            -0.10332225263118744,
            2.9674057960510254
        ],
        [
            -0.123045414686203,
            5.276275634765625
        ],
        [
            -0.11630088835954666,
            8.024916648864746
        ],
        [
            -0.14343270659446716,
            11.07990550994873
        ]
    ]
}