{
    "speed": 0.00026655590923024657,
    "steer": -0.01775970123708248,
    "throttle": 0.75,
    "brake": 0.0,
    "wp_4": [
        -0.09664279967546463,
        6.278845310211182
    ],
    "wp_3": [
        -0.09109903872013092,
        3.6180756092071533
    ],
    "wp_2": [
        -0.03852950781583786,
        1.5955233573913574
    ],
    "wp_1": [
        -0.03183088079094887,
        0.39649537205696106
    ],
    "aim": [
        -0.09109903872013092,
        3.6180756092071533
    ],
    "target": [
        -0.6491244257093933,
        28.4326927908705
    ],
    "desired_speed": 4.882309865951539,
    "angle": -0.016025928350108444,
    "angle_last": -0.0057307842141482235,
    "angle_target": -0.014531640479660077,
    "angle_final": -0.014531640479660077,
    "delta": 0.25,
    "agent": "only_traj",
    "steer_traj": -0.017759701991547593,
    "throttle_traj": 0.75,
    "brake_traj": 0.0,
    "plan": [
        [
            -0.03183088079094887,
            0.39649537205696106
        ],
        [
            -0.03852950781583786,
            1.5955233573913574
        ],
        [
            -0.09109903872013092,
            3.6180756092071533
        ],
        [
            -0.09664279967546463,
            6.278845310211182
        ],
        [
            -0.09381505846977234,
            9.315325736999512
        ],
        [
            -0.12339697778224945,
            12.601428031921387
        ]
    ]
}