{
    "speed": 0.00021546644548118556,
    "steer": -0.0008594911778345704,
    "throttle": 0.75,
    "brake": 0.0,
    "wp_4": [
        -0.08162564784288406,
        6.331265449523926
    ],
    "wp_3": [
        -0.08300995826721191,
        3.6318395137786865
    ],
    "wp_2": [
        -0.034548141062259674,
        1.579913854598999
    ],
    "wp_1": [
        -0.031243447214365005,
        0.37305760383605957
    ],
    "aim": [
        -0.08300995826721191,
        3.6318395137786865
    ],
    "target": [
        -0.22053439970453198,
        28.426285317786277
    ],
    "desired_speed": 4.934459972381592,
    "angle": -0.014548103086690016,
    "angle_last": -0.0018592812106034405,
    "angle_target": -0.004938870525129269,
    "angle_final": -0.004938870525129269,
    "delta": 0.25,
    "agent": "only_traj",
    "steer_traj": -0.0008594911958835524,
    "throttle_traj": 0.75,
    "brake_traj": 0.0,
    "plan": [
        [
            -0.031243447214365005,
            0.37305760383605957
        ],
        [
            -0.034548141062259674,
            1.579913854598999
        ],
        [
            -0.08300995826721191,
            3.6318395137786865
        ],
        [
            -0.08162564784288406,
            6.331265449523926
        ],
        [
            -0.07082211971282959,
            9.391178131103516
        ],
        [
            -0.08051086962223053,
            12.708597183227539
        ]
    ]
}