{
    "speed": 0.00018556703207764488,
    "steer": -0.012283612042665482,
    "throttle": 0.75,
    "brake": 0.0,
    "wp_4": [
        -0.07080576568841934,
        6.418728828430176
    ],
    "wp_3": [
        -0.07520043849945068,
        3.725454807281494
    ],
    "wp_2": [
        -0.034925706684589386,
        1.6482486724853516
    ],
    "wp_1": [
        -0.030001167207956314,
        0.4102700352668762
    ],
    "aim": [
        -0.07520043849945068,
        3.725454807281494
    ],
    "target": [
        0.6709898244773935,
        28.63400653009994
    ],
    "desired_speed": 4.926415824890137,
    "angle": -0.012848752021190846,
    "angle_last": -0.0007042203309635065,
    "angle_target": 0.01491538483106297,
    "angle_final": -0.012848752021190846,
    "delta": 0.25,
    "agent": "only_traj",
    "steer_traj": -0.012283611853504779,
    "throttle_traj": 0.75,
    "brake_traj": 0.0,
    "plan": [
        [
            -0.030001167207956314,
            0.4102700352668762
        ],
        [
            -0.034925706684589386,
            1.6482486724853516
        ],
        [
            -0.07520043849945068,
            3.725454807281494
        ],
        [
            -0.07080576568841934,
            6.418728828430176
        ],
        [
            -0.05263714864850044,
            9.455821990966797
        ],
        [
            -0.056254319846630096,
            12.725849151611328
        ]
    ]
}