{
    "speed": 0.00011678225601850577,
    "steer": -0.01310153678059578,
    "throttle": 0.75,
    "brake": 0.0,
    "wp_4": [
        -0.08849962055683136,
        5.737815856933594
    ],
    "wp_3": [
        -0.08922001719474792,
        3.2512993812561035
    ],
    "wp_2": [
        -0.029635002836585045,
        1.3991761207580566
    ],
    "wp_1": [
        -0.02427411451935768,
        0.33987390995025635
    ],
    "aim": [
        -0.08922001719474792,
        3.2512993812561035
    ],
    "target": [
        -0.6743644024116272,
        27.498795461122523
    ],
    "desired_speed": 4.5933532238006585,
    "angle": -0.017465276881202463,
    "angle_last": -0.0031714364411536684,
    "angle_target": -0.015608962989340605,
    "angle_final": -0.015608962989340605,
    "delta": 0.25,
    "agent": "only_traj",
    "steer_traj": -0.013101536977293689,
    "throttle_traj": 0.75,
    "brake_traj": 0.0,
    "plan": [
        [
            -0.02427411451935768,
            0.33987390995025635
        ],
        [
            -0.029635002836585045,
            1.3991761207580566
        ],
        [
            -0.08922001719474792,
            3.2512993812561035
        ],
        [
            -0.08849962055683136,
            5.737815856933594
        ],
        [
            -0.07365582138299942,
            8.635865211486816
        ],
        [
            -0.08952929079532623,
            11.8222074508667
        ]
    ]
}