{
    "speed": 0.0001481201482553081,
    "steer": -0.0073107946664094925,
    "throttle": 0.75,
    "brake": 0.0,
    "wp_4": [
        -0.12277447432279587,
        6.3168792724609375
    ],
    "wp_3": [
        -0.09890580177307129,
        3.7319793701171875
    ],
    "wp_2": [
        -0.03293699771165848,
        1.7485013008117676
    ],
    "wp_1": [
        -0.02051592245697975,
        0.5103136897087097
    ],
    "aim": [
        -0.09890580177307129,
        3.7319793701171875
    ],
    "target": [
        -0.4951111116781116,
        29.477866770010095
    ],
    "desired_speed": 4.797781181335449,
    "angle": -0.016867863001798683,
    "angle_last": -0.007593300909819923,
    "angle_target": -0.01069167897803259,
    "angle_final": -0.01069167897803259,
    "delta": 0.25,
    "agent": "only_traj",
    "steer_traj": -0.007310794455813459,
    "throttle_traj": 0.75,
    "brake_traj": 0.0,
    "plan": [
        [
            -0.02051592245697975,
            0.5103136897087097
        ],
        [
            -0.03293699771165848,
            1.7485013008117676
        ],
        [
            -0.09890580177307129,
            3.7319793701171875
        ],
        [
            -0.12277447432279587,
            6.3168792724609375
        ],
        [
            -0.12109200656414032,
            9.287735939025879
        ],
        [
            -0.15944744646549225,
            12.503268241882324
        ]
    ]
}