{
    "speed": 0.00014420419476492152,
    "steer": 0.0006236181943677366,
    "throttle": 0.75,
    "brake": 0.0,
    "wp_4": [
        -0.023108122870326042,
        6.775256633758545
    ],
    "wp_3": [
        -0.042071983218193054,
        3.898966073989868
    ],
    "wp_2": [
        -0.0293955709785223,
        1.666602373123169
    ],
    "wp_1": [
        -0.030506763607263565,
        0.35455551743507385
    ],
    "aim": [
        -0.0293955709785223,
        1.666602373123169
    ],
    "target": [
        -0.07655766994909677,
        28.67273060418762
    ],
    "desired_speed": 5.223954439163208,
    "angle": -0.011227492785202152,
    "angle_last": 0.0026018947912857765,
    "angle_target": -0.0016998035962601128,
    "angle_final": -0.0016998035962601128,
    "delta": 0.25,
    "agent": "only_traj",
    "steer_traj": 0.0006236181742253627,
    "throttle_traj": 0.75,
    "brake_traj": 0.0,
    "plan": [
        [
            -0.030506763607263565,
            0.35455551743507385
        ],
        [
            -0.0293955709785223,
            1.666602373123169
        ],
        [
            -0.042071983218193054,
            3.898966073989868
        ],
        [
            -0.023108122870326042,
            6.775256633758545
        ],
        [
            -0.004481146112084389,
            9.98423957824707
        ],
        [
            0.009537400677800179,
            13.414259910583496
        ]
    ]
}