{
    "speed": 0.10438552259041015,
    "steer": -0.008804707787930965,
    "throttle": 0.75,
    "brake": 0.0,
    "wp_4": [
        -0.1285414695739746,
        5.475270748138428
    ],
    "wp_3": [
        -0.10391588509082794,
        3.1062369346618652
    ],
    "wp_2": [
        -0.02949858270585537,
        1.3568480014801025
    ],
    "wp_1": [
        -0.020219776779413223,
        0.3507913649082184
    ],
    "aim": [
        -0.10391588509082794,
        3.1062369346618652
    ],
    "target": [
        -0.3577215511694779,
        28.580222700350408
    ],
    "desired_speed": 4.417279243469238,
    "angle": -0.021289499797492603,
    "angle_last": -0.00823723596657057,
    "angle_target": -0.007967772811319473,
    "angle_final": -0.007967772811319473,
    "delta": 0.25,
    "agent": "only_traj",
    "steer_traj": -0.008804707856330949,
    "throttle_traj": 0.75,
    "brake_traj": 0.0,
    "plan": [
        [
            -0.020219776779413223,
            0.3507913649082184
        ],
        [
            -0.02949858270585537,
            1.3568480014801025
        ],
        [
            -0.10391588509082794,
            3.1062369346618652
        ],
        [
            -0.1285414695739746,
            5.475270748138428
        ],
        [
            -0.12639927864074707,
            8.284883499145508
        ],
        [
            -0.16660447418689728,
            11.391975402832031
        ]
    ]
}