{
    "speed": 0.4762964491136404,
    "steer": -0.006394645199179649,
    "throttle": 0.75,
    "brake": 0.0,
    "wp_4": [
        -0.027469219639897346,
        7.555591583251953
    ],
    "wp_3": [
        -0.02339726686477661,
        4.547003746032715
    ],
    "wp_2": [
        -0.02433410845696926,
        2.112659215927124
    ],
    "wp_1": [
        -0.02674642577767372,
        0.5544538497924805
    ],
    "aim": [
        -0.02433410845696926,
        2.112659215927124
    ],
    "target": [
        0.3371734884366444,
        28.100439785877526
    ],
    "desired_speed": 5.5027241706848145,
    "angle": -0.007332387683525436,
    "angle_last": -0.006181576699369065,
    "angle_target": 0.007638350526251831,
    "angle_final": -0.007332387683525436,
    "delta": 0.25,
    "agent": "only_traj",
    "steer_traj": -0.006394644976695504,
    "throttle_traj": 0.75,
    "brake_traj": 0.0,
    "plan": [
        [
            -0.02674642577767372,
            0.5544538497924805
        ],
        [
            -0.02433410845696926,
            2.112659215927124
        ],
        [
            -0.02339726686477661,
            4.547003746032715
        ],
        [
            -0.027469219639897346,
            7.555591583251953
        ],
        [
            -0.031097333878278732,
            10.867568016052246
        ],
        [
            -0.06453520059585571,
            14.311095237731934
        ]
    ]
}