{
    "speed": 0.7277373361765882,
    "steer": 0.0006067075883038342,
    "throttle": 0.75,
    "brake": 0.0,
    "wp_4": [
        -0.028420498594641685,
        7.8570427894592285
    ],
    "wp_3": [
        -0.017971619963645935,
        4.774349689483643
    ],
    "wp_2": [
        -0.0017141755670309067,
        2.300226926803589
    ],
    "wp_1": [
        -0.012869361788034439,
        0.6301093697547913
    ],
    "aim": [
        -0.0017141755670309067,
        2.300226926803589
    ],
    "target": [
        -0.5468998754695765,
        28.673507850976474
    ],
    "desired_speed": 5.64498872756958,
    "angle": -0.00047442241088796634,
    "angle_last": -0.009314736253635469,
    "angle_target": -0.012141000152921029,
    "angle_final": -0.00047442241088796634,
    "delta": 0.25,
    "agent": "only_traj",
    "steer_traj": 0.0006067076010314782,
    "throttle_traj": 0.75,
    "brake_traj": 0.0,
    "plan": [
        [
            -0.012869361788034439,
            0.6301093697547913
        ],
        [
            -0.0017141755670309067,
            2.300226926803589
        ],
        [
            -0.017971619963645935,
            4.774349689483643
        ],
        [
            -0.028420498594641685,
            7.8570427894592285
        ],
        [
            -0.007422210648655891,
            11.233037948608398
        ],
        [
            -0.05876811593770981,
            14.742032051086426
        ]
    ]
}