{
    "speed": 0.9769650977447688,
    "steer": -0.007833569310605526,
    "throttle": 0.75,
    "brake": 0.0,
    "wp_4": [
        -0.022231264039874077,
        7.833647727966309
    ],
    "wp_3": [
        -0.025285586714744568,
        4.8361382484436035
    ],
    "wp_2": [
        -0.02370593510568142,
        2.3439226150512695
    ],
    "wp_1": [
        -0.020767781883478165,
        0.67165607213974
    ],
    "aim": [
        -0.02370593510568142,
        2.3439226150512695
    ],
    "target": [
        -0.5357055841183356,
        27.867240758689753
    ],
    "desired_speed": 5.563805627822877,
    "angle": -0.0064383918121615445,
    "angle_last": -0.006171710870567936,
    "angle_target": -0.012236545756183683,
    "angle_final": -0.0064383918121615445,
    "delta": 0.25,
    "agent": "only_traj",
    "steer_traj": -0.007833569698575047,
    "throttle_traj": 0.75,
    "brake_traj": 0.0,
    "plan": [
        [
            -0.020767781883478165,
            0.67165607213974
        ],
        [
            -0.02370593510568142,
            2.3439226150512695
        ],
        [
            -0.025285586714744568,
            4.8361382484436035
        ],
        [
            -0.022231264039874077,
            7.833647727966309
        ],
        [
            -0.01927279680967331,
            11.159754753112793
        ],
        [
            -0.052441250532865524,
            14.581003189086914
        ]
    ]
}