{
    "speed": 1.1388450953635825,
    "steer": -0.0008747970568947494,
    "throttle": 0.75,
    "brake": 0.0,
    "wp_4": [
        -0.03379292041063309,
        8.432819366455078
    ],
    "wp_3": [
        -0.013450413942337036,
        5.333221435546875
    ],
    "wp_2": [
        -0.006374364718794823,
        2.726466417312622
    ],
    "wp_1": [
        -0.006779555231332779,
        0.8486132025718689
    ],
    "aim": [
        -0.006374364718794823,
        2.726466417312622
    ],
    "target": [
        -0.13299641828887432,
        28.462648767594374
    ],
    "desired_speed": 5.791990947723389,
    "angle": -0.001488401938671748,
    "angle_last": -0.01603442814107557,
    "angle_target": -0.0029746891804454867,
    "angle_final": -0.001488401938671748,
    "delta": 0.25,
    "agent": "only_traj",
    "steer_traj": -0.0008747970473787846,
    "throttle_traj": 0.75,
    "brake_traj": 0.0,
    "plan": [
        [
            -0.006779555231332779,
            0.8486132025718689
        ],
        [
            -0.006374364718794823,
            2.726466417312622
        ],
        [
            -0.013450413942337036,
            5.333221435546875
        ],
        [
            -0.03379292041063309,
            8.432819366455078
        ],
        [
            -0.033220600336790085,
            11.854995727539062
        ],
        [
            -0.12069818377494812,
            15.327412605285645
        ]
    ]
}