{
    "speed": 1.2992708933003956,
    "steer": -0.0011109727201983333,
    "throttle": 0.75,
    "brake": 0.0,
    "wp_4": [
        -0.010953707620501518,
        9.400724411010742
    ],
    "wp_3": [
        0.002658545970916748,
        6.0194783210754395
    ],
    "wp_2": [
        -0.0014475341886281967,
        3.1365432739257812
    ],
    "wp_1": [
        0.00026502832770347595,
        0.9946637749671936
    ],
    "aim": [
        -0.0014475341886281967,
        3.1365432739257812
    ],
    "target": [
        0.5631930093550128,
        29.456927468052932
    ],
    "desired_speed": 6.314113903045653,
    "angle": -0.00029380185283651804,
    "angle_last": -0.015594412176545194,
    "angle_target": 0.012170180614677747,
    "angle_final": -0.00029380185283651804,
    "delta": 0.25,
    "agent": "only_traj",
    "steer_traj": -0.0011109727040394162,
    "throttle_traj": 0.75,
    "brake_traj": 0.0,
    "plan": [
        [
            0.00026502832770347595,
            0.9946637749671936
        ],
        [
            -0.0014475341886281967,
            3.1365432739257812
        ],
        [
            0.002658545970916748,
            6.0194783210754395
        ],
        [
            -0.010953707620501518,
            9.400724411010742
        ],
        [
            -0.025917716324329376,
            13.084075927734375
        ],
        [
            -0.11644027382135391,
            16.778778076171875
        ]
    ]
}