{
    "speed": 1.4977004196166106,
    "steer": -0.001255625276826322,
    "throttle": 0.75,
    "brake": 0.0,
    "wp_4": [
        -0.035642385482788086,
        8.601881980895996
    ],
    "wp_3": [
        -0.016479462385177612,
        5.478908538818359
    ],
    "wp_2": [
        -0.0003960784524679184,
        2.843977451324463
    ],
    "wp_1": [
        -0.0008424855768680573,
        0.9094630479812622
    ],
    "aim": [
        -0.0003960784524679184,
        2.843977451324463
    ],
    "target": [
        0.26256270237535156,
        29.281020528961186
    ],
    "desired_speed": 5.885829925537109,
    "angle": -8.866850476380177e-05,
    "angle_last": -0.018676269421045725,
    "angle_target": 0.005708411965746391,
    "angle_final": -8.866850476380177e-05,
    "delta": 0.25,
    "agent": "only_traj",
    "steer_traj": -0.0012556252487779542,
    "throttle_traj": 0.75,
    "brake_traj": 0.0,
    "plan": [
        [
            -0.0008424855768680573,
            0.9094630479812622
        ],
        [
            -0.0003960784524679184,
            2.843977451324463
        ],
        [
            -0.016479462385177612,
            5.478908538818359
        ],
        [
            -0.035642385482788086,
            8.601881980895996
        ],
        [
            -0.0421963669359684,
            12.083916664123535
        ],
        [
            -0.14603343605995178,
            15.622400283813477
        ]
    ]
}