{
    "speed": 1.608445838321199,
    "steer": 0.0004530684382189065,
    "throttle": 0.75,
    "brake": 0.0,
    "wp_4": [
        -0.020826688036322594,
        10.200838088989258
    ],
    "wp_3": [
        -0.018138915300369263,
        6.597630977630615
    ],
    "wp_2": [
        0.008479351177811623,
        3.439987897872925
    ],
    "wp_1": [
        0.00035971030592918396,
        1.1040942668914795
    ],
    "aim": [
        0.008479351177811623,
        3.439987897872925
    ],
    "target": [
        -0.25848629945597873,
        27.529944873952747
    ],
    "desired_speed": 6.8366495132446286,
    "angle": 0.0015692460797706266,
    "angle_last": -0.014766820922111982,
    "angle_target": -0.005977224233944294,
    "angle_final": 0.0015692460797706266,
    "delta": 0.25,
    "agent": "only_traj",
    "steer_traj": 0.00045306842455707997,
    "throttle_traj": 0.75,
    "brake_traj": 0.0,
    "plan": [
        [
            0.00035971030592918396,
            1.1040942668914795
        ],
        [
            0.008479351177811623,
            3.439987897872925
        ],
        [
            -0.018138915300369263,
            6.597630977630615
        ],
        [
            -0.020826688036322594,
            10.200838088989258
        ],
        [
            -0.03246201574802399,
            14.163143157958984
        ],
        [
            -0.12598846852779388,
            18.194488525390625
        ]
    ]
}