{
    "speed": 1.750540483850858,
    "steer": 0.00038676668191328645,
    "throttle": 0.75,
    "brake": 0.0,
    "wp_4": [
        -0.020774563774466515,
        9.894451141357422
    ],
    "wp_3": [
        -0.013555258512496948,
        6.4781389236450195
    ],
    "wp_2": [
        0.01066579855978489,
        3.490903615951538
    ],
    "wp_1": [
        0.0010449253022670746,
        1.2023036479949951
    ],
    "aim": [
        0.01066579855978489,
        3.490903615951538
    ],
    "target": [
        0.29459415967951974,
        28.874107092834848
    ],
    "desired_speed": 6.478215217590332,
    "angle": 0.0019450582661028836,
    "angle_last": -0.01334249880719199,
    "angle_target": 0.006495021964834479,
    "angle_final": 0.0019450582661028836,
    "delta": 0.25,
    "agent": "only_traj",
    "steer_traj": 0.00038676668733505007,
    "throttle_traj": 0.75,
    "brake_traj": 0.0,
    "plan": [
        [
            0.0010449253022670746,
            1.2023036479949951
        ],
        [
            0.01066579855978489,
            3.490903615951538
        ],
        [
            -0.013555258512496948,
            6.4781389236450195
        ],
        [
            -0.020774563774466515,
            9.894451141357422
        ],
        [
            -0.013279021717607975,
            13.63336181640625
        ],
        [
            -0.09216776490211487,
            17.396881103515625
        ]
    ]
}