{
    "speed": 1.8540437344774305,
    "steer": -0.004461606498807669,
    "throttle": 0.75,
    "brake": 0.0,
    "wp_4": [
        -0.01239444874227047,
        9.387417793273926
    ],
    "wp_3": [
        -0.017658889293670654,
        6.092410087585449
    ],
    "wp_2": [
        -0.012744074687361717,
        3.219358205795288
    ],
    "wp_1": [
        0.0023523233830928802,
        1.055767297744751
    ],
    "aim": [
        -0.012744074687361717,
        3.219358205795288
    ],
    "target": [
        0.6246039698703478,
        28.588625757533375
    ],
    "desired_speed": 6.243584823608398,
    "angle": -0.0025200640673067854,
    "angle_last": -0.006804262278701894,
    "angle_target": 0.01390664910763696,
    "angle_final": -0.0025200640673067854,
    "delta": 0.25,
    "agent": "only_traj",
    "steer_traj": -0.004461606619906781,
    "throttle_traj": 0.75,
    "brake_traj": 0.0,
    "plan": [
        [
            0.0023523233830928802,
            1.055767297744751
        ],
        [
            -0.012744074687361717,
            3.219358205795288
        ],
        [
            -0.017658889293670654,
            6.092410087585449
        ],
        [
            -0.01239444874227047,
            9.387417793273926
        ],
        [
            0.0035015475004911423,
            13.012677192687988
        ],
        [
            -0.035530440509319305,
            16.664424896240234
        ]
    ]
}