{
    "speed": 1.9898092114322314,
    "steer": 0.0026335956063121557,
    "throttle": 0.75,
    "brake": 0.0,
    "wp_4": [
        0.0009787250310182571,
        9.308843612670898
    ],
    "wp_3": [
        -0.019823014736175537,
        6.130373001098633
    ],
    "wp_2": [
        -0.01632986031472683,
        3.353191375732422
    ],
    "wp_1": [
        -0.0012933053076267242,
        1.1901264190673828
    ],
    "aim": [
        -0.01632986031472683,
        3.353191375732422
    ],
    "target": [
        0.13202933389674193,
        28.888125291333278
    ],
    "desired_speed": 6.014210224151611,
    "angle": -0.0031002506918039797,
    "angle_last": 0.0020762737891579066,
    "angle_target": 0.002909565726896742,
    "angle_final": 0.002909565726896742,
    "delta": 0.25,
    "agent": "only_traj",
    "steer_traj": 0.002633595721409137,
    "throttle_traj": 0.75,
    "brake_traj": 0.0,
    "plan": [
        [
            -0.0012933053076267242,
            1.1901264190673828
        ],
        [
            -0.01632986031472683,
            3.353191375732422
        ],
        [
            -0.019823014736175537,
            6.130373001098633
        ],
        [
            0.0009787250310182571,
            9.308843612670898
        ],
        [
            0.07471189647912979,
            12.761321067810059
        ],
        [
            0.08600744605064392,
            16.22472381591797
        ]
    ]
}