{
    "speed": 2.139042621766054,
    "steer": -0.012321135960519314,
    "throttle": 0.75,
    "brake": 0.0,
    "wp_4": [
        -0.038757726550102234,
        11.097416877746582
    ],
    "wp_3": [
        -0.0584222674369812,
        7.465456962585449
    ],
    "wp_2": [
        -0.02402622066438198,
        4.12290620803833
    ],
    "wp_1": [
        -0.022426370531320572,
        1.4855153560638428
    ],
    "aim": [
        -0.022426370531320572,
        1.4855153560638428
    ],
    "target": [
        -0.43923022983720905,
        26.714576905993187
    ],
    "desired_speed": 6.883290195465088,
    "angle": -0.009610103989743133,
    "angle_last": 0.009700358613698473,
    "angle_target": -0.010466100869955232,
    "angle_final": -0.009610103989743133,
    "delta": 0.25,
    "agent": "only_traj",
    "steer_traj": -0.012321135869131474,
    "throttle_traj": 0.75,
    "brake_traj": 0.0,
    "plan": [
        [
            -0.022426370531320572,
            1.4855153560638428
        ],
        [
            -0.02402622066438198,
            4.12290620803833
        ],
        [
            -0.0584222674369812,
            7.465456962585449
        ],
        [
            -0.038757726550102234,
            11.097416877746582
        ],
        [
            0.0636993870139122,
            14.925249099731445
        ],
        [
            0.12109415233135223,
            18.691701889038086
        ]
    ]
}