{
    "speed": 2.3126137885868983,
    "steer": -0.0035331016406416893,
    "throttle": 0.75,
    "brake": 0.0,
    "wp_4": [
        -0.011606452986598015,
        10.395075798034668
    ],
    "wp_3": [
        -0.025205940008163452,
        6.9701361656188965
    ],
    "wp_2": [
        -0.011574571952223778,
        3.879505157470703
    ],
    "wp_1": [
        -0.01334017887711525,
        1.4191300868988037
    ],
    "aim": [
        -0.01334017887711525,
        1.4191300868988037
    ],
    "target": [
        -0.20466429805109787,
        27.52774566099649
    ],
    "desired_speed": 6.476318740844726,
    "angle": -0.005984184232355696,
    "angle_last": 0.00866270109679198,
    "angle_target": -0.004733076939474255,
    "angle_final": -0.004733076939474255,
    "delta": 0.25,
    "agent": "only_traj",
    "steer_traj": -0.003533101743972332,
    "throttle_traj": 0.75,
    "brake_traj": 0.0,
    "plan": [
        [
            -0.01334017887711525,
            1.4191300868988037
        ],
        [
            -0.011574571952223778,
            3.879505157470703
        ],
        [
            -0.025205940008163452,
            6.9701361656188965
        ],
        [
            -0.011606452986598015,
            10.395075798034668
        ],
        [
            0.08498048037290573,
            14.026559829711914
        ],
        [
            0.13372068107128143,
            17.608253479003906
        ]
    ]
}