{
    "speed": 2.4928925532234794,
    "steer": -0.004192809108644724,
    "throttle": 0.75,
    "brake": 0.0,
    "wp_4": [
        -0.0055107232183218,
        9.937307357788086
    ],
    "wp_3": [
        -0.020607411861419678,
        6.671461582183838
    ],
    "wp_2": [
        -0.023000037297606468,
        3.7560057640075684
    ],
    "wp_1": [
        -0.011962715536355972,
        1.410675287246704
    ],
    "aim": [
        -0.023000037297606468,
        3.7560057640075684
    ],
    "target": [
        -0.19054345924343835,
        28.504227229757976
    ],
    "desired_speed": 6.159716510772705,
    "angle": -0.0038983203508245806,
    "angle_last": 0.007508626800032159,
    "angle_target": -0.0042555767559974665,
    "angle_final": -0.0038983203508245806,
    "delta": 0.25,
    "agent": "only_traj",
    "steer_traj": -0.004192808947548797,
    "throttle_traj": 0.75,
    "brake_traj": 0.0,
    "plan": [
        [
            -0.011962715536355972,
            1.410675287246704
        ],
        [
            -0.023000037297606468,
            3.7560057640075684
        ],
        [
            -0.020607411861419678,
            6.671461582183838
        ],
        [
            -0.0055107232183218,
            9.937307357788086
        ],
        [
            0.09482507407665253,
            13.399682998657227
        ],
        [
            0.1350291222333908,
            16.80821418762207
        ]
    ]
}