{
    "speed": 2.692997019893818,
    "steer": 0.0004802255716640502,
    "throttle": 0.75,
    "brake": 0.0,
    "wp_4": [
        -0.043321602046489716,
        10.751886367797852
    ],
    "wp_3": [
        -0.043945521116256714,
        7.234400749206543
    ],
    "wp_2": [
        -0.01723749004304409,
        4.000833988189697
    ],
    "wp_1": [
        -0.015227917581796646,
        1.4509398937225342
    ],
    "aim": [
        -0.015227917581796646,
        1.4509398937225342
    ],
    "target": [
        0.03432852616659651,
        28.13295317882142
    ],
    "desired_speed": 6.61924352645874,
    "angle": -0.006681167091660109,
    "angle_last": 0.008298955577993412,
    "angle_target": 0.0007768188262494103,
    "angle_final": 0.0007768188262494103,
    "delta": 0.25,
    "agent": "only_traj",
    "steer_traj": 0.0004802255647761665,
    "throttle_traj": 0.75,
    "brake_traj": 0.0,
    "plan": [
        [
            -0.015227917581796646,
            1.4509398937225342
        ],
        [
            -0.01723749004304409,
            4.000833988189697
        ],
        [
            -0.043945521116256714,
            7.234400749206543
        ],
        [
            -0.043321602046489716,
            10.751886367797852
        ],
        [
            0.05826859176158905,
            14.423029899597168
        ],
        [
            0.1048642247915268,
            17.997228622436523
        ]
    ]
}