{
    "speed": 2.89718305693971,
    "steer": -0.00545017933472991,
    "throttle": 0.75,
    "brake": 0.0,
    "wp_4": [
        -0.04060247540473938,
        11.37314224243164
    ],
    "wp_3": [
        -0.04501497745513916,
        7.712796211242676
    ],
    "wp_2": [
        -0.014122521504759789,
        4.329408168792725
    ],
    "wp_1": [
        -0.00875646248459816,
        1.6049087047576904
    ],
    "aim": [
        -0.00875646248459816,
        1.6049087047576904
    ],
    "target": [
        0.6117395419366161,
        27.83337187659305
    ],
    "desired_speed": 6.861451053619385,
    "angle": -0.003473406693459009,
    "angle_last": 0.012963747108139786,
    "angle_target": 0.013989781736224876,
    "angle_final": -0.003473406693459009,
    "delta": 0.25,
    "agent": "only_traj",
    "steer_traj": -0.005450179359542228,
    "throttle_traj": 0.75,
    "brake_traj": 0.0,
    "plan": [
        [
            -0.00875646248459816,
            1.6049087047576904
        ],
        [
            -0.014122521504759789,
            4.329408168792725
        ],
        [
            -0.04501497745513916,
            7.712796211242676
        ],
        [
            -0.04060247540473938,
            11.37314224243164
        ],
        [
            0.0836608037352562,
            15.144699096679688
        ],
        [
            0.15720084309577942,
            18.755592346191406
        ]
    ]
}