{
    "speed": 3.1176576001746503,
    "steer": -0.004269031807780266,
    "throttle": 0.75,
    "brake": 0.0,
    "wp_4": [
        -0.004427505657076836,
        10.894698143005371
    ],
    "wp_3": [
        -0.017322510480880737,
        7.392088413238525
    ],
    "wp_2": [
        -0.006732171401381493,
        4.204272747039795
    ],
    "wp_1": [
        -0.00884917750954628,
        1.6094043254852295
    ],
    "aim": [
        -0.00884917750954628,
        1.6094043254852295
    ],
    "target": [
        -0.6117343400131404,
        27.8486174846348
    ],
    "desired_speed": 6.5899723052978505,
    "angle": -0.003500347995185171,
    "angle_last": 0.015025477654603527,
    "angle_target": -0.013982006693939054,
    "angle_final": -0.003500347995185171,
    "delta": 0.25,
    "agent": "only_traj",
    "steer_traj": -0.004269031595351893,
    "throttle_traj": 0.75,
    "brake_traj": 0.0,
    "plan": [
        [
            -0.00884917750954628,
            1.6094043254852295
        ],
        [
            -0.006732171401381493,
            4.204272747039795
        ],
        [
            -0.017322510480880737,
            7.392088413238525
        ],
        [
            -0.004427505657076836,
            10.894698143005371
        ],
        [
            0.15062929689884186,
            14.539478302001953
        ],
        [
            0.23420818150043488,
            18.08000946044922
        ]
    ]
}