{
    "speed": 3.57464032309625,
    "steer": -0.006882273126393557,
    "throttle": 0.75,
    "brake": 0.0,
    "wp_4": [
        -0.03115721605718136,
        11.505644798278809
    ],
    "wp_3": [
        -0.045929670333862305,
        7.990850448608398
    ],
    "wp_2": [
        -0.015732740983366966,
        4.693611145019531
    ],
    "wp_1": [
        -0.016459498554468155,
        1.8926169872283936
    ],
    "aim": [
        -0.016459498554468155,
        1.8926169872283936
    ],
    "target": [
        -0.6381078274760031,
        27.001481672271076
    ],
    "desired_speed": 6.612042713165283,
    "angle": -0.0055363514957751945,
    "angle_last": 0.01741338767943076,
    "angle_target": -0.0150420063997561,
    "angle_final": -0.0055363514957751945,
    "delta": 0.25,
    "agent": "only_traj",
    "steer_traj": -0.0068822729760238815,
    "throttle_traj": 0.75,
    "brake_traj": 0.0,
    "plan": [
        [
            -0.016459498554468155,
            1.8926169872283936
        ],
        [
            -0.015732740983366966,
            4.693611145019531
        ],
        [
            -0.045929670333862305,
            7.990850448608398
        ],
        [
            -0.03115721605718136,
            11.505644798278809
        ],
        [
            0.12549979984760284,
            15.079591751098633
        ],
        [
            0.2168344110250473,
            18.41787338256836
        ]
    ]
}