{
    "speed": 3.8082575843412916,
    "steer": -0.006273606792092323,
    "throttle": 0.75,
    "brake": 0.0,
    "wp_4": [
        -0.04230732470750809,
        12.694535255432129
    ],
    "wp_3": [
        -0.09330348670482635,
        9.087459564208984
    ],
    "wp_2": [
        -0.03503509610891342,
        5.56196403503418
    ],
    "wp_1": [
        -0.02142919972538948,
        2.3705554008483887
    ],
    "aim": [
        -0.02142919972538948,
        2.3705554008483887
    ],
    "target": [
        0.3992779309114389,
        27.39025910462559
    ],
    "desired_speed": 6.791416740417481,
    "angle": -0.005754689876243268,
    "angle_last": 0.024037836373444574,
    "angle_target": 0.009279584462429881,
    "angle_final": -0.005754689876243268,
    "delta": 0.25,
    "agent": "only_traj",
    "steer_traj": -0.006273606881728787,
    "throttle_traj": 0.75,
    "brake_traj": 0.0,
    "plan": [
        [
            -0.02142919972538948,
            2.3705554008483887
        ],
        [
            -0.03503509610891342,
            5.56196403503418
        ],
        [
            -0.09330348670482635,
            9.087459564208984
        ],
        [
            -0.04230732470750809,
            12.694535255432129
        ],
        [
            0.089964859187603,
            16.213123321533203
        ],
        [
            0.20821979641914368,
            19.343507766723633
        ]
    ]
}