{
    "speed": 4.034326929100847,
    "steer": -0.005235721822828054,
    "throttle": 0.75,
    "brake": 0.0,
    "wp_4": [
        -0.02444113790988922,
        12.532596588134766
    ],
    "wp_3": [
        -0.06092864274978638,
        8.744792938232422
    ],
    "wp_2": [
        -0.028374498710036278,
        5.172760009765625
    ],
    "wp_1": [
        -0.01575974002480507,
        2.114865779876709
    ],
    "aim": [
        -0.01575974002480507,
        2.114865779876709
    ],
    "target": [
        -0.5391986227785475,
        26.281820517136865
    ],
    "desired_speed": 7.1396533966064455,
    "angle": -0.004743897770072159,
    "angle_last": 0.018089272843298913,
    "angle_target": -0.013059078444053629,
    "angle_final": -0.004743897770072159,
    "delta": 0.25,
    "agent": "only_traj",
    "steer_traj": -0.005235721739297554,
    "throttle_traj": 0.75,
    "brake_traj": 0.0,
    "plan": [
        [
            -0.01575974002480507,
            2.114865779876709
        ],
        [
            -0.028374498710036278,
            5.172760009765625
        ],
        [
            -0.06092864274978638,
            8.744792938232422
        ],
        [
            -0.02444113790988922,
            12.532596588134766
        ],
        [
            0.1204414814710617,
            16.380090713500977
        ],
        [
            0.22217540442943573,
            19.959476470947266
        ]
    ]
}