{
    "speed": 4.248485392121942,
    "steer": -0.007999877445399761,
    "throttle": 0.75,
    "brake": 0.0,
    "wp_4": [
        -0.07244929671287537,
        13.194472312927246
    ],
    "wp_3": [
        -0.1089867353439331,
        9.379121780395508
    ],
    "wp_2": [
        -0.04134715348482132,
        5.670341491699219
    ],
    "wp_1": [
        -0.02886689081788063,
        2.406766414642334
    ],
    "aim": [
        -0.02886689081788063,
        2.406766414642334
    ],
    "target": [
        -0.2832027033955995,
        25.89083331396459
    ],
    "desired_speed": 7.142714214324952,
    "angle": -0.007635268627720113,
    "angle_last": 0.01394995053329885,
    "angle_target": -0.0069632849743034705,
    "angle_final": -0.0069632849743034705,
    "delta": 0.25,
    "agent": "only_traj",
    "steer_traj": -0.007999877528859953,
    "throttle_traj": 0.75,
    "brake_traj": 0.0,
    "plan": [
        [
            -0.02886689081788063,
            2.406766414642334
        ],
        [
            -0.04134715348482132,
            5.670341491699219
        ],
        [
            -0.1089867353439331,
            9.379121780395508
        ],
        [
            -0.07244929671287537,
            13.194472312927246
        ],
        [
            0.018169201910495758,
            16.922975540161133
        ],
        [
            0.09132186323404312,
            20.260833740234375
        ]
    ]
}