{
    "speed": 4.457286424393704,
    "steer": -0.006732423324137926,
    "throttle": 0.75,
    "brake": 0.0,
    "wp_4": [
        -0.03791867196559906,
        13.093514442443848
    ],
    "wp_3": [
        -0.08802393078804016,
        9.514894485473633
    ],
    "wp_2": [
        -0.03474283963441849,
        5.960728168487549
    ],
    "wp_1": [
        -0.025931302458047867,
        2.6293749809265137
    ],
    "aim": [
        -0.025931302458047867,
        2.6293749809265137
    ],
    "target": [
        0.44150301947812864,
        26.48161541857284
    ],
    "desired_speed": 6.723116111755371,
    "angle": -0.006278185930629357,
    "angle_last": 0.021178263840932566,
    "angle_target": 0.010612778331778094,
    "angle_final": -0.006278185930629357,
    "delta": 0.25,
    "agent": "only_traj",
    "steer_traj": -0.006732423357932042,
    "throttle_traj": 0.75,
    "brake_traj": 0.0,
    "plan": [
        [
            -0.025931302458047867,
            2.6293749809265137
        ],
        [
            -0.03474283963441849,
            5.960728168487549
        ],
        [
            -0.08802393078804016,
            9.514894485473633
        ],
        [
            -0.03791867196559906,
            13.093514442443848
        ],
        [
            0.07811778038740158,
            16.478206634521484
        ],
        [
            0.1764431893825531,
            19.43277931213379
        ]
    ]
}