{
    "speed": 4.663793783219896,
    "steer": -0.004712691996246576,
    "throttle": 0.75,
    "brake": 0.0,
    "wp_4": [
        -0.03683857619762421,
        13.341614723205566
    ],
    "wp_3": [
        -0.09062355756759644,
        9.606969833374023
    ],
    "wp_2": [
        -0.03708086162805557,
        5.939168930053711
    ],
    "wp_1": [
        -0.02939889207482338,
        2.5880703926086426
    ],
    "aim": [
        -0.02939889207482338,
        2.5880703926086426
    ],
    "target": [
        -0.17046207683902848,
        26.55897811250326
    ],
    "desired_speed": 6.982896518707276,
    "angle": -0.007231300883809247,
    "angle_last": 0.020096437767393324,
    "angle_target": -0.004085926725711889,
    "angle_final": -0.004085926725711889,
    "delta": 0.25,
    "agent": "only_traj",
    "steer_traj": -0.004712692031978032,
    "throttle_traj": 0.75,
    "brake_traj": 0.0,
    "plan": [
        [
            -0.02939889207482338,
            2.5880703926086426
        ],
        [
            -0.03708086162805557,
            5.939168930053711
        ],
        [
            -0.09062355756759644,
            9.606969833374023
        ],
        [
            -0.03683857619762421,
            13.341614723205566
        ],
        [
            0.07334571331739426,
            16.908096313476562
        ],
        [
            0.17228460311889648,
            20.041261672973633
        ]
    ]
}