{
    "speed": 4.869148241013201,
    "steer": 0.004956990946084261,
    "throttle": 0.75,
    "brake": 0.0,
    "wp_4": [
        0.0055351704359054565,
        14.416358947753906
    ],
    "wp_3": [
        -0.06692923605442047,
        10.415102005004883
    ],
    "wp_2": [
        -0.0370950922369957,
        6.468715190887451
    ],
    "wp_1": [
        -0.029985446482896805,
        2.8709990978240967
    ],
    "aim": [
        -0.029985446482896805,
        2.8709990978240967
    ],
    "target": [
        0.22209828700213033,
        25.029892816905726
    ],
    "desired_speed": 7.486945343017579,
    "angle": -0.006648761638597937,
    "angle_last": 0.020255581175054622,
    "angle_target": 0.005648783686269065,
    "angle_final": 0.005648783686269065,
    "delta": 0.25,
    "agent": "only_traj",
    "steer_traj": 0.004956990833244274,
    "throttle_traj": 0.75,
    "brake_traj": 0.0,
    "plan": [
        [
            -0.029985446482896805,
            2.8709990978240967
        ],
        [
            -0.0370950922369957,
            6.468715190887451
        ],
        [
            -0.06692923605442047,
            10.415102005004883
        ],
        [
            0.0055351704359054565,
            14.416358947753906
        ],
        [
            0.0830005630850792,
            18.221393585205078
        ],
        [
            0.19006076455116272,
            21.585094451904297
        ]
    ]
}