{
    "speed": 5.244488944744998,
    "steer": -0.009439187124371529,
    "throttle": 0.0,
    "brake": 0.0,
    "wp_4": [
        0.0049057453870773315,
        14.193490028381348
    ],
    "wp_3": [
        -0.07226108014583588,
        10.280168533325195
    ],
    "wp_2": [
        -0.04641663283109665,
        6.437280654907227
    ],
    "wp_1": [
        -0.03467719629406929,
        2.8979623317718506
    ],
    "aim": [
        -0.03467719629406929,
        2.8979623317718506
    ],
    "target": [
        -0.48090830221037145,
        24.900974572353068
    ],
    "desired_speed": 7.398664569854737,
    "angle": -0.007617434244887302,
    "angle_last": 0.021599003493805353,
    "angle_target": -0.012293401514632523,
    "angle_final": -0.007617434244887302,
    "delta": 0.25,
    "agent": "only_traj",
    "steer_traj": -0.009439187253539502,
    "throttle_traj": 0.0,
    "brake_traj": 0.0,
    "plan": [
        [
            -0.03467719629406929,
            2.8979623317718506
        ],
        [
            -0.04641663283109665,
            6.437280654907227
        ],
        [
            -0.07226108014583588,
            10.280168533325195
        ],
        [
            0.0049057453870773315,
            14.193490028381348
        ],
        [
            0.1003437265753746,
            17.987075805664062
        ],
        [
            0.21586138010025024,
            21.390596389770508
        ]
    ]
}