{
    "speed": 5.159824492184588,
    "steer": -0.0017925761640071869,
    "throttle": 0.0,
    "brake": 0.0,
    "wp_4": [
        0.00877157598733902,
        13.342645645141602
    ],
    "wp_3": [
        -0.07074123620986938,
        9.90213394165039
    ],
    "wp_2": [
        -0.03382522612810135,
        6.361630439758301
    ],
    "wp_1": [
        -0.007096473127603531,
        2.8828258514404297
    ],
    "aim": [
        -0.007096473127603531,
        2.8828258514404297
    ],
    "target": [
        0.9063171906901728,
        25.605496841685326
    ],
    "desired_speed": 6.560775852203369,
    "angle": -0.0015671008961084508,
    "angle_last": 0.03772523190618701,
    "angle_target": 0.022524017976779956,
    "angle_final": -0.0015671008961084508,
    "delta": 0.25,
    "agent": "only_traj",
    "steer_traj": -0.001792576133108872,
    "throttle_traj": 0.0,
    "brake_traj": 0.0,
    "plan": [
        [
            -0.007096473127603531,
            2.8828258514404297
        ],
        [
            -0.03382522612810135,
            6.361630439758301
        ],
        [
            -0.07074123620986938,
            9.90213394165039
        ],
        [
            0.00877157598733902,
            13.342645645141602
        ],
        [
            0.16443315148353577,
            16.51213264465332
        ],
        [
            0.3283412754535675,
            19.274873733520508
        ]
    ]
}