{
    "speed": 5.047443912332039,
    "steer": -0.006449440494179726,
    "throttle": 0.0,
    "brake": 0.0,
    "wp_4": [
        -0.023183107376098633,
        13.19546890258789
    ],
    "wp_3": [
        -0.08471216261386871,
        9.483154296875
    ],
    "wp_2": [
        -0.03268226236104965,
        5.863765716552734
    ],
    "wp_1": [
        -0.01688583567738533,
        2.5562705993652344
    ],
    "aim": [
        -0.01688583567738533,
        2.5562705993652344
    ],
    "target": [
        0.8539481426093878,
        25.549419164902034
    ],
    "desired_speed": 7.010253047943115,
    "angle": -0.0042052235175304865,
    "angle_last": 0.025358263721989592,
    "angle_target": 0.021270071408615147,
    "angle_final": -0.0042052235175304865,
    "delta": 0.25,
    "agent": "only_traj",
    "steer_traj": -0.006449440374949801,
    "throttle_traj": 0.0,
    "brake_traj": 0.0,
    "plan": [
        [
            -0.01688583567738533,
            2.5562705993652344
        ],
        [
            -0.03268226236104965,
            5.863765716552734
        ],
        [
            -0.08471216261386871,
            9.483154296875
        ],
        [
            -0.023183107376098633,
            13.19546890258789
        ],
        [
            0.11672061681747437,
            16.81186294555664
        ],
        [
            0.24679630994796753,
            20.075685501098633
        ]
    ]
}