{
    "speed": 4.950333748804419,
    "steer": -0.006789334584027529,
    "throttle": 0.75,
    "brake": 0.0,
    "wp_4": [
        0.003140784800052643,
        13.829773902893066
    ],
    "wp_3": [
        -0.0758843719959259,
        9.952301025390625
    ],
    "wp_2": [
        -0.036260493099689484,
        6.16721248626709
    ],
    "wp_1": [
        -0.02207750454545021,
        2.7102255821228027
    ],
    "aim": [
        -0.02207750454545021,
        2.7102255821228027
    ],
    "target": [
        0.3478945099362738,
        25.215304996167657
    ],
    "desired_speed": 7.31385555267334,
    "angle": -0.005185735118381206,
    "angle_last": 0.026804746006216736,
    "angle_target": 0.008782859149611771,
    "angle_final": -0.005185735118381206,
    "delta": 0.25,
    "agent": "only_traj",
    "steer_traj": -0.006789334778302946,
    "throttle_traj": 0.75,
    "brake_traj": 0.0,
    "plan": [
        [
            -0.02207750454545021,
            2.7102255821228027
        ],
        [
            -0.036260493099689484,
            6.16721248626709
        ],
        [
            -0.0758843719959259,
            9.952301025390625
        ],
        [
            0.003140784800052643,
            13.829773902893066
        ],
        [
            0.13166600465774536,
            17.58804702758789
        ],
        [
            0.27493056654930115,
            20.988609313964844
        ]
    ]
}