{
    "speed": 4.835774314512411,
    "steer": -0.004471160471439362,
    "throttle": 0.75,
    "brake": 0.0,
    "wp_4": [
        0.0385778546333313,
        13.932901382446289
    ],
    "wp_3": [
        -0.05237646400928497,
        10.012710571289062
    ],
    "wp_2": [
        -0.023503443226218224,
        6.187641620635986
    ],
    "wp_1": [
        -0.013380128890275955,
        2.6997342109680176
    ],
    "aim": [
        -0.013380128890275955,
        2.6997342109680176
    ],
    "target": [
        0.9422050537570583,
        24.52933404860388
    ],
    "desired_speed": 7.3997146606445305,
    "angle": -0.0031551198781364156,
    "angle_last": 0.03311735861912408,
    "angle_target": 0.024441414733567878,
    "angle_final": -0.0031551198781364156,
    "delta": 0.25,
    "agent": "only_traj",
    "steer_traj": -0.004471160548925955,
    "throttle_traj": 0.75,
    "brake_traj": 0.0,
    "plan": [
        [
            -0.013380128890275955,
            2.6997342109680176
        ],
        [
            -0.023503443226218224,
            6.187641620635986
        ],
        [
            -0.05237646400928497,
            10.012710571289062
        ],
        [
            0.0385778546333313,
            13.932901382446289
        ],
        [
            0.1946227252483368,
            17.74244499206543
        ],
        [
            0.37412726879119873,
            21.189977645874023
        ]
    ]
}