{
    "speed": 4.757690707777854,
    "steer": -0.004502125550061464,
    "throttle": 0.75,
    "brake": 0.0,
    "wp_4": [
        0.027548499405384064,
        13.799631118774414
    ],
    "wp_3": [
        -0.043469712138175964,
        9.82246208190918
    ],
    "wp_2": [
        -0.02256431244313717,
        6.00255012512207
    ],
    "wp_1": [
        -0.010761339217424393,
        2.599231719970703
    ],
    "aim": [
        -0.010761339217424393,
        2.599231719970703
    ],
    "target": [
        0.2068053062236948,
        23.954888319659254
    ],
    "desired_speed": 7.54746446609497,
    "angle": -0.0026357219372523345,
    "angle_last": 0.02969543384494769,
    "angle_target": 0.00549587518630229,
    "angle_final": -0.0026357219372523345,
    "delta": 0.25,
    "agent": "only_traj",
    "steer_traj": -0.004502125769411164,
    "throttle_traj": 0.75,
    "brake_traj": 0.0,
    "plan": [
        [
            -0.010761339217424393,
            2.599231719970703
        ],
        [
            -0.02256431244313717,
            6.00255012512207
        ],
        [
            -0.043469712138175964,
            9.82246208190918
        ],
        [
            0.027548499405384064,
            13.799631118774414
        ],
        [
            0.18547073006629944,
            17.77330780029297
        ],
        [
            0.35756441950798035,
            21.46002960205078
        ]
    ]
}