{
    "speed": 4.77106659458243,
    "steer": -0.004927719011902809,
    "throttle": 0.75,
    "brake": 0.0,
    "wp_4": [
        0.04225721210241318,
        13.884750366210938
    ],
    "wp_3": [
        -0.04432058334350586,
        10.060807228088379
    ],
    "wp_2": [
        -0.02507454715669155,
        6.305828094482422
    ],
    "wp_1": [
        -0.01167464628815651,
        2.807176113128662
    ],
    "aim": [
        -0.01167464628815651,
        2.807176113128662
    ],
    "target": [
        0.4554834878346077,
        23.32937091394753
    ],
    "desired_speed": 7.229231929779053,
    "angle": -0.0026475609318136898,
    "angle_last": 0.03139721342215175,
    "angle_target": 0.012427808683790268,
    "angle_final": -0.0026475609318136898,
    "delta": 0.25,
    "agent": "only_traj",
    "steer_traj": -0.004927719055401282,
    "throttle_traj": 0.75,
    "brake_traj": 0.0,
    "plan": [
        [
            -0.01167464628815651,
            2.807176113128662
        ],
        [
            -0.02507454715669155,
            6.305828094482422
        ],
        [
            -0.04432058334350586,
            10.060807228088379
        ],
        [
            0.04225721210241318,
            13.884750366210938
        ],
        [
            0.1978023648262024,
            17.56832504272461
        ],
        [
            0.3608623743057251,
            20.871896743774414
        ]
    ]
}