{
    "speed": 4.865943414671998,
    "steer": -0.0046957992017269135,
    "throttle": 0.75,
    "brake": 0.0,
    "wp_4": [
        0.050235167145729065,
        14.038545608520508
    ],
    "wp_3": [
        -0.041256606578826904,
        10.266873359680176
    ],
    "wp_2": [
        -0.024180924519896507,
        6.489438056945801
    ],
    "wp_1": [
        -0.010251317173242569,
        2.9164879322052
    ],
    "aim": [
        -0.010251317173242569,
        2.9164879322052
    ],
    "target": [
        1.0425300405259026,
        22.980917342705773
    ],
    "desired_speed": 7.118888473510742,
    "angle": -0.002237673690622147,
    "angle_last": 0.03214018622186759,
    "angle_target": 0.028860488757077783,
    "angle_final": -0.002237673690622147,
    "delta": 0.25,
    "agent": "only_traj",
    "steer_traj": -0.004695799261846848,
    "throttle_traj": 0.75,
    "brake_traj": 0.0,
    "plan": [
        [
            -0.010251317173242569,
            2.9164879322052
        ],
        [
            -0.024180924519896507,
            6.489438056945801
        ],
        [
            -0.041256606578826904,
            10.266873359680176
        ],
        [
            0.050235167145729065,
            14.038545608520508
        ],
        [
            0.1954870969057083,
            17.588632583618164
        ],
        [
            0.35298264026641846,
            20.70558738708496
        ]
    ]
}