{
    "speed": 5.143197242278058,
    "steer": -0.006146166939288378,
    "throttle": 0.0,
    "brake": 0.0,
    "wp_4": [
        0.0646248534321785,
        14.170799255371094
    ],
    "wp_3": [
        -0.03142273426055908,
        10.359704971313477
    ],
    "wp_2": [
        -0.025252556428313255,
        6.542835235595703
    ],
    "wp_1": [
        -0.01639452949166298,
        2.959883689880371
    ],
    "aim": [
        -0.01639452949166298,
        2.959883689880371
    ],
    "target": [
        -0.2362669074080545,
        23.2143191144728
    ],
    "desired_speed": 7.192459583282471,
    "angle": -0.0035261509320496636,
    "angle_last": 0.027270337234639275,
    "angle_target": -0.0064790610892671244,
    "angle_final": -0.0035261509320496636,
    "delta": 0.25,
    "agent": "only_traj",
    "steer_traj": -0.006146166892219621,
    "throttle_traj": 0.0,
    "brake_traj": 0.0,
    "plan": [
        [
            -0.01639452949166298,
            2.959883689880371
        ],
        [
            -0.025252556428313255,
            6.542835235595703
        ],
        [
            -0.03142273426055908,
            10.359704971313477
        ],
        [
            0.0646248534321785,
            14.170799255371094
        ],
        [
            0.19573083519935608,
            17.769550323486328
        ],
        [
            0.33138877153396606,
            20.934513092041016
        ]
    ]
}