{
    "speed": 5.0994364579315725,
    "steer": -0.002613780787214637,
    "throttle": 0.0,
    "brake": 0.0,
    "wp_4": [
        0.13289660215377808,
        14.428954124450684
    ],
    "wp_3": [
        0.024412289261817932,
        10.440753936767578
    ],
    "wp_2": [
        0.0013058576732873917,
        6.542259216308594
    ],
    "wp_1": [
        -0.00452699139714241,
        2.949023485183716
    ],
    "aim": [
        -0.00452699139714241,
        2.949023485183716
    ],
    "target": [
        0.5237955941728314,
        21.63995597981498
    ],
    "desired_speed": 7.494700813293457,
    "angle": -0.0009772761157824607,
    "angle_last": 0.030606353407255055,
    "angle_target": 0.015406386803015643,
    "angle_final": -0.0009772761157824607,
    "delta": 0.25,
    "agent": "only_traj",
    "steer_traj": -0.0026137808836911997,
    "throttle_traj": 0.0,
    "brake_traj": 0.0,
    "plan": [
        [
            -0.00452699139714241,
            2.949023485183716
        ],
        [
            0.0013058576732873917,
            6.542259216308594
        ],
        [
            0.024412289261817932,
            10.440753936767578
        ],
        [
            0.13289660215377808,
            14.428954124450684
        ],
        [
            0.27959075570106506,
            18.25446128845215
        ],
        [
            0.44428256154060364,
            21.67745590209961
        ]
    ]
}