{
    "speed": 4.948693673316582,
    "steer": -0.0006169071421027184,
    "throttle": 0.75,
    "brake": 0.0,
    "wp_4": [
        0.0306999534368515,
        13.300630569458008
    ],
    "wp_3": [
        -0.03905877470970154,
        10.013599395751953
    ],
    "wp_2": [
        -0.017783349379897118,
        6.500587463378906
    ],
    "wp_1": [
        0.006326790899038315,
        2.9836220741271973
    ],
    "aim": [
        0.006326790899038315,
        2.9836220741271973
    ],
    "target": [
        -0.421945366818144,
        23.232539761279476
    ],
    "desired_speed": 6.250566482543945,
    "angle": 0.0013499211164224394,
    "angle_last": 0.0375513656463148,
    "angle_target": -0.01156090712296917,
    "angle_final": 0.0013499211164224394,
    "delta": 0.25,
    "agent": "only_traj",
    "steer_traj": -0.0006169071577731587,
    "throttle_traj": 0.75,
    "brake_traj": 0.0,
    "plan": [
        [
            0.006326790899038315,
            2.9836220741271973
        ],
        [
            -0.017783349379897118,
            6.500587463378906
        ],
        [
            -0.03905877470970154,
            10.013599395751953
        ],
        [
            0.0306999534368515,
            13.300630569458008
        ],
        [
            0.19484688341617584,
            16.165477752685547
        ],
        [
            0.33862757682800293,
            18.600210189819336
        ]
    ]
}