{
    "speed": 4.821188837541045,
    "steer": -0.0035166535526514053,
    "throttle": 0.75,
    "brake": 0.0,
    "wp_4": [
        0.09736236184835434,
        13.954694747924805
    ],
    "wp_3": [
        -0.0009313374757766724,
        9.969986915588379
    ],
    "wp_2": [
        -0.0054380204528570175,
        6.131686210632324
    ],
    "wp_1": [
        -0.006553757935762405,
        2.6749954223632812
    ],
    "aim": [
        -0.006553757935762405,
        2.6749954223632812
    ],
    "target": [
        0.3816696042118637,
        21.864247089032464
    ],
    "desired_speed": 7.47862024307251,
    "angle": -0.0015596635790122145,
    "angle_last": 0.034970313049957756,
    "angle_target": 0.011111918908322404,
    "angle_final": -0.0015596635790122145,
    "delta": 0.25,
    "agent": "only_traj",
    "steer_traj": -0.0035166535997846375,
    "throttle_traj": 0.75,
    "brake_traj": 0.0,
    "plan": [
        [
            -0.006553757935762405,
            2.6749954223632812
        ],
        [
            -0.0054380204528570175,
            6.131686210632324
        ],
        [
            -0.0009313374757766724,
            9.969986915588379
        ],
        [
            0.09736236184835434,
            13.954694747924805
        ],
        [
            0.272823691368103,
            17.82994270324707
        ],
        [
            0.46698567271232605,
            21.361026763916016
        ]
    ]
}