{
    "speed": 4.844865066710432,
    "steer": -0.005340309347957373,
    "throttle": 0.75,
    "brake": 0.0,
    "wp_4": [
        0.0809883251786232,
        14.039593696594238
    ],
    "wp_3": [
        -0.020211011171340942,
        10.079975128173828
    ],
    "wp_2": [
        -0.01851431094110012,
        6.243688583374023
    ],
    "wp_1": [
        -0.015412900596857071,
        2.747427225112915
    ],
    "aim": [
        -0.015412900596857071,
        2.747427225112915
    ],
    "target": [
        -0.5921010610093148,
        21.382162808769205
    ],
    "desired_speed": 7.433067512512206,
    "angle": -0.0035713060715625257,
    "angle_last": 0.03384712638644455,
    "angle_target": -0.01762436018564262,
    "angle_final": -0.0035713060715625257,
    "delta": 0.25,
    "agent": "only_traj",
    "steer_traj": -0.005340309356441036,
    "throttle_traj": 0.75,
    "brake_traj": 0.0,
    "plan": [
        [
            -0.015412900596857071,
            2.747427225112915
        ],
        [
            -0.01851431094110012,
            6.243688583374023
        ],
        [
            -0.020211011171340942,
            10.079975128173828
        ],
        [
            0.0809883251786232,
            14.039593696594238
        ],
        [
            0.2386617362499237,
            17.85834503173828
        ],
        [
            0.4229154586791992,
            21.320648193359375
        ]
    ]
}