{
    "speed": 4.945681316389086,
    "steer": 0.0019977400079369545,
    "throttle": 0.75,
    "brake": 0.0,
    "wp_4": [
        0.1505417823791504,
        14.30704116821289
    ],
    "wp_3": [
        0.03261880576610565,
        10.630156517028809
    ],
    "wp_2": [
        0.013286719098687172,
        6.792585849761963
    ],
    "wp_1": [
        0.012951444834470749,
        3.094970226287842
    ],
    "aim": [
        0.012951444834470749,
        3.094970226287842
    ],
    "target": [
        0.4941318074288823,
        21.930951269149865
    ],
    "desired_speed": 6.935395336151123,
    "angle": 0.0026640495127328925,
    "angle_last": 0.05126896579338685,
    "angle_target": 0.014341414522569913,
    "angle_final": 0.0026640495127328925,
    "delta": 0.25,
    "agent": "only_traj",
    "steer_traj": 0.0019977399522640897,
    "throttle_traj": 0.75,
    "brake_traj": 0.0,
    "plan": [
        [
            0.012951444834470749,
            3.094970226287842
        ],
        [
            0.013286719098687172,
            6.792585849761963
        ],
        [
            0.03261880576610565,
            10.630156517028809
        ],
        [
            0.1505417823791504,
            14.30704116821289
        ],
        [
            0.33974793553352356,
            17.59425163269043
        ],
        [
            0.5675574541091919,
            20.416900634765625
        ]
    ]
}