{
    "speed": 5.226638714941166,
    "steer": -0.0034235347993671894,
    "throttle": 0.0,
    "brake": 0.0,
    "wp_4": [
        0.1628417670726776,
        14.705926895141602
    ],
    "wp_3": [
        0.0433802604675293,
        10.733595848083496
    ],
    "wp_2": [
        0.007931793108582497,
        6.790648460388184
    ],
    "wp_1": [
        -0.008863899856805801,
        3.0984768867492676
    ],
    "aim": [
        -0.008863899856805801,
        3.0984768867492676
    ],
    "target": [
        0.22067807448899923,
        20.142416033067768
    ],
    "desired_speed": 7.440348052978516,
    "angle": -0.0018211839332329248,
    "angle_last": 0.03744155138265915,
    "angle_target": 0.006974456526243938,
    "angle_final": -0.0018211839332329248,
    "delta": 0.25,
    "agent": "only_traj",
    "steer_traj": -0.0034235348712313555,
    "throttle_traj": 0.0,
    "brake_traj": 0.0,
    "plan": [
        [
            -0.008863899856805801,
            3.0984768867492676
        ],
        [
            0.007931793108582497,
            6.790648460388184
        ],
        [
            0.0433802604675293,
            10.733595848083496
        ],
        [
            0.1628417670726776,
            14.705926895141602
        ],
        [
            0.3290698528289795,
            18.421878814697266
        ],
        [
            0.5213810205459595,
            21.68798065185547
        ]
    ]
}