{
    "speed": 5.181119608368777,
    "steer": -0.002023489912971854,
    "throttle": 0.0,
    "brake": 0.0,
    "wp_4": [
        0.06194191426038742,
        13.862342834472656
    ],
    "wp_3": [
        -0.02823518216609955,
        10.06640625
    ],
    "wp_2": [
        -0.01756148599088192,
        6.311761856079102
    ],
    "wp_1": [
        -0.0033143647015094757,
        2.8021132946014404
    ],
    "aim": [
        -0.0033143647015094757,
        2.8021132946014404
    ],
    "target": [
        0.22891944263906067,
        20.8815828084133
    ],
    "desired_speed": 7.135526084899902,
    "angle": -0.0007529423470429308,
    "angle_last": 0.04247562847393088,
    "angle_target": 0.006978819901081057,
    "angle_final": -0.0007529423470429308,
    "delta": 0.25,
    "agent": "only_traj",
    "steer_traj": -0.0020234898099425274,
    "throttle_traj": 0.0,
    "brake_traj": 0.0,
    "plan": [
        [
            -0.0033143647015094757,
            2.8021132946014404
        ],
        [
            -0.01756148599088192,
            6.311761856079102
        ],
        [
            -0.02823518216609955,
            10.06640625
        ],
        [
            0.06194191426038742,
            13.862342834472656
        ],
        [
            0.24628904461860657,
            17.438444137573242
        ],
        [
            0.45941105484962463,
            20.627952575683594
        ]
    ]
}