{
    "speed": 5.033661341982864,
    "steer": -0.0031225341372191906,
    "throttle": 0.0,
    "brake": 0.0,
    "wp_4": [
        0.04491829872131348,
        13.713282585144043
    ],
    "wp_3": [
        -0.037013471126556396,
        9.777050018310547
    ],
    "wp_2": [
        -0.019316738471388817,
        6.0051984786987305
    ],
    "wp_1": [
        -0.006036344915628433,
        2.6081974506378174
    ],
    "aim": [
        -0.006036344915628433,
        2.6081974506378174
    ],
    "target": [
        0.11316799782303427,
        20.178921549460878
    ],
    "desired_speed": 7.373841285705566,
    "angle": -0.00147337552249772,
    "angle_last": 0.039909298729784756,
    "angle_target": 0.003570271559164084,
    "angle_final": -0.00147337552249772,
    "delta": 0.25,
    "agent": "only_traj",
    "steer_traj": -0.0031225341263332023,
    "throttle_traj": 0.0,
    "brake_traj": 0.0,
    "plan": [
        [
            -0.006036344915628433,
            2.6081974506378174
        ],
        [
            -0.019316738471388817,
            6.0051984786987305
        ],
        [
            -0.037013471126556396,
            9.777050018310547
        ],
        [
            0.04491829872131348,
            13.713282585144043
        ],
        [
            0.23639315366744995,
            17.534099578857422
        ],
        [
            0.45584920048713684,
            21.03020477294922
        ]
    ]
}