{
    "speed": 4.93600777531185,
    "steer": -0.0031022897455841303,
    "throttle": 0.75,
    "brake": 0.0,
    "wp_4": [
        0.05047948658466339,
        13.995892524719238
    ],
    "wp_3": [
        -0.04098597168922424,
        10.177802085876465
    ],
    "wp_2": [
        -0.02617592178285122,
        6.419760704040527
    ],
    "wp_1": [
        -0.007402423769235611,
        2.886892795562744
    ],
    "aim": [
        -0.007402423769235611,
        2.886892795562744
    ],
    "target": [
        -0.48892442832569916,
        20.557847675712303
    ],
    "desired_speed": 7.19930820465088,
    "angle": -0.0016323671481774614,
    "angle_last": 0.04241400498941921,
    "angle_target": -0.01513778571841085,
    "angle_final": -0.0016323671481774614,
    "delta": 0.25,
    "agent": "only_traj",
    "steer_traj": -0.0031022897302245,
    "throttle_traj": 0.75,
    "brake_traj": 0.0,
    "plan": [
        [
            -0.007402423769235611,
            2.886892795562744
        ],
        [
            -0.02617592178285122,
            6.419760704040527
        ],
        [
            -0.04098597168922424,
            10.177802085876465
        ],
        [
            0.05047948658466339,
            13.995892524719238
        ],
        [
            0.23017571866512299,
            17.607845306396484
        ],
        [
            0.4479857087135315,
            20.872262954711914
        ]
    ]
}