{
    "speed": 4.805553615571255,
    "steer": 0.00401059677824378,
    "throttle": 0.75,
    "brake": 0.0,
    "wp_4": [
        0.10735408216714859,
        13.887508392333984
    ],
    "wp_3": [
        0.014385208487510681,
        10.176694869995117
    ],
    "wp_2": [
        0.007764497771859169,
        6.360438346862793
    ],
    "wp_1": [
        0.022101204842329025,
        2.794673442840576
    ],
    "aim": [
        0.022101204842329025,
        2.794673442840576
    ],
    "target": [
        0.9765739768963169,
        20.10400460418261
    ],
    "desired_speed": 6.916369819641114,
    "angle": 0.005034504609681207,
    "angle_last": 0.06032647965174076,
    "angle_target": 0.030900211471145536,
    "angle_final": 0.005034504609681207,
    "delta": 0.25,
    "agent": "only_traj",
    "steer_traj": 0.004010596700666847,
    "throttle_traj": 0.75,
    "brake_traj": 0.0,
    "plan": [
        [
            0.022101204842329025,
            2.794673442840576
        ],
        [
            0.007764497771859169,
            6.360438346862793
        ],
        [
            0.014385208487510681,
            10.176694869995117
        ],
        [
            0.10735408216714859,
            13.887508392333984
        ],
        [
            0.32843995094299316,
            17.18800926208496
        ],
        [
            0.6017933487892151,
            20.064041137695312
        ]
    ]
}