{
    "speed": 4.719134274042883,
    "steer": 0.0017383507220074534,
    "throttle": 0.75,
    "brake": 0.0,
    "wp_4": [
        0.07547026127576828,
        13.249268531799316
    ],
    "wp_3": [
        -0.00929991900920868,
        9.640701293945312
    ],
    "wp_2": [
        0.00018451549112796783,
        5.996294975280762
    ],
    "wp_1": [
        0.019045453518629074,
        2.5656678676605225
    ],
    "aim": [
        0.019045453518629074,
        2.5656678676605225
    ],
    "target": [
        1.0522106425382858,
        19.62246056667218
    ],
    "desired_speed": 6.749214553833008,
    "angle": 0.004725628277215075,
    "angle_last": 0.0573639989357339,
    "angle_target": 0.03410465093972842,
    "angle_final": 0.004725628277215075,
    "delta": 0.25,
    "agent": "only_traj",
    "steer_traj": 0.0017383507119281619,
    "throttle_traj": 0.75,
    "brake_traj": 0.0,
    "plan": [
        [
            0.019045453518629074,
            2.5656678676605225
        ],
        [
            0.00018451549112796783,
            5.996294975280762
        ],
        [
            -0.00929991900920868,
            9.640701293945312
        ],
        [
            0.07547026127576828,
            13.249268531799316
        ],
        [
            0.29349982738494873,
            16.522817611694336
        ],
        [
            0.5551387071609497,
            19.418596267700195
        ]
    ]
}