{
    "speed": 4.727973466185194,
    "steer": 0.004535576328635216,
    "throttle": 0.75,
    "brake": 0.0,
    "wp_4": [
        0.0650629773736,
        13.601340293884277
    ],
    "wp_3": [
        0.00042835064232349396,
        10.345162391662598
    ],
    "wp_2": [
        -0.004335228353738785,
        6.580750465393066
    ],
    "wp_1": [
        0.03259682282805443,
        2.9107422828674316
    ],
    "aim": [
        0.03259682282805443,
        2.9107422828674316
    ],
    "target": [
        0.28412543929684353,
        20.02008195796617
    ],
    "desired_speed": 6.102093935012817,
    "angle": 0.007129095955151783,
    "angle_last": 0.07020285730058842,
    "angle_target": 0.009034315166862244,
    "angle_final": 0.007129095955151783,
    "delta": 0.25,
    "agent": "only_traj",
    "steer_traj": 0.004535576423922644,
    "throttle_traj": 0.75,
    "brake_traj": 0.0,
    "plan": [
        [
            0.03259682282805443,
            2.9107422828674316
        ],
        [
            -0.004335228353738785,
            6.580750465393066
        ],
        [
            0.00042835064232349396,
            10.345162391662598
        ],
        [
            0.0650629773736,
            13.601340293884277
        ],
        [
            0.2466852366924286,
            16.16933822631836
        ],
        [
            0.46562016010284424,
            18.146648406982422
        ]
    ]
}