{
    "speed": 4.960300597914544,
    "steer": 0.006976721808314323,
    "throttle": 0.75,
    "brake": 0.0,
    "wp_4": [
        0.35579532384872437,
        14.238585472106934
    ],
    "wp_3": [
        0.16643181443214417,
        10.767641067504883
    ],
    "wp_2": [
        0.09137313067913055,
        6.977120876312256
    ],
    "wp_1": [
        0.04528377577662468,
        3.1847550868988037
    ],
    "aim": [
        0.04528377577662468,
        3.1847550868988037
    ],
    "target": [
        0.6303999036663495,
        18.046784016105665
    ],
    "desired_speed": 6.541271018981934,
    "angle": 0.009051414751556483,
    "angle_last": 0.09136612255288215,
    "angle_target": 0.022228998215848738,
    "angle_final": 0.009051414751556483,
    "delta": 0.25,
    "agent": "only_traj",
    "steer_traj": 0.006976721863575576,
    "throttle_traj": 0.75,
    "brake_traj": 0.0,
    "plan": [
        [
            0.04528377577662468,
            3.1847550868988037
        ],
        [
            0.09137313067913055,
            6.977120876312256
        ],
        [
            0.16643181443214417,
            10.767641067504883
        ],
        [
            0.35579532384872437,
            14.238585472106934
        ],
        [
            0.6514319777488708,
            17.119972229003906
        ],
        [
            0.9942138195037842,
            19.491981506347656
        ]
    ]
}