{
    "speed": 5.126624563423867,
    "steer": 0.0022849116940051317,
    "throttle": 0.0,
    "brake": 0.0,
    "wp_4": [
        0.2891770005226135,
        14.600163459777832
    ],
    "wp_3": [
        0.12520194053649902,
        10.837526321411133
    ],
    "wp_2": [
        0.0722079873085022,
        6.958380222320557
    ],
    "wp_1": [
        0.028608378022909164,
        3.2106125354766846
    ],
    "aim": [
        0.028608378022909164,
        3.2106125354766846
    ],
    "target": [
        1.482286212185247,
        18.17364142094928
    ],
    "desired_speed": 7.10103759765625,
    "angle": 0.005672520169151175,
    "angle_last": 0.05608212421050406,
    "angle_target": 0.051809567189582004,
    "angle_final": 0.005672520169151175,
    "delta": 0.25,
    "agent": "only_traj",
    "steer_traj": 0.002284911764376802,
    "throttle_traj": 0.0,
    "brake_traj": 0.0,
    "plan": [
        [
            0.028608378022909164,
            3.2106125354766846
        ],
        [
            0.0722079873085022,
            6.958380222320557
        ],
        [
            0.12520194053649902,
            10.837526321411133
        ],
        [
            0.2891770005226135,
            14.600163459777832
        ],
        [
            0.5221728086471558,
            18.005861282348633
        ],
        [
            0.7812904119491577,
            20.939638137817383
        ]
    ]
}