{
    "speed": 5.266864255010432,
    "steer": 0.003679669229313731,
    "throttle": 0.0,
    "brake": 0.0,
    "wp_4": [
        0.13275671005249023,
        14.323675155639648
    ],
    "wp_3": [
        0.035605400800704956,
        10.829235076904297
    ],
    "wp_2": [
        0.028263652697205544,
        6.999022006988525
    ],
    "wp_1": [
        0.029778387397527695,
        3.234316825866699
    ],
    "aim": [
        0.029778387397527695,
        3.234316825866699
    ],
    "target": [
        0.7676983435077698,
        19.149644760854287
    ],
    "desired_speed": 6.619476985931397,
    "angle": 0.005861185172225083,
    "angle_last": 0.05449843101495044,
    "angle_target": 0.02550806446330383,
    "angle_final": 0.005861185172225083,
    "delta": 0.25,
    "agent": "only_traj",
    "steer_traj": 0.003679669120883179,
    "throttle_traj": 0.0,
    "brake_traj": 0.0,
    "plan": [
        [
            0.029778387397527695,
            3.234316825866699
        ],
        [
            0.028263652697205544,
            6.999022006988525
        ],
        [
            0.035605400800704956,
            10.829235076904297
        ],
        [
            0.13275671005249023,
            14.323675155639648
        ],
        [
            0.3157309889793396,
            17.290733337402344
        ],
        [
            0.5282261371612549,
            19.76691436767578
        ]
    ]
}