{
    "speed": 5.1639640501856405,
    "steer": -0.0006574830040335655,
    "throttle": 0.0,
    "brake": 0.0,
    "wp_4": [
        0.0882246270775795,
        13.964876174926758
    ],
    "wp_3": [
        -0.013693645596504211,
        10.054746627807617
    ],
    "wp_2": [
        -0.007339617237448692,
        6.252057075500488
    ],
    "wp_1": [
        0.007636170834302902,
        2.7514734268188477
    ],
    "aim": [
        0.007636170834302902,
        2.7514734268188477
    ],
    "target": [
        0.6347836856089663,
        18.956143290433015
    ],
    "desired_speed": 7.344061470031738,
    "angle": 0.001766790328765551,
    "angle_last": 0.046111110496156335,
    "angle_target": 0.02131050000136268,
    "angle_final": 0.001766790328765551,
    "delta": 0.25,
    "agent": "only_traj",
    "steer_traj": -0.0006574829999993244,
    "throttle_traj": 0.0,
    "brake_traj": 0.0,
    "plan": [
        [
            0.007636170834302902,
            2.7514734268188477
        ],
        [
            -0.007339617237448692,
            6.252057075500488
        ],
        [
            -0.013693645596504211,
            10.054746627807617
        ],
        [
            0.0882246270775795,
            13.964876174926758
        ],
        [
            0.290820449590683,
            17.714998245239258
        ],
        [
            0.5361328125,
            21.095905303955078
        ]
    ]
}