{
    "speed": 5.0483408709811535,
    "steer": 0.003112969221547246,
    "throttle": 0.0,
    "brake": 0.0,
    "wp_4": [
        0.13676631450653076,
        14.037131309509277
    ],
    "wp_3": [
        0.029498860239982605,
        10.005725860595703
    ],
    "wp_2": [
        0.0015075299888849258,
        6.166433334350586
    ],
    "wp_1": [
        0.01716585084795952,
        2.6959362030029297
    ],
    "aim": [
        0.01716585084795952,
        2.6959362030029297
    ],
    "target": [
        0.2719194156118605,
        18.385337210070603
    ],
    "desired_speed": 7.564238262176513,
    "angle": 0.004053461771895042,
    "angle_last": 0.04414576150798056,
    "angle_target": 0.00941492962086698,
    "angle_final": 0.004053461771895042,
    "delta": 0.25,
    "agent": "only_traj",
    "steer_traj": 0.0031129692520498894,
    "throttle_traj": 0.0,
    "brake_traj": 0.0,
    "plan": [
        [
            0.01716585084795952,
            2.6959362030029297
        ],
        [
            0.0015075299888849258,
            6.166433334350586
        ],
        [
            0.029498860239982605,
            10.005725860595703
        ],
        [
            0.13676631450653076,
            14.037131309509277
        ],
        [
            0.33049094676971436,
            17.976232528686523
        ],
        [
            0.5815906524658203,
            21.59149742126465
        ]
    ]
}