{
    "speed": 4.949594134436761,
    "steer": 0.004404898267239332,
    "throttle": 0.75,
    "brake": 0.0,
    "wp_4": [
        0.24121558666229248,
        14.293569564819336
    ],
    "wp_3": [
        0.08940894901752472,
        10.29583740234375
    ],
    "wp_2": [
        0.04005361348390579,
        6.484587669372559
    ],
    "wp_1": [
        0.026506733149290085,
        2.923633575439453
    ],
    "aim": [
        0.026506733149290085,
        2.923633575439453
    ],
    "target": [
        1.4624408985759065,
        17.29568945862785
    ],
    "desired_speed": 7.549017524719238,
    "angle": 0.005771633803107138,
    "angle_last": 0.05670147058624266,
    "angle_target": 0.05370178877904904,
    "angle_final": 0.005771633803107138,
    "delta": 0.25,
    "agent": "only_traj",
    "steer_traj": 0.004404898110601724,
    "throttle_traj": 0.75,
    "brake_traj": 0.0,
    "plan": [
        [
            0.026506733149290085,
            2.923633575439453
        ],
        [
            0.04005361348390579,
            6.484587669372559
        ],
        [
            0.08940894901752472,
            10.29583740234375
        ],
        [
            0.24121558666229248,
            14.293569564819336
        ],
        [
            0.47639164328575134,
            18.183944702148438
        ],
        [
            0.7967766523361206,
            21.77157211303711
        ]
    ]
}