{
    "speed": 4.83460314499087,
    "steer": 0.00038647299516014755,
    "throttle": 0.75,
    "brake": 0.0,
    "wp_4": [
        0.13555973768234253,
        14.39029312133789
    ],
    "wp_3": [
        0.024882718920707703,
        10.381136894226074
    ],
    "wp_2": [
        -0.0020174887031316757,
        6.525856971740723
    ],
    "wp_1": [
        0.010970663279294968,
        2.970757007598877
    ],
    "aim": [
        0.010970663279294968,
        2.970757007598877
    ],
    "target": [
        -1.1504976063597274,
        17.802430440870115
    ],
    "desired_speed": 7.565506935119628,
    "angle": 0.002350923284783197,
    "angle_last": 0.03867652547558823,
    "angle_target": -0.04108497485619219,
    "angle_final": 0.002350923284783197,
    "delta": 0.25,
    "agent": "only_traj",
    "steer_traj": 0.0003864729948230435,
    "throttle_traj": 0.75,
    "brake_traj": 0.0,
    "plan": [
        [
            0.010970663279294968,
            2.970757007598877
        ],
        [
            -0.0020174887031316757,
            6.525856971740723
        ],
        [
            0.024882718920707703,
            10.381136894226074
        ],
        [
            0.13555973768234253,
            14.39029312133789
        ],
        [
            0.2833814322948456,
            18.2630615234375
        ],
        [
            0.5029893517494202,
            21.87338638305664
        ]
    ]
}