{
    "speed": 4.756419741683462,
    "steer": 0.008706149645149708,
    "throttle": 0.75,
    "brake": 0.0,
    "wp_4": [
        0.23471006751060486,
        14.259773254394531
    ],
    "wp_3": [
        0.09778633713722229,
        10.225412368774414
    ],
    "wp_2": [
        0.04235401004552841,
        6.399280548095703
    ],
    "wp_1": [
        0.04087051376700401,
        2.879023551940918
    ],
    "aim": [
        0.04087051376700401,
        2.879023551940918
    ],
    "target": [
        0.5379285088217458,
        17.41262306592769
    ],
    "desired_speed": 7.6566520690917965,
    "angle": 0.009036843681327124,
    "angle_last": 0.04943422520033987,
    "angle_target": 0.019660854178700896,
    "angle_final": 0.009036843681327124,
    "delta": 0.25,
    "agent": "only_traj",
    "steer_traj": 0.008706149976262017,
    "throttle_traj": 0.75,
    "brake_traj": 0.0,
    "plan": [
        [
            0.04087051376700401,
            2.879023551940918
        ],
        [
            0.04235401004552841,
            6.399280548095703
        ],
        [
            0.09778633713722229,
            10.225412368774414
        ],
        [
            0.23471006751060486,
            14.259773254394531
        ],
        [
            0.43303629755973816,
            18.24614143371582
        ],
        [
            0.7252432107925415,
            22.00164794921875
        ]
    ]
}