{
    "speed": 4.76972801702085,
    "steer": 0.006197694689035416,
    "throttle": 0.75,
    "brake": 0.0,
    "wp_4": [
        0.2059418261051178,
        14.114007949829102
    ],
    "wp_3": [
        0.08527028560638428,
        10.117801666259766
    ],
    "wp_2": [
        0.03271736949682236,
        6.305781364440918
    ],
    "wp_1": [
        0.036759521812200546,
        2.816955089569092
    ],
    "aim": [
        0.036759521812200546,
        2.816955089569092
    ],
    "target": [
        0.46938877571441173,
        17.37204564976274
    ],
    "desired_speed": 7.536910343170167,
    "angle": 0.008307000023015872,
    "angle_last": 0.048551992432546556,
    "angle_target": 0.017197139197728778,
    "angle_final": 0.008307000023015872,
    "delta": 0.25,
    "agent": "only_traj",
    "steer_traj": 0.006197694701683134,
    "throttle_traj": 0.75,
    "brake_traj": 0.0,
    "plan": [
        [
            0.036759521812200546,
            2.816955089569092
        ],
        [
            0.03271736949682236,
            6.305781364440918
        ],
        [
            0.08527028560638428,
            10.117801666259766
        ],
        [
            0.2059418261051178,
            14.114007949829102
        ],
        [
            0.4054926037788391,
            18.015941619873047
        ],
        [
            0.6825249195098877,
            21.641376495361328
        ]
    ]
}