{
    "speed": 4.864759384608731,
    "steer": 0.009344259276986122,
    "throttle": 0.75,
    "brake": 0.0,
    "wp_4": [
        0.616491436958313,
        15.207683563232422
    ],
    "wp_3": [
        0.33606910705566406,
        11.025428771972656
    ],
    "wp_2": [
        0.1455589085817337,
        6.975368499755859
    ],
    "wp_1": [
        0.05365760251879692,
        3.1575562953948975
    ],
    "aim": [
        0.05365760251879692,
        3.1575562953948975
    ],
    "target": [
        0.37960981088101503,
        16.85032317898841
    ],
    "desired_speed": 7.968530178070068,
    "angle": 0.010817322215967892,
    "angle_last": 0.060556732917760966,
    "angle_target": 0.01433956115545128,
    "angle_final": 0.010817322215967892,
    "delta": 0.25,
    "agent": "only_traj",
    "steer_traj": 0.00934425897651438,
    "throttle_traj": 0.75,
    "brake_traj": 0.0,
    "plan": [
        [
            0.05365760251879692,
            3.1575562953948975
        ],
        [
            0.1455589085817337,
            6.975368499755859
        ],
        [
            0.33606910705566406,
            11.025428771972656
        ],
        [
            0.616491436958313,
            15.207683563232422
        ],
        [
            0.9127241373062134,
            19.272708892822266
        ],
        [
            1.2717840671539307,
            23.03603744506836
        ]
    ]
}