{
    "speed": 5.005928055863363,
    "steer": 0.007961547933518887,
    "throttle": 0.0,
    "brake": 0.0,
    "wp_4": [
        0.5530190467834473,
        15.353622436523438
    ],
    "wp_3": [
        0.2961044907569885,
        11.146369934082031
    ],
    "wp_2": [
        0.12872037291526794,
        7.079736709594727
    ],
    "wp_1": [
        0.05021556839346886,
        3.223560333251953
    ],
    "aim": [
        0.05021556839346886,
        3.223560333251953
    ],
    "target": [
        0.32499713100407923,
        15.437024584242398
    ],
    "desired_speed": 8.080474948883056,
    "angle": 0.009916268482461655,
    "angle_last": 0.05613289528333449,
    "angle_target": 0.013400836303016705,
    "angle_final": 0.009916268482461655,
    "delta": 0.25,
    "agent": "only_traj",
    "steer_traj": 0.007961547525761573,
    "throttle_traj": 0.0,
    "brake_traj": 0.0,
    "plan": [
        [
            0.05021556839346886,
            3.223560333251953
        ],
        [
            0.12872037291526794,
            7.079736709594727
        ],
        [
            0.2961044907569885,
            11.146369934082031
        ],
        [
            0.5530190467834473,
            15.353622436523438
        ],
        [
            0.8393720388412476,
            19.495023727416992
        ],
        [
            1.183485746383667,
            23.38759994506836
        ]
    ]
}