{
    "speed": 5.084379436722924,
    "steer": -0.0008119533304125071,
    "throttle": 0.0,
    "brake": 0.0,
    "wp_4": [
        0.3390527665615082,
        15.123260498046875
    ],
    "wp_3": [
        0.15789227187633514,
        10.889120101928711
    ],
    "wp_2": [
        0.054487861692905426,
        6.8353166580200195
    ],
    "wp_1": [
        0.030149441212415695,
        3.0421671867370605
    ],
    "aim": [
        0.030149441212415695,
        3.0421671867370605
    ],
    "target": [
        0.021584692474298117,
        15.551938212692406
    ],
    "desired_speed": 8.134688949584962,
    "angle": 0.006309017908805586,
    "angle_last": 0.03902972214666867,
    "angle_target": 0.0008835704590943004,
    "angle_final": 0.0008835704590943004,
    "delta": 0.25,
    "agent": "only_traj",
    "steer_traj": -0.0008119533199147811,
    "throttle_traj": 0.0,
    "brake_traj": 0.0,
    "plan": [
        [
            0.030149441212415695,
            3.0421671867370605
        ],
        [
            0.054487861692905426,
            6.8353166580200195
        ],
        [
            0.15789227187633514,
            10.889120101928711
        ],
        [
            0.3390527665615082,
            15.123260498046875
        ],
        [
            0.5339512825012207,
            19.347023010253906
        ],
        [
            0.7803829908370972,
            23.361568450927734
        ]
    ]
}