{
    "speed": 4.983408380540555,
    "steer": 0.008384332060813904,
    "throttle": 0.75,
    "brake": 0.0,
    "wp_4": [
        0.34798192977905273,
        14.91336441040039
    ],
    "wp_3": [
        0.16445457935333252,
        10.717957496643066
    ],
    "wp_2": [
        0.06032826751470566,
        6.719280242919922
    ],
    "wp_1": [
        0.03320690616965294,
        2.985778331756592
    ],
    "aim": [
        0.03320690616965294,
        2.985778331756592
    ],
    "target": [
        0.6426183856858476,
        15.326856568906917
    ],
    "desired_speed": 8.06382818222046,
    "angle": 0.00707999448411847,
    "angle_last": 0.037951311167714434,
    "angle_target": 0.026676317924343395,
    "angle_final": 0.00707999448411847,
    "delta": 0.25,
    "agent": "only_traj",
    "steer_traj": 0.008384331858393759,
    "throttle_traj": 0.75,
    "brake_traj": 0.0,
    "plan": [
        [
            0.03320690616965294,
            2.985778331756592
        ],
        [
            0.06032826751470566,
            6.719280242919922
        ],
        [
            0.16445457935333252,
            10.717957496643066
        ],
        [
            0.34798192977905273,
            14.91336441040039
        ],
        [
            0.5441279411315918,
            19.11917495727539
        ],
        [
            0.7834032773971558,
            23.128177642822266
        ]
    ]
}