{
    "speed": 4.827035069490183,
    "steer": -0.0019233700586482882,
    "throttle": 0.75,
    "brake": 0.0,
    "wp_4": [
        0.32868462800979614,
        14.90034294128418
    ],
    "wp_3": [
        0.15349259972572327,
        10.684680938720703
    ],
    "wp_2": [
        0.056064121425151825,
        6.674650192260742
    ],
    "wp_1": [
        0.03394490107893944,
        2.956289052963257
    ],
    "aim": [
        0.03394490107893944,
        2.956289052963257
    ],
    "target": [
        -0.02308867073928858,
        14.632461312407553
    ],
    "desired_speed": 8.122626781463623,
    "angle": 0.007309488840230898,
    "angle_last": 0.04212440496861067,
    "angle_target": -0.0010045262924402532,
    "angle_final": -0.0010045262924402532,
    "delta": 0.25,
    "agent": "only_traj",
    "steer_traj": -0.0019233700049193882,
    "throttle_traj": 0.75,
    "brake_traj": 0.0,
    "plan": [
        [
            0.03394490107893944,
            2.956289052963257
        ],
        [
            0.056064121425151825,
            6.674650192260742
        ],
        [
            0.15349259972572327,
            10.684680938720703
        ],
        [
            0.32868462800979614,
            14.90034294128418
        ],
        [
            0.5267384648323059,
            19.14987564086914
        ],
        [
            0.7980629205703735,
            23.244375228881836
        ]
    ]
}