{
    "speed": 4.847919724680717,
    "steer": 0.00996407587081194,
    "throttle": 0.75,
    "brake": 0.0,
    "wp_4": [
        0.4427216351032257,
        15.289823532104492
    ],
    "wp_3": [
        0.22810158133506775,
        11.09544563293457
    ],
    "wp_2": [
        0.09188723564147949,
        7.0515899658203125
    ],
    "wp_1": [
        0.038078125566244125,
        3.2052340507507324
    ],
    "aim": [
        0.038078125566244125,
        3.2052340507507324
    ],
    "target": [
        -0.22197735423361356,
        15.810800504619653
    ],
    "desired_speed": 8.08631353378296,
    "angle": 0.0075626611854660375,
    "angle_last": 0.04213313243255013,
    "angle_target": -0.00893730136441021,
    "angle_final": 0.0075626611854660375,
    "delta": 0.25,
    "agent": "only_traj",
    "steer_traj": 0.00996407626588794,
    "throttle_traj": 0.75,
    "brake_traj": 0.0,
    "plan": [
        [
            0.038078125566244125,
            3.2052340507507324
        ],
        [
            0.09188723564147949,
            7.0515899658203125
        ],
        [
            0.22810158133506775,
            11.09544563293457
        ],
        [
            0.4427216351032257,
            15.289823532104492
        ],
        [
            0.661998987197876,
            19.44771957397461
        ],
        [
            0.9238487482070923,
            23.398414611816406
        ]
    ]
}