{
    "speed": 4.946932417993783,
    "steer": 0.007891553454101086,
    "throttle": 0.75,
    "brake": 0.0,
    "wp_4": [
        0.4186704754829407,
        15.39295768737793
    ],
    "wp_3": [
        0.21584542095661163,
        11.163127899169922
    ],
    "wp_2": [
        0.08812378346920013,
        7.092279434204102
    ],
    "wp_1": [
        0.03962508961558342,
        3.22491455078125
    ],
    "aim": [
        0.03962508961558342,
        3.22491455078125
    ],
    "target": [
        0.45248315950835,
        14.718706418774556
    ],
    "desired_speed": 8.178699779510499,
    "angle": 0.007821828918972632,
    "angle_last": 0.0453997842395949,
    "angle_target": 0.01956483289839459,
    "angle_final": 0.007821828918972632,
    "delta": 0.25,
    "agent": "only_traj",
    "steer_traj": 0.007891553375882411,
    "throttle_traj": 0.75,
    "brake_traj": 0.0,
    "plan": [
        [
            0.03962508961558342,
            3.22491455078125
        ],
        [
            0.08812378346920013,
            7.092279434204102
        ],
        [
            0.21584542095661163,
            11.163127899169922
        ],
        [
            0.4186704754829407,
            15.39295768737793
        ],
        [
            0.654184103012085,
            19.613691329956055
        ],
        [
            0.9423496723175049,
            23.64765167236328
        ]
    ]
}