{
    "speed": 5.0899271363560965,
    "steer": 0.007517349906265736,
    "throttle": 0.0,
    "brake": 0.0,
    "wp_4": [
        0.4008020758628845,
        15.491382598876953
    ],
    "wp_3": [
        0.20494067668914795,
        11.267229080200195
    ],
    "wp_2": [
        0.08418597280979156,
        7.196013450622559
    ],
    "wp_1": [
        0.03791685029864311,
        3.299187660217285
    ],
    "aim": [
        0.03791685029864311,
        3.299187660217285
    ],
    "target": [
        0.4120368611728401,
        13.614582031957895
    ],
    "desired_speed": 8.220157814025878,
    "angle": 0.007316243138410132,
    "angle_last": 0.04256305489530705,
    "angle_target": 0.01926102246794606,
    "angle_final": 0.007316243138410132,
    "delta": 0.25,
    "agent": "only_traj",
    "steer_traj": 0.007517350078554646,
    "throttle_traj": 0.0,
    "brake_traj": 0.0,
    "plan": [
        [
            0.03791685029864311,
            3.299187660217285
        ],
        [
            0.08418597280979156,
            7.196013450622559
        ],
        [
            0.20494067668914795,
            11.267229080200195
        ],
        [
            0.4008020758628845,
            15.491382598876953
        ],
        [
            0.6329110860824585,
            19.734804153442383
        ],
        [
            0.9069467186927795,
            23.827470779418945
        ]
    ]
}