{
    "speed": 5.199705802811084,
    "steer": -0.00044092812458984554,
    "throttle": 0.0,
    "brake": 0.0,
    "wp_4": [
        0.4134119153022766,
        15.708054542541504
    ],
    "wp_3": [
        0.2136339247226715,
        11.501955032348633
    ],
    "wp_2": [
        0.0909508466720581,
        7.408044815063477
    ],
    "wp_1": [
        0.03628801926970482,
        3.4387426376342773
    ],
    "aim": [
        0.03628801926970482,
        3.4387426376342773
    ],
    "target": [
        -0.010740865174247258,
        15.004292416300387
    ],
    "desired_speed": 8.159471988677979,
    "angle": 0.006717842676126239,
    "angle_last": 0.03732566583974127,
    "angle_target": -0.00045572598723976827,
    "angle_final": -0.00045572598723976827,
    "delta": 0.25,
    "agent": "only_traj",
    "steer_traj": -0.0004409281337546878,
    "throttle_traj": 0.0,
    "brake_traj": 0.0,
    "plan": [
        [
            0.03628801926970482,
            3.4387426376342773
        ],
        [
            0.0909508466720581,
            7.408044815063477
        ],
        [
            0.2136339247226715,
            11.501955032348633
        ],
        [
            0.4134119153022766,
            15.708054542541504
        ],
        [
            0.6220706701278687,
            19.862829208374023
        ],
        [
            0.854257345199585,
            23.818422317504883
        ]
    ]
}