{
    "speed": 5.073153512615002,
    "steer": 0.008105405606329441,
    "throttle": 0.0,
    "brake": 0.0,
    "wp_4": [
        0.2604132294654846,
        14.86782455444336
    ],
    "wp_3": [
        0.1127166599035263,
        10.635082244873047
    ],
    "wp_2": [
        0.029982933774590492,
        6.617709159851074
    ],
    "wp_1": [
        0.024222206324338913,
        2.8979499340057373
    ],
    "aim": [
        0.024222206324338913,
        2.8979499340057373
    ],
    "target": [
        -0.4601799715760934,
        14.416797646613354
    ],
    "desired_speed": 8.100583839416505,
    "angle": 0.005320993099867852,
    "angle_last": 0.0338314928423443,
    "angle_target": -0.02031382010003447,
    "angle_final": 0.005320993099867852,
    "delta": 0.25,
    "agent": "only_traj",
    "steer_traj": 0.008105406052349287,
    "throttle_traj": 0.0,
    "brake_traj": 0.0,
    "plan": [
        [
            0.024222206324338913,
            2.8979499340057373
        ],
        [
            0.029982933774590492,
            6.617709159851074
        ],
        [
            0.1127166599035263,
            10.635082244873047
        ],
        [
            0.2604132294654846,
            14.86782455444336
        ],
        [
            0.4307473301887512,
            19.099510192871094
        ],
        [
            0.6455029845237732,
            23.136842727661133
        ]
    ]
}