{
    "speed": 4.927470768726308,
    "steer": 0.008420937694609165,
    "throttle": 0.75,
    "brake": 0.0,
    "wp_4": [
        0.3882487416267395,
        15.257993698120117
    ],
    "wp_3": [
        0.19285398721694946,
        11.06026554107666
    ],
    "wp_2": [
        0.07297858595848083,
        7.039830207824707
    ],
    "wp_1": [
        0.034828390926122665,
        3.202070713043213
    ],
    "aim": [
        0.034828390926122665,
        3.202070713043213
    ],
    "target": [
        0.7537036617764452,
        14.486187901405799
    ],
    "desired_speed": 8.044474983215332,
    "angle": 0.006924114389060623,
    "angle_last": 0.04264699033110742,
    "angle_target": 0.03309292920963336,
    "angle_final": 0.006924114389060623,
    "delta": 0.25,
    "agent": "only_traj",
    "steer_traj": 0.008420937658945228,
    "throttle_traj": 0.75,
    "brake_traj": 0.0,
    "plan": [
        [
            0.034828390926122665,
            3.202070713043213
        ],
        [
            0.07297858595848083,
            7.039830207824707
        ],
        [
            0.19285398721694946,
            11.06026554107666
        ],
        [
            0.3882487416267395,
            15.257993698120117
        ],
        [
            0.5950471758842468,
            19.384490966796875
        ],
        [
            0.8572542667388916,
            23.29277229309082
        ]
    ]
}