{
    "speed": 4.904675806303875,
    "steer": 0.007454877253621817,
    "throttle": 0.75,
    "brake": 0.0,
    "wp_4": [
        0.3004275858402252,
        15.210274696350098
    ],
    "wp_3": [
        0.13897328078746796,
        10.96499252319336
    ],
    "wp_2": [
        0.03989291936159134,
        6.923474311828613
    ],
    "wp_1": [
        0.025461267679929733,
        3.090324878692627
    ],
    "aim": [
        0.025461267679929733,
        3.090324878692627
    ],
    "target": [
        0.540056337665347,
        12.354695193761914
    ],
    "desired_speed": 8.117690372467042,
    "angle": 0.005245026218099156,
    "angle_last": 0.03965544336563262,
    "angle_target": 0.02781062618492668,
    "angle_final": 0.005245026218099156,
    "delta": 0.25,
    "agent": "only_traj",
    "steer_traj": 0.007454877125694703,
    "throttle_traj": 0.75,
    "brake_traj": 0.0,
    "plan": [
        [
            0.025461267679929733,
            3.090324878692627
        ],
        [
            0.03989291936159134,
            6.923474311828613
        ],
        [
            0.13897328078746796,
            10.96499252319336
        ],
        [
            0.3004275858402252,
            15.210274696350098
        ],
        [
            0.4822574257850647,
            19.396339416503906
        ],
        [
            0.730010986328125,
            23.368574142456055
        ]
    ]
}