{
    "speed": 5.008045857729675,
    "steer": 0.006640030071139336,
    "throttle": 0.0,
    "brake": 0.0,
    "wp_4": [
        0.32718247175216675,
        15.376337051391602
    ],
    "wp_3": [
        0.16119703650474548,
        11.199466705322266
    ],
    "wp_2": [
        0.05122961848974228,
        7.177603721618652
    ],
    "wp_1": [
        0.025372471660375595,
        3.2935242652893066
    ],
    "aim": [
        0.025372471660375595,
        3.2935242652893066
    ],
    "target": [
        -0.602983606893647,
        12.885292485581955
    ],
    "desired_speed": 7.983000087738036,
    "angle": 0.004904275669506297,
    "angle_last": 0.03779543107265659,
    "angle_target": -0.02976971167222206,
    "angle_final": 0.004904275669506297,
    "delta": 0.25,
    "agent": "only_traj",
    "steer_traj": 0.006640029865887874,
    "throttle_traj": 0.0,
    "brake_traj": 0.0,
    "plan": [
        [
            0.025372471660375595,
            3.2935242652893066
        ],
        [
            0.05122961848974228,
            7.177603721618652
        ],
        [
            0.16119703650474548,
            11.199466705322266
        ],
        [
            0.32718247175216675,
            15.376337051391602
        ],
        [
            0.5050716400146484,
            19.431533813476562
        ],
        [
            0.7311763167381287,
            23.235525131225586
        ]
    ]
}