{
    "speed": 5.123591578731321,
    "steer": 0.007552177645266056,
    "throttle": 0.0,
    "brake": 0.0,
    "wp_4": [
        0.3875148296356201,
        15.473636627197266
    ],
    "wp_3": [
        0.18796765804290771,
        11.28600788116455
    ],
    "wp_2": [
        0.06734392046928406,
        7.245372772216797
    ],
    "wp_1": [
        0.029398944228887558,
        3.3422012329101562
    ],
    "aim": [
        0.029398944228887558,
        3.3422012329101562
    ],
    "target": [
        0.5505181193409389,
        12.332082205707048
    ],
    "desired_speed": 8.039705657958985,
    "angle": 0.005599740708995151,
    "angle_last": 0.043123433971211204,
    "angle_target": 0.028400571966979926,
    "angle_final": 0.005599740708995151,
    "delta": 0.25,
    "agent": "only_traj",
    "steer_traj": 0.007552177439289765,
    "throttle_traj": 0.0,
    "brake_traj": 0.0,
    "plan": [
        [
            0.029398944228887558,
            3.3422012329101562
        ],
        [
            0.06734392046928406,
            7.245372772216797
        ],
        [
            0.18796765804290771,
            11.28600788116455
        ],
        [
            0.3875148296356201,
            15.473636627197266
        ],
        [
            0.6048376560211182,
            19.57305145263672
        ],
        [
            0.865830659866333,
            23.420129776000977
        ]
    ]
}