{
    "speed": 5.078575337399885,
    "steer": 0.006556153763085604,
    "throttle": 0.0,
    "brake": 0.0,
    "wp_4": [
        0.2768406569957733,
        15.236724853515625
    ],
    "wp_3": [
        0.12124323844909668,
        11.018522262573242
    ],
    "wp_2": [
        0.033756040036678314,
        6.995212078094482
    ],
    "wp_1": [
        0.023554470390081406,
        3.157214879989624
    ],
    "aim": [
        0.023554470390081406,
        3.157214879989624
    ],
    "target": [
        0.7394687371881309,
        11.389074250882867
    ],
    "desired_speed": 8.096294784545899,
    "angle": 0.004749458048319341,
    "angle_last": 0.03799183695678984,
    "angle_target": 0.04127645138552648,
    "angle_final": 0.004749458048319341,
    "delta": 0.25,
    "agent": "only_traj",
    "steer_traj": 0.006556153719924041,
    "throttle_traj": 0.0,
    "brake_traj": 0.0,
    "plan": [
        [
            0.023554470390081406,
            3.157214879989624
        ],
        [
            0.033756040036678314,
            6.995212078094482
        ],
        [
            0.12124323844909668,
            11.018522262573242
        ],
        [
            0.2768406569957733,
            15.236724853515625
        ],
        [
            0.4593452215194702,
            19.414579391479492
        ],
        [
            0.6964554190635681,
            23.383056640625
        ]
    ]
}