{
    "speed": 4.966207892217512,
    "steer": 0.007265972439199686,
    "throttle": 0.75,
    "brake": 0.0,
    "wp_4": [
        0.23151732981204987,
        14.753578186035156
    ],
    "wp_3": [
        0.09529277682304382,
        10.554097175598145
    ],
    "wp_2": [
        0.020054006949067116,
        6.586312294006348
    ],
    "wp_1": [
        0.022978510707616806,
        2.888549327850342
    ],
    "aim": [
        0.022978510707616806,
        2.888549327850342
    ],
    "target": [
        0.8559433201168822,
        11.984002733574021
    ],
    "desired_speed": 7.988386344909669,
    "angle": 0.005064253878066151,
    "angle_last": 0.034887895433972936,
    "angle_target": 0.04539273598791609,
    "angle_final": 0.005064253878066151,
    "delta": 0.25,
    "agent": "only_traj",
    "steer_traj": 0.007265972591681154,
    "throttle_traj": 0.75,
    "brake_traj": 0.0,
    "plan": [
        [
            0.022978510707616806,
            2.888549327850342
        ],
        [
            0.020054006949067116,
            6.586312294006348
        ],
        [
            0.09529277682304382,
            10.554097175598145
        ],
        [
            0.23151732981204987,
            14.753578186035156
        ],
        [
            0.39610737562179565,
            18.918991088867188
        ],
        [
            0.6116086840629578,
            22.847434997558594
        ]
    ]
}