{
    "speed": 4.863987803423786,
    "steer": 0.004569272976368666,
    "throttle": 0.75,
    "brake": 0.0,
    "wp_4": [
        0.1319422721862793,
        10.98896598815918
    ],
    "wp_3": [
        0.021207451820373535,
        6.9603986740112305
    ],
    "wp_2": [
        0.01369296945631504,
        3.517979860305786
    ],
    "wp_1": [
        0.027640368789434433,
        0.9928299784660339
    ],
    "aim": [
        0.01369296945631504,
        3.517979860305786
    ],
    "target": [
        0.8190001923564978,
        11.562036070677095
    ],
    "desired_speed": 7.394013595581055,
    "angle": 0.0024778889123546564,
    "angle_last": 0.022358672311492325,
    "angle_target": 0.045019949526457846,
    "angle_final": 0.0024778889123546564,
    "delta": 0.25,
    "agent": "only_traj",
    "steer_traj": 0.004569273034708487,
    "throttle_traj": 0.75,
    "brake_traj": 0.0,
    "plan": [
        [
            0.027640368789434433,
            0.9928299784660339
        ],
        [
            0.01369296945631504,
            3.517979860305786
        ],
        [
            0.021207451820373535,
            6.9603986740112305
        ],
        [
            0.1319422721862793,
            10.98896598815918
        ],
        [
            0.23062261939048767,
            15.234453201293945
        ],
        [
            0.37952920794487,
            19.4725341796875
        ]
    ]
}