{
    "speed": 4.7930292289759775,
    "steer": 0.001666828291490674,
    "throttle": 0.75,
    "brake": 0.0,
    "wp_4": [
        0.0021719709038734436,
        14.45908260345459
    ],
    "wp_3": [
        -0.03966215252876282,
        10.236246109008789
    ],
    "wp_2": [
        -0.028319692239165306,
        6.214536666870117
    ],
    "wp_1": [
        -0.003946397453546524,
        2.61533260345459
    ],
    "aim": [
        -0.003946397453546524,
        2.61533260345459
    ],
    "target": [
        -0.19957498020431333,
        10.924650158263203
    ],
    "desired_speed": 7.98384656906128,
    "angle": -0.0009605800978113183,
    "angle_last": 0.00659156006747178,
    "angle_target": -0.011628678772776605,
    "angle_final": -0.0009605800978113183,
    "delta": 0.25,
    "agent": "only_traj",
    "steer_traj": 0.001666828258549958,
    "throttle_traj": 0.75,
    "brake_traj": 0.0,
    "plan": [
        [
            -0.003946397453546524,
            2.61533260345459
        ],
        [
            -0.028319692239165306,
            6.214536666870117
        ],
        [
            -0.03966215252876282,
            10.236246109008789
        ],
        [
            0.0021719709038734436,
            14.45908260345459
        ],
        [
            0.03911237046122551,
            18.670642852783203
        ],
        [
            0.0795319452881813,
            22.57427215576172
        ]
    ]
}