{
    "speed": 4.9078057584338675,
    "steer": 0.0002875213685911149,
    "throttle": 0.75,
    "brake": 0.0,
    "wp_4": [
        -0.08004261553287506,
        15.132461547851562
    ],
    "wp_3": [
        -0.07702963054180145,
        10.929306030273438
    ],
    "wp_2": [
        -0.0552251823246479,
        6.854644775390625
    ],
    "wp_1": [
        -0.01202254369854927,
        3.0607407093048096
    ],
    "aim": [
        -0.01202254369854927,
        3.0607407093048096
    ],
    "target": [
        -1.5406462517907242,
        11.238520999352348
    ],
    "desired_speed": 8.009364891052247,
    "angle": -0.002500635973667638,
    "angle_last": -0.0035270616239389983,
    "angle_target": -0.0867311857928456,
    "angle_final": -0.002500635973667638,
    "delta": 0.25,
    "agent": "only_traj",
    "steer_traj": 0.0002875213591285815,
    "throttle_traj": 0.75,
    "brake_traj": 0.0,
    "plan": [
        [
            -0.01202254369854927,
            3.0607407093048096
        ],
        [
            -0.0552251823246479,
            6.854644775390625
        ],
        [
            -0.07702963054180145,
            10.929306030273438
        ],
        [
            -0.08004261553287506,
            15.132461547851562
        ],
        [
            -0.08504892140626907,
            19.27020263671875
        ],
        [
            -0.10617758333683014,
            23.083786010742188
        ]
    ]
}