{
    "speed": 5.049868745111875,
    "steer": 0.0035853644367307425,
    "throttle": 0.0,
    "brake": 0.0,
    "wp_4": [
        -0.02033100090920925,
        15.085906982421875
    ],
    "wp_3": [
        -0.040239930152893066,
        10.827840805053711
    ],
    "wp_2": [
        -0.03162673860788345,
        6.735342025756836
    ],
    "wp_1": [
        -0.002760801464319229,
        2.9504966735839844
    ],
    "aim": [
        -0.002760801464319229,
        2.9504966735839844
    ],
    "target": [
        -0.21027770146725333,
        10.784034567854587
    ],
    "desired_speed": 8.158345413208007,
    "angle": -0.0005956962141510816,
    "angle_last": 0.0038202487572344956,
    "angle_target": -0.012411864929110459,
    "angle_final": -0.0005956962141510816,
    "delta": 0.25,
    "agent": "only_traj",
    "steer_traj": 0.0035853643633830716,
    "throttle_traj": 0.0,
    "brake_traj": 0.0,
    "plan": [
        [
            -0.002760801464319229,
            2.9504966735839844
        ],
        [
            -0.03162673860788345,
            6.735342025756836
        ],
        [
            -0.040239930152893066,
            10.827840805053711
        ],
        [
            -0.02033100090920925,
            15.085906982421875
        ],
        [
            0.006306169554591179,
            19.34291648864746
        ],
        [
            0.030328715220093727,
            23.346038818359375
        ]
    ]
}