{
    "speed": 5.1888888935453314,
    "steer": 0.0055408901534974575,
    "throttle": 0.0,
    "brake": 0.0,
    "wp_4": [
        0.06683147698640823,
        15.062063217163086
    ],
    "wp_3": [
        0.02276398241519928,
        10.845781326293945
    ],
    "wp_2": [
        -0.007633170112967491,
        6.808613300323486
    ],
    "wp_1": [
        0.008303146809339523,
        3.014742612838745
    ],
    "aim": [
        0.008303146809339523,
        3.014742612838745
    ],
    "target": [
        1.2747134023082005,
        11.024295035875884
    ],
    "desired_speed": 8.039085483551025,
    "angle": 0.0017533576233978595,
    "angle_last": 0.00796420041767201,
    "angle_target": 0.07328540621802257,
    "angle_final": 0.0017533576233978595,
    "delta": 0.25,
    "agent": "only_traj",
    "steer_traj": 0.005540890211440035,
    "throttle_traj": 0.0,
    "brake_traj": 0.0,
    "plan": [
        [
            0.008303146809339523,
            3.014742612838745
        ],
        [
            -0.007633170112967491,
            6.808613300323486
        ],
        [
            0.02276398241519928,
            10.845781326293945
        ],
        [
            0.06683147698640823,
            15.062063217163086
        ],
        [
            0.1195872575044632,
            19.217016220092773
        ],
        [
            0.16830971837043762,
            23.111438751220703
        ]
    ]
}