{
    "speed": 4.999915745647988,
    "steer": 0.0021315657068043947,
    "throttle": 0.75,
    "brake": 0.0,
    "wp_4": [
        -0.07410141825675964,
        14.496635437011719
    ],
    "wp_3": [
        -0.06969848275184631,
        10.312433242797852
    ],
    "wp_2": [
        -0.03564981371164322,
        6.296687126159668
    ],
    "wp_1": [
        -0.011749479919672012,
        2.6807360649108887
    ],
    "aim": [
        -0.011749479919672012,
        2.6807360649108887
    ],
    "target": [
        -0.5081967851424802,
        10.747320956052427
    ],
    "desired_speed": 7.928500652313232,
    "angle": -0.0027902359944761788,
    "angle_last": -0.00928225490958252,
    "angle_target": -0.030080734943491123,
    "angle_final": -0.0027902359944761788,
    "delta": 0.25,
    "agent": "only_traj",
    "steer_traj": 0.0021315657133262425,
    "throttle_traj": 0.75,
    "brake_traj": 0.0,
    "plan": [
        [
            -0.011749479919672012,
            2.6807360649108887
        ],
        [
            -0.03564981371164322,
            6.296687126159668
        ],
        [
            -0.06969848275184631,
            10.312433242797852
        ],
        [
            -0.07410141825675964,
            14.496635437011719
        ],
        [
            -0.0960925817489624,
            18.65643310546875
        ],
        [
            -0.15215682983398438,
            22.50129508972168
        ]
    ]
}