{
    "speed": 4.918984066799065,
    "steer": 0.006001465022563934,
    "throttle": 0.75,
    "brake": 0.0,
    "wp_4": [
        -0.06945071369409561,
        14.541633605957031
    ],
    "wp_3": [
        -0.07522070407867432,
        10.356821060180664
    ],
    "wp_2": [
        -0.03698671609163284,
        6.328780651092529
    ],
    "wp_1": [
        -0.017660800367593765,
        2.6996407508850098
    ],
    "aim": [
        -0.017660800367593765,
        2.6996407508850098
    ],
    "target": [
        0.028233491440823957,
        9.809011565652927
    ],
    "desired_speed": 7.9674165725708015,
    "angle": -0.0041646218374643,
    "angle_last": -0.007896940763922378,
    "angle_target": 0.0018323914838443342,
    "angle_final": 0.0018323914838443342,
    "delta": 0.25,
    "agent": "only_traj",
    "steer_traj": 0.00600146486235111,
    "throttle_traj": 0.75,
    "brake_traj": 0.0,
    "plan": [
        [
            -0.017660800367593765,
            2.6996407508850098
        ],
        [
            -0.03698671609163284,
            6.328780651092529
        ],
        [
            -0.07522070407867432,
            10.356821060180664
        ],
        [
            -0.06945071369409561,
            14.541633605957031
        ],
        [
            -0.08963033556938171,
            18.72577476501465
        ],
        [
            -0.1379092037677765,
            22.617597579956055
        ]
    ]
}