{
    "speed": 4.881588911159807,
    "steer": -0.001980844186618924,
    "throttle": 0.75,
    "brake": 0.0,
    "wp_4": [
        -0.10231728106737137,
        14.912818908691406
    ],
    "wp_3": [
        -0.09142929315567017,
        10.721792221069336
    ],
    "wp_2": [
        -0.04989961162209511,
        6.6559038162231445
    ],
    "wp_1": [
        -0.017735574394464493,
        2.9186739921569824
    ],
    "aim": [
        -0.017735574394464493,
        2.9186739921569824
    ],
    "target": [
        -0.4799224143774382,
        9.271084892712137
    ],
    "desired_speed": 7.972171401977539,
    "angle": -0.00386841930045808,
    "angle_last": -0.0131984577066955,
    "angle_target": -0.0329255567247002,
    "angle_final": -0.00386841930045808,
    "delta": 0.25,
    "agent": "only_traj",
    "steer_traj": -0.001980844151313851,
    "throttle_traj": 0.75,
    "brake_traj": 0.0,
    "plan": [
        [
            -0.017735574394464493,
            2.9186739921569824
        ],
        [
            -0.04989961162209511,
            6.6559038162231445
        ],
        [
            -0.09142929315567017,
            10.721792221069336
        ],
        [
            -0.10231728106737137,
            14.912818908691406
        ],
        [
            -0.1523960828781128,
            19.04302215576172
        ],
        [
            -0.23128458857536316,
            22.84761619567871
        ]
    ]
}