{
    "speed": 4.982069336677001,
    "steer": 0.0012925121700391173,
    "throttle": 0.75,
    "brake": 0.0,
    "wp_4": [
        -0.09678627550601959,
        15.094137191772461
    ],
    "wp_3": [
        -0.08532541990280151,
        10.903975486755371
    ],
    "wp_2": [
        -0.0496700145304203,
        6.832302093505859
    ],
    "wp_1": [
        -0.012077901512384415,
        3.038712501525879
    ],
    "aim": [
        -0.012077901512384415,
        3.038712501525879
    ],
    "target": [
        -0.3182671011030975,
        9.110247607084771
    ],
    "desired_speed": 8.01567850112915,
    "angle": -0.0025303093510618043,
    "angle_last": -0.010736022728924346,
    "angle_target": -0.022231312549387688,
    "angle_final": -0.0025303093510618043,
    "delta": 0.25,
    "agent": "only_traj",
    "steer_traj": 0.0012925122254444498,
    "throttle_traj": 0.75,
    "brake_traj": 0.0,
    "plan": [
        [
            -0.012077901512384415,
            3.038712501525879
        ],
        [
            -0.0496700145304203,
            6.832302093505859
        ],
        [
            -0.08532541990280151,
            10.903975486755371
        ],
        [
            -0.09678627550601959,
            15.094137191772461
        ],
        [
            -0.1425429731607437,
            19.234663009643555
        ],
        [
            -0.20734252035617828,
            23.076751708984375
        ]
    ]
}