{
    "speed": 5.126107077454784,
    "steer": -0.0031547960825264454,
    "throttle": 0.0,
    "brake": 0.0,
    "wp_4": [
        -0.1368086040019989,
        15.450915336608887
    ],
    "wp_3": [
        -0.12278517335653305,
        11.239734649658203
    ],
    "wp_2": [
        -0.07353675365447998,
        7.126391410827637
    ],
    "wp_1": [
        -0.031387630850076675,
        3.237421751022339
    ],
    "aim": [
        -0.031387630850076675,
        3.237421751022339
    ],
    "target": [
        -0.6902676924761861,
        7.89256147687044
    ],
    "desired_speed": 8.035124206542969,
    "angle": -0.006172014434531048,
    "angle_last": -0.013209158336395185,
    "angle_target": -0.05553618685009692,
    "angle_final": -0.006172014434531048,
    "delta": 0.25,
    "agent": "only_traj",
    "steer_traj": -0.003154796120836181,
    "throttle_traj": 0.0,
    "brake_traj": 0.0,
    "plan": [
        [
            -0.031387630850076675,
            3.237421751022339
        ],
        [
            -0.07353675365447998,
            7.126391410827637
        ],
        [
            -0.12278517335653305,
            11.239734649658203
        ],
        [
            -0.1368086040019989,
            15.450915336608887
        ],
        [
            -0.20363527536392212,
            19.541942596435547
        ],
        [
            -0.28210610151290894,
            23.323326110839844
        ]
    ]
}