{
    "speed": 5.165417048116861,
    "steer": 0.00018103554612025619,
    "throttle": 0.0,
    "brake": 0.0,
    "wp_4": [
        -0.1448364108800888,
        15.259855270385742
    ],
    "wp_3": [
        -0.11644064635038376,
        11.077260971069336
    ],
    "wp_2": [
        -0.06264880299568176,
        6.982629776000977
    ],
    "wp_1": [
        -0.019098494201898575,
        3.1482486724853516
    ],
    "aim": [
        -0.019098494201898575,
        3.1482486724853516
    ],
    "target": [
        -0.7408712765367147,
        7.997916663770815
    ],
    "desired_speed": 7.983830165863038,
    "angle": -0.003861892675251179,
    "angle_last": -0.01578816187600122,
    "angle_target": -0.05880420614591461,
    "angle_final": -0.003861892675251179,
    "delta": 0.25,
    "agent": "only_traj",
    "steer_traj": 0.00018103554180827475,
    "throttle_traj": 0.0,
    "brake_traj": 0.0,
    "plan": [
        [
            -0.019098494201898575,
            3.1482486724853516
        ],
        [
            -0.06264880299568176,
            6.982629776000977
        ],
        [
            -0.11644064635038376,
            11.077260971069336
        ],
        [
            -0.1448364108800888,
            15.259855270385742
        ],
        [
            -0.2158535122871399,
            19.34276008605957
        ],
        [
            -0.3091849982738495,
            23.1053524017334
        ]
    ]
}