{
    "speed": 5.093849595603182,
    "steer": -0.00010825854405993596,
    "throttle": 0.0,
    "brake": 0.0,
    "wp_4": [
        -0.08757953345775604,
        14.488717079162598
    ],
    "wp_3": [
        -0.07901015877723694,
        10.330083847045898
    ],
    "wp_2": [
        -0.035427577793598175,
        6.337765693664551
    ],
    "wp_1": [
        -0.014403406530618668,
        2.7085256576538086
    ],
    "aim": [
        -0.014403406530618668,
        2.7085256576538086
    ],
    "target": [
        -0.9116287190519554,
        8.662404951846051
    ],
    "desired_speed": 7.917918586730957,
    "angle": -0.0033853731441566225,
    "angle_last": -0.012938455172290345,
    "angle_target": -0.06675194968591686,
    "angle_final": -0.0033853731441566225,
    "delta": 0.25,
    "agent": "only_traj",
    "steer_traj": -0.00010825854344369222,
    "throttle_traj": 0.0,
    "brake_traj": 0.0,
    "plan": [
        [
            -0.014403406530618668,
            2.7085256576538086
        ],
        [
            -0.035427577793598175,
            6.337765693664551
        ],
        [
            -0.07901015877723694,
            10.330083847045898
        ],
        [
            -0.08757953345775604,
            14.488717079162598
        ],
        [
            -0.13961605727672577,
            18.632095336914062
        ],
        [
            -0.21827547252178192,
            22.501888275146484
        ]
    ]
}