{
    "speed": 4.959955834860085,
    "steer": -0.0009483134490437806,
    "throttle": 0.75,
    "brake": 0.0,
    "wp_4": [
        -0.08153329789638519,
        14.683650016784668
    ],
    "wp_3": [
        -0.09151044487953186,
        10.470612525939941
    ],
    "wp_2": [
        -0.040212519466876984,
        6.420849800109863
    ],
    "wp_1": [
        -0.016851548105478287,
        2.7457311153411865
    ],
    "aim": [
        -0.016851548105478287,
        2.7457311153411865
    ],
    "target": [
        0.2971630128874996,
        7.284256731212957
    ],
    "desired_speed": 8.067545509338379,
    "angle": -0.003907123705754819,
    "angle_last": -0.009587260801518978,
    "angle_target": 0.025956664301875272,
    "angle_final": -0.003907123705754819,
    "delta": 0.25,
    "agent": "only_traj",
    "steer_traj": -0.0009483134701561009,
    "throttle_traj": 0.75,
    "brake_traj": 0.0,
    "plan": [
        [
            -0.016851548105478287,
            2.7457311153411865
        ],
        [
            -0.040212519466876984,
            6.420849800109863
        ],
        [
            -0.09151044487953186,
            10.470612525939941
        ],
        [
            -0.08153329789638519,
            14.683650016784668
        ],
        [
            -0.12147544324398041,
            18.92343521118164
        ],
        [
            -0.1815698891878128,
            22.913543701171875
        ]
    ]
}