{
    "speed": 4.92753935851902,
    "steer": 0.0013542243978008628,
    "throttle": 0.75,
    "brake": 0.0,
    "wp_4": [
        -0.058701902627944946,
        14.550344467163086
    ],
    "wp_3": [
        -0.056762367486953735,
        10.421294212341309
    ],
    "wp_2": [
        -0.03140512853860855,
        6.461198806762695
    ],
    "wp_1": [
        -0.007600877434015274,
        2.798025608062744
    ],
    "aim": [
        -0.007600877434015274,
        2.798025608062744
    ],
    "target": [
        0.059472086773717514,
        8.596993136702089
    ],
    "desired_speed": 7.8558114051818855,
    "angle": -0.0017293558343916425,
    "angle_last": -0.009615264577116032,
    "angle_target": 0.00440392376770655,
    "angle_final": -0.0017293558343916425,
    "delta": 0.25,
    "agent": "only_traj",
    "steer_traj": 0.0013542244075515917,
    "throttle_traj": 0.75,
    "brake_traj": 0.0,
    "plan": [
        [
            -0.007600877434015274,
            2.798025608062744
        ],
        [
            -0.03140512853860855,
            6.461198806762695
        ],
        [
            -0.056762367486953735,
            10.421294212341309
        ],
        [
            -0.058701902627944946,
            14.550344467163086
        ],
        [
            -0.08532160520553589,
            18.63348388671875
        ],
        [
            -0.14277112483978271,
            22.436874389648438
        ]
    ]
}