{
    "speed": 4.887843753040783,
    "steer": -0.0023724890779703856,
    "throttle": 0.75,
    "brake": 0.0,
    "wp_4": [
        -0.10124480724334717,
        14.715471267700195
    ],
    "wp_3": [
        -0.10037034749984741,
        10.530816078186035
    ],
    "wp_2": [
        -0.04875127226114273,
        6.485877513885498
    ],
    "wp_1": [
        -0.01994696632027626,
        2.801044225692749
    ],
    "aim": [
        -0.01994696632027626,
        2.801044225692749
    ],
    "target": [
        0.5981847188287477,
        7.073858069283662
    ],
    "desired_speed": 8.004749393463136,
    "angle": -0.0045334520526449885,
    "angle_last": -0.012253842544482736,
    "angle_target": 0.05370653046052792,
    "angle_final": -0.0045334520526449885,
    "delta": 0.25,
    "agent": "only_traj",
    "steer_traj": -0.002372489020600153,
    "throttle_traj": 0.75,
    "brake_traj": 0.0,
    "plan": [
        [
            -0.01994696632027626,
            2.801044225692749
        ],
        [
            -0.04875127226114273,
            6.485877513885498
        ],
        [
            -0.10037034749984741,
            10.530816078186035
        ],
        [
            -0.10124480724334717,
            14.715471267700195
        ],
        [
            -0.15621519088745117,
            18.8994083404541
        ],
        [
            -0.23152336478233337,
            22.811389923095703
        ]
    ]
}