{
    "speed": 4.922929076858269,
    "steer": -0.002351840492337942,
    "throttle": 0.75,
    "brake": 0.0,
    "wp_4": [
        -0.16033974289894104,
        14.933677673339844
    ],
    "wp_3": [
        -0.13174179196357727,
        10.78791618347168
    ],
    "wp_2": [
        -0.065501868724823,
        6.755501747131348
    ],
    "wp_1": [
        -0.02388126030564308,
        3.0026392936706543
    ],
    "aim": [
        -0.02388126030564308,
        3.0026392936706543
    ],
    "target": [
        -0.06075223670441551,
        6.422982044549389
    ],
    "desired_speed": 7.92830638885498,
    "angle": -0.005063171168274866,
    "angle_last": -0.020634181092125267,
    "angle_target": -0.006021334251853931,
    "angle_final": -0.005063171168274866,
    "delta": 0.25,
    "agent": "only_traj",
    "steer_traj": -0.002351840504965558,
    "throttle_traj": 0.75,
    "brake_traj": 0.0,
    "plan": [
        [
            -0.02388126030564308,
            3.0026392936706543
        ],
        [
            -0.065501868724823,
            6.755501747131348
        ],
        [
            -0.13174179196357727,
            10.78791618347168
        ],
        [
            -0.16033974289894104,
            14.933677673339844
        ],
        [
            -0.24836134910583496,
            19.02566146850586
        ],
        [
            -0.37137365341186523,
            22.819591522216797
        ]
    ]
}