{
    "speed": 5.148078427531279,
    "steer": -0.0005982150323688984,
    "throttle": 0.0,
    "brake": 0.0,
    "wp_4": [
        -0.08485187590122223,
        15.26352596282959
    ],
    "wp_3": [
        -0.07384984195232391,
        11.108837127685547
    ],
    "wp_2": [
        -0.04677524045109749,
        7.053598403930664
    ],
    "wp_1": [
        -0.007859785109758377,
        3.1966774463653564
    ],
    "aim": [
        -0.007859785109758377,
        3.1966774463653564
    ],
    "target": [
        0.3266222499464024,
        6.626500005349544
    ],
    "desired_speed": 8.010980796813966,
    "angle": -0.0015652795123297807,
    "angle_last": -0.00948875429548924,
    "angle_target": 0.03135381164190413,
    "angle_final": -0.0015652795123297807,
    "delta": 0.25,
    "agent": "only_traj",
    "steer_traj": -0.0005982150487741722,
    "throttle_traj": 0.0,
    "brake_traj": 0.0,
    "plan": [
        [
            -0.007859785109758377,
            3.1966774463653564
        ],
        [
            -0.04677524045109749,
            7.053598403930664
        ],
        [
            -0.07384984195232391,
            11.108837127685547
        ],
        [
            -0.08485187590122223,
            15.26352596282959
        ],
        [
            -0.12294583022594452,
            19.373794555664062
        ],
        [
            -0.1803254932165146,
            23.223224639892578
        ]
    ]
}