{
    "speed": 5.031387185223476,
    "steer": -0.0013286155881360173,
    "throttle": 0.0,
    "brake": 0.0,
    "wp_4": [
        -0.11537767946720123,
        14.561439514160156
    ],
    "wp_3": [
        -0.09609353542327881,
        10.449928283691406
    ],
    "wp_2": [
        -0.04292590171098709,
        6.461456298828125
    ],
    "wp_1": [
        -0.011722687631845474,
        2.808213710784912
    ],
    "aim": [
        -0.011722687631845474,
        2.808213710784912
    ],
    "target": [
        -0.1534462592254046,
        7.049489340786181
    ],
    "desired_speed": 7.890433216094971,
    "angle": -0.0026575026516055976,
    "angle_last": -0.015442174849044688,
    "angle_target": -0.013855116900064423,
    "angle_final": -0.0026575026516055976,
    "delta": 0.25,
    "agent": "only_traj",
    "steer_traj": -0.0013286155572302563,
    "throttle_traj": 0.0,
    "brake_traj": 0.0,
    "plan": [
        [
            -0.011722687631845474,
            2.808213710784912
        ],
        [
            -0.04292590171098709,
            6.461456298828125
        ],
        [
            -0.09609353542327881,
            10.449928283691406
        ],
        [
            -0.11537767946720123,
            14.561439514160156
        ],
        [
            -0.17850801348686218,
            18.680103302001953
        ],
        [
            -0.27196377515792847,
            22.532146453857422
        ]
    ]
}