{
    "speed": 4.961869838691274,
    "steer": -0.0039902664721012115,
    "throttle": 0.75,
    "brake": 0.0,
    "wp_4": [
        -0.11022979021072388,
        14.379371643066406
    ],
    "wp_3": [
        -0.11424146592617035,
        10.269121170043945
    ],
    "wp_2": [
        -0.049580059945583344,
        6.292508125305176
    ],
    "wp_1": [
        -0.02225937321782112,
        2.705986261367798
    ],
    "aim": [
        -0.02225937321782112,
        2.705986261367798
    ],
    "target": [
        0.18885379547418427,
        5.7920894225378365
    ],
    "desired_speed": 7.909618091583252,
    "angle": -0.0052366579731931906,
    "angle_last": -0.012666613643323839,
    "angle_target": 0.020749935505125057,
    "angle_final": -0.0052366579731931906,
    "delta": 0.25,
    "agent": "only_traj",
    "steer_traj": -0.003990266283068217,
    "throttle_traj": 0.75,
    "brake_traj": 0.0,
    "plan": [
        [
            -0.02225937321782112,
            2.705986261367798
        ],
        [
            -0.049580059945583344,
            6.292508125305176
        ],
        [
            -0.11424146592617035,
            10.269121170043945
        ],
        [
            -0.11022979021072388,
            14.379371643066406
        ],
        [
            -0.1721893846988678,
            18.546951293945312
        ],
        [
            -0.2504180073738098,
            22.478160858154297
        ]
    ]
}