{
    "speed": 4.869622091003879,
    "steer": -0.001061128219589591,
    "throttle": 0.75,
    "brake": 0.0,
    "wp_4": [
        -0.10413020849227905,
        14.347770690917969
    ],
    "wp_3": [
        -0.09521090984344482,
        10.280344009399414
    ],
    "wp_2": [
        -0.03892514854669571,
        6.357462406158447
    ],
    "wp_1": [
        -0.013518307358026505,
        2.764923334121704
    ],
    "aim": [
        -0.013518307358026505,
        2.764923334121704
    ],
    "target": [
        -0.21091554401824536,
        7.268838053608743
    ],
    "desired_speed": 7.84208688735962,
    "angle": -0.0031125450323100027,
    "angle_last": -0.01430616260809001,
    "angle_target": -0.018467235046503678,
    "angle_final": -0.0031125450323100027,
    "delta": 0.25,
    "agent": "only_traj",
    "steer_traj": -0.0010611282641284224,
    "throttle_traj": 0.75,
    "brake_traj": 0.0,
    "plan": [
        [
            -0.013518307358026505,
            2.764923334121704
        ],
        [
            -0.03892514854669571,
            6.357462406158447
        ],
        [
            -0.09521090984344482,
            10.280344009399414
        ],
        [
            -0.10413020849227905,
            14.347770690917969
        ],
        [
            -0.15718919038772583,
            18.469158172607422
        ],
        [
            -0.2448260486125946,
            22.368310928344727
        ]
    ]
}