{
    "speed": 4.80396245120921,
    "steer": -0.0022573804017156363,
    "throttle": 0.75,
    "brake": 0.0,
    "wp_4": [
        -0.07244838029146194,
        14.442327499389648
    ],
    "wp_3": [
        -0.08462074398994446,
        10.314964294433594
    ],
    "wp_2": [
        -0.034834153950214386,
        6.329581260681152
    ],
    "wp_1": [
        -0.014781240373849869,
        2.722146511077881
    ],
    "aim": [
        -0.014781240373849869,
        2.722146511077881
    ],
    "target": [
        0.8825953713365494,
        5.096975208946861
    ],
    "desired_speed": 7.912508773803711,
    "angle": -0.0034567865664786447,
    "angle_last": -0.009928846151010393,
    "angle_target": 0.10915507117608743,
    "angle_final": -0.0034567865664786447,
    "delta": 0.25,
    "agent": "only_traj",
    "steer_traj": -0.002257380401969149,
    "throttle_traj": 0.75,
    "brake_traj": 0.0,
    "plan": [
        [
            -0.014781240373849869,
            2.722146511077881
        ],
        [
            -0.034834153950214386,
            6.329581260681152
        ],
        [
            -0.08462074398994446,
            10.314964294433594
        ],
        [
            -0.07244838029146194,
            14.442327499389648
        ],
        [
            -0.1206355094909668,
            18.59749412536621
        ],
        [
            -0.18154028058052063,
            22.50227928161621
        ]
    ]
}