{
    "speed": 4.824260561809434,
    "steer": 0.0003681713424157351,
    "throttle": 0.75,
    "brake": 0.0,
    "wp_4": [
        -0.06169457361102104,
        14.736098289489746
    ],
    "wp_3": [
        -0.053360819816589355,
        10.652854919433594
    ],
    "wp_2": [
        -0.026536619290709496,
        6.684484481811523
    ],
    "wp_1": [
        -0.004170749336481094,
        2.9678096771240234
    ],
    "aim": [
        -0.004170749336481094,
        2.9678096771240234
    ],
    "target": [
        0.5249621956855304,
        5.844694705910766
    ],
    "desired_speed": 7.875042152404786,
    "angle": -0.0008946308268253063,
    "angle_last": -0.012387638361224206,
    "angle_target": 0.05702726080558243,
    "angle_final": -0.0008946308268253063,
    "delta": 0.25,
    "agent": "only_traj",
    "steer_traj": 0.0003681713511492164,
    "throttle_traj": 0.75,
    "brake_traj": 0.0,
    "plan": [
        [
            -0.004170749336481094,
            2.9678096771240234
        ],
        [
            -0.026536619290709496,
            6.684484481811523
        ],
        [
            -0.053360819816589355,
            10.652854919433594
        ],
        [
            -0.06169457361102104,
            14.736098289489746
        ],
        [
            -0.11358994990587234,
            18.818450927734375
        ],
        [
            -0.18823689222335815,
            22.654191970825195
        ]
    ]
}