{
    "speed": 5.065872603234398,
    "steer": 0.00013966036203783005,
    "throttle": 0.0,
    "brake": 0.0,
    "wp_4": [
        -0.09425605833530426,
        15.340003967285156
    ],
    "wp_3": [
        -0.08211259543895721,
        11.223583221435547
    ],
    "wp_2": [
        -0.04837997630238533,
        7.174403190612793
    ],
    "wp_1": [
        -0.0072083063423633575,
        3.2985572814941406
    ],
    "aim": [
        -0.0072083063423633575,
        3.2985572814941406
    ],
    "target": [
        -0.37653511071207973,
        4.626277483565431
    ],
    "desired_speed": 7.932063198089599,
    "angle": -0.0013911855794852333,
    "angle_last": -0.012955606536206157,
    "angle_target": -0.05170084997967787,
    "angle_final": -0.0013911855794852333,
    "delta": 0.25,
    "agent": "only_traj",
    "steer_traj": 0.00013966035726671426,
    "throttle_traj": 0.0,
    "brake_traj": 0.0,
    "plan": [
        [
            -0.0072083063423633575,
            3.2985572814941406
        ],
        [
            -0.04837997630238533,
            7.174403190612793
        ],
        [
            -0.08211259543895721,
            11.223583221435547
        ],
        [
            -0.09425605833530426,
            15.340003967285156
        ],
        [
            -0.16052088141441345,
            19.37136459350586
        ],
        [
            -0.2369612604379654,
            23.127016067504883
        ]
    ]
}