{
    "speed": 5.189035600606946,
    "steer": -0.0008345394744537771,
    "throttle": 0.0,
    "brake": 0.0,
    "wp_4": [
        -0.08563891798257828,
        15.153406143188477
    ],
    "wp_3": [
        -0.06827113032341003,
        11.05162525177002
    ],
    "wp_2": [
        -0.03449196368455887,
        7.038524627685547
    ],
    "wp_1": [
        -0.005320075899362564,
        3.208712577819824
    ],
    "aim": [
        -0.005320075899362564,
        3.208712577819824
    ],
    "target": [
        0.044436340637450465,
        5.015226153369634
    ],
    "desired_speed": 7.952653598785401,
    "angle": -0.0010555197272744956,
    "angle_last": -0.011585774152664709,
    "angle_target": 0.005640485983468058,
    "angle_final": -0.0010555197272744956,
    "delta": 0.25,
    "agent": "only_traj",
    "steer_traj": -0.0008345394847447442,
    "throttle_traj": 0.0,
    "brake_traj": 0.0,
    "plan": [
        [
            -0.005320075899362564,
            3.208712577819824
        ],
        [
            -0.03449196368455887,
            7.038524627685547
        ],
        [
            -0.06827113032341003,
            11.05162525177002
        ],
        [
            -0.08563891798257828,
            15.153406143188477
        ],
        [
            -0.145821213722229,
            19.232206344604492
        ],
        [
            -0.216017946600914,
            23.088973999023438
        ]
    ]
}