{
    "speed": 4.985059958057157,
    "steer": -0.004055168945342302,
    "throttle": 0.75,
    "brake": 0.0,
    "wp_4": [
        -0.12643887102603912,
        14.490046501159668
    ],
    "wp_3": [
        -0.11264455318450928,
        10.423166275024414
    ],
    "wp_2": [
        -0.04460660368204117,
        6.460117340087891
    ],
    "wp_1": [
        -0.018978271633386612,
        2.83133602142334
    ],
    "aim": [
        -0.018978271633386612,
        2.83133602142334
    ],
    "target": [
        -0.5172410627566074,
        3.984910650341325
    ],
    "desired_speed": 7.828075790405274,
    "angle": -0.004267150566005269,
    "angle_last": -0.01918086861872811,
    "angle_target": -0.08217375914606849,
    "angle_final": -0.004267150566005269,
    "delta": 0.25,
    "agent": "only_traj",
    "steer_traj": -0.004055169134136757,
    "throttle_traj": 0.75,
    "brake_traj": 0.0,
    "plan": [
        [
            -0.018978271633386612,
            2.83133602142334
        ],
        [
            -0.04460660368204117,
            6.460117340087891
        ],
        [
            -0.11264455318450928,
            10.423166275024414
        ],
        [
            -0.12643887102603912,
            14.490046501159668
        ],
        [
            -0.2252327799797058,
            18.578218460083008
        ],
        [
            -0.3403518497943878,
            22.397899627685547
        ]
    ]
}