{
    "speed": 4.914226923564862,
    "steer": -0.002606365131214261,
    "throttle": 0.75,
    "brake": 0.0,
    "wp_4": [
        -0.14660289883613586,
        14.624065399169922
    ],
    "wp_3": [
        -0.10155054926872253,
        10.578895568847656
    ],
    "wp_2": [
        -0.037854619324207306,
        6.587124824523926
    ],
    "wp_1": [
        -0.01458621397614479,
        2.933793544769287
    ],
    "aim": [
        -0.01458621397614479,
        2.933793544769287
    ],
    "target": [
        -0.37797185276573986,
        51.03138987058786
    ],
    "desired_speed": 7.737785816192628,
    "angle": -0.0031650615979283226,
    "angle_last": -0.02878472171969226,
    "angle_target": -0.004715136223509682,
    "angle_final": -0.0031650615979283226,
    "delta": 0.25,
    "agent": "only_traj",
    "steer_traj": -0.002606365059910501,
    "throttle_traj": 0.75,
    "brake_traj": 0.0,
    "plan": [
        [
            -0.01458621397614479,
            2.933793544769287
        ],
        [
            -0.037854619324207306,
            6.587124824523926
        ],
        [
            -0.10155054926872253,
            10.578895568847656
        ],
        [
            -0.14660289883613586,
            14.624065399169922
        ],
        [
            -0.2694700360298157,
            18.608768463134766
        ],
        [
            -0.4352060556411743,
            22.27178382873535
        ]
    ]
}