{
    "speed": 4.886703939992136,
    "steer": 0.000918608857318759,
    "throttle": 0.75,
    "brake": 0.0,
    "wp_4": [
        -0.14976024627685547,
        14.829977035522461
    ],
    "wp_3": [
        -0.10450191795825958,
        10.771307945251465
    ],
    "wp_2": [
        -0.04169308394193649,
        6.757251739501953
    ],
    "wp_1": [
        -0.017743993550539017,
        3.042323589324951
    ],
    "aim": [
        -0.017743993550539017,
        3.042323589324951
    ],
    "target": [
        0.07924212526727023,
        51.4188659425341
    ],
    "desired_speed": 7.793716526031494,
    "angle": -0.0037129186603541233,
    "angle_last": -0.025364011201368317,
    "angle_target": 0.0009811002807488195,
    "angle_final": 0.0009811002807488195,
    "delta": 0.25,
    "agent": "only_traj",
    "steer_traj": 0.0009186088340680179,
    "throttle_traj": 0.75,
    "brake_traj": 0.0,
    "plan": [
        [
            -0.017743993550539017,
            3.042323589324951
        ],
        [
            -0.04169308394193649,
            6.757251739501953
        ],
        [
            -0.10450191795825958,
            10.771307945251465
        ],
        [
            -0.14976024627685547,
            14.829977035522461
        ],
        [
            -0.26109883189201355,
            18.829566955566406
        ],
        [
            -0.40826231241226196,
            22.521312713623047
        ]
    ]
}