{
    "speed": 4.989094835047819,
    "steer": -0.004610156174749136,
    "throttle": 0.75,
    "brake": 0.0,
    "wp_4": [
        -0.14260953664779663,
        15.036088943481445
    ],
    "wp_3": [
        -0.10453875362873077,
        10.96799087524414
    ],
    "wp_2": [
        -0.0449381098151207,
        6.9307050704956055
    ],
    "wp_1": [
        -0.015981990844011307,
        3.163290023803711
    ],
    "aim": [
        -0.015981990844011307,
        3.163290023803711
    ],
    "target": [
        0.3595529927050289,
        50.406040213523646
    ],
    "desired_speed": 7.875098323822021,
    "angle": -0.003216363907694196,
    "angle_last": -0.021740444064695,
    "angle_target": 0.004541016538462935,
    "angle_final": -0.003216363907694196,
    "delta": 0.25,
    "agent": "only_traj",
    "steer_traj": -0.004610155947220353,
    "throttle_traj": 0.75,
    "brake_traj": 0.0,
    "plan": [
        [
            -0.015981990844011307,
            3.163290023803711
        ],
        [
            -0.0449381098151207,
            6.9307050704956055
        ],
        [
            -0.10453875362873077,
            10.96799087524414
        ],
        [
            -0.14260953664779663,
            15.036088943481445
        ],
        [
            -0.2494690716266632,
            19.077035903930664
        ],
        [
            -0.3782522976398468,
            22.846694946289062
        ]
    ]
}