{
    "speed": 5.133932196547163,
    "steer": 0.0010689856717363,
    "throttle": 0.0,
    "brake": 0.0,
    "wp_4": [
        -0.15138566493988037,
        15.448253631591797
    ],
    "wp_3": [
        -0.10885731875896454,
        11.353497505187988
    ],
    "wp_2": [
        -0.055898506194353104,
        7.277322769165039
    ],
    "wp_1": [
        -0.020783323794603348,
        3.3920531272888184
    ],
    "aim": [
        -0.020783323794603348,
        3.3920531272888184
    ],
    "target": [
        0.08335301382506095,
        49.701209359884395
    ],
    "desired_speed": 7.889347743988037,
    "angle": -0.0039005211895571405,
    "angle_last": -0.01944254075493038,
    "angle_target": 0.0010676626911387465,
    "angle_final": 0.0010676626911387465,
    "delta": 0.25,
    "agent": "only_traj",
    "steer_traj": 0.0010689856719566346,
    "throttle_traj": 0.0,
    "brake_traj": 0.0,
    "plan": [
        [
            -0.020783323794603348,
            3.3920531272888184
        ],
        [
            -0.055898506194353104,
            7.277322769165039
        ],
        [
            -0.10885731875896454,
            11.353497505187988
        ],
        [
            -0.15138566493988037,
            15.448253631591797
        ],
        [
            -0.25540563464164734,
            19.428394317626953
        ],
        [
            -0.3679277002811432,
            23.111621856689453
        ]
    ]
}