{
    "speed": 5.209445350095338,
    "steer": 0.0004156968498136848,
    "throttle": 0.0,
    "brake": 0.0,
    "wp_4": [
        -0.12425920367240906,
        15.07406997680664
    ],
    "wp_3": [
        -0.07513689994812012,
        11.09188461303711
    ],
    "wp_2": [
        -0.02702716551721096,
        7.091800212860107
    ],
    "wp_1": [
        -0.011653635650873184,
        3.312654495239258
    ],
    "aim": [
        -0.011653635650873184,
        3.312654495239258
    ],
    "target": [
        0.13974078245715743,
        51.53482263120978
    ],
    "desired_speed": 7.734605407714843,
    "angle": -0.002239570965391595,
    "angle_last": -0.018922763359092407,
    "angle_target": 0.0017262410646220398,
    "angle_final": 0.0017262410646220398,
    "delta": 0.25,
    "agent": "only_traj",
    "steer_traj": 0.0004156968356226298,
    "throttle_traj": 0.0,
    "brake_traj": 0.0,
    "plan": [
        [
            -0.011653635650873184,
            3.312654495239258
        ],
        [
            -0.02702716551721096,
            7.091800212860107
        ],
        [
            -0.07513689994812012,
            11.09188461303711
        ],
        [
            -0.12425920367240906,
            15.07406997680664
        ],
        [
            -0.21955391764640808,
            19.00176239013672
        ],
        [
            -0.3278999328613281,
            22.64577865600586
        ]
    ]
}