{
    "speed": 4.992995625655156,
    "steer": -0.0022314232774078846,
    "throttle": 0.75,
    "brake": 0.0,
    "wp_4": [
        -0.16227686405181885,
        14.196673393249512
    ],
    "wp_3": [
        -0.11523272097110748,
        10.286620140075684
    ],
    "wp_2": [
        -0.04029425233602524,
        6.390530586242676
    ],
    "wp_1": [
        -0.027595240622758865,
        2.8731460571289062
    ],
    "aim": [
        -0.027595240622758865,
        2.8731460571289062
    ],
    "target": [
        -0.13654017498926224,
        49.07789519663972
    ],
    "desired_speed": 7.510130596160888,
    "angle": -0.006114261390549051,
    "angle_last": -0.027639982014798125,
    "angle_target": -0.0017711425990236675,
    "angle_final": -0.0017711425990236675,
    "delta": 0.25,
    "agent": "only_traj",
    "steer_traj": -0.0022314231917610803,
    "throttle_traj": 0.75,
    "brake_traj": 0.0,
    "plan": [
        [
            -0.027595240622758865,
            2.8731460571289062
        ],
        [
            -0.04029425233602524,
            6.390530586242676
        ],
        [
            -0.11523272097110748,
            10.286620140075684
        ],
        [
            -0.16227686405181885,
            14.196673393249512
        ],
        [
            -0.28059759736061096,
            18.088726043701172
        ],
        [
            -0.43497931957244873,
            21.642295837402344
        ]
    ]
}