{
    "speed": 4.9428144557616,
    "steer": -0.004044089466333389,
    "throttle": 0.75,
    "brake": 0.0,
    "wp_4": [
        -0.13618336617946625,
        14.372868537902832
    ],
    "wp_3": [
        -0.10377013683319092,
        10.416656494140625
    ],
    "wp_2": [
        -0.039516277611255646,
        6.487316131591797
    ],
    "wp_1": [
        -0.024742309004068375,
        2.913644790649414
    ],
    "aim": [
        -0.024742309004068375,
        2.913644790649414
    ],
    "target": [
        -0.22494302920964232,
        49.139872479838935
    ],
    "desired_speed": 7.588639831542968,
    "angle": -0.0054059707736187285,
    "angle_last": -0.023554542308250385,
    "angle_target": -0.0029141748357758785,
    "angle_final": -0.0029141748357758785,
    "delta": 0.25,
    "agent": "only_traj",
    "steer_traj": -0.004044089572397939,
    "throttle_traj": 0.75,
    "brake_traj": 0.0,
    "plan": [
        [
            -0.024742309004068375,
            2.913644790649414
        ],
        [
            -0.039516277611255646,
            6.487316131591797
        ],
        [
            -0.10377013683319092,
            10.416656494140625
        ],
        [
            -0.13618336617946625,
            14.372868537902832
        ],
        [
            -0.24180790781974792,
            18.296890258789062
        ],
        [
            -0.37446653842926025,
            21.880680084228516
        ]
    ]
}