{
    "speed": 4.899356957533015,
    "steer": -0.00681115360930562,
    "throttle": 0.75,
    "brake": 0.0,
    "wp_4": [
        -0.1041250005364418,
        14.261796951293945
    ],
    "wp_3": [
        -0.08173632621765137,
        10.389256477355957
    ],
    "wp_2": [
        -0.03414995223283768,
        6.519864082336426
    ],
    "wp_1": [
        -0.026817861944437027,
        2.9796972274780273
    ],
    "aim": [
        -0.026817861944437027,
        2.9796972274780273
    ],
    "target": [
        -0.8217316938529142,
        49.72496170452583
    ],
    "desired_speed": 7.3952073097229,
    "angle": -0.005729494067304999,
    "angle_last": -0.021953925421753288,
    "angle_target": -0.010519526060713151,
    "angle_final": -0.005729494067304999,
    "delta": 0.25,
    "agent": "only_traj",
    "steer_traj": -0.006811153525346471,
    "throttle_traj": 0.75,
    "brake_traj": 0.0,
    "plan": [
        [
            -0.026817861944437027,
            2.9796972274780273
        ],
        [
            -0.03414995223283768,
            6.519864082336426
        ],
        [
            -0.08173632621765137,
            10.389256477355957
        ],
        [
            -0.1041250005364418,
            14.261796951293945
        ],
        [
            -0.19888874888420105,
            18.058364868164062
        ],
        [
            -0.31638431549072266,
            21.464141845703125
        ]
    ]
}