{
    "speed": 4.9316686514252135,
    "steer": -0.004879893269389868,
    "throttle": 0.75,
    "brake": 0.0,
    "wp_4": [
        -0.12481565028429031,
        14.133768081665039
    ],
    "wp_3": [
        -0.08615636825561523,
        10.294660568237305
    ],
    "wp_2": [
        -0.036030687391757965,
        6.435401916503906
    ],
    "wp_1": [
        -0.028654132038354874,
        2.938082695007324
    ],
    "aim": [
        -0.028654132038354874,
        2.938082695007324
    ],
    "target": [
        -0.3571801666208945,
        49.12090539413622
    ],
    "desired_speed": 7.314690399169923,
    "angle": -0.006208518001095226,
    "angle_last": -0.023993723471882205,
    "angle_target": -0.004629066729046986,
    "angle_final": -0.004629066729046986,
    "delta": 0.25,
    "agent": "only_traj",
    "steer_traj": -0.004879893175052489,
    "throttle_traj": 0.75,
    "brake_traj": 0.0,
    "plan": [
        [
            -0.028654132038354874,
            2.938082695007324
        ],
        [
            -0.036030687391757965,
            6.435401916503906
        ],
        [
            -0.08615636825561523,
            10.294660568237305
        ],
        [
            -0.12481565028429031,
            14.133768081665039
        ],
        [
            -0.22250589728355408,
            17.88503646850586
        ],
        [
            -0.3482819199562073,
            21.220638275146484
        ]
    ]
}