{
    "speed": 5.035915702307287,
    "steer": -0.0008007343276403844,
    "throttle": 0.0,
    "brake": 0.0,
    "wp_4": [
        -0.13244162499904633,
        14.929305076599121
    ],
    "wp_3": [
        -0.083380788564682,
        10.943070411682129
    ],
    "wp_2": [
        -0.04281456023454666,
        6.9518961906433105
    ],
    "wp_1": [
        -0.02038377895951271,
        3.221865177154541
    ],
    "aim": [
        -0.02038377895951271,
        3.221865177154541
    ],
    "target": [
        -0.030027552473711694,
        48.970113762650726
    ],
    "desired_speed": 7.617514991760253,
    "angle": -0.004027638599110156,
    "angle_last": -0.020592744611160525,
    "angle_target": -0.0003903632186234018,
    "angle_final": -0.0003903632186234018,
    "delta": 0.25,
    "agent": "only_traj",
    "steer_traj": -0.0008007343196636994,
    "throttle_traj": 0.0,
    "brake_traj": 0.0,
    "plan": [
        [
            -0.02038377895951271,
            3.221865177154541
        ],
        [
            -0.04281456023454666,
            6.9518961906433105
        ],
        [
            -0.083380788564682,
            10.943070411682129
        ],
        [
            -0.13244162499904633,
            14.929305076599121
        ],
        [
            -0.2292560338973999,
            18.783926010131836
        ],
        [
            -0.3418019115924835,
            22.262041091918945
        ]
    ]
}