{
    "speed": 5.15332844160995,
    "steer": -0.005869909655302763,
    "throttle": 0.0,
    "brake": 0.0,
    "wp_4": [
        -0.1470339000225067,
        14.892580032348633
    ],
    "wp_3": [
        -0.09064728021621704,
        10.933416366577148
    ],
    "wp_2": [
        -0.04322991520166397,
        6.959011077880859
    ],
    "wp_1": [
        -0.02025679126381874,
        3.2395637035369873
    ],
    "aim": [
        -0.02025679126381874,
        3.2395637035369873
    ],
    "target": [
        0.3392914256957056,
        48.895257914074136
    ],
    "desired_speed": 7.578277778625488,
    "angle": -0.003980662075818623,
    "angle_last": -0.0217586579024817,
    "angle_target": 0.004417527845965357,
    "angle_final": -0.003980662075818623,
    "delta": 0.25,
    "agent": "only_traj",
    "steer_traj": -0.005869909662261088,
    "throttle_traj": 0.0,
    "brake_traj": 0.0,
    "plan": [
        [
            -0.02025679126381874,
            3.2395637035369873
        ],
        [
            -0.04322991520166397,
            6.959011077880859
        ],
        [
            -0.09064728021621704,
            10.933416366577148
        ],
        [
            -0.1470339000225067,
            14.892580032348633
        ],
        [
            -0.24867382645606995,
            18.724382400512695
        ],
        [
            -0.36686649918556213,
            22.181135177612305
        ]
    ]
}