{
    "speed": 4.948586149718412,
    "steer": -0.00458681583404541,
    "throttle": 0.75,
    "brake": 0.0,
    "wp_4": [
        -0.1126762256026268,
        13.066512107849121
    ],
    "wp_3": [
        -0.08480730652809143,
        9.410636901855469
    ],
    "wp_2": [
        -0.03335655480623245,
        5.756903171539307
    ],
    "wp_1": [
        -0.03481430187821388,
        2.5621538162231445
    ],
    "aim": [
        -0.03481430187821388,
        2.5621538162231445
    ],
    "target": [
        -0.324859790586288,
        48.475832274520144
    ],
    "desired_speed": 6.963672924041749,
    "angle": -0.00864977939243934,
    "angle_last": -0.029323851318178603,
    "angle_target": -0.004266230415200593,
    "angle_final": -0.004266230415200593,
    "delta": 0.25,
    "agent": "only_traj",
    "steer_traj": -0.004586815659387398,
    "throttle_traj": 0.75,
    "brake_traj": 0.0,
    "plan": [
        [
            -0.03481430187821388,
            2.5621538162231445
        ],
        [
            -0.03335655480623245,
            5.756903171539307
        ],
        [
            -0.08480730652809143,
            9.410636901855469
        ],
        [
            -0.1126762256026268,
            13.066512107849121
        ],
        [
            -0.2166336327791214,
            16.70338249206543
        ],
        [
            -0.36701852083206177,
            19.965917587280273
        ]
    ]
}