{
    "speed": 4.863198392561096,
    "steer": 0.0115287434309721,
    "throttle": 0.75,
    "brake": 0.0,
    "wp_4": [
        -0.05926346778869629,
        12.020694732666016
    ],
    "wp_3": [
        -0.10692831873893738,
        8.457391738891602
    ],
    "wp_2": [
        -0.036314912140369415,
        5.024913787841797
    ],
    "wp_1": [
        -0.05120474472641945,
        2.1906213760375977
    ],
    "aim": [
        -0.05120474472641945,
        2.1906213760375977
    ],
    "target": [
        0.8416395182203416,
        47.05777000469915
    ],
    "desired_speed": 6.784192371368407,
    "angle": -0.014877925332610856,
    "angle_last": 0.004247818599277294,
    "angle_target": 0.01138488368779738,
    "angle_final": 0.01138488368779738,
    "delta": 0.25,
    "agent": "only_traj",
    "steer_traj": 0.011528743277325268,
    "throttle_traj": 0.75,
    "brake_traj": 0.0,
    "plan": [
        [
            -0.05120474472641945,
            2.1906213760375977
        ],
        [
            -0.036314912140369415,
            5.024913787841797
        ],
        [
            -0.10692831873893738,
            8.457391738891602
        ],
        [
            -0.05926346778869629,
            12.020694732666016
        ],
        [
            -0.1349196434020996,
            15.661767959594727
        ],
        [
            -0.11164984107017517,
            19.149154663085938
        ]
    ]
}