{
    "speed": 4.799716770110636,
    "steer": -0.0047712503001093864,
    "throttle": 0.75,
    "brake": 0.0,
    "wp_4": [
        -0.06459441035985947,
        9.77853012084961
    ],
    "wp_3": [
        -0.045695483684539795,
        6.459202766418457
    ],
    "wp_2": [
        0.0015084389597177505,
        3.45418119430542
    ],
    "wp_1": [
        -0.014438603073358536,
        1.2674448490142822
    ],
    "aim": [
        0.0015084389597177505,
        3.45418119430542
    ],
    "target": [
        0.440349104586403,
        47.23335122008484
    ],
    "desired_speed": 6.1972020149230955,
    "angle": 0.00027803676267510504,
    "angle_last": -0.03288716100817425,
    "angle_target": 0.005934934068804988,
    "angle_final": 0.00027803676267510504,
    "delta": 0.25,
    "agent": "only_traj",
    "steer_traj": -0.0047712501107559264,
    "throttle_traj": 0.75,
    "brake_traj": 0.0,
    "plan": [
        [
            -0.014438603073358536,
            1.2674448490142822
        ],
        [
            0.0015084389597177505,
            3.45418119430542
        ],
        [
            -0.045695483684539795,
            6.459202766418457
        ],
        [
            -0.06459441035985947,
            9.77853012084961
        ],
        [
            -0.16804109513759613,
            13.310303688049316
        ],
        [
            -0.3460901975631714,
            16.75385284423828
        ]
    ]
}