{
    "speed": 4.821321509502415,
    "steer": -0.01013364177197218,
    "throttle": 0.75,
    "brake": 0.0,
    "wp_4": [
        -0.18070781230926514,
        13.598135948181152
    ],
    "wp_3": [
        -0.09377974271774292,
        9.891931533813477
    ],
    "wp_2": [
        -0.04707083851099014,
        6.041621208190918
    ],
    "wp_1": [
        -0.046771083027124405,
        2.7030067443847656
    ],
    "aim": [
        -0.046771083027124405,
        2.7030067443847656
    ],
    "target": [
        -0.5892063538447116,
        47.90406180038811
    ],
    "desired_speed": 6.916564655303954,
    "angle": -0.01101454266507931,
    "angle_last": -0.044032815477782615,
    "angle_target": -0.007829847554504882,
    "angle_final": -0.007829847554504882,
    "delta": 0.25,
    "agent": "only_traj",
    "steer_traj": -0.010133641548227278,
    "throttle_traj": 0.75,
    "brake_traj": 0.0,
    "plan": [
        [
            -0.046771083027124405,
            2.7030067443847656
        ],
        [
            -0.04707083851099014,
            6.041621208190918
        ],
        [
            -0.09377974271774292,
            9.891931533813477
        ],
        [
            -0.18070781230926514,
            13.598135948181152
        ],
        [
            -0.32046905159950256,
            17.071571350097656
        ],
        [
            -0.5221871137619019,
            19.983325958251953
        ]
    ]
}