{
    "speed": 4.9204328202905705,
    "steer": 0.011904587037861347,
    "throttle": 0.75,
    "brake": 0.0,
    "wp_4": [
        -0.13452807068824768,
        12.155997276306152
    ],
    "wp_3": [
        -0.15143555402755737,
        8.484769821166992
    ],
    "wp_2": [
        -0.05949527025222778,
        4.967103958129883
    ],
    "wp_1": [
        -0.06977465748786926,
        2.1096506118774414
    ],
    "aim": [
        -0.06977465748786926,
        2.1096506118774414
    ],
    "target": [
        0.7865611489510164,
        46.76631757239635
    ],
    "desired_speed": 6.919082260131836,
    "angle": -0.021047862882855706,
    "angle_last": -0.00624851255323519,
    "angle_target": 0.010706277455957704,
    "angle_final": 0.010706277455957704,
    "delta": 0.25,
    "agent": "only_traj",
    "steer_traj": 0.011904586931044209,
    "throttle_traj": 0.75,
    "brake_traj": 0.0,
    "plan": [
        [
            -0.06977465748786926,
            2.1096506118774414
        ],
        [
            -0.05949527025222778,
            4.967103958129883
        ],
        [
            -0.15143555402755737,
            8.484769821166992
        ],
        [
            -0.13452807068824768,
            12.155997276306152
        ],
        [
            -0.23359036445617676,
            15.864530563354492
        ],
        [
            -0.26833808422088623,
            19.404603958129883
        ]
    ]
}