{
    "speed": 5.062966641469355,
    "steer": 0.0006292510079219937,
    "throttle": 0.0,
    "brake": 0.0,
    "wp_4": [
        -0.1256035566329956,
        11.783440589904785
    ],
    "wp_3": [
        -0.0901813805103302,
        8.09368896484375
    ],
    "wp_2": [
        -0.028269236907362938,
        4.591962814331055
    ],
    "wp_1": [
        -0.03184342756867409,
        1.7924342155456543
    ],
    "aim": [
        -0.03184342756867409,
        1.7924342155456543
    ],
    "target": [
        0.3711129962046016,
        46.29066087392221
    ],
    "desired_speed": 6.83809881210327,
    "angle": -0.011308620254343748,
    "angle_last": -0.03797990183531732,
    "angle_target": 0.005103681936465096,
    "angle_final": 0.005103681936465096,
    "delta": 0.25,
    "agent": "only_traj",
    "steer_traj": 0.0006292510306305059,
    "throttle_traj": 0.0,
    "brake_traj": 0.0,
    "plan": [
        [
            -0.03184342756867409,
            1.7924342155456543
        ],
        [
            -0.028269236907362938,
            4.591962814331055
        ],
        [
            -0.0901813805103302,
            8.09368896484375
        ],
        [
            -0.1256035566329956,
            11.783440589904785
        ],
        [
            -0.2571510374546051,
            15.468955993652344
        ],
        [
            -0.4608038365840912,
            18.878538131713867
        ]
    ]
}