{
    "speed": 5.172961184112046,
    "steer": 0.0057987794280052185,
    "throttle": 0.0,
    "brake": 0.0,
    "wp_4": [
        -0.26684650778770447,
        14.42947006225586
    ],
    "wp_3": [
        -0.15397626161575317,
        10.544000625610352
    ],
    "wp_2": [
        -0.07219044119119644,
        6.59807825088501
    ],
    "wp_1": [
        -0.043792638927698135,
        3.022549629211426
    ],
    "aim": [
        -0.043792638927698135,
        3.022549629211426
    ],
    "target": [
        0.5929386107750575,
        45.84063090576483
    ],
    "desired_speed": 7.329837894439698,
    "angle": -0.009223059936775744,
    "angle_last": -0.03915757823020907,
    "angle_target": 0.0082340793830303,
    "angle_final": 0.0082340793830303,
    "delta": 0.25,
    "agent": "only_traj",
    "steer_traj": 0.005798779294135979,
    "throttle_traj": 0.0,
    "brake_traj": 0.0,
    "plan": [
        [
            -0.043792638927698135,
            3.022549629211426
        ],
        [
            -0.07219044119119644,
            6.59807825088501
        ],
        [
            -0.15397626161575317,
            10.544000625610352
        ],
        [
            -0.26684650778770447,
            14.42947006225586
        ],
        [
            -0.38778308033943176,
            18.12375259399414
        ],
        [
            -0.5856431126594543,
            21.33647918701172
        ]
    ]
}