{
    "speed": 5.0929657995373185,
    "steer": -0.014314841479063034,
    "throttle": 0.0,
    "brake": 0.0,
    "wp_4": [
        -0.25435781478881836,
        13.400205612182617
    ],
    "wp_3": [
        -0.135124072432518,
        9.836374282836914
    ],
    "wp_2": [
        -0.06851115077733994,
        6.065688133239746
    ],
    "wp_1": [
        -0.05070747807621956,
        2.755316734313965
    ],
    "aim": [
        -0.05070747807621956,
        2.755316734313965
    ],
    "target": [
        -0.7095509298318348,
        45.35043387355381
    ],
    "desired_speed": 6.662600135803222,
    "angle": -0.011714712945996394,
    "angle_last": -0.053060428285770025,
    "angle_target": -0.009959712818577,
    "angle_final": -0.009959712818577,
    "delta": 0.25,
    "agent": "only_traj",
    "steer_traj": -0.01431484109622211,
    "throttle_traj": 0.0,
    "brake_traj": 0.0,
    "plan": [
        [
            -0.05070747807621956,
            2.755316734313965
        ],
        [
            -0.06851115077733994,
            6.065688133239746
        ],
        [
            -0.135124072432518,
            9.836374282836914
        ],
        [
            -0.25435781478881836,
            13.400205612182617
        ],
        [
            -0.39165881276130676,
            16.690170288085938
        ],
        [
            -0.6177802681922913,
            19.396894454956055
        ]
    ]
}