{
    "speed": 4.990595884132257,
    "steer": -0.0023171831853687763,
    "throttle": 0.75,
    "brake": 0.0,
    "wp_4": [
        -0.1342785656452179,
        8.704949378967285
    ],
    "wp_3": [
        -0.0738915428519249,
        5.362131118774414
    ],
    "wp_2": [
        -0.06268489360809326,
        2.6025118827819824
    ],
    "wp_1": [
        -0.02623811736702919,
        0.8288815021514893
    ],
    "aim": [
        -0.06268489360809326,
        2.6025118827819824
    ],
    "target": [
        -0.2657761042598644,
        45.31377400583731
    ],
    "desired_speed": 6.024513673782348,
    "angle": -0.01533084276557348,
    "angle_last": -0.025252299662943224,
    "angle_target": -0.0037338841565983617,
    "angle_final": -0.0037338841565983617,
    "delta": 0.25,
    "agent": "only_traj",
    "steer_traj": -0.0023171831809376078,
    "throttle_traj": 0.75,
    "brake_traj": 0.0,
    "plan": [
        [
            -0.02623811736702919,
            0.8288815021514893
        ],
        [
            -0.06268489360809326,
            2.6025118827819824
        ],
        [
            -0.0738915428519249,
            5.362131118774414
        ],
        [
            -0.1342785656452179,
            8.704949378967285
        ],
        [
            -0.2748768925666809,
            12.257793426513672
        ],
        [
            -0.418773889541626,
            15.883587837219238
        ]
    ]
}