{
    "speed": 4.915514498737956,
    "steer": -0.003814926603808999,
    "throttle": 0.75,
    "brake": 0.0,
    "wp_4": [
        -0.12154445797204971,
        13.68106460571289
    ],
    "wp_3": [
        -0.0799093022942543,
        10.157358169555664
    ],
    "wp_2": [
        -0.07248128950595856,
        6.3147172927856445
    ],
    "wp_1": [
        -0.031032342463731766,
        2.8707704544067383
    ],
    "aim": [
        -0.031032342463731766,
        2.8707704544067383
    ],
    "target": [
        -0.2393693697284779,
        45.06368475040613
    ],
    "desired_speed": 6.623307132720947,
    "angle": -0.006881443416323039,
    "angle_last": -0.024904567143198796,
    "angle_target": -0.003381566361518977,
    "angle_final": -0.003381566361518977,
    "delta": 0.25,
    "agent": "only_traj",
    "steer_traj": -0.00381492671752339,
    "throttle_traj": 0.75,
    "brake_traj": 0.0,
    "plan": [
        [
            -0.031032342463731766,
            2.8707704544067383
        ],
        [
            -0.07248128950595856,
            6.3147172927856445
        ],
        [
            -0.0799093022942543,
            10.157358169555664
        ],
        [
            -0.12154445797204971,
            13.68106460571289
        ],
        [
            -0.1594109833240509,
            16.86311912536621
        ],
        [
            -0.25973591208457947,
            19.426347732543945
        ]
    ]
}