{
    "speed": 4.858804710517081,
    "steer": -0.00051722681382671,
    "throttle": 0.75,
    "brake": 0.0,
    "wp_4": [
        -0.08546800166368484,
        14.019661903381348
    ],
    "wp_3": [
        -0.05210968852043152,
        10.362627029418945
    ],
    "wp_2": [
        -0.05416179448366165,
        6.417792320251465
    ],
    "wp_1": [
        -0.031057599931955338,
        2.894467830657959
    ],
    "aim": [
        -0.031057599931955338,
        2.894467830657959
    ],
    "target": [
        -0.014764219231656314,
        45.55566031926929
    ],
    "desired_speed": 6.836790752410889,
    "angle": -0.0068306723434926105,
    "angle_last": -0.014492019644505135,
    "angle_target": -0.0002063232865353565,
    "angle_final": -0.0002063232865353565,
    "delta": 0.25,
    "agent": "only_traj",
    "steer_traj": -0.0005172268194540393,
    "throttle_traj": 0.75,
    "brake_traj": 0.0,
    "plan": [
        [
            -0.031057599931955338,
            2.894467830657959
        ],
        [
            -0.05416179448366165,
            6.417792320251465
        ],
        [
            -0.05210968852043152,
            10.362627029418945
        ],
        [
            -0.08546800166368484,
            14.019661903381348
        ],
        [
            -0.11050927639007568,
            17.30385398864746
        ],
        [
            -0.1715632975101471,
            19.98542594909668
        ]
    ]
}