{
    "speed": 4.883394880267848,
    "steer": 0.0003588920517358929,
    "throttle": 0.75,
    "brake": 0.0,
    "wp_4": [
        -0.13400304317474365,
        13.970705032348633
    ],
    "wp_3": [
        -0.06402546167373657,
        10.559370040893555
    ],
    "wp_2": [
        -0.06053120270371437,
        6.6624555587768555
    ],
    "wp_1": [
        -0.018963877111673355,
        3.075591564178467
    ],
    "aim": [
        -0.018963877111673355,
        3.075591564178467
    ],
    "target": [
        0.10675701116227702,
        45.98300486533055
    ],
    "desired_speed": 6.418226909637451,
    "angle": -0.003925261652550742,
    "angle_last": -0.020976070005579793,
    "angle_target": 0.0014780135015882011,
    "angle_final": 0.0014780135015882011,
    "delta": 0.25,
    "agent": "only_traj",
    "steer_traj": 0.00035889206063023193,
    "throttle_traj": 0.75,
    "brake_traj": 0.0,
    "plan": [
        [
            -0.018963877111673355,
            3.075591564178467
        ],
        [
            -0.06053120270371437,
            6.6624555587768555
        ],
        [
            -0.06402546167373657,
            10.559370040893555
        ],
        [
            -0.13400304317474365,
            13.970705032348633
        ],
        [
            -0.1622065305709839,
            16.865175247192383
        ],
        [
            -0.23648974299430847,
            19.118837356567383
        ]
    ]
}