{
    "speed": 4.9837608934493325,
    "steer": -0.0027064625173807144,
    "throttle": 0.75,
    "brake": 0.0,
    "wp_4": [
        -0.14584800601005554,
        13.539411544799805
    ],
    "wp_3": [
        -0.051886945962905884,
        10.49161148071289
    ],
    "wp_2": [
        -0.029403630644083023,
        6.752547740936279
    ],
    "wp_1": [
        0.013757701963186264,
        3.2371342182159424
    ],
    "aim": [
        0.013757701963186264,
        3.2371342182159424
    ],
    "target": [
        -0.0724103897179481,
        45.069248914496065
    ],
    "desired_speed": 5.826085615158081,
    "angle": 0.0027055618846884145,
    "angle_last": -0.05253344124580815,
    "angle_target": -0.001022822595566323,
    "angle_final": -0.001022822595566323,
    "delta": 0.25,
    "agent": "only_traj",
    "steer_traj": -0.0027064625754988606,
    "throttle_traj": 0.75,
    "brake_traj": 0.0,
    "plan": [
        [
            0.013757701963186264,
            3.2371342182159424
        ],
        [
            -0.029403630644083023,
            6.752547740936279
        ],
        [
            -0.051886945962905884,
            10.49161148071289
        ],
        [
            -0.14584800601005554,
            13.539411544799805
        ],
        [
            -0.2090112268924713,
            15.976892471313477
        ],
        [
            -0.359261691570282,
            17.793546676635742
        ]
    ]
}