{
    "speed": 5.1890060465832555,
    "steer": 0.00410035764798522,
    "throttle": 0.0,
    "brake": 0.0,
    "wp_4": [
        -0.0410410612821579,
        13.248708724975586
    ],
    "wp_3": [
        0.030707446858286858,
        10.27701187133789
    ],
    "wp_2": [
        0.036463819444179535,
        6.68435001373291
    ],
    "wp_1": [
        0.029133226722478867,
        3.295139789581299
    ],
    "aim": [
        0.029133226722478867,
        3.295139789581299
    ],
    "target": [
        0.7060968109916711,
        44.8272622409178
    ],
    "desired_speed": 5.713153934478759,
    "angle": 0.005628351612518427,
    "angle_last": -0.05659474761728851,
    "angle_target": 0.010026889837998596,
    "angle_final": 0.005628351612518427,
    "delta": 0.25,
    "agent": "only_traj",
    "steer_traj": 0.0041003578465262005,
    "throttle_traj": 0.0,
    "brake_traj": 0.0,
    "plan": [
        [
            0.029133226722478867,
            3.295139789581299
        ],
        [
            0.036463819444179535,
            6.68435001373291
        ],
        [
            0.030707446858286858,
            10.27701187133789
        ],
        [
            -0.0410410612821579,
            13.248708724975586
        ],
        [
            -0.12507390975952148,
            15.668292999267578
        ],
        [
            -0.2944158613681793,
            17.56815528869629
        ]
    ]
}