{
    "speed": 5.09367963412304,
    "steer": -0.004299909342080355,
    "throttle": 0.0,
    "brake": 0.0,
    "wp_4": [
        -0.24827498197555542,
        11.937234878540039
    ],
    "wp_3": [
        -0.12694980204105377,
        9.167102813720703
    ],
    "wp_2": [
        -0.05988403037190437,
        5.878106117248535
    ],
    "wp_1": [
        0.01422722265124321,
        2.8353822231292725
    ],
    "aim": [
        0.01422722265124321,
        2.8353822231292725
    ],
    "target": [
        -0.10937351855050201,
        43.91194624717807
    ],
    "desired_speed": 5.43439474105835,
    "angle": 0.003194375756288994,
    "angle_last": -0.06391868357330241,
    "angle_target": -0.0015856550766850596,
    "angle_final": -0.0015856550766850596,
    "delta": 0.25,
    "agent": "only_traj",
    "steer_traj": -0.0042999091398955944,
    "throttle_traj": 0.0,
    "brake_traj": 0.0,
    "plan": [
        [
            0.01422722265124321,
            2.8353822231292725
        ],
        [
            -0.05988403037190437,
            5.878106117248535
        ],
        [
            -0.12694980204105377,
            9.167102813720703
        ],
        [
            -0.24827498197555542,
            11.937234878540039
        ],
        [
            -0.3708568215370178,
            14.390115737915039
        ],
        [
            -0.5737268328666687,
            16.403873443603516
        ]
    ]
}