{
    "speed": 4.982423219812523,
    "steer": 0.005250540561974049,
    "throttle": 0.75,
    "brake": 0.0,
    "wp_4": [
        -0.2672521770000458,
        11.689260482788086
    ],
    "wp_3": [
        -0.13584280014038086,
        8.803078651428223
    ],
    "wp_2": [
        -0.058414194732904434,
        5.613184452056885
    ],
    "wp_1": [
        0.022402729839086533,
        2.687509536743164
    ],
    "aim": [
        0.022402729839086533,
        2.687509536743164
    ],
    "target": [
        -0.5099583836273951,
        43.431383444057815
    ],
    "desired_speed": 5.630945682525635,
    "angle": 0.005306649702610826,
    "angle_last": -0.045861257118595025,
    "angle_target": -0.007474656482060716,
    "angle_final": 0.005306649702610826,
    "delta": 0.25,
    "agent": "only_traj",
    "steer_traj": 0.005250540741767689,
    "throttle_traj": 0.75,
    "brake_traj": 0.0,
    "plan": [
        [
            0.022402729839086533,
            2.687509536743164
        ],
        [
            -0.058414194732904434,
            5.613184452056885
        ],
        [
            -0.13584280014038086,
            8.803078651428223
        ],
        [
            -0.2672521770000458,
            11.689260482788086
        ],
        [
            -0.3723796308040619,
            14.38956069946289
        ],
        [
            -0.5428357124328613,
            16.75164031982422
        ]
    ]
}