{
    "speed": 4.9320681599522675,
    "steer": 0.0006148687098175287,
    "throttle": 0.75,
    "brake": 0.0,
    "wp_4": [
        -0.19050855934619904,
        12.373061180114746
    ],
    "wp_3": [
        -0.09383881092071533,
        9.299840927124023
    ],
    "wp_2": [
        -0.036398742347955704,
        5.97802734375
    ],
    "wp_1": [
        0.02397623285651207,
        2.913635730743408
    ],
    "aim": [
        0.02397623285651207,
        2.913635730743408
    ],
    "target": [
        0.1865540862686217,
        43.680794659056666
    ],
    "desired_speed": 5.959430789947509,
    "angle": 0.005238575483883032,
    "angle_last": -0.036778699233284404,
    "angle_target": 0.0027188905050416056,
    "angle_final": 0.0027188905050416056,
    "delta": 0.25,
    "agent": "only_traj",
    "steer_traj": 0.000614868684498144,
    "throttle_traj": 0.75,
    "brake_traj": 0.0,
    "plan": [
        [
            0.02397623285651207,
            2.913635730743408
        ],
        [
            -0.036398742347955704,
            5.97802734375
        ],
        [
            -0.09383881092071533,
            9.299840927124023
        ],
        [
            -0.19050855934619904,
            12.373061180114746
        ],
        [
            -0.29034486413002014,
            15.247537612915039
        ],
        [
            -0.43817782402038574,
            17.80359649658203
        ]
    ]
}