{
    "speed": 4.887766064990141,
    "steer": -0.005270961672067642,
    "throttle": 0.75,
    "brake": 0.0,
    "wp_4": [
        -0.2830086946487427,
        11.734004974365234
    ],
    "wp_3": [
        -0.15013958513736725,
        8.890050888061523
    ],
    "wp_2": [
        -0.05837031081318855,
        5.696605205535889
    ],
    "wp_1": [
        0.021219950169324875,
        2.7840664386749268
    ],
    "aim": [
        0.021219950169324875,
        2.7840664386749268
    ],
    "target": [
        -0.25152178234030514,
        44.26912240032588
    ],
    "desired_speed": 5.573579025268554,
    "angle": 0.004852138558841867,
    "angle_last": -0.05027151026567227,
    "angle_target": -0.003617013579127038,
    "angle_final": -0.003617013579127038,
    "delta": 0.25,
    "agent": "only_traj",
    "steer_traj": -0.005270961629860985,
    "throttle_traj": 0.75,
    "brake_traj": 0.0,
    "plan": [
        [
            0.021219950169324875,
            2.7840664386749268
        ],
        [
            -0.05837031081318855,
            5.696605205535889
        ],
        [
            -0.15013958513736725,
            8.890050888061523
        ],
        [
            -0.2830086946487427,
            11.734004974365234
        ],
        [
            -0.41446036100387573,
            14.376842498779297
        ],
        [
            -0.59844970703125,
            16.70197105407715
        ]
    ]
}