{
    "speed": 4.919613208828118,
    "steer": 0.005049377679824829,
    "throttle": 0.75,
    "brake": 0.0,
    "wp_4": [
        -0.08197245746850967,
        13.04812240600586
    ],
    "wp_3": [
        -0.03132222592830658,
        9.66240119934082
    ],
    "wp_2": [
        0.005471805110573769,
        6.1793928146362305
    ],
    "wp_1": [
        0.020169060677289963,
        3.0113675594329834
    ],
    "aim": [
        0.020169060677289963,
        3.0113675594329834
    ],
    "target": [
        -0.4820274776376319,
        42.65000493807367
    ],
    "desired_speed": 6.577294826507568,
    "angle": 0.004263755707340657,
    "angle_last": -0.024253953679259692,
    "angle_target": -0.007194727380057298,
    "angle_final": 0.004263755707340657,
    "delta": 0.25,
    "agent": "only_traj",
    "steer_traj": 0.0050493775138148,
    "throttle_traj": 0.75,
    "brake_traj": 0.0,
    "plan": [
        [
            0.020169060677289963,
            3.0113675594329834
        ],
        [
            0.005471805110573769,
            6.1793928146362305
        ],
        [
            -0.03132222592830658,
            9.66240119934082
        ],
        [
            -0.08197245746850967,
            13.04812240600586
        ],
        [
            -0.16992083191871643,
            16.391334533691406
        ],
        [
            -0.2865299582481384,
            19.450618743896484
        ]
    ]
}