{
    "speed": 5.023850820623252,
    "steer": 0.0007548840367235243,
    "throttle": 0.0,
    "brake": 0.0,
    "wp_4": [
        -0.027505462989211082,
        14.20953369140625
    ],
    "wp_3": [
        0.003522917628288269,
        10.594504356384277
    ],
    "wp_2": [
        0.016774097457528114,
        6.805919647216797
    ],
    "wp_1": [
        0.012308936566114426,
        3.3103322982788086
    ],
    "aim": [
        0.012308936566114426,
        3.3103322982788086
    ],
    "target": [
        1.1571168689139646,
        42.81993466235925
    ],
    "desired_speed": 6.9358601570129395,
    "angle": 0.0023671639568096717,
    "angle_last": -0.029137159480864924,
    "angle_target": 0.017199097908085104,
    "angle_final": 0.0023671639568096717,
    "delta": 0.25,
    "agent": "only_traj",
    "steer_traj": 0.0007548840420101127,
    "throttle_traj": 0.0,
    "brake_traj": 0.0,
    "plan": [
        [
            0.012308936566114426,
            3.3103322982788086
        ],
        [
            0.016774097457528114,
            6.805919647216797
        ],
        [
            0.003522917628288269,
            10.594504356384277
        ],
        [
            -0.027505462989211082,
            14.20953369140625
        ],
        [
            -0.09976392984390259,
            17.622285842895508
        ],
        [
            -0.23824656009674072,
            20.645889282226562
        ]
    ]
}