{
    "speed": 5.13813575080431,
    "steer": -0.019341887906193733,
    "throttle": 0.0,
    "brake": 0.0,
    "wp_4": [
        -0.2584551274776459,
        10.347421646118164
    ],
    "wp_3": [
        -0.08799488097429276,
        8.030756950378418
    ],
    "wp_2": [
        0.011684879660606384,
        5.350071907043457
    ],
    "wp_1": [
        0.0768216997385025,
        2.8096811771392822
    ],
    "aim": [
        0.0768216997385025,
        2.8096811771392822
    ],
    "target": [
        -1.15335588225867,
        42.92070438040818
    ],
    "desired_speed": 4.6837889671325685,
    "angle": 0.017402004030814076,
    "angle_last": -0.06894236359883756,
    "angle_target": -0.017102992934297494,
    "angle_final": -0.017102992934297494,
    "delta": 0.0,
    "agent": "only_traj",
    "steer_traj": -0.01934188713766362,
    "throttle_traj": 0.0,
    "brake_traj": 0.0,
    "plan": [
        [
            0.0768216997385025,
            2.8096811771392822
        ],
        [
            0.011684879660606384,
            5.350071907043457
        ],
        [
            -0.08799488097429276,
            8.030756950378418
        ],
        [
            -0.2584551274776459,
            10.347421646118164
        ],
        [
            -0.4511687159538269,
            12.465913772583008
        ],
        [
            -0.671176016330719,
            14.489531517028809
        ]
    ]
}