{
    "speed": 5.059499259808497,
    "steer": -0.012657706625759602,
    "throttle": 0.0,
    "brake": 1.0,
    "wp_4": [
        -0.3181838095188141,
        9.445040702819824
    ],
    "wp_3": [
        -0.12890982627868652,
        7.270860195159912
    ],
    "wp_2": [
        -0.025415420532226562,
        4.84136962890625
    ],
    "wp_1": [
        0.0714762806892395,
        2.5250701904296875
    ],
    "aim": [
        0.0714762806892395,
        2.5250701904296875
    ],
    "target": [
        -1.0735519326021916,
        42.60385364130775
    ],
    "desired_speed": 4.444248199462891,
    "angle": 0.01801573447323511,
    "angle_last": -0.06477890795377013,
    "angle_target": -0.016038450273851198,
    "angle_final": -0.016038450273851198,
    "delta": 0.0,
    "agent": "only_traj",
    "steer_traj": -0.012657706489882221,
    "throttle_traj": 0.0,
    "brake_traj": 1.0,
    "plan": [
        [
            0.0714762806892395,
            2.5250701904296875
        ],
        [
            -0.025415420532226562,
            4.84136962890625
        ],
        [
            -0.12890982627868652,
            7.270860195159912
        ],
        [
            -0.3181838095188141,
            9.445040702819824
        ],
        [
            -0.4957423210144043,
            11.564931869506836
        ],
        [
            -0.7040690779685974,
            13.605207443237305
        ]
    ]
}