{
    "speed": 4.943577249742099,
    "steer": 0.010928901843726635,
    "throttle": 0.11562500149011612,
    "brake": 0.0,
    "wp_4": [
        -0.27420321106910706,
        9.296835899353027
    ],
    "wp_3": [
        -0.1050189808011055,
        6.938892364501953
    ],
    "wp_2": [
        -0.009197071194648743,
        4.499111175537109
    ],
    "wp_1": [
        0.07069168984889984,
        2.31170392036438
    ],
    "aim": [
        0.07069168984889984,
        2.31170392036438
    ],
    "target": [
        0.443609291624745,
        42.836167811608235
    ],
    "desired_speed": 4.757653713226319,
    "angle": 0.019461685520526805,
    "angle_last": -0.04253116044325993,
    "angle_target": 0.006592568046085159,
    "angle_final": 0.006592568046085159,
    "delta": 0.0,
    "agent": "only_traj",
    "steer_traj": 0.010928901593667557,
    "throttle_traj": 0.115625,
    "brake_traj": 0.0,
    "plan": [
        [
            0.07069168984889984,
            2.31170392036438
        ],
        [
            -0.009197071194648743,
            4.499111175537109
        ],
        [
            -0.1050189808011055,
            6.938892364501953
        ],
        [
            -0.27420321106910706,
            9.296835899353027
        ],
        [
            -0.4835151135921478,
            11.738286972045898
        ],
        [
            -0.6470187306404114,
            14.18201732635498
        ]
    ]
}