{
    "speed": 4.6637414403803055,
    "steer": 0.011428488418459892,
    "throttle": 0.75,
    "brake": 0.0,
    "wp_4": [
        -0.08033483475446701,
        11.705727577209473
    ],
    "wp_3": [
        -0.02093156985938549,
        8.70816707611084
    ],
    "wp_2": [
        0.024594569578766823,
        5.58174991607666
    ],
    "wp_1": [
        0.04014625772833824,
        2.7610044479370117
    ],
    "aim": [
        0.04014625772833824,
        2.7610044479370117
    ],
    "target": [
        0.8797603953012553,
        41.688406945661676
    ],
    "desired_speed": 5.869395923614502,
    "angle": 0.009256092753684534,
    "angle_last": -0.03284929140377607,
    "angle_target": 0.01343274506358335,
    "angle_final": 0.009256092753684534,
    "delta": 0.25,
    "agent": "only_traj",
    "steer_traj": 0.01142848842573989,
    "throttle_traj": 0.75,
    "brake_traj": 0.0,
    "plan": [
        [
            0.04014625772833824,
            2.7610044479370117
        ],
        [
            0.024594569578766823,
            5.58174991607666
        ],
        [
            -0.02093156985938549,
            8.70816707611084
        ],
        [
            -0.08033483475446701,
            11.705727577209473
        ],
        [
            -0.19994677603244781,
            14.671819686889648
        ],
        [
            -0.3422624468803406,
            17.427448272705078
        ]
    ]
}