{
    "speed": 4.501981511436526,
    "steer": 0.008216756395995617,
    "throttle": 0.75,
    "brake": 0.0,
    "wp_4": [
        -0.2841520309448242,
        8.66409969329834
    ],
    "wp_3": [
        -0.13323017954826355,
        6.300204753875732
    ],
    "wp_2": [
        -0.004891786724328995,
        3.9692866802215576
    ],
    "wp_1": [
        0.052938517183065414,
        1.9922599792480469
    ],
    "aim": [
        0.052938517183065414,
        1.9922599792480469
    ],
    "target": [
        0.7003274711506243,
        41.14070756741578
    ],
    "desired_speed": 4.75287446975708,
    "angle": 0.016912355358314937,
    "angle_last": -0.026252542921396203,
    "angle_target": 0.010835964782040283,
    "angle_final": 0.010835964782040283,
    "delta": 0.25,
    "agent": "only_traj",
    "steer_traj": 0.008216756036859531,
    "throttle_traj": 0.75,
    "brake_traj": 0.0,
    "plan": [
        [
            0.052938517183065414,
            1.9922599792480469
        ],
        [
            -0.004891786724328995,
            3.9692866802215576
        ],
        [
            -0.13323017954826355,
            6.300204753875732
        ],
        [
            -0.2841520309448242,
            8.66409969329834
        ],
        [
            -0.4472726583480835,
            11.24244499206543
        ],
        [
            -0.5551876425743103,
            13.857876777648926
        ]
    ]
}