{
    "speed": 4.4068725426836535,
    "steer": -0.00629463791847229,
    "throttle": 0.0,
    "brake": 1.0,
    "wp_4": [
        -0.4681412875652313,
        6.473833084106445
    ],
    "wp_3": [
        -0.19761362671852112,
        4.867694854736328
    ],
    "wp_2": [
        -0.0648583471775055,
        3.2076492309570312
    ],
    "wp_1": [
        0.07870826125144958,
        1.724797010421753
    ],
    "aim": [
        -0.0648583471775055,
        3.2076492309570312
    ],
    "target": [
        -0.1622042871846474,
        40.81912546931924
    ],
    "desired_speed": 3.4969750881195067,
    "angle": -0.012870608626534885,
    "angle_last": -0.04763900357756779,
    "angle_target": -0.002529743390598311,
    "angle_final": -0.002529743390598311,
    "delta": 0.0,
    "agent": "only_traj",
    "steer_traj": -0.006294637786689883,
    "throttle_traj": 0.0,
    "brake_traj": 1.0,
    "plan": [
        [
            0.07870826125144958,
            1.724797010421753
        ],
        [
            -0.0648583471775055,
            3.2076492309570312
        ],
        [
            -0.19761362671852112,
            4.867694854736328
        ],
        [
            -0.4681412875652313,
            6.473833084106445
        ],
        [
            -0.68947434425354,
            8.334423065185547
        ],
        [
            -0.8453394770622253,
            10.413424491882324
        ]
    ]
}