{
    "speed": 4.183110646026399,
    "steer": 0.002461764495819807,
    "throttle": 0.25471171736717224,
    "brake": 0.0,
    "wp_4": [
        -0.3500806391239166,
        7.425816535949707
    ],
    "wp_3": [
        -0.1618679314851761,
        5.402301788330078
    ],
    "wp_2": [
        -0.006093278527259827,
        3.4568958282470703
    ],
    "wp_1": [
        0.07149554789066315,
        1.809166669845581
    ],
    "aim": [
        -0.006093278527259827,
        3.4568958282470703
    ],
    "target": [
        -0.024146028442214446,
        40.499597222238705
    ],
    "desired_speed": 4.20832257270813,
    "angle": -0.0011220761261867308,
    "angle_last": -0.02834409862723566,
    "angle_target": -0.00037955531322340626,
    "angle_final": -0.00037955531322340626,
    "delta": 0.025211926681731,
    "agent": "only_traj",
    "steer_traj": 0.0024617645711868166,
    "throttle_traj": 0.2547117091739076,
    "brake_traj": 0.0,
    "plan": [
        [
            0.07149554789066315,
            1.809166669845581
        ],
        [
            -0.006093278527259827,
            3.4568958282470703
        ],
        [
            -0.1618679314851761,
            5.402301788330078
        ],
        [
            -0.3500806391239166,
            7.425816535949707
        ],
        [
            -0.5546181797981262,
            9.764167785644531
        ],
        [
            -0.667672872543335,
            12.301740646362305
        ]
    ]
}