{
    "speed": 4.021121670590497,
    "steer": 0.0007463877554982901,
    "throttle": 0.0,
    "brake": 1.0,
    "wp_4": [
        -0.49892657995224,
        5.7701520919799805
    ],
    "wp_3": [
        -0.24491852521896362,
        4.2493181228637695
    ],
    "wp_2": [
        -0.10515674948692322,
        2.7542662620544434
    ],
    "wp_1": [
        0.07053545117378235,
        1.4305870532989502
    ],
    "aim": [
        -0.10515674948692322,
        2.7542662620544434
    ],
    "target": [
        0.07314196781678126,
        40.80517751340616
    ],
    "desired_speed": 3.32514009475708,
    "angle": -0.024294024122390435,
    "angle_last": -0.04420493624486694,
    "angle_target": 0.0011411192370897215,
    "angle_final": 0.0011411192370897215,
    "delta": 0.0,
    "agent": "only_traj",
    "steer_traj": 0.0007463877813379473,
    "throttle_traj": 0.0,
    "brake_traj": 1.0,
    "plan": [
        [
            0.07053545117378235,
            1.4305870532989502
        ],
        [
            -0.10515674948692322,
            2.7542662620544434
        ],
        [
            -0.24491852521896362,
            4.2493181228637695
        ],
        [
            -0.49892657995224,
            5.7701520919799805
        ],
        [
            -0.7072461843490601,
            7.619108200073242
        ],
        [
            -0.851103663444519,
            9.687548637390137
        ]
    ]
}