{
    "speed": 3.8777305375827837,
    "steer": -0.004217658191919327,
    "throttle": 0.75,
    "brake": 0.0,
    "wp_4": [
        -0.3456059694290161,
        6.856591701507568
    ],
    "wp_3": [
        -0.17192673683166504,
        4.895668983459473
    ],
    "wp_2": [
        -0.03583774343132973,
        3.115232229232788
    ],
    "wp_1": [
        0.05991223081946373,
        1.5792968273162842
    ],
    "aim": [
        -0.03583774343132973,
        3.115232229232788
    ],
    "target": [
        -0.19330525167316137,
        40.131018034835094
    ],
    "desired_speed": 4.044464874267578,
    "angle": -0.007323356655622864,
    "angle_last": -0.019649040140837095,
    "angle_target": -0.003066480732176244,
    "angle_final": -0.003066480732176244,
    "delta": 0.1667343366847942,
    "agent": "only_traj",
    "steer_traj": -0.004217658085175223,
    "throttle_traj": 0.75,
    "brake_traj": 0.0,
    "plan": [
        [
            0.05991223081946373,
            1.5792968273162842
        ],
        [
            -0.03583774343132973,
            3.115232229232788
        ],
        [
            -0.17192673683166504,
            4.895668983459473
        ],
        [
            -0.3456059694290161,
            6.856591701507568
        ],
        [
            -0.5123027563095093,
            9.170980453491211
        ],
        [
            -0.5893789529800415,
            11.6674222946167
        ]
    ]
}