{
    "speed": 3.7337457606314035,
    "steer": -0.014550561085343361,
    "throttle": 0.0,
    "brake": 1.0,
    "wp_4": [
        -0.49646276235580444,
        5.313892364501953
    ],
    "wp_3": [
        -0.25829845666885376,
        4.103715896606445
    ],
    "wp_2": [
        -0.12105603516101837,
        2.7395894527435303
    ],
    "wp_1": [
        0.056721728295087814,
        1.411125659942627
    ],
    "aim": [
        -0.12105603516101837,
        2.7395894527435303
    ],
    "target": [
        -0.9018169828299445,
        41.236933744935754
    ],
    "desired_speed": 2.8245495796203617,
    "angle": -0.028112403432390673,
    "angle_last": -0.06348086844750458,
    "angle_target": -0.013920118959094056,
    "angle_final": -0.013920118959094056,
    "delta": 0.0,
    "agent": "only_traj",
    "steer_traj": -0.014550561102306549,
    "throttle_traj": 0.0,
    "brake_traj": 1.0,
    "plan": [
        [
            0.056721728295087814,
            1.411125659942627
        ],
        [
            -0.12105603516101837,
            2.7395894527435303
        ],
        [
            -0.25829845666885376,
            4.103715896606445
        ],
        [
            -0.49646276235580444,
            5.313892364501953
        ],
        [
            -0.6486345529556274,
            6.771538257598877
        ],
        [
            -0.8130019903182983,
            8.414434432983398
        ]
    ]
}