{
    "speed": 3.4704250279969786,
    "steer": -0.007911229506134987,
    "throttle": 0.75,
    "brake": 0.0,
    "wp_4": [
        -0.23808175325393677,
        6.940481185913086
    ],
    "wp_3": [
        -0.13359695672988892,
        4.853405952453613
    ],
    "wp_2": [
        -0.03129294887185097,
        2.9784717559814453
    ],
    "wp_1": [
        0.04855930432677269,
        1.4349143505096436
    ],
    "aim": [
        -0.03129294887185097,
        2.9784717559814453
    ],
    "target": [
        1.1035378351335627,
        39.89031495083804
    ],
    "desired_speed": 4.243025922775269,
    "angle": -0.006688300844793233,
    "angle_last": -0.0024234548360464936,
    "angle_target": 0.017607152735435554,
    "angle_final": -0.006688300844793233,
    "delta": 0.25,
    "agent": "only_traj",
    "steer_traj": -0.007911229319801661,
    "throttle_traj": 0.75,
    "brake_traj": 0.0,
    "plan": [
        [
            0.04855930432677269,
            1.4349143505096436
        ],
        [
            -0.03129294887185097,
            2.9784717559814453
        ],
        [
            -0.13359695672988892,
            4.853405952453613
        ],
        [
            -0.23808175325393677,
            6.940481185913086
        ],
        [
            -0.3348768949508667,
            9.399531364440918
        ],
        [
            -0.34490227699279785,
            12.033088684082031
        ]
    ]
}