{
    "speed": 3.394862733396381,
    "steer": -0.008199612610042095,
    "throttle": 0.0,
    "brake": 1.0,
    "wp_4": [
        -0.5449768900871277,
        4.615703582763672
    ],
    "wp_3": [
        -0.2998802959918976,
        3.3361563682556152
    ],
    "wp_2": [
        -0.15343250334262848,
        2.1508450508117676
    ],
    "wp_1": [
        0.0391327403485775,
        1.1094231605529785
    ],
    "aim": [
        -0.2998802959918976,
        3.3361563682556152
    ],
    "target": [
        -0.5494931116715375,
        39.68047471735064
    ],
    "desired_speed": 2.9100744247436525,
    "angle": -0.057071039475410736,
    "angle_last": -0.04353997938367081,
    "angle_target": -0.008815313417964595,
    "angle_final": -0.008815313417964595,
    "delta": 0.0,
    "agent": "only_traj",
    "steer_traj": -0.008199612496836386,
    "throttle_traj": 0.0,
    "brake_traj": 1.0,
    "plan": [
        [
            0.0391327403485775,
            1.1094231605529785
        ],
        [
            -0.15343250334262848,
            2.1508450508117676
        ],
        [
            -0.2998802959918976,
            3.3361563682556152
        ],
        [
            -0.5449768900871277,
            4.615703582763672
        ],
        [
            -0.7444067597389221,
            6.331915855407715
        ],
        [
            -0.8804847598075867,
            8.318476676940918
        ]
    ]
}