{
    "speed": 3.203436132569918,
    "steer": -0.0002887620939873159,
    "throttle": 0.75,
    "brake": 0.0,
    "wp_4": [
        -0.27586203813552856,
        7.742875099182129
    ],
    "wp_3": [
        -0.1397683024406433,
        5.506406784057617
    ],
    "wp_2": [
        -0.01930725947022438,
        3.4419169425964355
    ],
    "wp_1": [
        0.0475308857858181,
        1.6747119426727295
    ],
    "aim": [
        -0.01930725947022438,
        3.4419169425964355
    ],
    "target": [
        -0.0126638748252072,
        38.81366690983097
    ],
    "desired_speed": 4.5089364528656,
    "angle": -0.003571002507599414,
    "angle_last": -0.016815574109152694,
    "angle_target": -0.00020771221748161747,
    "angle_final": -0.00020771221748161747,
    "delta": 0.25,
    "agent": "only_traj",
    "steer_traj": -0.00028876210209836744,
    "throttle_traj": 0.75,
    "brake_traj": 0.0,
    "plan": [
        [
            0.0475308857858181,
            1.6747119426727295
        ],
        [
            -0.01930725947022438,
            3.4419169425964355
        ],
        [
            -0.1397683024406433,
            5.506406784057617
        ],
        [
            -0.27586203813552856,
            7.742875099182129
        ],
        [
            -0.3953123092651367,
            10.276044845581055
        ],
        [
            -0.4655459225177765,
            12.934398651123047
        ]
    ]
}