{
    "speed": 3.0623385141895105,
    "steer": 0.008526249788701534,
    "throttle": 0.75,
    "brake": 0.0,
    "wp_4": [
        -0.4628702402114868,
        5.28045654296875
    ],
    "wp_3": [
        -0.28351956605911255,
        3.5852885246276855
    ],
    "wp_2": [
        -0.12648603320121765,
        2.168729305267334
    ],
    "wp_1": [
        0.012787368148565292,
        1.0233676433563232
    ],
    "aim": [
        -0.28351956605911255,
        3.5852885246276855
    ],
    "target": [
        0.5397395065321522,
        39.47757874574089
    ],
    "desired_speed": 3.538018608093262,
    "angle": -0.05023842179369309,
    "angle_last": -0.01082162776652184,
    "angle_target": 0.0087033563204417,
    "angle_final": 0.0087033563204417,
    "delta": 0.25,
    "agent": "only_traj",
    "steer_traj": 0.00852624988065247,
    "throttle_traj": 0.75,
    "brake_traj": 0.0,
    "plan": [
        [
            0.012787368148565292,
            1.0233676433563232
        ],
        [
            -0.12648603320121765,
            2.168729305267334
        ],
        [
            -0.28351956605911255,
            3.5852885246276855
        ],
        [
            -0.4628702402114868,
            5.28045654296875
        ],
        [
            -0.6216285228729248,
            7.4322428703308105
        ],
        [
            -0.6624870300292969,
            9.83564281463623
        ]
    ]
}