{
    "speed": 3.054752941662474,
    "steer": 0.0009218159830197692,
    "throttle": 0.75,
    "brake": 0.0,
    "wp_4": [
        -0.30260390043258667,
        6.476622581481934
    ],
    "wp_3": [
        -0.1674220710992813,
        4.503360271453857
    ],
    "wp_2": [
        -0.0511925108730793,
        2.7908058166503906
    ],
    "wp_1": [
        0.05036928877234459,
        1.3425312042236328
    ],
    "aim": [
        -0.0511925108730793,
        2.7908058166503906
    ],
    "target": [
        0.0820720517195293,
        38.25962428770625
    ],
    "desired_speed": 4.019936656951904,
    "angle": -0.011676387995653546,
    "angle_last": 0.00672581123015792,
    "angle_target": 0.0013656331371202353,
    "angle_final": 0.0013656331371202353,
    "delta": 0.25,
    "agent": "only_traj",
    "steer_traj": 0.0009218159661418973,
    "throttle_traj": 0.75,
    "brake_traj": 0.0,
    "plan": [
        [
            0.05036928877234459,
            1.3425312042236328
        ],
        [
            -0.0511925108730793,
            2.7908058166503906
        ],
        [
            -0.1674220710992813,
            4.503360271453857
        ],
        [
            -0.30260390043258667,
            6.476622581481934
        ],
        [
            -0.4082426428794861,
            8.835783958435059
        ],
        [
            -0.3813862204551697,
            11.377745628356934
        ]
    ]
}