{
    "speed": 3.1616872179282507,
    "steer": -0.0024586739018559456,
    "throttle": 0.75,
    "brake": 0.0,
    "wp_4": [
        -0.4082232713699341,
        6.227347373962402
    ],
    "wp_3": [
        -0.21208456158638,
        4.39912748336792
    ],
    "wp_2": [
        -0.0675344467163086,
        2.7688307762145996
    ],
    "wp_1": [
        0.05179637297987938,
        1.3628582954406738
    ],
    "aim": [
        -0.0675344467163086,
        2.7688307762145996
    ],
    "target": [
        -0.08023424617658062,
        38.75661089281191
    ],
    "desired_speed": 3.81508526802063,
    "angle": -0.015524668356020286,
    "angle_last": -0.008907808761084266,
    "angle_target": -0.0013179334670952573,
    "angle_final": -0.0013179334670952573,
    "delta": 0.25,
    "agent": "only_traj",
    "steer_traj": -0.002458674011016403,
    "throttle_traj": 0.75,
    "brake_traj": 0.0,
    "plan": [
        [
            0.05179637297987938,
            1.3628582954406738
        ],
        [
            -0.0675344467163086,
            2.7688307762145996
        ],
        [
            -0.21208456158638,
            4.39912748336792
        ],
        [
            -0.4082232713699341,
            6.227347373962402
        ],
        [
            -0.5603852272033691,
            8.459753036499023
        ],
        [
            -0.5941575169563293,
            10.873213768005371
        ]
    ]
}