{
    "speed": 3.3171033702792028,
    "steer": 0.003989404533058405,
    "throttle": 0.75,
    "brake": 0.0,
    "wp_4": [
        -0.30213791131973267,
        6.174465179443359
    ],
    "wp_3": [
        -0.15245071053504944,
        4.416722297668457
    ],
    "wp_2": [
        -0.046124909073114395,
        2.854729175567627
    ],
    "wp_1": [
        0.059408362954854965,
        1.4436774253845215
    ],
    "aim": [
        -0.046124909073114395,
        2.854729175567627
    ],
    "target": [
        0.23107614773328725,
        38.23085661253326
    ],
    "desired_speed": 3.6788825511932375,
    "angle": -0.010285154352712727,
    "angle_last": -6.26378949269754e-05,
    "angle_target": 0.003847830423599335,
    "angle_final": 0.003847830423599335,
    "delta": 0.25,
    "agent": "only_traj",
    "steer_traj": 0.003989404517567021,
    "throttle_traj": 0.75,
    "brake_traj": 0.0,
    "plan": [
        [
            0.059408362954854965,
            1.4436774253845215
        ],
        [
            -0.046124909073114395,
            2.854729175567627
        ],
        [
            -0.15245071053504944,
            4.416722297668457
        ],
        [
            -0.30213791131973267,
            6.174465179443359
        ],
        [
            -0.4176945388317108,
            8.304268836975098
        ],
        [
            -0.4179227352142334,
            10.623833656311035
        ]
    ]
}