{
    "speed": 3.7040470624468482,
    "steer": 0.021196454763412476,
    "throttle": 0.75,
    "brake": 0.0,
    "wp_4": [
        -0.17973211407661438,
        8.995196342468262
    ],
    "wp_3": [
        -0.0034016892313957214,
        6.705526828765869
    ],
    "wp_2": [
        0.030295342206954956,
        4.345736503601074
    ],
    "wp_1": [
        0.07534793019294739,
        2.117838144302368
    ],
    "aim": [
        0.07534793019294739,
        2.117838144302368
    ],
    "target": [
        1.3211824590597927,
        37.65809529275127
    ],
    "desired_speed": 4.566465950012207,
    "angle": 0.022639924323315297,
    "angle_last": -0.01766487018694839,
    "angle_target": 0.022325771812783154,
    "angle_final": 0.022325771812783154,
    "delta": 0.25,
    "agent": "only_traj",
    "steer_traj": 0.02119645389983902,
    "throttle_traj": 0.75,
    "brake_traj": 0.0,
    "plan": [
        [
            0.07534793019294739,
            2.117838144302368
        ],
        [
            0.030295342206954956,
            4.345736503601074
        ],
        [
            -0.0034016892313957214,
            6.705526828765869
        ],
        [
            -0.17973211407661438,
            8.995196342468262
        ],
        [
            -0.21016445755958557,
            11.278427124023438
        ],
        [
            -0.27253106236457825,
            13.525459289550781
        ]
    ]
}