{
    "speed": 3.915547434399791,
    "steer": 0.00024269854475278407,
    "throttle": 0.75,
    "brake": 0.0,
    "wp_4": [
        -0.25317102670669556,
        8.448173522949219
    ],
    "wp_3": [
        -0.059608153998851776,
        6.221912384033203
    ],
    "wp_2": [
        0.014644831418991089,
        4.014765739440918
    ],
    "wp_1": [
        0.07387405633926392,
        1.9910824298858643
    ],
    "aim": [
        0.07387405633926392,
        1.9910824298858643
    ],
    "target": [
        0.40516100204268257,
        37.80904189977213
    ],
    "desired_speed": 4.492933368682861,
    "angle": 0.02360935583951244,
    "angle_last": -0.015894561045071864,
    "angle_target": 0.0068217447357454865,
    "angle_final": 0.0068217447357454865,
    "delta": 0.25,
    "agent": "only_traj",
    "steer_traj": 0.0002426985375437356,
    "throttle_traj": 0.75,
    "brake_traj": 0.0,
    "plan": [
        [
            0.07387405633926392,
            1.9910824298858643
        ],
        [
            0.014644831418991089,
            4.014765739440918
        ],
        [
            -0.059608153998851776,
            6.221912384033203
        ],
        [
            -0.25317102670669556,
            8.448173522949219
        ],
        [
            -0.34913554787635803,
            10.808393478393555
        ],
        [
            -0.4091142416000366,
            13.210203170776367
        ]
    ]
}