{
    "speed": 4.126539596813163,
    "steer": -0.0027404003776609898,
    "throttle": 0.75,
    "brake": 0.0,
    "wp_4": [
        -0.1609688103199005,
        9.919109344482422
    ],
    "wp_3": [
        -0.03522571921348572,
        7.251812934875488
    ],
    "wp_2": [
        0.03714396804571152,
        4.593775749206543
    ],
    "wp_1": [
        0.05054148659110069,
        2.242147445678711
    ],
    "aim": [
        0.05054148659110069,
        2.242147445678711
    ],
    "target": [
        -0.03601677360977665,
        37.22973913535917
    ],
    "desired_speed": 5.288541221618653,
    "angle": 0.014347998779929037,
    "angle_last": -0.011940260970588371,
    "angle_target": -0.0006158781553753588,
    "angle_final": -0.0006158781553753588,
    "delta": 0.25,
    "agent": "only_traj",
    "steer_traj": -0.002740400475086821,
    "throttle_traj": 0.75,
    "brake_traj": 0.0,
    "plan": [
        [
            0.05054148659110069,
            2.242147445678711
        ],
        [
            0.03714396804571152,
            4.593775749206543
        ],
        [
            -0.03522571921348572,
            7.251812934875488
        ],
        [
            -0.1609688103199005,
            9.919109344482422
        ],
        [
            -0.22600358724594116,
            12.721589088439941
        ],
        [
            -0.2773382067680359,
            15.45827865600586
        ]
    ]
}