{
    "speed": 4.534409718669041,
    "steer": 0.007987864315509796,
    "throttle": 0.75,
    "brake": 0.0,
    "wp_4": [
        -0.026724547147750854,
        11.548833847045898
    ],
    "wp_3": [
        0.05235496163368225,
        8.57888126373291
    ],
    "wp_2": [
        0.04519154876470566,
        5.485569000244141
    ],
    "wp_1": [
        0.05556037649512291,
        2.643582344055176
    ],
    "aim": [
        0.05556037649512291,
        2.643582344055176
    ],
    "target": [
        0.44649390423375673,
        37.31361841005629
    ],
    "desired_speed": 5.7818022727966305,
    "angle": 0.013377884244814895,
    "angle_last": -0.0058924320245051925,
    "angle_target": 0.007617414079959574,
    "angle_final": 0.007617414079959574,
    "delta": 0.25,
    "agent": "only_traj",
    "steer_traj": 0.007987864331168111,
    "throttle_traj": 0.75,
    "brake_traj": 0.0,
    "plan": [
        [
            0.05556037649512291,
            2.643582344055176
        ],
        [
            0.04519154876470566,
            5.485569000244141
        ],
        [
            0.05235496163368225,
            8.57888126373291
        ],
        [
            -0.026724547147750854,
            11.548833847045898
        ],
        [
            -0.00031524524092674255,
            14.45412540435791
        ],
        [
            -0.024775773286819458,
            17.09677505493164
        ]
    ]
}