{
    "speed": 4.736458819318404,
    "steer": 0.005062969401478767,
    "throttle": 0.75,
    "brake": 0.0,
    "wp_4": [
        -0.0352521687746048,
        12.066934585571289
    ],
    "wp_3": [
        0.034749940037727356,
        8.92440414428711
    ],
    "wp_2": [
        0.03697029501199722,
        5.66893196105957
    ],
    "wp_1": [
        0.04420728608965874,
        2.723764419555664
    ],
    "aim": [
        0.04420728608965874,
        2.723764419555664
    ],
    "target": [
        0.3852436575825528,
        36.9197641619014
    ],
    "desired_speed": 6.110458087921143,
    "angle": 0.01033154398399843,
    "angle_last": -0.011002703670517954,
    "angle_target": 0.006642643434109462,
    "angle_final": 0.006642643434109462,
    "delta": 0.25,
    "agent": "only_traj",
    "steer_traj": 0.005062969506019669,
    "throttle_traj": 0.75,
    "brake_traj": 0.0,
    "plan": [
        [
            0.04420728608965874,
            2.723764419555664
        ],
        [
            0.03697029501199722,
            5.66893196105957
        ],
        [
            0.034749940037727356,
            8.92440414428711
        ],
        [
            -0.0352521687746048,
            12.066934585571289
        ],
        [
            -0.04198349639773369,
            15.178471565246582
        ],
        [
            -0.09073047339916229,
            17.99869155883789
        ]
    ]
}