{
    "speed": 4.938328697592543,
    "steer": -0.013118389062583447,
    "throttle": 0.75,
    "brake": 0.0,
    "wp_4": [
        -0.03300891071557999,
        11.889192581176758
    ],
    "wp_3": [
        0.0371650755405426,
        8.912343978881836
    ],
    "wp_2": [
        0.050375185906887054,
        5.772059440612793
    ],
    "wp_1": [
        0.055386658757925034,
        2.8473734855651855
    ],
    "aim": [
        0.055386658757925034,
        2.8473734855651855
    ],
    "target": [
        -0.6063598526077757,
        35.96108898034064
    ],
    "desired_speed": 5.8517029762268065,
    "angle": 0.01238189088184548,
    "angle_last": -0.013456031729395756,
    "angle_target": -0.010733381693545284,
    "angle_final": -0.010733381693545284,
    "delta": 0.25,
    "agent": "only_traj",
    "steer_traj": -0.013118389344171533,
    "throttle_traj": 0.75,
    "brake_traj": 0.0,
    "plan": [
        [
            0.055386658757925034,
            2.8473734855651855
        ],
        [
            0.050375185906887054,
            5.772059440612793
        ],
        [
            0.0371650755405426,
            8.912343978881836
        ],
        [
            -0.03300891071557999,
            11.889192581176758
        ],
        [
            -0.038397613912820816,
            14.80531120300293
        ],
        [
            -0.09483803063631058,
            17.475170135498047
        ]
    ]
}