{
    "speed": 5.139590138745411,
    "steer": 0.020829081535339355,
    "throttle": 0.0,
    "brake": 0.0,
    "wp_4": [
        0.1946502923965454,
        12.871246337890625
    ],
    "wp_3": [
        0.178801029920578,
        10.035812377929688
    ],
    "wp_2": [
        0.13747671246528625,
        6.694372653961182
    ],
    "wp_1": [
        0.08459743857383728,
        3.298651695251465
    ],
    "aim": [
        0.08459743857383728,
        3.298651695251465
    ],
    "target": [
        1.0808248554421467,
        36.32952780309494
    ],
    "desired_speed": 5.530243921279908,
    "angle": 0.016323213596905948,
    "angle_last": 0.029042088305340583,
    "angle_target": 0.01893422839304631,
    "angle_final": 0.016323213596905948,
    "delta": 0.25,
    "agent": "only_traj",
    "steer_traj": 0.02082908142770754,
    "throttle_traj": 0.0,
    "brake_traj": 0.0,
    "plan": [
        [
            0.08459743857383728,
            3.298651695251465
        ],
        [
            0.13747671246528625,
            6.694372653961182
        ],
        [
            0.178801029920578,
            10.035812377929688
        ],
        [
            0.1946502923965454,
            12.871246337890625
        ],
        [
            0.3166758120059967,
            15.198247909545898
        ],
        [
            0.4043302536010742,
            17.11835289001465
        ]
    ]
}