{
    "speed": 5.275898452700803,
    "steer": 0.006485826335847378,
    "throttle": 0.0,
    "brake": 0.0,
    "wp_4": [
        -0.04507160186767578,
        12.118184089660645
    ],
    "wp_3": [
        0.022445037961006165,
        9.031484603881836
    ],
    "wp_2": [
        0.06551174074411392,
        5.835155963897705
    ],
    "wp_1": [
        0.04692317172884941,
        2.91083025932312
    ],
    "aim": [
        0.04692317172884941,
        2.91083025932312
    ],
    "target": [
        -0.6039676187453654,
        35.69588475130576
    ],
    "desired_speed": 6.11325740814209,
    "angle": 0.010261572490501187,
    "angle_last": -0.005792787153613784,
    "angle_target": -0.010770458432568056,
    "angle_final": 0.010261572490501187,
    "delta": 0.25,
    "agent": "only_traj",
    "steer_traj": 0.0064858261903672524,
    "throttle_traj": 0.0,
    "brake_traj": 0.0,
    "plan": [
        [
            0.04692317172884941,
            2.91083025932312
        ],
        [
            0.06551174074411392,
            5.835155963897705
        ],
        [
            0.022445037961006165,
            9.031484603881836
        ],
        [
            -0.04507160186767578,
            12.118184089660645
        ],
        [
            -0.08256494998931885,
            15.243006706237793
        ],
        [
            -0.10940459370613098,
            18.19253921508789
        ]
    ]
}