{
    "speed": 5.151735540324017,
    "steer": 0.0041355895809829235,
    "throttle": 0.0,
    "brake": 1.0,
    "wp_4": [
        0.0351267009973526,
        10.410099029541016
    ],
    "wp_3": [
        0.08967164903879166,
        8.311267852783203
    ],
    "wp_2": [
        0.09260091185569763,
        5.709585666656494
    ],
    "wp_1": [
        0.09617221355438232,
        2.844846248626709
    ],
    "aim": [
        0.09617221355438232,
        2.844846248626709
    ],
    "target": [
        0.34901255313328866,
        35.38071563917982
    ],
    "desired_speed": 4.347215032577514,
    "angle": 0.021513246674226303,
    "angle_last": 0.02145063660683452,
    "angle_target": 0.006279722770758299,
    "angle_final": 0.006279722770758299,
    "delta": 0.0,
    "agent": "only_traj",
    "steer_traj": 0.0041355895257756455,
    "throttle_traj": 0.0,
    "brake_traj": 1.0,
    "plan": [
        [
            0.09617221355438232,
            2.844846248626709
        ],
        [
            0.09260091185569763,
            5.709585666656494
        ],
        [
            0.08967164903879166,
            8.311267852783203
        ],
        [
            0.0351267009973526,
            10.410099029541016
        ],
        [
            0.08866305649280548,
            12.15719985961914
        ],
        [
            0.14101967215538025,
            13.710469245910645
        ]
    ]
}