{
    "speed": 4.05380024481745,
    "steer": -0.005838340148329735,
    "throttle": 0.75,
    "brake": 0.0,
    "wp_4": [
        -0.2628748118877411,
        6.906498908996582
    ],
    "wp_3": [
        -0.1751658320426941,
        4.635476112365723
    ],
    "wp_2": [
        -0.07209104299545288,
        2.587331771850586
    ],
    "wp_1": [
        0.026098277419805527,
        1.0367798805236816
    ],
    "aim": [
        -0.07209104299545288,
        2.587331771850586
    ],
    "target": [
        -0.24568178257802442,
        34.8638005696461
    ],
    "desired_speed": 4.3986410140991214,
    "angle": -0.01773355153360241,
    "angle_last": 0.003415673885397407,
    "angle_target": -0.004486122827799245,
    "angle_final": -0.004486122827799245,
    "delta": 0.25,
    "agent": "only_traj",
    "steer_traj": -0.005838340302978012,
    "throttle_traj": 0.75,
    "brake_traj": 0.0,
    "plan": [
        [
            0.026098277419805527,
            1.0367798805236816
        ],
        [
            -0.07209104299545288,
            2.587331771850586
        ],
        [
            -0.1751658320426941,
            4.635476112365723
        ],
        [
            -0.2628748118877411,
            6.906498908996582
        ],
        [
            -0.2964661121368408,
            9.408164978027344
        ],
        [
            -0.2824219763278961,
            12.025728225708008
        ]
    ]
}