{
    "speed": 2.7079170472104686,
    "steer": -0.0015231840079650283,
    "throttle": 0.4475560784339905,
    "brake": 0.0,
    "wp_4": [
        -0.307247519493103,
        3.7687559127807617
    ],
    "wp_3": [
        -0.19081473350524902,
        2.361522912979126
    ],
    "wp_2": [
        -0.07165689766407013,
        1.2290127277374268
    ],
    "wp_1": [
        -0.005995053797960281,
        0.4388308823108673
    ],
    "aim": [
        -0.307247519493103,
        3.7687559127807617
    ],
    "target": [
        -0.1759013504877952,
        35.295499167841626
    ],
    "desired_speed": 2.810541868209839,
    "angle": -0.051785839095654866,
    "angle_last": -0.021312494767698312,
    "angle_target": -0.0031726807456536796,
    "angle_final": -0.0031726807456536796,
    "delta": 0.10262482099937031,
    "agent": "only_traj",
    "steer_traj": -0.0015231839678305995,
    "throttle_traj": 0.44755606455079555,
    "brake_traj": 0.0,
    "plan": [
        [
            -0.005995053797960281,
            0.4388308823108673
        ],
        [
            -0.07165689766407013,
            1.2290127277374268
        ],
        [
            -0.19081473350524902,
            2.361522912979126
        ],
        [
            -0.307247519493103,
            3.7687559127807617
        ],
        [
            -0.3440020680427551,
            5.481691837310791
        ],
        [
            -0.4099176526069641,
            7.449904441833496
        ]
    ]
}