{
    "speed": 2.670233114981589,
    "steer": 0.005010094493627548,
    "throttle": 0.75,
    "brake": 0.0,
    "wp_4": [
        -0.17821019887924194,
        8.217225074768066
    ],
    "wp_3": [
        -0.045997679233551025,
        5.783394813537598
    ],
    "wp_2": [
        -0.0242978073656559,
        3.425261974334717
    ],
    "wp_1": [
        0.03830942139029503,
        1.437972068786621
    ],
    "aim": [
        -0.0242978073656559,
        3.425261974334717
    ],
    "target": [
        0.1788655027064758,
        34.492806743483825
    ],
    "desired_speed": 4.792780256271362,
    "angle": -0.004515921233775289,
    "angle_last": -0.026506322394557566,
    "angle_target": 0.0033012185937664703,
    "angle_final": 0.0033012185937664703,
    "delta": 0.25,
    "agent": "only_traj",
    "steer_traj": 0.005010094567158641,
    "throttle_traj": 0.75,
    "brake_traj": 0.0,
    "plan": [
        [
            0.03830942139029503,
            1.437972068786621
        ],
        [
            -0.0242978073656559,
            3.425261974334717
        ],
        [
            -0.045997679233551025,
            5.783394813537598
        ],
        [
            -0.17821019887924194,
            8.217225074768066
        ],
        [
            -0.24425549805164337,
            10.836647033691406
        ],
        [
            -0.3515526354312897,
            13.412181854248047
        ]
    ]
}