{
    "speed": 2.8721976865598853,
    "steer": -0.0023998713586479425,
    "throttle": 0.75,
    "brake": 0.0,
    "wp_4": [
        -0.21987877786159515,
        12.21352481842041
    ],
    "wp_3": [
        -0.10686430335044861,
        8.84483814239502
    ],
    "wp_2": [
        -0.028887128457427025,
        5.397486686706543
    ],
    "wp_1": [
        -0.006869468837976456,
        2.4323415756225586
    ],
    "aim": [
        -0.006869468837976456,
        2.4323415756225586
    ],
    "target": [
        -0.49562440622349685,
        34.55358385778718
    ],
    "desired_speed": 6.494889831542968,
    "angle": -0.0017979612900548816,
    "angle_last": -0.3654515002078,
    "angle_target": -0.009130823070658132,
    "angle_final": -0.0017979612900548816,
    "delta": 0.25,
    "agent": "only_traj",
    "steer_traj": -0.0023998713063809896,
    "throttle_traj": 0.75,
    "brake_traj": 0.0,
    "plan": [
        [
            -0.006869468837976456,
            2.4323415756225586
        ],
        [
            -0.028887128457427025,
            5.397486686706543
        ],
        [
            -0.10686430335044861,
            8.84483814239502
        ],
        [
            -0.21987877786159515,
            12.21352481842041
        ],
        [
            -0.38532182574272156,
            15.313727378845215
        ],
        [
            -2.203719139099121,
            18.12554931640625
        ]
    ]
}