{
    "speed": 3.0835001530403052,
    "steer": 0.0012157612945884466,
    "throttle": 0.75,
    "brake": 0.0,
    "wp_4": [
        -0.17618435621261597,
        11.220954895019531
    ],
    "wp_3": [
        -0.0687967836856842,
        7.98046350479126
    ],
    "wp_2": [
        -0.00624496303498745,
        4.737723350524902
    ],
    "wp_1": [
        0.0007249079644680023,
        2.03484845161438
    ],
    "aim": [
        0.0007249079644680023,
        2.03484845161438
    ],
    "target": [
        -0.8247311983680802,
        35.091486645321794
    ],
    "desired_speed": 6.226903057098388,
    "angle": 0.0002268103439000094,
    "angle_last": -0.041432562460758764,
    "angle_target": -0.014959284994206335,
    "angle_final": 0.0002268103439000094,
    "delta": 0.25,
    "agent": "only_traj",
    "steer_traj": 0.0012157612441759955,
    "throttle_traj": 0.75,
    "brake_traj": 0.0,
    "plan": [
        [
            0.0007249079644680023,
            2.03484845161438
        ],
        [
            -0.00624496303498745,
            4.737723350524902
        ],
        [
            -0.0687967836856842,
            7.98046350479126
        ],
        [
            -0.17618435621261597,
            11.220954895019531
        ],
        [
            -0.23935317993164062,
            14.546834945678711
        ],
        [
            -0.437861829996109,
            17.592653274536133
        ]
    ]
}