{
    "speed": 3.5229054802423136,
    "steer": -0.0003520528262015432,
    "throttle": 0.75,
    "brake": 0.0,
    "wp_4": [
        -0.1278420388698578,
        10.959519386291504
    ],
    "wp_3": [
        -0.025924980640411377,
        7.842209815979004
    ],
    "wp_2": [
        -0.0029250439256429672,
        4.710502624511719
    ],
    "wp_1": [
        -0.003601495176553726,
        2.0222280025482178
    ],
    "aim": [
        -0.003601495176553726,
        2.0222280025482178
    ],
    "target": [
        0.1187825425778686,
        34.53445595504664
    ],
    "desired_speed": 5.634779834747315,
    "angle": -0.0011337633387665305,
    "angle_last": -0.15810835826561223,
    "angle_target": 0.002189668692481305,
    "angle_final": -0.0011337633387665305,
    "delta": 0.25,
    "agent": "only_traj",
    "steer_traj": -0.0003520528178884274,
    "throttle_traj": 0.75,
    "brake_traj": 0.0,
    "plan": [
        [
            -0.003601495176553726,
            2.0222280025482178
        ],
        [
            -0.0029250439256429672,
            4.710502624511719
        ],
        [
            -0.025924980640411377,
            7.842209815979004
        ],
        [
            -0.1278420388698578,
            10.959519386291504
        ],
        [
            -0.15527158975601196,
            14.122910499572754
        ],
        [
            -0.6430580019950867,
            16.046422958374023
        ]
    ]
}