{
    "speed": 3.975760334427409,
    "steer": -0.00470394641160965,
    "throttle": 0.75,
    "brake": 0.0,
    "wp_4": [
        -0.2101191282272339,
        12.132835388183594
    ],
    "wp_3": [
        -0.09793534874916077,
        8.739450454711914
    ],
    "wp_2": [
        -0.01926562748849392,
        5.310361862182617
    ],
    "wp_1": [
        -0.020547542721033096,
        2.343424081802368
    ],
    "aim": [
        -0.020547542721033096,
        2.343424081802368
    ],
    "target": [
        -0.3478794185823635,
        34.25320879809508
    ],
    "desired_speed": 6.577541351318359,
    "angle": -0.005581810199251168,
    "angle_last": -0.037387952107249545,
    "angle_target": -0.006465359304745222,
    "angle_final": -0.005581810199251168,
    "delta": 0.25,
    "agent": "only_traj",
    "steer_traj": -0.004703946516731046,
    "throttle_traj": 0.75,
    "brake_traj": 0.0,
    "plan": [
        [
            -0.020547542721033096,
            2.343424081802368
        ],
        [
            -0.01926562748849392,
            5.310361862182617
        ],
        [
            -0.09793534874916077,
            8.739450454711914
        ],
        [
            -0.2101191282272339,
            12.132835388183594
        ],
        [
            -0.3047078251838684,
            15.601728439331055
        ],
        [
            -0.49144670367240906,
            18.777746200561523
        ]
    ]
}