{
    "speed": 4.187112771367296,
    "steer": -0.0010315075051039457,
    "throttle": 0.75,
    "brake": 0.0,
    "wp_4": [
        -0.18268966674804688,
        12.533282279968262
    ],
    "wp_3": [
        -0.08079367876052856,
        9.071442604064941
    ],
    "wp_2": [
        -0.023585474118590355,
        5.546054840087891
    ],
    "wp_1": [
        -0.01264888420701027,
        2.4653682708740234
    ],
    "aim": [
        -0.01264888420701027,
        2.4653682708740234
    ],
    "target": [
        -0.2584262059243365,
        33.88125320931766
    ],
    "desired_speed": 6.687621212005616,
    "angle": -0.0032662242886352896,
    "angle_last": -0.027500190809785198,
    "angle_target": -0.004855665788146372,
    "angle_final": -0.0032662242886352896,
    "delta": 0.25,
    "agent": "only_traj",
    "steer_traj": -0.001031507479271514,
    "throttle_traj": 0.75,
    "brake_traj": 0.0,
    "plan": [
        [
            -0.01264888420701027,
            2.4653682708740234
        ],
        [
            -0.023585474118590355,
            5.546054840087891
        ],
        [
            -0.08079367876052856,
            9.071442604064941
        ],
        [
            -0.18268966674804688,
            12.533282279968262
        ],
        [
            -0.2669130265712738,
            16.02782440185547
        ],
        [
            -0.4030975103378296,
            19.178482055664062
        ]
    ]
}