{
    "speed": 4.3933391527476084,
    "steer": -0.0024547833018004894,
    "throttle": 0.75,
    "brake": 0.0,
    "wp_4": [
        -0.22568349540233612,
        12.988468170166016
    ],
    "wp_3": [
        -0.1068524420261383,
        9.37568187713623
    ],
    "wp_2": [
        -0.031700290739536285,
        5.718194961547852
    ],
    "wp_1": [
        -0.01474282518029213,
        2.5362019538879395
    ],
    "aim": [
        -0.01474282518029213,
        2.5362019538879395
    ],
    "target": [
        -0.41184771728898983,
        34.122231344183916
    ],
    "desired_speed": 6.945816993713379,
    "angle": -0.003700548428857322,
    "angle_last": -0.03127827200368236,
    "angle_target": -0.00768348548415856,
    "angle_final": -0.003700548428857322,
    "delta": 0.25,
    "agent": "only_traj",
    "steer_traj": -0.0024547832223937418,
    "throttle_traj": 0.75,
    "brake_traj": 0.0,
    "plan": [
        [
            -0.01474282518029213,
            2.5362019538879395
        ],
        [
            -0.031700290739536285,
            5.718194961547852
        ],
        [
            -0.1068524420261383,
            9.37568187713623
        ],
        [
            -0.22568349540233612,
            12.988468170166016
        ],
        [
            -0.3273874819278717,
            16.613794326782227
        ],
        [
            -0.4886104166507721,
            19.89258575439453
        ]
    ]
}