{
    "speed": 4.597355205014282,
    "steer": 0.002729410771280527,
    "throttle": 0.75,
    "brake": 0.0,
    "wp_4": [
        -0.32585659623146057,
        13.285665512084961
    ],
    "wp_3": [
        -0.13764029741287231,
        9.800016403198242
    ],
    "wp_2": [
        -0.04135916382074356,
        6.000351905822754
    ],
    "wp_1": [
        -0.014816675335168839,
        2.6709020137786865
    ],
    "aim": [
        -0.014816675335168839,
        2.6709020137786865
    ],
    "target": [
        0.05448705083079172,
        33.07400950871724
    ],
    "desired_speed": 7.827801132202149,
    "angle": -0.003531539192394896,
    "angle_last": 0.061951305764296014,
    "angle_target": 0.001048784318300103,
    "angle_final": 0.001048784318300103,
    "delta": 0.25,
    "agent": "only_traj",
    "steer_traj": 0.0027294107987300095,
    "throttle_traj": 0.75,
    "brake_traj": 0.0,
    "plan": [
        [
            -0.014816675335168839,
            2.6709020137786865
        ],
        [
            -0.04135916382074356,
            6.000351905822754
        ],
        [
            -0.13764029741287231,
            9.800016403198242
        ],
        [
            -0.32585659623146057,
            13.285665512084961
        ],
        [
            -2.3728444576263428,
            17.0700740814209
        ],
        [
            -1.9214624166488647,
            21.693883895874023
        ]
    ]
}