{
    "speed": 4.800118114117374,
    "steer": -0.0011101127602159977,
    "throttle": 0.75,
    "brake": 0.0,
    "wp_4": [
        -0.1676437109708786,
        13.525615692138672
    ],
    "wp_3": [
        -0.07226777076721191,
        9.885122299194336
    ],
    "wp_2": [
        -0.018957113847136497,
        6.134703636169434
    ],
    "wp_1": [
        -0.006222520023584366,
        2.771207332611084
    ],
    "aim": [
        -0.006222520023584366,
        2.771207332611084
    ],
    "target": [
        0.8128949823251717,
        33.249708326089745
    ],
    "desired_speed": 7.724153423309326,
    "angle": -0.0014294346388373047,
    "angle_last": 0.00912487723062951,
    "angle_target": 0.015561097375091365,
    "angle_final": -0.0014294346388373047,
    "delta": 0.25,
    "agent": "only_traj",
    "steer_traj": -0.001110112769147117,
    "throttle_traj": 0.75,
    "brake_traj": 0.0,
    "plan": [
        [
            -0.006222520023584366,
            2.771207332611084
        ],
        [
            -0.018957113847136497,
            6.134703636169434
        ],
        [
            -0.07226777076721191,
            9.885122299194336
        ],
        [
            -0.1676437109708786,
            13.525615692138672
        ],
        [
            -1.3112925291061401,
            15.8809175491333
        ],
        [
            -1.2262123823165894,
            21.81635284423828
        ]
    ]
}