{
    "speed": 5.0022578251163745,
    "steer": -0.009596931748092175,
    "throttle": 0.0,
    "brake": 0.0,
    "wp_4": [
        -0.3780873417854309,
        13.68005084991455
    ],
    "wp_3": [
        -0.2181854099035263,
        10.033750534057617
    ],
    "wp_2": [
        -0.08154933154582977,
        6.269355773925781
    ],
    "wp_1": [
        -0.04589133337140083,
        2.907456636428833
    ],
    "aim": [
        -0.04589133337140083,
        2.907456636428833
    ],
    "target": [
        -0.8790692883865676,
        33.378158841477244
    ],
    "desired_speed": 7.09984245300293,
    "angle": -0.01004753966058706,
    "angle_last": -0.04120337166860945,
    "angle_target": -0.016762564883695937,
    "angle_final": -0.01004753966058706,
    "delta": 0.25,
    "agent": "only_traj",
    "steer_traj": -0.009596932061356207,
    "throttle_traj": 0.0,
    "brake_traj": 0.0,
    "plan": [
        [
            -0.04589133337140083,
            2.907456636428833
        ],
        [
            -0.08154933154582977,
            6.269355773925781
        ],
        [
            -0.2181854099035263,
            10.033750534057617
        ],
        [
            -0.3780873417854309,
            13.68005084991455
        ],
        [
            -0.5377966165542603,
            17.339200973510742
        ],
        [
            -0.7517613172531128,
            20.640480041503906
        ]
    ]
}