{
    "speed": 5.172748957227971,
    "steer": 0.001008953433483839,
    "throttle": 0.0,
    "brake": 0.0,
    "wp_4": [
        -0.18000534176826477,
        13.516241073608398
    ],
    "wp_3": [
        -0.09219671785831451,
        9.88531494140625
    ],
    "wp_2": [
        -0.030556997284293175,
        6.151689529418945
    ],
    "wp_1": [
        -0.01030619814991951,
        2.7957923412323
    ],
    "aim": [
        -0.01030619814991951,
        2.7957923412323
    ],
    "target": [
        0.5713888011038502,
        32.5178368951932
    ],
    "desired_speed": 7.011620330810548,
    "angle": -0.0023467290443700173,
    "angle_last": -0.00895835216094236,
    "angle_target": 0.011185245155201267,
    "angle_final": -0.0023467290443700173,
    "delta": 0.25,
    "agent": "only_traj",
    "steer_traj": 0.001008953436919245,
    "throttle_traj": 0.0,
    "brake_traj": 0.0,
    "plan": [
        [
            -0.01030619814991951,
            2.7957923412323
        ],
        [
            -0.030556997284293175,
            6.151689529418945
        ],
        [
            -0.09219671785831451,
            9.88531494140625
        ],
        [
            -0.18000534176826477,
            13.516241073608398
        ],
        [
            -0.23937168717384338,
            17.117605209350586
        ],
        [
            -0.2844719886779785,
            20.322404861450195
        ]
    ]
}