{
    "speed": 5.108282067285663,
    "steer": -0.002568010939285159,
    "throttle": 0.0,
    "brake": 0.0,
    "wp_4": [
        -0.18365471065044403,
        12.911648750305176
    ],
    "wp_3": [
        -0.08677265048027039,
        9.411513328552246
    ],
    "wp_2": [
        -0.02881724201142788,
        5.824224948883057
    ],
    "wp_1": [
        -0.014632318168878555,
        2.627959966659546
    ],
    "aim": [
        -0.014632318168878555,
        2.627959966659546
    ],
    "target": [
        0.280883001329396,
        32.27103936109954
    ],
    "desired_speed": 6.817358875274658,
    "angle": -0.0035445924428086978,
    "angle_last": -0.01982389298358942,
    "angle_target": 0.005540917199362798,
    "angle_final": -0.0035445924428086978,
    "delta": 0.25,
    "agent": "only_traj",
    "steer_traj": -0.0025680109108808407,
    "throttle_traj": 0.0,
    "brake_traj": 0.0,
    "plan": [
        [
            -0.014632318168878555,
            2.627959966659546
        ],
        [
            -0.02881724201142788,
            5.824224948883057
        ],
        [
            -0.08677265048027039,
            9.411513328552246
        ],
        [
            -0.18365471065044403,
            12.911648750305176
        ],
        [
            -0.2603680193424225,
            16.461692810058594
        ],
        [
            -0.36021554470062256,
            19.667133331298828
        ]
    ]
}