{
    "speed": 4.9857003723223,
    "steer": -0.004494733177125454,
    "throttle": 0.75,
    "brake": 0.0,
    "wp_4": [
        -0.22716966271400452,
        12.421011924743652
    ],
    "wp_3": [
        -0.11212435364723206,
        8.961932182312012
    ],
    "wp_2": [
        -0.028400098904967308,
        5.451800346374512
    ],
    "wp_1": [
        -0.022137168794870377,
        2.4025425910949707
    ],
    "aim": [
        -0.022137168794870377,
        2.4025425910949707
    ],
    "target": [
        -0.7298727985038639,
        32.07080288475848
    ],
    "desired_speed": 6.717606258392333,
    "angle": -0.0058656425047605865,
    "angle_last": -0.028592717513024127,
    "angle_target": -0.014485800738591719,
    "angle_final": -0.0058656425047605865,
    "delta": 0.25,
    "agent": "only_traj",
    "steer_traj": -0.004494733022879968,
    "throttle_traj": 0.75,
    "brake_traj": 0.0,
    "plan": [
        [
            -0.022137168794870377,
            2.4025425910949707
        ],
        [
            -0.028400098904967308,
            5.451800346374512
        ],
        [
            -0.11212435364723206,
            8.961932182312012
        ],
        [
            -0.22716966271400452,
            12.421011924743652
        ],
        [
            -0.31976914405822754,
            15.970640182495117
        ],
        [
            -0.4644220471382141,
            19.189184188842773
        ]
    ]
}