{
    "speed": 4.918312650895875,
    "steer": -0.0023216884583234787,
    "throttle": 0.75,
    "brake": 0.0,
    "wp_4": [
        -0.21555104851722717,
        12.547821998596191
    ],
    "wp_3": [
        -0.10751837491989136,
        9.111515045166016
    ],
    "wp_2": [
        -0.03628132492303848,
        5.595380783081055
    ],
    "wp_1": [
        -0.017209623008966446,
        2.500631093978882
    ],
    "aim": [
        -0.017209623008966446,
        2.500631093978882
    ],
    "target": [
        -0.7910232692216638,
        32.08367641585321
    ],
    "desired_speed": 6.660898113250732,
    "angle": -0.004381214725144482,
    "angle_last": -0.023947809422461566,
    "angle_target": -0.015692685809939075,
    "angle_final": -0.004381214725144482,
    "delta": 0.25,
    "agent": "only_traj",
    "steer_traj": -0.002321688417055332,
    "throttle_traj": 0.75,
    "brake_traj": 0.0,
    "plan": [
        [
            -0.017209623008966446,
            2.500631093978882
        ],
        [
            -0.03628132492303848,
            5.595380783081055
        ],
        [
            -0.10751837491989136,
            9.111515045166016
        ],
        [
            -0.21555104851722717,
            12.547821998596191
        ],
        [
            -0.300781786441803,
            16.019855499267578
        ],
        [
            -0.41847681999206543,
            19.147138595581055
        ]
    ]
}