{
    "speed": 4.888012052787783,
    "steer": -0.005148152820765972,
    "throttle": 0.75,
    "brake": 0.0,
    "wp_4": [
        -0.17363476753234863,
        12.490362167358398
    ],
    "wp_3": [
        -0.0902494490146637,
        9.123525619506836
    ],
    "wp_2": [
        -0.02521303854882717,
        5.653552055358887
    ],
    "wp_1": [
        -0.026076827198266983,
        2.5576171875
    ],
    "aim": [
        -0.026076827198266983,
        2.5576171875
    ],
    "target": [
        -0.5149028807705169,
        32.61531438459448
    ],
    "desired_speed": 6.517738056182861,
    "angle": -0.006490604813816753,
    "angle_last": -0.02514119525244435,
    "angle_target": -0.010049577391526322,
    "angle_final": -0.006490604813816753,
    "delta": 0.25,
    "agent": "only_traj",
    "steer_traj": -0.0051481527347473025,
    "throttle_traj": 0.75,
    "brake_traj": 0.0,
    "plan": [
        [
            -0.026076827198266983,
            2.5576171875
        ],
        [
            -0.02521303854882717,
            5.653552055358887
        ],
        [
            -0.0902494490146637,
            9.123525619506836
        ],
        [
            -0.17363476753234863,
            12.490362167358398
        ],
        [
            -0.21721947193145752,
            15.873858451843262
        ],
        [
            -0.3347233831882477,
            18.847719192504883
        ]
    ]
}