{
    "speed": 4.987417164327688,
    "steer": 0.0017146122409030795,
    "throttle": 0.75,
    "brake": 0.0,
    "wp_4": [
        -0.26317980885505676,
        13.724787712097168
    ],
    "wp_3": [
        -0.1415969580411911,
        9.90580940246582
    ],
    "wp_2": [
        -0.03497885912656784,
        6.072564125061035
    ],
    "wp_1": [
        -0.01173417642712593,
        2.705528497695923
    ],
    "aim": [
        -0.01173417642712593,
        2.705528497695923
    ],
    "target": [
        -0.041829283567269865,
        31.35084295984809
    ],
    "desired_speed": 7.3761951446533205,
    "angle": -0.0027610179630266794,
    "angle_last": -0.021455852849277802,
    "angle_target": -0.0008493976769746038,
    "angle_final": -0.0008493976769746038,
    "delta": 0.25,
    "agent": "only_traj",
    "steer_traj": 0.001714612269001154,
    "throttle_traj": 0.75,
    "brake_traj": 0.0,
    "plan": [
        [
            -0.01173417642712593,
            2.705528497695923
        ],
        [
            -0.03497885912656784,
            6.072564125061035
        ],
        [
            -0.1415969580411911,
            9.90580940246582
        ],
        [
            -0.26317980885505676,
            13.724787712097168
        ],
        [
            -0.36904987692832947,
            17.590747833251953
        ],
        [
            -0.4886831045150757,
            21.139053344726562
        ]
    ]
}