{
    "speed": 5.1292206589390625,
    "steer": -0.002835718682035804,
    "throttle": 0.0,
    "brake": 0.0,
    "wp_4": [
        -0.2812599837779999,
        14.38449764251709
    ],
    "wp_3": [
        -0.15985310077667236,
        10.472757339477539
    ],
    "wp_2": [
        -0.05501708760857582,
        6.537738800048828
    ],
    "wp_1": [
        -0.016536984592676163,
        2.997407913208008
    ],
    "aim": [
        -0.016536984592676163,
        2.997407913208008
    ],
    "target": [
        -0.844481618777126,
        31.42886808100569
    ],
    "desired_speed": 7.551251029968261,
    "angle": -0.003512262880737304,
    "angle_last": -0.024663082010543454,
    "angle_target": -0.01710161400351061,
    "angle_final": -0.003512262880737304,
    "delta": 0.25,
    "agent": "only_traj",
    "steer_traj": -0.00283571866093837,
    "throttle_traj": 0.0,
    "brake_traj": 0.0,
    "plan": [
        [
            -0.016536984592676163,
            2.997407913208008
        ],
        [
            -0.05501708760857582,
            6.537738800048828
        ],
        [
            -0.15985310077667236,
            10.472757339477539
        ],
        [
            -0.2812599837779999,
            14.38449764251709
        ],
        [
            -0.4183226227760315,
            18.297409057617188
        ],
        [
            -0.5566788911819458,
            21.866966247558594
        ]
    ]
}