{
    "speed": 5.120865400788485,
    "steer": -0.002098670694977045,
    "throttle": 0.0,
    "brake": 0.0,
    "wp_4": [
        -0.1574748158454895,
        13.265071868896484
    ],
    "wp_3": [
        -0.08662372827529907,
        9.50244140625
    ],
    "wp_2": [
        -0.006921535357832909,
        5.7736663818359375
    ],
    "wp_1": [
        -0.013268832117319107,
        2.522489070892334
    ],
    "aim": [
        -0.013268832117319107,
        2.522489070892334
    ],
    "target": [
        0.7630498604140395,
        31.73056005526212
    ],
    "desired_speed": 7.2203444480896,
    "angle": -0.003348717795610888,
    "angle_last": -0.013805054395983406,
    "angle_target": 0.015306348829462227,
    "angle_final": -0.003348717795610888,
    "delta": 0.25,
    "agent": "only_traj",
    "steer_traj": -0.002098670777102155,
    "throttle_traj": 0.0,
    "brake_traj": 0.0,
    "plan": [
        [
            -0.013268832117319107,
            2.522489070892334
        ],
        [
            -0.006921535357832909,
            5.7736663818359375
        ],
        [
            -0.08662372827529907,
            9.50244140625
        ],
        [
            -0.1574748158454895,
            13.265071868896484
        ],
        [
            -0.2222062647342682,
            17.09101676940918
        ],
        [
            -0.2976698577404022,
            20.570459365844727
        ]
    ]
}