{
    "speed": 4.978918648819142,
    "steer": -0.003133256919682026,
    "throttle": 0.75,
    "brake": 0.0,
    "wp_4": [
        -0.24156177043914795,
        13.939229011535645
    ],
    "wp_3": [
        -0.14036419987678528,
        9.995079040527344
    ],
    "wp_2": [
        -0.028794294223189354,
        6.091568946838379
    ],
    "wp_1": [
        -0.01737833395600319,
        2.6810874938964844
    ],
    "aim": [
        -0.01737833395600319,
        2.6810874938964844
    ],
    "target": [
        -0.23760287974512762,
        30.24526843520841
    ],
    "desired_speed": 7.617315292358398,
    "angle": -0.004126372778112229,
    "angle_last": -0.020202513136580464,
    "angle_target": -0.00500109893045644,
    "angle_final": -0.004126372778112229,
    "delta": 0.25,
    "agent": "only_traj",
    "steer_traj": -0.0031332568081513415,
    "throttle_traj": 0.75,
    "brake_traj": 0.0,
    "plan": [
        [
            -0.01737833395600319,
            2.6810874938964844
        ],
        [
            -0.028794294223189354,
            6.091568946838379
        ],
        [
            -0.14036419987678528,
            9.995079040527344
        ],
        [
            -0.24156177043914795,
            13.939229011535645
        ],
        [
            -0.3541518449783325,
            17.96355628967285
        ],
        [
            -0.4733356237411499,
            21.717998504638672
        ]
    ]
}