{
    "speed": 4.925252003172622,
    "steer": 0.0006497367867268622,
    "throttle": 0.75,
    "brake": 0.0,
    "wp_4": [
        -0.2350165843963623,
        13.768774032592773
    ],
    "wp_3": [
        -0.1318284273147583,
        9.88123893737793
    ],
    "wp_2": [
        -0.025517916306853294,
        6.003787040710449
    ],
    "wp_1": [
        -0.00651613250374794,
        2.637991428375244
    ],
    "aim": [
        -0.00651613250374794,
        2.637991428375244
    ],
    "target": [
        -0.032979240682982816,
        29.626334158838574
    ],
    "desired_speed": 7.5453936576843255,
    "angle": -0.0015724891564536832,
    "angle_last": -0.024455292477793513,
    "angle_target": -0.0007086677653665951,
    "angle_final": -0.0007086677653665951,
    "delta": 0.25,
    "agent": "only_traj",
    "steer_traj": 0.000649736808060348,
    "throttle_traj": 0.75,
    "brake_traj": 0.0,
    "plan": [
        [
            -0.00651613250374794,
            2.637991428375244
        ],
        [
            -0.025517916306853294,
            6.003787040710449
        ],
        [
            -0.1318284273147583,
            9.88123893737793
        ],
        [
            -0.2350165843963623,
            13.768774032592773
        ],
        [
            -0.35274752974510193,
            17.764738082885742
        ],
        [
            -0.49607932567596436,
            21.494108200073242
        ]
    ]
}