{
    "speed": 4.87810043326996,
    "steer": -0.0013445415534079075,
    "throttle": 0.75,
    "brake": 0.0,
    "wp_4": [
        -0.2065238654613495,
        13.593830108642578
    ],
    "wp_3": [
        -0.11600062251091003,
        9.746330261230469
    ],
    "wp_2": [
        -0.019521242007613182,
        5.918084144592285
    ],
    "wp_1": [
        -0.006628159433603287,
        2.5950119495391846
    ],
    "aim": [
        -0.006628159433603287,
        2.5950119495391846
    ],
    "target": [
        -0.2184155193524938,
        29.414314808482626
    ],
    "desired_speed": 7.474582576751709,
    "angle": -0.0016259923049521162,
    "angle_last": -0.022369504487253177,
    "angle_target": -0.004727122953823727,
    "angle_final": -0.0016259923049521162,
    "delta": 0.25,
    "agent": "only_traj",
    "steer_traj": -0.0013445415655379553,
    "throttle_traj": 0.75,
    "brake_traj": 0.0,
    "plan": [
        [
            -0.006628159433603287,
            2.5950119495391846
        ],
        [
            -0.019521242007613182,
            5.918084144592285
        ],
        [
            -0.11600062251091003,
            9.746330261230469
        ],
        [
            -0.2065238654613495,
            13.593830108642578
        ],
        [
            -0.3063015639781952,
            17.57085418701172
        ],
        [
            -0.43653303384780884,
            21.275623321533203
        ]
    ]
}