{
    "speed": 5.009396547592502,
    "steer": -0.0008433806942775846,
    "throttle": 0.0,
    "brake": 0.0,
    "wp_4": [
        -0.17262130975723267,
        13.265259742736816
    ],
    "wp_3": [
        -0.09584711492061615,
        9.708754539489746
    ],
    "wp_2": [
        -0.01824452541768551,
        6.059067726135254
    ],
    "wp_1": [
        -0.0033362098038196564,
        2.7933027744293213
    ],
    "aim": [
        -0.0033362098038196564,
        2.7933027744293213
    ],
    "target": [
        -0.5996517432132437,
        29.523927173131273
    ],
    "desired_speed": 6.944379711151123,
    "angle": -0.000760303773148389,
    "angle_last": -0.01205113770811491,
    "angle_target": -0.012928418134428757,
    "angle_final": -0.000760303773148389,
    "delta": 0.25,
    "agent": "only_traj",
    "steer_traj": -0.0008433807047267869,
    "throttle_traj": 0.0,
    "brake_traj": 0.0,
    "plan": [
        [
            -0.0033362098038196564,
            2.7933027744293213
        ],
        [
            -0.01824452541768551,
            6.059067726135254
        ],
        [
            -0.09584711492061615,
            9.708754539489746
        ],
        [
            -0.17262130975723267,
            13.265259742736816
        ],
        [
            -0.2240796685218811,
            16.898269653320312
        ],
        [
            -0.28567272424697876,
            20.1516170501709
        ]
    ]
}