{
    "speed": 5.12233805758671,
    "steer": -0.0016660189721733332,
    "throttle": 0.0,
    "brake": 0.0,
    "wp_4": [
        -0.22620752453804016,
        13.802482604980469
    ],
    "wp_3": [
        -0.12859460711479187,
        10.021130561828613
    ],
    "wp_2": [
        -0.028528159484267235,
        6.202122688293457
    ],
    "wp_1": [
        -0.005829278379678726,
        2.8131933212280273
    ],
    "aim": [
        -0.005829278379678726,
        2.8131933212280273
    ],
    "target": [
        -0.27548951571964053,
        28.85738212163549
    ],
    "desired_speed": 7.3907746315002445,
    "angle": -0.0013191650292369878,
    "angle_last": -0.014872157617311735,
    "angle_target": -0.006077361570361618,
    "angle_final": -0.0013191650292369878,
    "delta": 0.25,
    "agent": "only_traj",
    "steer_traj": -0.0016660189813649004,
    "throttle_traj": 0.0,
    "brake_traj": 0.0,
    "plan": [
        [
            -0.005829278379678726,
            2.8131933212280273
        ],
        [
            -0.028528159484267235,
            6.202122688293457
        ],
        [
            -0.12859460711479187,
            10.021130561828613
        ],
        [
            -0.22620752453804016,
            13.802482604980469
        ],
        [
            -0.31117457151412964,
            17.694477081298828
        ],
        [
            -0.39508211612701416,
            21.28557586669922
        ]
    ]
}