{
    "speed": 5.075181208940935,
    "steer": -0.0010281705763190985,
    "throttle": 0.0,
    "brake": 0.0,
    "wp_4": [
        -0.19651323556900024,
        13.569894790649414
    ],
    "wp_3": [
        -0.10573253035545349,
        9.736627578735352
    ],
    "wp_2": [
        -0.014707928523421288,
        5.938951015472412
    ],
    "wp_1": [
        -0.0030223168432712555,
        2.612656593322754
    ],
    "aim": [
        -0.0030223168432712555,
        2.612656593322754
    ],
    "target": [
        0.17886167204978956,
        28.815083612390794
    ],
    "desired_speed": 7.42600793838501,
    "angle": -0.0007363981110533443,
    "angle_last": -0.01363240239196364,
    "angle_target": 0.003951590635481178,
    "angle_final": -0.0007363981110533443,
    "delta": 0.25,
    "agent": "only_traj",
    "steer_traj": -0.001028170518822973,
    "throttle_traj": 0.0,
    "brake_traj": 0.0,
    "plan": [
        [
            -0.0030223168432712555,
            2.612656593322754
        ],
        [
            -0.014707928523421288,
            5.938951015472412
        ],
        [
            -0.10573253035545349,
            9.736627578735352
        ],
        [
            -0.19651323556900024,
            13.569894790649414
        ],
        [
            -0.2630447447299957,
            17.517826080322266
        ],
        [
            -0.34135112166404724,
            21.174091339111328
        ]
    ]
}