{
    "speed": 4.855340485963877,
    "steer": -0.005835129879415035,
    "throttle": 0.75,
    "brake": 0.0,
    "wp_4": [
        -0.25909683108329773,
        13.67335033416748
    ],
    "wp_3": [
        -0.1604141891002655,
        9.754337310791016
    ],
    "wp_2": [
        -0.02679765783250332,
        5.902974605560303
    ],
    "wp_1": [
        -0.019627157598733902,
        2.56643009185791
    ],
    "aim": [
        -0.019627157598733902,
        2.56643009185791
    ],
    "target": [
        -0.7652756902275859,
        27.78327283777289
    ],
    "desired_speed": 7.6731822967529295,
    "angle": -0.004868510776929503,
    "angle_last": -0.01785824043145053,
    "angle_target": -0.017530925339610696,
    "angle_final": -0.004868510776929503,
    "delta": 0.25,
    "agent": "only_traj",
    "steer_traj": -0.005835129841272639,
    "throttle_traj": 0.75,
    "brake_traj": 0.0,
    "plan": [
        [
            -0.019627157598733902,
            2.56643009185791
        ],
        [
            -0.02679765783250332,
            5.902974605560303
        ],
        [
            -0.1604141891002655,
            9.754337310791016
        ],
        [
            -0.25909683108329773,
            13.67335033416748
        ],
        [
            -0.341717004776001,
            17.801837921142578
        ],
        [
            -0.4523144066333771,
            21.743440628051758
        ]
    ]
}