{
    "speed": 4.778143247893645,
    "steer": -0.0008962890133261681,
    "throttle": 0.75,
    "brake": 0.0,
    "wp_4": [
        -0.16284021735191345,
        12.867766380310059
    ],
    "wp_3": [
        -0.09066987037658691,
        9.122604370117188
    ],
    "wp_2": [
        0.010427886620163918,
        5.44757080078125
    ],
    "wp_1": [
        -0.0049890317022800446,
        2.3153481483459473
    ],
    "aim": [
        -0.0049890317022800446,
        2.3153481483459473
    ],
    "target": [
        0.827821126737293,
        27.43400622730433
    ],
    "desired_speed": 7.3384446144104,
    "angle": -0.001371757485846086,
    "angle_last": -0.008867131190027302,
    "angle_target": 0.019204174123789306,
    "angle_final": -0.001371757485846086,
    "delta": 0.25,
    "agent": "only_traj",
    "steer_traj": -0.0008962890197682931,
    "throttle_traj": 0.75,
    "brake_traj": 0.0,
    "plan": [
        [
            -0.0049890317022800446,
            2.3153481483459473
        ],
        [
            0.010427886620163918,
            5.44757080078125
        ],
        [
            -0.09066987037658691,
            9.122604370117188
        ],
        [
            -0.16284021735191345,
            12.867766380310059
        ],
        [
            -0.19655932486057281,
            16.84480857849121
        ],
        [
            -0.24968619644641876,
            20.658823013305664
        ]
    ]
}