{
    "speed": 5.020950412142712,
    "steer": -0.00412021204829216,
    "throttle": 0.0,
    "brake": 0.0,
    "wp_4": [
        -0.11821168661117554,
        14.251137733459473
    ],
    "wp_3": [
        -0.0883166491985321,
        10.206948280334473
    ],
    "wp_2": [
        0.001484924927353859,
        6.33359432220459
    ],
    "wp_1": [
        -0.016776863485574722,
        2.8381972312927246
    ],
    "aim": [
        -0.016776863485574722,
        2.8381972312927246
    ],
    "target": [
        0.9235809105167545,
        25.89455042782582
    ],
    "desired_speed": 8.01330862045288,
    "angle": -0.003763082605258328,
    "angle_last": 0.006057287492395227,
    "angle_target": 0.022696695783010985,
    "angle_final": -0.003763082605258328,
    "delta": 0.25,
    "agent": "only_traj",
    "steer_traj": -0.004120212181365558,
    "throttle_traj": 0.0,
    "brake_traj": 0.0,
    "plan": [
        [
            -0.016776863485574722,
            2.8381972312927246
        ],
        [
            0.001484924927353859,
            6.33359432220459
        ],
        [
            -0.0883166491985321,
            10.206948280334473
        ],
        [
            -0.11821168661117554,
            14.251137733459473
        ],
        [
            -0.1188034638762474,
            18.53165054321289
        ],
        [
            -0.07752308249473572,
            22.870073318481445
        ]
    ]
}