{
    "speed": 5.154582130079807,
    "steer": -0.007781634572893381,
    "throttle": 0.0,
    "brake": 0.0,
    "wp_4": [
        -0.21871539950370789,
        13.723151206970215
    ],
    "wp_3": [
        -0.18560785055160522,
        10.098539352416992
    ],
    "wp_2": [
        -0.0659591406583786,
        6.448335647583008
    ],
    "wp_1": [
        -0.03216027095913887,
        2.9955849647521973
    ],
    "aim": [
        -0.03216027095913887,
        2.9955849647521973
    ],
    "target": [
        -0.414610761720266,
        27.41475539081298
    ],
    "desired_speed": 7.171272850036622,
    "angle": -0.006834391002040728,
    "angle_last": 0.0007764128991137021,
    "angle_target": -0.009627271294642827,
    "angle_final": -0.006834391002040728,
    "delta": 0.25,
    "agent": "only_traj",
    "steer_traj": -0.007781634692876288,
    "throttle_traj": 0.0,
    "brake_traj": 0.0,
    "plan": [
        [
            -0.03216027095913887,
            2.9955849647521973
        ],
        [
            -0.0659591406583786,
            6.448335647583008
        ],
        [
            -0.18560785055160522,
            10.098539352416992
        ],
        [
            -0.21871539950370789,
            13.723151206970215
        ],
        [
            -0.2285994291305542,
            17.422513961791992
        ],
        [
            -0.2243320345878601,
            20.92147445678711
        ]
    ]
}