{
    "speed": 5.085629955383756,
    "steer": -0.00045377513743005693,
    "throttle": 0.0,
    "brake": 0.0,
    "wp_4": [
        -0.16009660065174103,
        14.014931678771973
    ],
    "wp_3": [
        -0.12178833782672882,
        10.015953063964844
    ],
    "wp_2": [
        -0.012835225090384483,
        6.120943546295166
    ],
    "wp_1": [
        -0.002586502581834793,
        2.6994824409484863
    ],
    "aim": [
        -0.002586502581834793,
        2.6994824409484863
    ],
    "target": [
        0.3117219969441013,
        26.181527254418988
    ],
    "desired_speed": 7.869789695739746,
    "angle": -0.0006099637204173305,
    "angle_last": 0.009076306996531641,
    "angle_target": 0.007579351977714029,
    "angle_final": -0.0006099637204173305,
    "delta": 0.25,
    "agent": "only_traj",
    "steer_traj": -0.00045377514984654404,
    "throttle_traj": 0.0,
    "brake_traj": 0.0,
    "plan": [
        [
            -0.002586502581834793,
            2.6994824409484863
        ],
        [
            -0.012835225090384483,
            6.120943546295166
        ],
        [
            -0.12178833782672882,
            10.015953063964844
        ],
        [
            -0.16009660065174103,
            14.014931678771973
        ],
        [
            -0.15001539885997772,
            18.246959686279297
        ],
        [
            -0.09120319783687592,
            22.371803283691406
        ]
    ]
}