{
    "speed": 4.974814476512,
    "steer": -0.0056025502271950245,
    "throttle": 0.75,
    "brake": 0.0,
    "wp_4": [
        -0.24288243055343628,
        13.841278076171875
    ],
    "wp_3": [
        -0.17596477270126343,
        9.805135726928711
    ],
    "wp_2": [
        -0.03496474772691727,
        5.896061897277832
    ],
    "wp_1": [
        -0.014197472482919693,
        2.531611442565918
    ],
    "aim": [
        -0.014197472482919693,
        2.531611442565918
    ],
    "target": [
        0.33840029726211057,
        26.144879089435463
    ],
    "desired_speed": 7.879814434051513,
    "angle": -0.0035701677067008566,
    "angle_last": 0.0008695311447982093,
    "angle_target": 0.008239483164069472,
    "angle_final": -0.0035701677067008566,
    "delta": 0.25,
    "agent": "only_traj",
    "steer_traj": -0.00560255018077599,
    "throttle_traj": 0.75,
    "brake_traj": 0.0,
    "plan": [
        [
            -0.014197472482919693,
            2.531611442565918
        ],
        [
            -0.03496474772691727,
            5.896061897277832
        ],
        [
            -0.17596477270126343,
            9.805135726928711
        ],
        [
            -0.24288243055343628,
            13.841278076171875
        ],
        [
            -0.25987058877944946,
            18.088605880737305
        ],
        [
            -0.2542170286178589,
            22.227949142456055
        ]
    ]
}