{
    "speed": 4.883225048795145,
    "steer": -0.0031525224912911654,
    "throttle": 0.75,
    "brake": 0.0,
    "wp_4": [
        -0.16220150887966156,
        12.671585083007812
    ],
    "wp_3": [
        -0.14198051393032074,
        9.235810279846191
    ],
    "wp_2": [
        -0.033825330436229706,
        5.799859046936035
    ],
    "wp_1": [
        -0.008585680276155472,
        2.5724639892578125
    ],
    "aim": [
        -0.008585680276155472,
        2.5724639892578125
    ],
    "target": [
        0.7006179105441058,
        27.25393738631824
    ],
    "desired_speed": 6.6947297096252445,
    "angle": -0.002124747896344603,
    "angle_last": 0.011752375113342636,
    "angle_target": 0.016362002845414076,
    "angle_final": -0.002124747896344603,
    "delta": 0.25,
    "agent": "only_traj",
    "steer_traj": -0.003152522404052091,
    "throttle_traj": 0.75,
    "brake_traj": 0.0,
    "plan": [
        [
            -0.008585680276155472,
            2.5724639892578125
        ],
        [
            -0.033825330436229706,
            5.799859046936035
        ],
        [
            -0.14198051393032074,
            9.235810279846191
        ],
        [
            -0.16220150887966156,
            12.671585083007812
        ],
        [
            -0.102604940533638,
            16.09478759765625
        ],
        [
            -0.04331072047352791,
            19.30636215209961
        ]
    ]
}