{
    "speed": 4.81604090602672,
    "steer": -0.004203687887638807,
    "throttle": 0.75,
    "brake": 0.0,
    "wp_4": [
        -0.21043191850185394,
        13.966816902160645
    ],
    "wp_3": [
        -0.1471152901649475,
        9.97046184539795
    ],
    "wp_2": [
        -0.02397633157670498,
        6.095215797424316
    ],
    "wp_1": [
        -0.011518184095621109,
        2.6948392391204834
    ],
    "aim": [
        -0.011518184095621109,
        2.6948392391204834
    ],
    "target": [
        -0.5341456871293206,
        25.724940316474424
    ],
    "desired_speed": 7.85112886428833,
    "angle": -0.002720947519895938,
    "angle_last": 0.004433144398756973,
    "angle_target": -0.013216701211891798,
    "angle_final": -0.002720947519895938,
    "delta": 0.25,
    "agent": "only_traj",
    "steer_traj": -0.004203687953904911,
    "throttle_traj": 0.75,
    "brake_traj": 0.0,
    "plan": [
        [
            -0.011518184095621109,
            2.6948392391204834
        ],
        [
            -0.02397633157670498,
            6.095215797424316
        ],
        [
            -0.1471152901649475,
            9.97046184539795
        ],
        [
            -0.21043191850185394,
            13.966816902160645
        ],
        [
            -0.2213328629732132,
            18.180543899536133
        ],
        [
            -0.19250662624835968,
            22.320066452026367
        ]
    ]
}