{
    "speed": 4.833854721688281,
    "steer": -0.004720670636743307,
    "throttle": 0.75,
    "brake": 0.0,
    "wp_4": [
        -0.172908753156662,
        13.283215522766113
    ],
    "wp_3": [
        -0.13088107109069824,
        9.543245315551758
    ],
    "wp_2": [
        -0.01854119263589382,
        5.872509002685547
    ],
    "wp_1": [
        -0.013363156467676163,
        2.604454278945923
    ],
    "aim": [
        -0.013363156467676163,
        2.604454278945923
    ],
    "target": [
        -0.34416398982973695,
        26.0164028149187
    ],
    "desired_speed": 7.262276649475098,
    "angle": -0.003266376070616845,
    "angle_last": 0.01142285643138491,
    "angle_target": -0.008421180394766793,
    "angle_final": -0.003266376070616845,
    "delta": 0.25,
    "agent": "only_traj",
    "steer_traj": -0.00472067044505365,
    "throttle_traj": 0.75,
    "brake_traj": 0.0,
    "plan": [
        [
            -0.013363156467676163,
            2.604454278945923
        ],
        [
            -0.01854119263589382,
            5.872509002685547
        ],
        [
            -0.13088107109069824,
            9.543245315551758
        ],
        [
            -0.172908753156662,
            13.283215522766113
        ],
        [
            -0.14535284042358398,
            17.1232852935791
        ],
        [
            -0.08013692498207092,
            20.757503509521484
        ]
    ]
}