{
    "speed": 4.929401150359886,
    "steer": -0.003967176657170057,
    "throttle": 0.75,
    "brake": 0.0,
    "wp_4": [
        -0.15765605866909027,
        13.075892448425293
    ],
    "wp_3": [
        -0.1167895495891571,
        9.441402435302734
    ],
    "wp_2": [
        -0.016832714900374413,
        5.867733001708984
    ],
    "wp_1": [
        -0.011188630014657974,
        2.6491522789001465
    ],
    "aim": [
        -0.011188630014657974,
        2.6491522789001465
    ],
    "target": [
        -0.38009409546773887,
        25.81966340476255
    ],
    "desired_speed": 7.074397277832032,
    "angle": -0.0026886938488153225,
    "angle_last": 0.012924890920861493,
    "angle_target": -0.009371072559337341,
    "angle_final": -0.0026886938488153225,
    "delta": 0.25,
    "agent": "only_traj",
    "steer_traj": -0.003967176782422538,
    "throttle_traj": 0.75,
    "brake_traj": 0.0,
    "plan": [
        [
            -0.011188630014657974,
            2.6491522789001465
        ],
        [
            -0.016832714900374413,
            5.867733001708984
        ],
        [
            -0.1167895495891571,
            9.441402435302734
        ],
        [
            -0.15765605866909027,
            13.075892448425293
        ],
        [
            -0.1158231645822525,
            16.806095123291016
        ],
        [
            -0.04421795904636383,
            20.332551956176758
        ]
    ]
}