{
    "speed": 5.068885086819193,
    "steer": -0.003787658177316189,
    "throttle": 0.0,
    "brake": 0.0,
    "wp_4": [
        -0.13148042559623718,
        13.431995391845703
    ],
    "wp_3": [
        -0.09435707330703735,
        9.77521800994873
    ],
    "wp_2": [
        -0.012193536385893822,
        6.142177581787109
    ],
    "wp_1": [
        -0.010225627571344376,
        2.8212528228759766
    ],
    "aim": [
        -0.010225627571344376,
        2.8212528228759766
    ],
    "target": [
        -0.1439361797529861,
        25.539522355691695
    ],
    "desired_speed": 7.132576560974122,
    "angle": -0.0023074175111470548,
    "angle_last": 0.012339164254037511,
    "angle_target": -0.0035878371792708386,
    "angle_final": -0.0023074175111470548,
    "delta": 0.25,
    "agent": "only_traj",
    "steer_traj": -0.003787658066693446,
    "throttle_traj": 0.0,
    "brake_traj": 0.0,
    "plan": [
        [
            -0.010225627571344376,
            2.8212528228759766
        ],
        [
            -0.012193536385893822,
            6.142177581787109
        ],
        [
            -0.09435707330703735,
            9.77521800994873
        ],
        [
            -0.13148042559623718,
            13.431995391845703
        ],
        [
            -0.09951883554458618,
            17.15296745300293
        ],
        [
            -0.031714409589767456,
            20.650781631469727
        ]
    ]
}