{
    "speed": 5.197974593923587,
    "steer": -0.0012452325318008661,
    "throttle": 0.0,
    "brake": 0.0,
    "wp_4": [
        -0.10895160585641861,
        14.023189544677734
    ],
    "wp_3": [
        -0.07017116248607635,
        10.18612289428711
    ],
    "wp_2": [
        -0.005606194958090782,
        6.393109321594238
    ],
    "wp_1": [
        0.0010716132819652557,
        2.94767427444458
    ],
    "aim": [
        0.0010716132819652557,
        2.94767427444458
    ],
    "target": [
        -0.0735019884173357,
        24.845325459106455
    ],
    "desired_speed": 7.531867885589599,
    "angle": 0.0002314396943374625,
    "angle_last": 0.012556743724597806,
    "angle_target": -0.001883359616352266,
    "angle_final": 0.0002314396943374625,
    "delta": 0.25,
    "agent": "only_traj",
    "steer_traj": -0.0012452325616862897,
    "throttle_traj": 0.0,
    "brake_traj": 0.0,
    "plan": [
        [
            0.0010716132819652557,
            2.94767427444458
        ],
        [
            -0.005606194958090782,
            6.393109321594238
        ],
        [
            -0.07017116248607635,
            10.18612289428711
        ],
        [
            -0.10895160585641861,
            14.023189544677734
        ],
        [
            -0.0814131498336792,
            17.984678268432617
        ],
        [
            -0.006627678871154785,
            21.775758743286133
        ]
    ]
}