{
    "speed": 5.068875063207918,
    "steer": -0.0032685650512576103,
    "throttle": 0.0,
    "brake": 0.0,
    "wp_4": [
        -0.11264729499816895,
        13.349922180175781
    ],
    "wp_3": [
        -0.08214081823825836,
        9.603166580200195
    ],
    "wp_2": [
        0.0005582664161920547,
        5.929832458496094
    ],
    "wp_1": [
        -0.004057753831148148,
        2.6548690795898438
    ],
    "aim": [
        -0.004057753831148148,
        2.6548690795898438
    ],
    "target": [
        0.22867329015899898,
        24.98624096306262
    ],
    "desired_speed": 7.277049350738526,
    "angle": -0.0009730262202988972,
    "angle_last": 0.014426621846374964,
    "angle_target": 0.005826161441508943,
    "angle_final": -0.0009730262202988972,
    "delta": 0.25,
    "agent": "only_traj",
    "steer_traj": -0.003268565112728554,
    "throttle_traj": 0.0,
    "brake_traj": 0.0,
    "plan": [
        [
            -0.004057753831148148,
            2.6548690795898438
        ],
        [
            0.0005582664161920547,
            5.929832458496094
        ],
        [
            -0.08214081823825836,
            9.603166580200195
        ],
        [
            -0.11264729499816895,
            13.349922180175781
        ],
        [
            -0.07477313280105591,
            17.200735092163086
        ],
        [
            0.007831662893295288,
            20.845312118530273
        ]
    ]
}