{
    "speed": 4.98456673343036,
    "steer": -0.0011850357986986637,
    "throttle": 0.75,
    "brake": 0.0,
    "wp_4": [
        -0.13086587190628052,
        13.460637092590332
    ],
    "wp_3": [
        -0.08564463257789612,
        9.636879920959473
    ],
    "wp_2": [
        0.004358762875199318,
        5.915195465087891
    ],
    "wp_1": [
        0.0026717744767665863,
        2.641695499420166
    ],
    "aim": [
        0.0026717744767665863,
        2.641695499420166
    ],
    "target": [
        -0.2594343271760487,
        23.71664067393547
    ],
    "desired_speed": 7.524960136413574,
    "angle": 0.0006438313382246769,
    "angle_last": 0.015873180021592884,
    "angle_target": -0.006963652118321815,
    "angle_final": 0.0006438313382246769,
    "delta": 0.25,
    "agent": "only_traj",
    "steer_traj": -0.001185035827801244,
    "throttle_traj": 0.75,
    "brake_traj": 0.0,
    "plan": [
        [
            0.0026717744767665863,
            2.641695499420166
        ],
        [
            0.004358762875199318,
            5.915195465087891
        ],
        [
            -0.08564463257789612,
            9.636879920959473
        ],
        [
            -0.13086587190628052,
            13.460637092590332
        ],
        [
            -0.08370345830917358,
            17.50079345703125
        ],
        [
            0.014815449714660645,
            21.451236724853516
        ]
    ]
}