{
    "speed": 4.906396836816167,
    "steer": 0.00048173096729442477,
    "throttle": 0.75,
    "brake": 0.0,
    "wp_4": [
        -0.07559547573328018,
        12.361448287963867
    ],
    "wp_3": [
        -0.06791259348392487,
        9.24526596069336
    ],
    "wp_2": [
        -0.00042646192014217377,
        6.007308006286621
    ],
    "wp_1": [
        0.011073600500822067,
        2.7667508125305176
    ],
    "aim": [
        0.011073600500822067,
        2.7667508125305176
    ],
    "target": [
        0.657215364344175,
        24.617560604818692
    ],
    "desired_speed": 6.144842720031739,
    "angle": 0.0025480121878334538,
    "angle_last": 0.019223463700474917,
    "angle_target": 0.016991810990947417,
    "angle_final": 0.0025480121878334538,
    "delta": 0.25,
    "agent": "only_traj",
    "steer_traj": 0.00048173096648873636,
    "throttle_traj": 0.75,
    "brake_traj": 0.0,
    "plan": [
        [
            0.011073600500822067,
            2.7667508125305176
        ],
        [
            -0.00042646192014217377,
            6.007308006286621
        ],
        [
            -0.06791259348392487,
            9.24526596069336
        ],
        [
            -0.07559547573328018,
            12.361448287963867
        ],
        [
            -0.006130635738372803,
            15.363258361816406
        ],
        [
            0.07732072472572327,
            18.126060485839844
        ]
    ]
}