{
    "speed": 4.846161489957327,
    "steer": -0.0035055626649409533,
    "throttle": 0.75,
    "brake": 0.0,
    "wp_4": [
        -0.15662306547164917,
        12.719501495361328
    ],
    "wp_3": [
        -0.1193452775478363,
        9.235397338867188
    ],
    "wp_2": [
        -0.01346973143517971,
        5.765209674835205
    ],
    "wp_1": [
        -0.003034207969903946,
        2.574526786804199
    ],
    "aim": [
        -0.003034207969903946,
        2.574526786804199
    ],
    "target": [
        -0.22155986526399601,
        24.21906245615869
    ],
    "desired_speed": 6.805236625671387,
    "angle": -0.0007502861623657036,
    "angle_last": 0.010729668121619395,
    "angle_target": -0.005823737260263538,
    "angle_final": -0.0007502861623657036,
    "delta": 0.25,
    "agent": "only_traj",
    "steer_traj": -0.003505562716235457,
    "throttle_traj": 0.75,
    "brake_traj": 0.0,
    "plan": [
        [
            -0.003034207969903946,
            2.574526786804199
        ],
        [
            -0.01346973143517971,
            5.765209674835205
        ],
        [
            -0.1193452775478363,
            9.235397338867188
        ],
        [
            -0.15662306547164917,
            12.719501495361328
        ],
        [
            -0.11443400382995605,
            16.25165367126465
        ],
        [
            -0.05824703350663185,
            19.58506202697754
        ]
    ]
}