{
    "speed": 4.867853240971249,
    "steer": -0.0032599177211523056,
    "throttle": 0.75,
    "brake": 0.0,
    "wp_4": [
        -0.12291472405195236,
        13.474353790283203
    ],
    "wp_3": [
        -0.08722555637359619,
        9.746959686279297
    ],
    "wp_2": [
        -0.007497971877455711,
        6.082135200500488
    ],
    "wp_1": [
        -0.006531719118356705,
        2.7757458686828613
    ],
    "aim": [
        -0.006531719118356705,
        2.7757458686828613
    ],
    "target": [
        0.3069117212745399,
        23.478464632099037
    ],
    "desired_speed": 7.293501949310304,
    "angle": -0.001498040094500544,
    "angle_last": 0.013503939180497018,
    "angle_target": 0.008321453095022772,
    "angle_final": -0.001498040094500544,
    "delta": 0.25,
    "agent": "only_traj",
    "steer_traj": -0.0032599178086481027,
    "throttle_traj": 0.75,
    "brake_traj": 0.0,
    "plan": [
        [
            -0.006531719118356705,
            2.7757458686828613
        ],
        [
            -0.007497971877455711,
            6.082135200500488
        ],
        [
            -0.08722555637359619,
            9.746959686279297
        ],
        [
            -0.12291472405195236,
            13.474353790283203
        ],
        [
            -0.08896176517009735,
            17.32530403137207
        ],
        [
            -0.010843649506568909,
            21.007484436035156
        ]
    ]
}