{
    "speed": 4.965506644610655,
    "steer": 0.0005846249405294657,
    "throttle": 0.75,
    "brake": 0.0,
    "wp_4": [
        -0.01692076586186886,
        12.494330406188965
    ],
    "wp_3": [
        -0.028653010725975037,
        9.517844200134277
    ],
    "wp_2": [
        0.0006491336971521378,
        6.332827568054199
    ],
    "wp_1": [
        0.009173493832349777,
        3.0196971893310547
    ],
    "aim": [
        0.009173493832349777,
        3.0196971893310547
    ],
    "target": [
        1.0118775396649753,
        24.578038166136817
    ],
    "desired_speed": 5.913405227661133,
    "angle": 0.0019339781814493074,
    "angle_last": 0.013476390750844633,
    "angle_target": 0.026194835356012646,
    "angle_final": 0.0019339781814493074,
    "delta": 0.25,
    "agent": "only_traj",
    "steer_traj": 0.0005846249456737411,
    "throttle_traj": 0.75,
    "brake_traj": 0.0,
    "plan": [
        [
            0.009173493832349777,
            3.0196971893310547
        ],
        [
            0.0006491336971521378,
            6.332827568054199
        ],
        [
            -0.028653010725975037,
            9.517844200134277
        ],
        [
            -0.01692076586186886,
            12.494330406188965
        ],
        [
            0.036291733384132385,
            15.283316612243652
        ],
        [
            0.08961617946624756,
            17.801969528198242
        ]
    ]
}