{
    "speed": 5.1058352007515255,
    "steer": -0.0032014911994338036,
    "throttle": 0.0,
    "brake": 0.0,
    "wp_4": [
        -0.07352229952812195,
        14.783761978149414
    ],
    "wp_3": [
        -0.05400589108467102,
        10.775450706481934
    ],
    "wp_2": [
        -0.0006241854280233383,
        6.8232927322387695
    ],
    "wp_1": [
        -0.003504876047372818,
        3.168421745300293
    ],
    "aim": [
        -0.003504876047372818,
        3.168421745300293
    ],
    "target": [
        -0.6387293898365514,
        22.26451354282839
    ],
    "desired_speed": 7.904186916351318,
    "angle": -0.0007042203309635065,
    "angle_last": 0.010750158689129432,
    "angle_target": -0.01825848382215805,
    "angle_final": -0.0007042203309635065,
    "delta": 0.25,
    "agent": "only_traj",
    "steer_traj": -0.003201491206872035,
    "throttle_traj": 0.0,
    "brake_traj": 0.0,
    "plan": [
        [
            -0.003504876047372818,
            3.168421745300293
        ],
        [
            -0.0006241854280233383,
            6.8232927322387695
        ],
        [
            -0.05400589108467102,
            10.775450706481934
        ],
        [
            -0.07352229952812195,
            14.783761978149414
        ],
        [
            -0.06975006312131882,
            18.89277458190918
        ],
        [
            -0.0016054138541221619,
            22.927902221679688
        ]
    ]
}