{
    "speed": 5.092457627004294,
    "steer": -0.0009524963097646832,
    "throttle": 0.0,
    "brake": 0.0,
    "wp_4": [
        -0.12242070585489273,
        12.142911911010742
    ],
    "wp_3": [
        -0.08358936011791229,
        8.840670585632324
    ],
    "wp_2": [
        -0.010615488514304161,
        5.586623668670654
    ],
    "wp_1": [
        -0.0006515569984912872,
        2.512647867202759
    ],
    "aim": [
        -0.0006515569984912872,
        2.512647867202759
    ],
    "target": [
        0.6744987370119584,
        23.489534011822364
    ],
    "desired_speed": 6.455675315856933,
    "angle": -0.00016509073247716666,
    "angle_last": 0.027003732184036445,
    "angle_target": 0.018275427308704233,
    "angle_final": -0.00016509073247716666,
    "delta": 0.25,
    "agent": "only_traj",
    "steer_traj": -0.0009524963204329348,
    "throttle_traj": 0.0,
    "brake_traj": 0.0,
    "plan": [
        [
            -0.0006515569984912872,
            2.512647867202759
        ],
        [
            -0.010615488514304161,
            5.586623668670654
        ],
        [
            -0.08358936011791229,
            8.840670585632324
        ],
        [
            -0.12242070585489273,
            12.142911911010742
        ],
        [
            -0.0077745914459228516,
            15.471999168395996
        ],
        [
            0.12693652510643005,
            18.64594268798828
        ]
    ]
}