{
    "speed": 4.993274825834265,
    "steer": -0.0018636321183294058,
    "throttle": 0.75,
    "brake": 0.0,
    "wp_4": [
        -0.095440573990345,
        12.781222343444824
    ],
    "wp_3": [
        -0.06577369570732117,
        9.22417163848877
    ],
    "wp_2": [
        0.006963694468140602,
        5.746994972229004
    ],
    "wp_1": [
        -0.0010312534868717194,
        2.609771966934204
    ],
    "aim": [
        -0.0010312534868717194,
        2.609771966934204
    ],
    "target": [
        1.2649471089706,
        22.96912538016317
    ],
    "desired_speed": 6.9552641868591305,
    "angle": -0.0002515305709732169,
    "angle_last": 0.019154630571839346,
    "angle_target": 0.03502430711224249,
    "angle_final": -0.0002515305709732169,
    "delta": 0.25,
    "agent": "only_traj",
    "steer_traj": -0.0018636321720640191,
    "throttle_traj": 0.75,
    "brake_traj": 0.0,
    "plan": [
        [
            -0.0010312534868717194,
            2.609771966934204
        ],
        [
            0.006963694468140602,
            5.746994972229004
        ],
        [
            -0.06577369570732117,
            9.22417163848877
        ],
        [
            -0.095440573990345,
            12.781222343444824
        ],
        [
            -0.014287471771240234,
            16.46086883544922
        ],
        [
            0.09206581115722656,
            19.994543075561523
        ]
    ]
}