{
    "speed": 4.924175482292716,
    "steer": -0.0014093804638832808,
    "throttle": 0.75,
    "brake": 0.0,
    "wp_4": [
        -0.07735273987054825,
        12.667925834655762
    ],
    "wp_3": [
        -0.043125152587890625,
        9.178152084350586
    ],
    "wp_2": [
        0.015517616644501686,
        5.767380714416504
    ],
    "wp_1": [
        0.0002106092870235443,
        2.641305446624756
    ],
    "aim": [
        0.0002106092870235443,
        2.641305446624756
    ],
    "target": [
        0.19597302682672188,
        22.314858656421976
    ],
    "desired_speed": 6.8311425209045415,
    "angle": 5.0743245295236284e-05,
    "angle_last": 0.02259560398470099,
    "angle_target": 0.0055907634617317565,
    "angle_final": 5.0743245295236284e-05,
    "delta": 0.25,
    "agent": "only_traj",
    "steer_traj": -0.0014093804806197816,
    "throttle_traj": 0.75,
    "brake_traj": 0.0,
    "plan": [
        [
            0.0002106092870235443,
            2.641305446624756
        ],
        [
            0.015517616644501686,
            5.767380714416504
        ],
        [
            -0.043125152587890625,
            9.178152084350586
        ],
        [
            -0.07735273987054825,
            12.667925834655762
        ],
        [
            0.023017913103103638,
            16.26499366760254
        ],
        [
            0.14551624655723572,
            19.71487808227539
        ]
    ]
}