{
    "speed": 4.868962750827941,
    "steer": -0.0009617014438845217,
    "throttle": 0.75,
    "brake": 0.0,
    "wp_4": [
        -0.1028716042637825,
        12.329620361328125
    ],
    "wp_3": [
        -0.06933259963989258,
        9.036616325378418
    ],
    "wp_2": [
        0.003350609913468361,
        5.752978324890137
    ],
    "wp_1": [
        0.00199335440993309,
        2.661882162094116
    ],
    "aim": [
        0.00199335440993309,
        2.661882162094116
    ],
    "target": [
        1.1571206009708912,
        22.134124529451114
    ],
    "desired_speed": 6.49395170211792,
    "angle": 0.00047671937653169814,
    "angle_last": 0.02278206814904234,
    "angle_target": 0.03325073361010264,
    "angle_final": 0.00047671937653169814,
    "delta": 0.25,
    "agent": "only_traj",
    "steer_traj": -0.0009617014232956039,
    "throttle_traj": 0.75,
    "brake_traj": 0.0,
    "plan": [
        [
            0.00199335440993309,
            2.661882162094116
        ],
        [
            0.003350609913468361,
            5.752978324890137
        ],
        [
            -0.06933259963989258,
            9.036616325378418
        ],
        [
            -0.1028716042637825,
            12.329620361328125
        ],
        [
            -0.003806203603744507,
            15.693836212158203
        ],
        [
            0.11070224642753601,
            18.89227867126465
        ]
    ]
}