{
    "speed": 4.893452911055811,
    "steer": -0.0038289364892989397,
    "throttle": 0.75,
    "brake": 0.0,
    "wp_4": [
        -0.11807332932949066,
        13.008408546447754
    ],
    "wp_3": [
        -0.08433818817138672,
        9.386077880859375
    ],
    "wp_2": [
        -0.004129862412810326,
        5.854772567749023
    ],
    "wp_1": [
        -0.008971843868494034,
        2.6492576599121094
    ],
    "aim": [
        -0.008971843868494034,
        2.6492576599121094
    ],
    "target": [
        -0.421771805728434,
        21.47472147333842
    ],
    "desired_speed": 7.100239944458008,
    "angle": -0.002155939093554328,
    "angle_last": 0.024652098052801052,
    "angle_target": -0.012501850329385063,
    "angle_final": -0.002155939093554328,
    "delta": 0.25,
    "agent": "only_traj",
    "steer_traj": -0.0038289365742827167,
    "throttle_traj": 0.75,
    "brake_traj": 0.0,
    "plan": [
        [
            -0.008971843868494034,
            2.6492576599121094
        ],
        [
            -0.004129862412810326,
            5.854772567749023
        ],
        [
            -0.08433818817138672,
            9.386077880859375
        ],
        [
            -0.11807332932949066,
            13.008408546447754
        ],
        [
            -0.0283285453915596,
            16.75602912902832
        ],
        [
            0.11265482753515244,
            20.394981384277344
        ]
    ]
}