{
    "speed": 4.992620046083628,
    "steer": -0.0024712129961699247,
    "throttle": 0.75,
    "brake": 0.0,
    "wp_4": [
        -0.13441312313079834,
        12.216021537780762
    ],
    "wp_3": [
        -0.09612230956554413,
        9.104012489318848
    ],
    "wp_2": [
        -0.02420165203511715,
        5.946049690246582
    ],
    "wp_1": [
        -0.007515747100114822,
        2.813523292541504
    ],
    "aim": [
        -0.007515747100114822,
        2.813523292541504
    ],
    "target": [
        -0.5400941233388488,
        21.6445748398595
    ],
    "desired_speed": 6.186066341400146,
    "angle": -0.001700593148886811,
    "angle_last": 0.022649107133199425,
    "angle_target": -0.015882190558370465,
    "angle_final": -0.001700593148886811,
    "delta": 0.25,
    "agent": "only_traj",
    "steer_traj": -0.00247121307263858,
    "throttle_traj": 0.75,
    "brake_traj": 0.0,
    "plan": [
        [
            -0.007515747100114822,
            2.813523292541504
        ],
        [
            -0.02420165203511715,
            5.946049690246582
        ],
        [
            -0.09612230956554413,
            9.104012489318848
        ],
        [
            -0.13441312313079834,
            12.216021537780762
        ],
        [
            -0.045869164168834686,
            15.326150894165039
        ],
        [
            0.0590677484869957,
            18.274463653564453
        ]
    ]
}