{
    "speed": 5.134056573151168,
    "steer": -0.0022660072427242994,
    "throttle": 0.0,
    "brake": 0.0,
    "wp_4": [
        -0.12283395975828171,
        13.762117385864258
    ],
    "wp_3": [
        -0.09159062802791595,
        10.030302047729492
    ],
    "wp_2": [
        -0.018918922170996666,
        6.353574752807617
    ],
    "wp_1": [
        -0.006333101540803909,
        2.951758861541748
    ],
    "aim": [
        -0.006333101540803909,
        2.951758861541748
    ],
    "target": [
        0.28497232554104923,
        20.514932569115985
    ],
    "desired_speed": 7.373848342895508,
    "angle": -0.0013658379885654083,
    "angle_last": 0.019954445723647837,
    "angle_target": 0.00884269782228101,
    "angle_final": -0.0013658379885654083,
    "delta": 0.25,
    "agent": "only_traj",
    "steer_traj": -0.0022660071935436898,
    "throttle_traj": 0.0,
    "brake_traj": 0.0,
    "plan": [
        [
            -0.006333101540803909,
            2.951758861541748
        ],
        [
            -0.018918922170996666,
            6.353574752807617
        ],
        [
            -0.09159062802791595,
            10.030302047729492
        ],
        [
            -0.12283395975828171,
            13.762117385864258
        ],
        [
            -0.06069256737828255,
            17.620521545410156
        ],
        [
            0.05728374049067497,
            21.38315773010254
        ]
    ]
}