{
    "speed": 5.114010862348987,
    "steer": -0.004828791134059429,
    "throttle": 0.0,
    "brake": 0.0,
    "wp_4": [
        -0.16975927352905273,
        12.827305793762207
    ],
    "wp_3": [
        -0.12859492003917694,
        9.315849304199219
    ],
    "wp_2": [
        -0.02117197774350643,
        5.867367744445801
    ],
    "wp_1": [
        -0.01575343683362007,
        2.7050561904907227
    ],
    "aim": [
        -0.01575343683362007,
        2.7050561904907227
    ],
    "target": [
        0.39519113398355366,
        20.063225827584436
    ],
    "desired_speed": 6.91612024307251,
    "angle": -0.003707454509018113,
    "angle_last": 0.018576872459047045,
    "angle_target": 0.012538061545345192,
    "angle_final": -0.003707454509018113,
    "delta": 0.25,
    "agent": "only_traj",
    "steer_traj": -0.004828790931145716,
    "throttle_traj": 0.0,
    "brake_traj": 0.0,
    "plan": [
        [
            -0.01575343683362007,
            2.7050561904907227
        ],
        [
            -0.02117197774350643,
            5.867367744445801
        ],
        [
            -0.12859492003917694,
            9.315849304199219
        ],
        [
            -0.16975927352905273,
            12.827305793762207
        ],
        [
            -0.1136549711227417,
            16.470993041992188
        ],
        [
            -0.01089543104171753,
            19.991506576538086
        ]
    ]
}