{
    "speed": 5.096729592004718,
    "steer": 0.0003549337852746248,
    "throttle": 0.0,
    "brake": 0.0,
    "wp_4": [
        -0.2769951820373535,
        11.100834846496582
    ],
    "wp_3": [
        -0.19205954670906067,
        8.341562271118164
    ],
    "wp_2": [
        -0.07404036819934845,
        5.521893501281738
    ],
    "wp_1": [
        -0.016114462167024612,
        2.609273672103882
    ],
    "aim": [
        -0.016114462167024612,
        2.609273672103882
    ],
    "target": [
        0.015605173260381577,
        20.562694459695116
    ],
    "desired_speed": 5.5509138107299805,
    "angle": -0.003931560604785309,
    "angle_last": 0.029531205740904273,
    "angle_target": 0.0004831351241938383,
    "angle_final": 0.0004831351241938383,
    "delta": 0.25,
    "agent": "only_traj",
    "steer_traj": 0.00035493378686335245,
    "throttle_traj": 0.0,
    "brake_traj": 0.0,
    "plan": [
        [
            -0.016114462167024612,
            2.609273672103882
        ],
        [
            -0.07404036819934845,
            5.521893501281738
        ],
        [
            -0.19205954670906067,
            8.341562271118164
        ],
        [
            -0.2769951820373535,
            11.100834846496582
        ],
        [
            -0.1978301703929901,
            13.845348358154297
        ],
        [
            -0.07560980319976807,
            16.478229522705078
        ]
    ]
}