{
    "speed": 4.979373888765166,
    "steer": -0.004498490132391453,
    "throttle": 0.75,
    "brake": 0.0,
    "wp_4": [
        -0.2679797410964966,
        11.626337051391602
    ],
    "wp_3": [
        -0.17801208794116974,
        8.534794807434082
    ],
    "wp_2": [
        -0.06178485229611397,
        5.499470233917236
    ],
    "wp_1": [
        -0.01194702461361885,
        2.579050064086914
    ],
    "aim": [
        -0.01194702461361885,
        2.579050064086914
    ],
    "target": [
        0.5094666503538515,
        19.891932975796355
    ],
    "desired_speed": 6.152644443511964,
    "angle": -0.0029489999471835862,
    "angle_last": 0.027978020723643374,
    "angle_target": 0.016301364677473083,
    "angle_final": -0.0029489999471835862,
    "delta": 0.25,
    "agent": "only_traj",
    "steer_traj": -0.004498490218388517,
    "throttle_traj": 0.75,
    "brake_traj": 0.0,
    "plan": [
        [
            -0.01194702461361885,
            2.579050064086914
        ],
        [
            -0.06178485229611397,
            5.499470233917236
        ],
        [
            -0.17801208794116974,
            8.534794807434082
        ],
        [
            -0.2679797410964966,
            11.626337051391602
        ],
        [
            -0.17204943299293518,
            14.82206916809082
        ],
        [
            -0.03439688682556152,
            17.952238082885742
        ]
    ]
}