{
    "speed": 4.87986140276153,
    "steer": -0.004475517198443413,
    "throttle": 0.75,
    "brake": 0.0,
    "wp_4": [
        -0.2620559334754944,
        11.749446868896484
    ],
    "wp_3": [
        -0.19155777990818024,
        8.59398078918457
    ],
    "wp_2": [
        -0.06483925879001617,
        5.502894878387451
    ],
    "wp_1": [
        -0.013345051556825638,
        2.5480573177337646
    ],
    "aim": [
        -0.013345051556825638,
        2.5480573177337646
    ],
    "target": [
        0.21166738854838563,
        20.38699270064315
    ],
    "desired_speed": 6.254222393035889,
    "angle": -0.003334146725381527,
    "angle_last": 0.02665873173996002,
    "angle_target": 0.006609449717422506,
    "angle_final": -0.003334146725381527,
    "delta": 0.25,
    "agent": "only_traj",
    "steer_traj": -0.00447551713556668,
    "throttle_traj": 0.75,
    "brake_traj": 0.0,
    "plan": [
        [
            -0.013345051556825638,
            2.5480573177337646
        ],
        [
            -0.06483925879001617,
            5.502894878387451
        ],
        [
            -0.19155777990818024,
            8.59398078918457
        ],
        [
            -0.2620559334754944,
            11.749446868896484
        ],
        [
            -0.1675177812576294,
            14.993513107299805
        ],
        [
            -0.03418806195259094,
            18.17561149597168
        ]
    ]
}