{
    "speed": 4.909170153872101,
    "steer": -0.002623726148158312,
    "throttle": 0.75,
    "brake": 0.0,
    "wp_4": [
        -0.2335323691368103,
        11.935033798217773
    ],
    "wp_3": [
        -0.16856156289577484,
        8.772507667541504
    ],
    "wp_2": [
        -0.05242319777607918,
        5.650952339172363
    ],
    "wp_1": [
        -0.00937708094716072,
        2.6488804817199707
    ],
    "aim": [
        -0.00937708094716072,
        2.6488804817199707
    ],
    "target": [
        0.20918870684340338,
        20.0071336091381
    ],
    "desired_speed": 6.272417163848877,
    "angle": -0.00225361079868551,
    "angle_last": 0.02455283263686353,
    "angle_target": 0.006656066627265188,
    "angle_final": -0.00225361079868551,
    "delta": 0.25,
    "agent": "only_traj",
    "steer_traj": -0.0026237261388332507,
    "throttle_traj": 0.75,
    "brake_traj": 0.0,
    "plan": [
        [
            -0.00937708094716072,
            2.6488804817199707
        ],
        [
            -0.05242319777607918,
            5.650952339172363
        ],
        [
            -0.16856156289577484,
            8.772507667541504
        ],
        [
            -0.2335323691368103,
            11.935033798217773
        ],
        [
            -0.14541864395141602,
            15.170729637145996
        ],
        [
            -0.023773640394210815,
            18.3232421875
        ]
    ]
}