{
    "speed": 5.010995269081651,
    "steer": -0.003059582319110632,
    "throttle": 0.0,
    "brake": 0.0,
    "wp_4": [
        -0.14112906157970428,
        12.385286331176758
    ],
    "wp_3": [
        -0.11460958421230316,
        9.123458862304688
    ],
    "wp_2": [
        -0.027689984068274498,
        5.893118858337402
    ],
    "wp_1": [
        -0.010086286813020706,
        2.7679147720336914
    ],
    "aim": [
        -0.010086286813020706,
        2.7679147720336914
    ],
    "target": [
        -0.6565515549863912,
        19.17563993126965
    ],
    "desired_speed": 6.432987213134766,
    "angle": -0.0023197877426438555,
    "angle_last": 0.026585952279803995,
    "angle_target": -0.02178860720626899,
    "angle_final": -0.0023197877426438555,
    "delta": 0.25,
    "agent": "only_traj",
    "steer_traj": -0.0030595823204290326,
    "throttle_traj": 0.0,
    "brake_traj": 0.0,
    "plan": [
        [
            -0.010086286813020706,
            2.7679147720336914
        ],
        [
            -0.027689984068274498,
            5.893118858337402
        ],
        [
            -0.11460958421230316,
            9.123458862304688
        ],
        [
            -0.14112906157970428,
            12.385286331176758
        ],
        [
            -0.0437585785984993,
            15.678801536560059
        ],
        [
            0.08853622525930405,
            18.8448543548584
        ]
    ]
}