{
    "speed": 5.124201131583053,
    "steer": -0.001040770555846393,
    "throttle": 0.0,
    "brake": 0.0,
    "wp_4": [
        -0.11291592568159103,
        12.444727897644043
    ],
    "wp_3": [
        -0.10180909931659698,
        9.358467102050781
    ],
    "wp_2": [
        -0.027958324179053307,
        6.211319923400879
    ],
    "wp_1": [
        -0.001973915845155716,
        2.9773406982421875
    ],
    "aim": [
        -0.001973915845155716,
        2.9773406982421875
    ],
    "target": [
        0.6360035915221376,
        19.18500859412247
    ],
    "desired_speed": 6.120917129516601,
    "angle": -0.00042205762725120187,
    "angle_last": 0.028419402726007754,
    "angle_target": 0.021096901399273327,
    "angle_final": -0.00042205762725120187,
    "delta": 0.25,
    "agent": "only_traj",
    "steer_traj": -0.0010407705008436711,
    "throttle_traj": 0.0,
    "brake_traj": 0.0,
    "plan": [
        [
            -0.001973915845155716,
            2.9773406982421875
        ],
        [
            -0.027958324179053307,
            6.211319923400879
        ],
        [
            -0.10180909931659698,
            9.358467102050781
        ],
        [
            -0.11291592568159103,
            12.444727897644043
        ],
        [
            -0.026728466153144836,
            15.438294410705566
        ],
        [
            0.0999704897403717,
            18.274574279785156
        ]
    ]
}