{
    "speed": 4.983181453473134,
    "steer": -0.0032176286913454533,
    "throttle": 0.75,
    "brake": 0.0,
    "wp_4": [
        -0.22875002026557922,
        10.652750015258789
    ],
    "wp_3": [
        -0.1599339246749878,
        7.943567276000977
    ],
    "wp_2": [
        -0.06087875738739967,
        5.255188941955566
    ],
    "wp_1": [
        -0.007607314735651016,
        2.4938766956329346
    ],
    "aim": [
        -0.007607314735651016,
        2.4938766956329346
    ],
    "target": [
        -0.6380916450424932,
        19.7802301115902
    ],
    "desired_speed": 5.4319551467895515,
    "angle": -0.0019419264995605948,
    "angle_last": 0.041390159632834295,
    "angle_target": -0.020529636525573776,
    "angle_final": -0.0019419264995605948,
    "delta": 0.25,
    "agent": "only_traj",
    "steer_traj": -0.003217628628954897,
    "throttle_traj": 0.75,
    "brake_traj": 0.0,
    "plan": [
        [
            -0.007607314735651016,
            2.4938766956329346
        ],
        [
            -0.06087875738739967,
            5.255188941955566
        ],
        [
            -0.1599339246749878,
            7.943567276000977
        ],
        [
            -0.22875002026557922,
            10.652750015258789
        ],
        [
            -0.09029513597488403,
            13.392278671264648
        ],
        [
            0.08348432183265686,
            16.061405181884766
        ]
    ]
}