{
    "speed": 4.969397005368586,
    "steer": -0.002256904263049364,
    "throttle": 0.75,
    "brake": 0.0,
    "wp_4": [
        -0.07898839563131332,
        13.256799697875977
    ],
    "wp_3": [
        -0.07933901250362396,
        9.699682235717773
    ],
    "wp_2": [
        -0.0072319116443395615,
        6.203112602233887
    ],
    "wp_1": [
        -0.006598491221666336,
        2.9001121520996094
    ],
    "aim": [
        -0.006598491221666336,
        2.9001121520996094
    ],
    "target": [
        0.8222379607530763,
        18.505770682428558
    ],
    "desired_speed": 7.027242183685303,
    "angle": -0.0014484832775225624,
    "angle_last": 0.0253142469473384,
    "angle_target": 0.02826733893848781,
    "angle_final": -0.0014484832775225624,
    "delta": 0.25,
    "agent": "only_traj",
    "steer_traj": -0.0022569041809934434,
    "throttle_traj": 0.75,
    "brake_traj": 0.0,
    "plan": [
        [
            -0.006598491221666336,
            2.9001121520996094
        ],
        [
            -0.0072319116443395615,
            6.203112602233887
        ],
        [
            -0.07933901250362396,
            9.699682235717773
        ],
        [
            -0.07898839563131332,
            13.256799697875977
        ],
        [
            0.009003177285194397,
            16.90719985961914
        ],
        [
            0.15049277245998383,
            20.463600158691406
        ]
    ]
}