{
    "speed": 4.9394580218783615,
    "steer": 0.0005959760746918619,
    "throttle": 0.75,
    "brake": 0.0,
    "wp_4": [
        -0.1748717874288559,
        11.490886688232422
    ],
    "wp_3": [
        -0.12059539556503296,
        8.510933876037598
    ],
    "wp_2": [
        -0.042974803596735,
        5.563928604125977
    ],
    "wp_1": [
        -0.010241929441690445,
        2.6226234436035156
    ],
    "aim": [
        -0.010241929441690445,
        2.6226234436035156
    ],
    "target": [
        0.04175385323981204,
        19.215115220713283
    ],
    "desired_speed": 5.9220856666564945,
    "angle": -0.002486140794429055,
    "angle_last": 0.038485204287837096,
    "angle_target": 0.0013833529699196145,
    "angle_final": 0.0013833529699196145,
    "delta": 0.25,
    "agent": "only_traj",
    "steer_traj": 0.0005959760554175032,
    "throttle_traj": 0.75,
    "brake_traj": 0.0,
    "plan": [
        [
            -0.010241929441690445,
            2.6226234436035156
        ],
        [
            -0.042974803596735,
            5.563928604125977
        ],
        [
            -0.12059539556503296,
            8.510933876037598
        ],
        [
            -0.1748717874288559,
            11.490886688232422
        ],
        [
            -0.038867250084877014,
            14.506881713867188
        ],
        [
            0.13731618225574493,
            17.417747497558594
        ]
    ]
}