{
    "speed": 4.978160916364135,
    "steer": -0.002451474778354168,
    "throttle": 0.75,
    "brake": 0.0,
    "wp_4": [
        -0.14796537160873413,
        11.476301193237305
    ],
    "wp_3": [
        -0.10272249579429626,
        8.588386535644531
    ],
    "wp_2": [
        -0.030432051047682762,
        5.668415069580078
    ],
    "wp_1": [
        -0.0033264197409152985,
        2.7050719261169434
    ],
    "aim": [
        -0.0033264197409152985,
        2.7050719261169434
    ],
    "target": [
        0.162694964950864,
        18.855253196722863
    ],
    "desired_speed": 5.782668304443359,
    "angle": -0.0007828433974094311,
    "angle_last": 0.03148668890027892,
    "angle_target": 0.005493018846967045,
    "angle_final": -0.0007828433974094311,
    "delta": 0.25,
    "agent": "only_traj",
    "steer_traj": -0.002451474741144647,
    "throttle_traj": 0.75,
    "brake_traj": 0.0,
    "plan": [
        [
            -0.0033264197409152985,
            2.7050719261169434
        ],
        [
            -0.030432051047682762,
            5.668415069580078
        ],
        [
            -0.10272249579429626,
            8.588386535644531
        ],
        [
            -0.14796537160873413,
            11.476301193237305
        ],
        [
            -0.031779490411281586,
            14.376571655273438
        ],
        [
            0.10573365539312363,
            17.15464210510254
        ]
    ]
}