{
    "speed": 5.0846615150953784,
    "steer": -0.0009222261141985655,
    "throttle": 0.0,
    "brake": 0.0,
    "wp_4": [
        -0.13699278235435486,
        11.141962051391602
    ],
    "wp_3": [
        -0.0888715535402298,
        8.408571243286133
    ],
    "wp_2": [
        -0.023338278755545616,
        5.616701126098633
    ],
    "wp_1": [
        0.00012619420886039734,
        2.7095422744750977
    ],
    "aim": [
        0.00012619420886039734,
        2.7095422744750977
    ],
    "target": [
        -0.5152768840330836,
        18.752482809883695
    ],
    "desired_speed": 5.519267654418945,
    "angle": 2.9645549858974672e-05,
    "angle_last": 0.03690204232921892,
    "angle_target": -0.01748850723070208,
    "angle_final": 2.9645549858974672e-05,
    "delta": 0.25,
    "agent": "only_traj",
    "steer_traj": -0.0009222261293946371,
    "throttle_traj": 0.0,
    "brake_traj": 0.0,
    "plan": [
        [
            0.00012619420886039734,
            2.7095422744750977
        ],
        [
            -0.023338278755545616,
            5.616701126098633
        ],
        [
            -0.0888715535402298,
            8.408571243286133
        ],
        [
            -0.13699278235435486,
            11.141962051391602
        ],
        [
            -0.005025595426559448,
            13.874189376831055
        ],
        [
            0.14728358387947083,
            16.498823165893555
        ]
    ]
}