{
    "speed": 5.1797511012545865,
    "steer": -0.00041625567246228456,
    "throttle": 0.0,
    "brake": 0.0,
    "wp_4": [
        -0.026325713843107224,
        12.294212341308594
    ],
    "wp_3": [
        -0.022710738703608513,
        9.238422393798828
    ],
    "wp_2": [
        0.014113331213593483,
        6.106509208679199
    ],
    "wp_1": [
        0.002873506397008896,
        2.957071304321289
    ],
    "aim": [
        0.002873506397008896,
        2.957071304321289
    ],
    "target": [
        0.0838594868629105,
        17.658459421361957
    ],
    "desired_speed": 6.119768333435058,
    "angle": 0.0006186355292864075,
    "angle_last": 0.028001319257812192,
    "angle_target": 0.0030232652142223363,
    "angle_final": 0.0006186355292864075,
    "delta": 0.25,
    "agent": "only_traj",
    "steer_traj": -0.0004162556763726322,
    "throttle_traj": 0.0,
    "brake_traj": 0.0,
    "plan": [
        [
            0.002873506397008896,
            2.957071304321289
        ],
        [
            0.014113331213593483,
            6.106509208679199
        ],
        [
            -0.022710738703608513,
            9.238422393798828
        ],
        [
            -0.026325713843107224,
            12.294212341308594
        ],
        [
            0.09120690822601318,
            15.348371505737305
        ],
        [
            0.2189675122499466,
            18.251182556152344
        ]
    ]
}