{
    "speed": 5.06312718190833,
    "steer": -0.0010935286991298199,
    "throttle": 0.0,
    "brake": 0.0,
    "wp_4": [
        -0.11497819423675537,
        11.938698768615723
    ],
    "wp_3": [
        -0.07316377758979797,
        8.672446250915527
    ],
    "wp_2": [
        -0.00044271908700466156,
        5.478672027587891
    ],
    "wp_1": [
        0.00026437267661094666,
        2.5266201496124268
    ],
    "aim": [
        0.00026437267661094666,
        2.5266201496124268
    ],
    "target": [
        0.743680485372407,
        17.49959668321583
    ],
    "desired_speed": 6.448428058624267,
    "angle": 6.660446236782144e-05,
    "angle_last": 0.02340968664277573,
    "angle_target": 0.027038165913441724,
    "angle_final": 6.660446236782144e-05,
    "delta": 0.25,
    "agent": "only_traj",
    "steer_traj": -0.001093528696734634,
    "throttle_traj": 0.0,
    "brake_traj": 0.0,
    "plan": [
        [
            0.00026437267661094666,
            2.5266201496124268
        ],
        [
            -0.00044271908700466156,
            5.478672027587891
        ],
        [
            -0.07316377758979797,
            8.672446250915527
        ],
        [
            -0.11497819423675537,
            11.938698768615723
        ],
        [
            -0.0017790719866752625,
            15.33171272277832
        ],
        [
            0.1200186088681221,
            18.642467498779297
        ]
    ]
}