{
    "speed": 4.973611606469489,
    "steer": -0.0011465622810646892,
    "throttle": 0.75,
    "brake": 0.0,
    "wp_4": [
        -0.22587156295776367,
        10.751531600952148
    ],
    "wp_3": [
        -0.13876500725746155,
        7.960676670074463
    ],
    "wp_2": [
        -0.04738510027527809,
        5.199739933013916
    ],
    "wp_1": [
        -0.000806126743555069,
        2.5013396739959717
    ],
    "aim": [
        -0.000806126743555069,
        2.5013396739959717
    ],
    "target": [
        0.5645663614927883,
        17.494379151705953
    ],
    "desired_speed": 5.644577121734619,
    "angle": -0.0002051611756079081,
    "angle_last": 0.027302970360673782,
    "angle_target": 0.020537420293763535,
    "angle_final": -0.0002051611756079081,
    "delta": 0.25,
    "agent": "only_traj",
    "steer_traj": -0.0011465622697276285,
    "throttle_traj": 0.75,
    "brake_traj": 0.0,
    "plan": [
        [
            -0.000806126743555069,
            2.5013396739959717
        ],
        [
            -0.04738510027527809,
            5.199739933013916
        ],
        [
            -0.13876500725746155,
            7.960676670074463
        ],
        [
            -0.22587156295776367,
            10.751531600952148
        ],
        [
            -0.11134590953588486,
            13.685922622680664
        ],
        [
            0.01390499621629715,
            16.604589462280273
        ]
    ]
}