{
    "speed": 4.888940610174294,
    "steer": -0.003912630956619978,
    "throttle": 0.75,
    "brake": 0.0,
    "wp_4": [
        -0.26496386528015137,
        10.008563995361328
    ],
    "wp_3": [
        -0.1783715784549713,
        7.457810401916504
    ],
    "wp_2": [
        -0.06903813779354095,
        4.9108781814575195
    ],
    "wp_1": [
        -0.011029977351427078,
        2.3516595363616943
    ],
    "aim": [
        -0.011029977351427078,
        2.3516595363616943
    ],
    "target": [
        -0.7868077882633702,
        17.33351546204642
    ],
    "desired_speed": 5.198709106445312,
    "angle": -0.002985882968701655,
    "angle_last": 0.029124278248353067,
    "angle_target": -0.02887780004273847,
    "angle_final": -0.002985882968701655,
    "delta": 0.25,
    "agent": "only_traj",
    "steer_traj": -0.003912630935458236,
    "throttle_traj": 0.75,
    "brake_traj": 0.0,
    "plan": [
        [
            -0.011029977351427078,
            2.3516595363616943
        ],
        [
            -0.06903813779354095,
            4.9108781814575195
        ],
        [
            -0.1783715784549713,
            7.457810401916504
        ],
        [
            -0.26496386528015137,
            10.008563995361328
        ],
        [
            -0.13905635476112366,
            12.675447463989258
        ],
        [
            -0.017154723405838013,
            15.338200569152832
        ]
    ]
}