{
    "speed": 4.844040828500046,
    "steer": 0.000733380438759923,
    "throttle": 0.75,
    "brake": 0.0,
    "wp_4": [
        -0.10261251032352448,
        11.877670288085938
    ],
    "wp_3": [
        -0.06657463312149048,
        8.722942352294922
    ],
    "wp_2": [
        -0.01044732891023159,
        5.624037742614746
    ],
    "wp_1": [
        0.005427595227956772,
        2.6536474227905273
    ],
    "aim": [
        0.005427595227956772,
        2.6536474227905273
    ],
    "target": [
        1.0374434232118168,
        16.36155119917618
    ],
    "desired_speed": 6.272944355010987,
    "angle": 0.0013021097922323501,
    "angle_last": 0.02814892723487525,
    "angle_target": 0.04031243705873395,
    "angle_final": 0.0013021097922323501,
    "delta": 0.25,
    "agent": "only_traj",
    "steer_traj": 0.0007333804203827578,
    "throttle_traj": 0.75,
    "brake_traj": 0.0,
    "plan": [
        [
            0.005427595227956772,
            2.6536474227905273
        ],
        [
            -0.01044732891023159,
            5.624037742614746
        ],
        [
            -0.06657463312149048,
            8.722942352294922
        ],
        [
            -0.10261251032352448,
            11.877670288085938
        ],
        [
            0.02038242667913437,
            15.127396583557129
        ],
        [
            0.16207244992256165,
            18.329792022705078
        ]
    ]
}