{
    "speed": 4.940477362961849,
    "steer": -0.0005179885192774236,
    "throttle": 0.75,
    "brake": 0.0,
    "wp_4": [
        -0.11015346646308899,
        10.920748710632324
    ],
    "wp_3": [
        -0.0759509950876236,
        8.193009376525879
    ],
    "wp_2": [
        -0.018887361511588097,
        5.406079292297363
    ],
    "wp_1": [
        0.0021898560225963593,
        2.587440252304077
    ],
    "aim": [
        0.0021898560225963593,
        2.587440252304077
    ],
    "target": [
        -0.15781297763427277,
        15.674430255045909
    ],
    "desired_speed": 5.544153022766114,
    "angle": 0.0005387982069880362,
    "angle_last": 0.028051938548661063,
    "angle_target": -0.006409385588736955,
    "angle_final": 0.0005387982069880362,
    "delta": 0.25,
    "agent": "only_traj",
    "steer_traj": -0.000517988498147818,
    "throttle_traj": 0.75,
    "brake_traj": 0.0,
    "plan": [
        [
            0.0021898560225963593,
            2.587440252304077
        ],
        [
            -0.018887361511588097,
            5.406079292297363
        ],
        [
            -0.0759509950876236,
            8.193009376525879
        ],
        [
            -0.11015346646308899,
            10.920748710632324
        ],
        [
            0.016791462898254395,
            13.729143142700195
        ],
        [
            0.13638314604759216,
            16.441442489624023
        ]
    ]
}