{
    "speed": 5.080350255160906,
    "steer": 0.003694937564432621,
    "throttle": 0.0,
    "brake": 1.0,
    "wp_4": [
        -0.07857062667608261,
        10.167862892150879
    ],
    "wp_3": [
        -0.03669172525405884,
        7.989873886108398
    ],
    "wp_2": [
        0.004810089245438576,
        5.57479190826416
    ],
    "wp_1": [
        0.018442895263433456,
        2.789311408996582
    ],
    "aim": [
        0.018442895263433456,
        2.789311408996582
    ],
    "target": [
        1.0250803393676131,
        16.79544261685332
    ],
    "desired_speed": 4.58124303817749,
    "angle": 0.004209265975962111,
    "angle_last": 0.02418901122707419,
    "angle_target": 0.03880683148877823,
    "angle_final": 0.004209265975962111,
    "delta": 0.0,
    "agent": "only_traj",
    "steer_traj": 0.0036949376378955933,
    "throttle_traj": 0.0,
    "brake_traj": 1.0,
    "plan": [
        [
            0.018442895263433456,
            2.789311408996582
        ],
        [
            0.004810089245438576,
            5.57479190826416
        ],
        [
            -0.03669172525405884,
            7.989873886108398
        ],
        [
            -0.07857062667608261,
            10.167862892150879
        ],
        [
            0.03741471469402313,
            12.271669387817383
        ],
        [
            0.11212581396102905,
            14.237011909484863
        ]
    ]
}