{
    "speed": 5.187684682558837,
    "steer": -1.528799839434214e-05,
    "throttle": 0.0,
    "brake": 0.0,
    "wp_4": [
        -0.06502337753772736,
        11.26275634765625
    ],
    "wp_3": [
        -0.052609607577323914,
        8.305660247802734
    ],
    "wp_2": [
        0.0008756313472986221,
        5.352736473083496
    ],
    "wp_1": [
        0.006550412625074387,
        2.5475974082946777
    ],
    "aim": [
        0.006550412625074387,
        2.5475974082946777
    ],
    "target": [
        -0.0422030003375688,
        16.013435036447262
    ],
    "desired_speed": 5.971674919128418,
    "angle": 0.0016368649525537527,
    "angle_last": 0.02841553228547808,
    "angle_target": -0.0016777913172920575,
    "angle_final": 0.0016368649525537527,
    "delta": 0.25,
    "agent": "only_traj",
    "steer_traj": -1.5287998190956654e-05,
    "throttle_traj": 0.0,
    "brake_traj": 0.0,
    "plan": [
        [
            0.006550412625074387,
            2.5475974082946777
        ],
        [
            0.0008756313472986221,
            5.352736473083496
        ],
        [
            -0.052609607577323914,
            8.305660247802734
        ],
        [
            -0.06502337753772736,
            11.26275634765625
        ],
        [
            0.07578183710575104,
            14.415792465209961
        ],
        [
            0.21220074594020844,
            17.470081329345703
        ]
    ]
}