{
    "speed": 5.100340725883714,
    "steer": 0.001638726214878261,
    "throttle": 0.0,
    "brake": 0.0,
    "wp_4": [
        -0.02436569705605507,
        13.207832336425781
    ],
    "wp_3": [
        -0.012136740610003471,
        9.520512580871582
    ],
    "wp_2": [
        0.029829153791069984,
        5.890682220458984
    ],
    "wp_1": [
        0.010057400912046432,
        2.6828930377960205
    ],
    "aim": [
        0.010057400912046432,
        2.6828930377960205
    ],
    "target": [
        0.5560825346107544,
        15.083582831522039
    ],
    "desired_speed": 7.344941806793213,
    "angle": 0.0023865161594580414,
    "angle_last": 0.02380811434435981,
    "angle_target": 0.02345947145289143,
    "angle_final": 0.0023865161594580414,
    "delta": 0.25,
    "agent": "only_traj",
    "steer_traj": 0.0016387262637361797,
    "throttle_traj": 0.0,
    "brake_traj": 0.0,
    "plan": [
        [
            0.010057400912046432,
            2.6828930377960205
        ],
        [
            0.029829153791069984,
            5.890682220458984
        ],
        [
            -0.012136740610003471,
            9.520512580871582
        ],
        [
            -0.02436569705605507,
            13.207832336425781
        ],
        [
            0.08547604084014893,
            17.159713745117188
        ],
        [
            0.23068279027938843,
            21.040681838989258
        ]
    ]
}