{
    "speed": 4.989218717968798,
    "steer": 0.0047460198402404785,
    "throttle": 0.75,
    "brake": 0.0,
    "wp_4": [
        0.015411177650094032,
        11.93248176574707
    ],
    "wp_3": [
        0.00395771861076355,
        8.514300346374512
    ],
    "wp_2": [
        0.0388333722949028,
        5.229349136352539
    ],
    "wp_1": [
        0.02002912387251854,
        2.351656913757324
    ],
    "aim": [
        0.02002912387251854,
        2.351656913757324
    ],
    "target": [
        -0.7361697033701867,
        14.673735900041704
    ],
    "desired_speed": 6.786109447479247,
    "angle": 0.0054220040085932635,
    "angle_last": 0.03534642880025313,
    "angle_target": -0.031911953909371724,
    "angle_final": 0.0054220040085932635,
    "delta": 0.25,
    "agent": "only_traj",
    "steer_traj": 0.004746019796752007,
    "throttle_traj": 0.75,
    "brake_traj": 0.0,
    "plan": [
        [
            0.02002912387251854,
            2.351656913757324
        ],
        [
            0.0388333722949028,
            5.229349136352539
        ],
        [
            0.00395771861076355,
            8.514300346374512
        ],
        [
            0.015411177650094032,
            11.93248176574707
        ],
        [
            0.21672944724559784,
            15.6443452835083
        ],
        [
            0.42021650075912476,
            19.305559158325195
        ]
    ]
}