{
    "speed": 4.838505205888363,
    "steer": 0.0036116873379796743,
    "throttle": 0.75,
    "brake": 0.0,
    "wp_4": [
        0.08823337405920029,
        14.35429573059082
    ],
    "wp_3": [
        0.048168689012527466,
        10.493436813354492
    ],
    "wp_2": [
        0.041964851319789886,
        6.687292575836182
    ],
    "wp_1": [
        0.012310769408941269,
        3.138674736022949
    ],
    "aim": [
        0.012310769408941269,
        3.138674736022949
    ],
    "target": [
        0.09631679505124116,
        13.910128798013165
    ],
    "desired_speed": 7.7283049583435055,
    "angle": 0.002497013442030692,
    "angle_last": 0.02754718756899712,
    "angle_target": 0.004408025052258045,
    "angle_final": 0.002497013442030692,
    "delta": 0.25,
    "agent": "only_traj",
    "steer_traj": 0.003611687282462449,
    "throttle_traj": 0.75,
    "brake_traj": 0.0,
    "plan": [
        [
            0.012310769408941269,
            3.138674736022949
        ],
        [
            0.041964851319789886,
            6.687292575836182
        ],
        [
            0.048168689012527466,
            10.493436813354492
        ],
        [
            0.08823337405920029,
            14.35429573059082
        ],
        [
            0.2242981493473053,
            18.424955368041992
        ],
        [
            0.3987070620059967,
            22.453052520751953
        ]
    ]
}