{
    "speed": 4.8569625572062405,
    "steer": 0.0038387326058000326,
    "throttle": 0.75,
    "brake": 0.0,
    "wp_4": [
        0.11262959241867065,
        13.271678924560547
    ],
    "wp_3": [
        0.0526810884475708,
        9.569889068603516
    ],
    "wp_2": [
        0.0432063564658165,
        5.970623016357422
    ],
    "wp_1": [
        0.019342686980962753,
        2.7147889137268066
    ],
    "aim": [
        0.019342686980962753,
        2.7147889137268066
    ],
    "target": [
        1.182072684263879,
        14.375046173276031
    ],
    "desired_speed": 7.3338129997253425,
    "angle": 0.004535824909279498,
    "angle_last": 0.04147720659925657,
    "angle_target": 0.052232284955119,
    "angle_final": 0.004535824909279498,
    "delta": 0.25,
    "agent": "only_traj",
    "steer_traj": 0.0038387325876669634,
    "throttle_traj": 0.75,
    "brake_traj": 0.0,
    "plan": [
        [
            0.019342686980962753,
            2.7147889137268066
        ],
        [
            0.0432063564658165,
            5.970623016357422
        ],
        [
            0.0526810884475708,
            9.569889068603516
        ],
        [
            0.11262959241867065,
            13.271678924560547
        ],
        [
            0.30133581161499023,
            17.19904136657715
        ],
        [
            0.5516796112060547,
            21.036046981811523
        ]
    ]
}