{
    "speed": 4.952821492371809,
    "steer": 0.0037190548609942198,
    "throttle": 0.75,
    "brake": 0.0,
    "wp_4": [
        0.12796732783317566,
        13.523368835449219
    ],
    "wp_3": [
        0.0609414279460907,
        9.7379150390625
    ],
    "wp_2": [
        0.04908525198698044,
        6.0620317459106445
    ],
    "wp_1": [
        0.021397944539785385,
        2.7456884384155273
    ],
    "aim": [
        0.021397944539785385,
        2.7456884384155273
    ],
    "target": [
        0.3758665105669526,
        13.314741681460813
    ],
    "desired_speed": 7.473121547698974,
    "angle": 0.0049612698035805146,
    "angle_last": 0.04001471131597529,
    "angle_target": 0.01796659123959466,
    "angle_final": 0.0049612698035805146,
    "delta": 0.25,
    "agent": "only_traj",
    "steer_traj": 0.003719054866803646,
    "throttle_traj": 0.75,
    "brake_traj": 0.0,
    "plan": [
        [
            0.021397944539785385,
            2.7456884384155273
        ],
        [
            0.04908525198698044,
            6.0620317459106445
        ],
        [
            0.0609414279460907,
            9.7379150390625
        ],
        [
            0.12796732783317566,
            13.523368835449219
        ],
        [
            0.30609509348869324,
            17.517578125
        ],
        [
            0.5514585971832275,
            21.416080474853516
        ]
    ]
}