{
    "speed": 5.092122150740242,
    "steer": 0.005692159757018089,
    "throttle": 0.0,
    "brake": 0.0,
    "wp_4": [
        0.11757827550172806,
        11.914358139038086
    ],
    "wp_3": [
        0.05627889931201935,
        8.707395553588867
    ],
    "wp_2": [
        0.05265028029680252,
        5.564068794250488
    ],
    "wp_1": [
        0.02798069640994072,
        2.6092429161071777
    ],
    "aim": [
        0.02798069640994072,
        2.6092429161071777
    ],
    "target": [
        0.1776328904438839,
        13.553386588821757
    ],
    "desired_speed": 6.364067935943604,
    "angle": 0.006826670356901775,
    "angle_last": 0.046283003590268317,
    "angle_target": 0.008343164662286533,
    "angle_final": 0.006826670356901775,
    "delta": 0.25,
    "agent": "only_traj",
    "steer_traj": 0.00569215991423693,
    "throttle_traj": 0.0,
    "brake_traj": 0.0,
    "plan": [
        [
            0.02798069640994072,
            2.6092429161071777
        ],
        [
            0.05265028029680252,
            5.564068794250488
        ],
        [
            0.05627889931201935,
            8.707395553588867
        ],
        [
            0.11757827550172806,
            11.914358139038086
        ],
        [
            0.3229335844516754,
            15.287470817565918
        ],
        [
            0.5571888089179993,
            18.503957748413086
        ]
    ]
}