{
    "speed": 5.196656505808443,
    "steer": 0.005196407902985811,
    "throttle": 0.0,
    "brake": 0.0,
    "wp_4": [
        0.14389750361442566,
        12.665899276733398
    ],
    "wp_3": [
        0.08981523662805557,
        9.249224662780762
    ],
    "wp_2": [
        0.06491860747337341,
        5.859943866729736
    ],
    "wp_1": [
        0.028957631438970566,
        2.7349050045013428
    ],
    "aim": [
        0.028957631438970566,
        2.7349050045013428
    ],
    "target": [
        0.3370652007208502,
        13.580893790710867
    ],
    "desired_speed": 6.76337423324585,
    "angle": 0.006740382300387281,
    "angle_last": 0.04124528373143925,
    "angle_target": 0.015797069839273297,
    "angle_final": 0.006740382300387281,
    "delta": 0.25,
    "agent": "only_traj",
    "steer_traj": 0.00519640770880448,
    "throttle_traj": 0.0,
    "brake_traj": 0.0,
    "plan": [
        [
            0.028957631438970566,
            2.7349050045013428
        ],
        [
            0.06491860747337341,
            5.859943866729736
        ],
        [
            0.08981523662805557,
            9.249224662780762
        ],
        [
            0.14389750361442566,
            12.665899276733398
        ],
        [
            0.3170948326587677,
            16.23943328857422
        ],
        [
            0.537153959274292,
            19.631288528442383
        ]
    ]
}