{
    "speed": 5.107399626288531,
    "steer": 0.006390021648257971,
    "throttle": 0.0,
    "brake": 0.0,
    "wp_4": [
        0.10454370081424713,
        11.390552520751953
    ],
    "wp_3": [
        0.06427757441997528,
        8.370595932006836
    ],
    "wp_2": [
        0.05699411779642105,
        5.344110488891602
    ],
    "wp_1": [
        0.02996797487139702,
        2.462007522583008
    ],
    "aim": [
        0.02996797487139702,
        2.462007522583008
    ],
    "target": [
        0.3214759632957851,
        13.499079955879537
    ],
    "desired_speed": 5.982462978363037,
    "angle": 0.007748670003862718,
    "angle_last": 0.03873837663307224,
    "angle_target": 0.01515801659393323,
    "angle_final": 0.007748670003862718,
    "delta": 0.25,
    "agent": "only_traj",
    "steer_traj": 0.006390021686078289,
    "throttle_traj": 0.0,
    "brake_traj": 0.0,
    "plan": [
        [
            0.02996797487139702,
            2.462007522583008
        ],
        [
            0.05699411779642105,
            5.344110488891602
        ],
        [
            0.06427757441997528,
            8.370595932006836
        ],
        [
            0.10454370081424713,
            11.390552520751953
        ],
        [
            0.29031574726104736,
            14.503000259399414
        ],
        [
            0.4672330915927887,
            17.406837463378906
        ]
    ]
}