{
    "speed": 4.98266909863125,
    "steer": 0.007415692787617445,
    "throttle": 0.75,
    "brake": 0.0,
    "wp_4": [
        0.16469649970531464,
        12.922804832458496
    ],
    "wp_3": [
        0.11214152723550797,
        9.291723251342773
    ],
    "wp_2": [
        0.08507701754570007,
        5.726689338684082
    ],
    "wp_1": [
        0.03544863685965538,
        2.551814079284668
    ],
    "aim": [
        0.03544863685965538,
        2.551814079284668
    ],
    "target": [
        0.4917382991497921,
        12.664956735679443
    ],
    "desired_speed": 7.08765115737915,
    "angle": 0.008843093981871095,
    "angle_last": 0.036527216725766774,
    "angle_target": 0.024705426456656552,
    "angle_final": 0.008843093981871095,
    "delta": 0.25,
    "agent": "only_traj",
    "steer_traj": 0.007415692695310101,
    "throttle_traj": 0.75,
    "brake_traj": 0.0,
    "plan": [
        [
            0.03544863685965538,
            2.551814079284668
        ],
        [
            0.08507701754570007,
            5.726689338684082
        ],
        [
            0.11214152723550797,
            9.291723251342773
        ],
        [
            0.16469649970531464,
            12.922804832458496
        ],
        [
            0.32635074853897095,
            16.69023895263672
        ],
        [
            0.5314385890960693,
            20.260719299316406
        ]
    ]
}