{
    "speed": 4.9142428682188,
    "steer": 0.0076281302608549595,
    "throttle": 0.75,
    "brake": 0.0,
    "wp_4": [
        0.09186046570539474,
        10.450047492980957
    ],
    "wp_3": [
        0.043637365102767944,
        7.871026992797852
    ],
    "wp_2": [
        0.04771413654088974,
        5.178540229797363
    ],
    "wp_1": [
        0.03498747572302818,
        2.4369359016418457
    ],
    "aim": [
        0.03498747572302818,
        2.4369359016418457
    ],
    "target": [
        0.616671253659075,
        13.081860671497852
    ],
    "desired_speed": 5.215384483337402,
    "angle": 0.00913944830085887,
    "angle_last": 0.04329752790405575,
    "angle_target": 0.029987684403909066,
    "angle_final": 0.00913944830085887,
    "delta": 0.25,
    "agent": "only_traj",
    "steer_traj": 0.0076281300769265,
    "throttle_traj": 0.75,
    "brake_traj": 0.0,
    "plan": [
        [
            0.03498747572302818,
            2.4369359016418457
        ],
        [
            0.04771413654088974,
            5.178540229797363
        ],
        [
            0.043637365102767944,
            7.871026992797852
        ],
        [
            0.09186046570539474,
            10.450047492980957
        ],
        [
            0.2611713707447052,
            13.055493354797363
        ],
        [
            0.42521971464157104,
            15.463837623596191
        ]
    ]
}