{
    "speed": 4.858704286701301,
    "steer": 0.0012404636945575476,
    "throttle": 0.5471023321151733,
    "brake": 0.0,
    "wp_4": [
        0.08765482902526855,
        10.202352523803711
    ],
    "wp_3": [
        0.03033985011279583,
        7.761109352111816
    ],
    "wp_2": [
        0.04297075420618057,
        5.1773271560668945
    ],
    "wp_1": [
        0.03340662643313408,
        2.4530515670776367
    ],
    "aim": [
        0.03340662643313408,
        2.4530515670776367
    ],
    "target": [
        0.06415276003742296,
        13.248603564191049
    ],
    "desired_speed": 4.971527957916261,
    "angle": 0.00866922772199888,
    "angle_last": 0.047903124461395344,
    "angle_target": 0.0030826340373954863,
    "angle_final": 0.0030826340373954863,
    "delta": 0.11282367121495973,
    "agent": "only_traj",
    "steer_traj": 0.0012404636440287266,
    "throttle_traj": 0.5471023231799453,
    "brake_traj": 0.0,
    "plan": [
        [
            0.03340662643313408,
            2.4530515670776367
        ],
        [
            0.04297075420618057,
            5.1773271560668945
        ],
        [
            0.03033985011279583,
            7.761109352111816
        ],
        [
            0.08765482902526855,
            10.202352523803711
        ],
        [
            0.2422284483909607,
            12.617779731750488
        ],
        [
            0.4120061695575714,
            14.869819641113281
        ]
    ]
}