{
    "speed": 4.860788968733004,
    "steer": 0.0028535863384604454,
    "throttle": 0.75,
    "brake": 0.0,
    "wp_4": [
        0.09088505804538727,
        12.05313777923584
    ],
    "wp_3": [
        0.0293723177164793,
        8.851731300354004
    ],
    "wp_2": [
        0.048954226076602936,
        5.63596248626709
    ],
    "wp_1": [
        0.030545156449079514,
        2.575812578201294
    ],
    "aim": [
        0.030545156449079514,
        2.575812578201294
    ],
    "target": [
        0.058848632354346925,
        13.222559792982567
    ],
    "desired_speed": 6.333840560913085,
    "angle": 0.007549000807126013,
    "angle_last": 0.03810779839069851,
    "angle_target": 0.0028333360679641774,
    "angle_final": 0.0028333360679641774,
    "delta": 0.25,
    "agent": "only_traj",
    "steer_traj": 0.0028535863046449434,
    "throttle_traj": 0.75,
    "brake_traj": 0.0,
    "plan": [
        [
            0.030545156449079514,
            2.575812578201294
        ],
        [
            0.048954226076602936,
            5.63596248626709
        ],
        [
            0.0293723177164793,
            8.851731300354004
        ],
        [
            0.09088505804538727,
            12.05313777923584
        ],
        [
            0.233509823679924,
            15.3186674118042
        ],
        [
            0.41824156045913696,
            18.401063919067383
        ]
    ]
}