{
    "speed": 4.913837718282813,
    "steer": 0.006778482813388109,
    "throttle": 0.75,
    "brake": 0.0,
    "wp_4": [
        0.10552432388067245,
        14.196605682373047
    ],
    "wp_3": [
        0.06080108880996704,
        10.23843002319336
    ],
    "wp_2": [
        0.05353816598653793,
        6.370576858520508
    ],
    "wp_1": [
        0.028899874538183212,
        2.880490303039551
    ],
    "aim": [
        0.028899874538183212,
        2.880490303039551
    ],
    "target": [
        0.9418698194079204,
        12.411782775799068
    ],
    "desired_speed": 7.728284931182862,
    "angle": 0.006386957956334509,
    "angle_last": 0.03273858668415148,
    "angle_target": 0.04821756499374008,
    "angle_final": 0.006386957956334509,
    "delta": 0.25,
    "agent": "only_traj",
    "steer_traj": 0.006778482704095171,
    "throttle_traj": 0.75,
    "brake_traj": 0.0,
    "plan": [
        [
            0.028899874538183212,
            2.880490303039551
        ],
        [
            0.05353816598653793,
            6.370576858520508
        ],
        [
            0.06080108880996704,
            10.23843002319336
        ],
        [
            0.10552432388067245,
            14.196605682373047
        ],
        [
            0.23129257559776306,
            18.260713577270508
        ],
        [
            0.43372780084609985,
            22.19370460510254
        ]
    ]
}