{
    "speed": 5.027024295425233,
    "steer": 0.006962868385016918,
    "throttle": 0.0,
    "brake": 0.0,
    "wp_4": [
        0.14425112307071686,
        13.311651229858398
    ],
    "wp_3": [
        0.07374044507741928,
        9.609027862548828
    ],
    "wp_2": [
        0.07063649594783783,
        5.983989715576172
    ],
    "wp_1": [
        0.031452637165784836,
        2.6863832473754883
    ],
    "aim": [
        0.031452637165784836,
        2.6863832473754883
    ],
    "target": [
        0.27803574944479625,
        11.882290601911583
    ],
    "desired_speed": 7.215896129608153,
    "angle": 0.007453302267755056,
    "angle_last": 0.04140427535711899,
    "angle_target": 0.01489365710284378,
    "angle_final": 0.007453302267755056,
    "delta": 0.25,
    "agent": "only_traj",
    "steer_traj": 0.006962868593786084,
    "throttle_traj": 0.0,
    "brake_traj": 0.0,
    "plan": [
        [
            0.031452637165784836,
            2.6863832473754883
        ],
        [
            0.07063649594783783,
            5.983989715576172
        ],
        [
            0.07374044507741928,
            9.609027862548828
        ],
        [
            0.14425112307071686,
            13.311651229858398
        ],
        [
            0.2893714904785156,
            17.101926803588867
        ],
        [
            0.5246752500534058,
            20.714786529541016
        ]
    ]
}