{
    "speed": 5.068124923159222,
    "steer": 0.0049508619122207165,
    "throttle": 0.0,
    "brake": 0.0,
    "wp_4": [
        0.0649389922618866,
        13.705339431762695
    ],
    "wp_3": [
        0.037524282932281494,
        9.854048728942871
    ],
    "wp_2": [
        0.05444502457976341,
        6.075188636779785
    ],
    "wp_1": [
        0.020155902951955795,
        2.694972515106201
    ],
    "aim": [
        0.020155902951955795,
        2.694972515106201
    ],
    "target": [
        0.6023297061442087,
        11.325447095854962
    ],
    "desired_speed": 7.493113422393798,
    "angle": 0.004761221151889919,
    "angle_last": 0.034534850544874054,
    "angle_target": 0.03382595618114264,
    "angle_final": 0.004761221151889919,
    "delta": 0.25,
    "agent": "only_traj",
    "steer_traj": 0.004950861998236583,
    "throttle_traj": 0.0,
    "brake_traj": 0.0,
    "plan": [
        [
            0.020155902951955795,
            2.694972515106201
        ],
        [
            0.05444502457976341,
            6.075188636779785
        ],
        [
            0.037524282932281494,
            9.854048728942871
        ],
        [
            0.0649389922618866,
            13.705339431762695
        ],
        [
            0.19056618213653564,
            17.640623092651367
        ],
        [
            0.3957814574241638,
            21.41987419128418
        ]
    ]
}