{
    "speed": 4.96815037818176,
    "steer": 0.007866840809583664,
    "throttle": 0.75,
    "brake": 0.0,
    "wp_4": [
        0.12021272629499435,
        13.402762413024902
    ],
    "wp_3": [
        0.07472773641347885,
        9.611391067504883
    ],
    "wp_2": [
        0.07238905131816864,
        5.909585952758789
    ],
    "wp_1": [
        0.030672233551740646,
        2.6180624961853027
    ],
    "aim": [
        0.030672233551740646,
        2.6180624961853027
    ],
    "target": [
        0.9132100625537934,
        10.605836044813646
    ],
    "desired_speed": 7.390228748321533,
    "angle": 0.007458083400174065,
    "angle_last": 0.037143679243855816,
    "angle_target": 0.054680949956920376,
    "angle_final": 0.007458083400174065,
    "delta": 0.25,
    "agent": "only_traj",
    "steer_traj": 0.00786684067213767,
    "throttle_traj": 0.75,
    "brake_traj": 0.0,
    "plan": [
        [
            0.030672233551740646,
            2.6180624961853027
        ],
        [
            0.07238905131816864,
            5.909585952758789
        ],
        [
            0.07472773641347885,
            9.611391067504883
        ],
        [
            0.12021272629499435,
            13.402762413024902
        ],
        [
            0.26564887166023254,
            17.315488815307617
        ],
        [
            0.4857712984085083,
            21.08397102355957
        ]
    ]
}