{
    "speed": 4.869460941508175,
    "steer": -0.007136007770895958,
    "throttle": 0.75,
    "brake": 0.0,
    "wp_4": [
        0.09830577671527863,
        13.709556579589844
    ],
    "wp_3": [
        0.05666030943393707,
        9.755509376525879
    ],
    "wp_2": [
        0.0620555654168129,
        5.950303554534912
    ],
    "wp_1": [
        0.03092459961771965,
        2.599684000015259
    ],
    "aim": [
        0.03092459961771965,
        2.599684000015259
    ],
    "target": [
        -0.08819029412413824,
        9.328174778185108
    ],
    "desired_speed": 7.742686939239501,
    "angle": 0.007572602905257945,
    "angle_last": 0.036857038971687614,
    "angle_target": -0.006018542068214028,
    "angle_final": -0.006018542068214028,
    "delta": 0.25,
    "agent": "only_traj",
    "steer_traj": -0.007136007635889995,
    "throttle_traj": 0.75,
    "brake_traj": 0.0,
    "plan": [
        [
            0.03092459961771965,
            2.599684000015259
        ],
        [
            0.0620555654168129,
            5.950303554534912
        ],
        [
            0.05666030943393707,
            9.755509376525879
        ],
        [
            0.09830577671527863,
            13.709556579589844
        ],
        [
            0.26320672035217285,
            17.862361907958984
        ],
        [
            0.49988770484924316,
            21.945907592773438
        ]
    ]
}