{
    "speed": 4.797578630057882,
    "steer": -0.0028576492331922054,
    "throttle": 0.75,
    "brake": 0.0,
    "wp_4": [
        -0.014257721602916718,
        10.982565879821777
    ],
    "wp_3": [
        -0.04882553219795227,
        8.135055541992188
    ],
    "wp_2": [
        0.013900602236390114,
        5.281192779541016
    ],
    "wp_1": [
        0.03245964273810387,
        2.4140286445617676
    ],
    "aim": [
        0.03245964273810387,
        2.4140286445617676
    ],
    "target": [
        -0.08997121942211649,
        10.076256194333384
    ],
    "desired_speed": 5.710961246490479,
    "angle": 0.008559641131315566,
    "angle_last": 0.050026630274352314,
    "angle_target": -0.005684247601274476,
    "angle_final": -0.005684247601274476,
    "delta": 0.25,
    "agent": "only_traj",
    "steer_traj": -0.002857649231189568,
    "throttle_traj": 0.75,
    "brake_traj": 0.0,
    "plan": [
        [
            0.03245964273810387,
            2.4140286445617676
        ],
        [
            0.013900602236390114,
            5.281192779541016
        ],
        [
            -0.04882553219795227,
            8.135055541992188
        ],
        [
            -0.014257721602916718,
            10.982565879821777
        ],
        [
            0.1340179741382599,
            13.861928939819336
        ],
        [
            0.3557615876197815,
            16.677940368652344
        ]
    ]
}