{
    "speed": 4.812914065205272,
    "steer": 0.012499434873461723,
    "throttle": 0.75,
    "brake": 0.0,
    "wp_4": [
        0.07552488893270493,
        11.995176315307617
    ],
    "wp_3": [
        0.01658768765628338,
        8.820703506469727
    ],
    "wp_2": [
        0.04422742873430252,
        5.660182952880859
    ],
    "wp_1": [
        0.035882364958524704,
        2.587794065475464
    ],
    "aim": [
        0.035882364958524704,
        2.587794065475464
    ],
    "target": [
        0.33157045893515497,
        10.26711004898641
    ],
    "desired_speed": 6.29328260421753,
    "angle": 0.008826777418853841,
    "angle_last": 0.047691616270097284,
    "angle_target": 0.02055212936309912,
    "angle_final": 0.008826777418853841,
    "delta": 0.25,
    "agent": "only_traj",
    "steer_traj": 0.012499434525476501,
    "throttle_traj": 0.75,
    "brake_traj": 0.0,
    "plan": [
        [
            0.035882364958524704,
            2.587794065475464
        ],
        [
            0.04422742873430252,
            5.660182952880859
        ],
        [
            0.01658768765628338,
            8.820703506469727
        ],
        [
            0.07552488893270493,
            11.995176315307617
        ],
        [
            0.2454373836517334,
            15.20408821105957
        ],
        [
            0.47833168506622314,
            18.307098388671875
        ]
    ]
}