{
    "speed": 4.906664935593116,
    "steer": 0.005635698791593313,
    "throttle": 0.0,
    "brake": 1.0,
    "wp_4": [
        -0.19817900657653809,
        6.94071626663208
    ],
    "wp_3": [
        -0.14778867363929749,
        5.8375372886657715
    ],
    "wp_2": [
        -0.06812046468257904,
        4.549616813659668
    ],
    "wp_1": [
        0.024922247976064682,
        2.5154805183410645
    ],
    "aim": [
        0.024922247976064682,
        2.5154805183410645
    ],
    "target": [
        0.3168424206138418,
        11.645373253003752
    ],
    "desired_speed": 2.7674625396728514,
    "angle": 0.006307120634036138,
    "angle_last": 0.0213761116538906,
    "angle_target": 0.017316611134235955,
    "angle_final": 0.006307120634036138,
    "delta": 0.0,
    "agent": "only_traj",
    "steer_traj": 0.005635698900839742,
    "throttle_traj": 0.0,
    "brake_traj": 1.0,
    "plan": [
        [
            0.024922247976064682,
            2.5154805183410645
        ],
        [
            -0.06812046468257904,
            4.549616813659668
        ],
        [
            -0.14778867363929749,
            5.8375372886657715
        ],
        [
            -0.19817900657653809,
            6.94071626663208
        ],
        [
            -0.11357977241277695,
            8.111380577087402
        ],
        [
            -0.0694684088230133,
            9.424604415893555
        ]
    ]
}