{
    "speed": 4.99122391374605,
    "steer": 0.0006790263578295708,
    "throttle": 0.75,
    "brake": 0.0,
    "wp_4": [
        -0.07402146607637405,
        13.976245880126953
    ],
    "wp_3": [
        -0.056484654545784,
        10.07532787322998
    ],
    "wp_2": [
        0.0026542935520410538,
        6.232028007507324
    ],
    "wp_1": [
        0.003498535603284836,
        2.8090600967407227
    ],
    "aim": [
        0.003498535603284836,
        2.8090600967407227
    ],
    "target": [
        0.8829394499442859,
        10.602828420873845
    ],
    "desired_speed": 7.705121326446534,
    "angle": 0.0007928812441125106,
    "angle_last": 0.025741437334427308,
    "angle_target": 0.05289181080479394,
    "angle_final": 0.0007928812441125106,
    "delta": 0.25,
    "agent": "only_traj",
    "steer_traj": 0.0006790263512932572,
    "throttle_traj": 0.75,
    "brake_traj": 0.0,
    "plan": [
        [
            0.003498535603284836,
            2.8090600967407227
        ],
        [
            0.0026542935520410538,
            6.232028007507324
        ],
        [
            -0.056484654545784,
            10.07532787322998
        ],
        [
            -0.07402146607637405,
            13.976245880126953
        ],
        [
            0.02113071084022522,
            18.0578556060791
        ],
        [
            0.18332621455192566,
            22.066980361938477
        ]
    ]
}