{
    "speed": 5.028927841894668,
    "steer": 0.005500444211065769,
    "throttle": 0.0,
    "brake": 0.0,
    "wp_4": [
        -0.023920299485325813,
        13.025941848754883
    ],
    "wp_3": [
        -0.038046419620513916,
        9.335174560546875
    ],
    "wp_2": [
        0.020176077261567116,
        5.741239547729492
    ],
    "wp_1": [
        0.01489582285284996,
        2.5609583854675293
    ],
    "aim": [
        0.01489582285284996,
        2.5609583854675293
    ],
    "target": [
        1.1019264279692957,
        10.418952299429295
    ],
    "desired_speed": 7.2937592506408695,
    "angle": 0.0037028453945010544,
    "angle_last": 0.03236300217079156,
    "angle_target": 0.06708063951958018,
    "angle_final": 0.0037028453945010544,
    "delta": 0.25,
    "agent": "only_traj",
    "steer_traj": 0.005500444079800564,
    "throttle_traj": 0.0,
    "brake_traj": 0.0,
    "plan": [
        [
            0.01489582285284996,
            2.5609583854675293
        ],
        [
            0.020176077261567116,
            5.741239547729492
        ],
        [
            -0.038046419620513916,
            9.335174560546875
        ],
        [
            -0.023920299485325813,
            13.025941848754883
        ],
        [
            0.09832540899515152,
            16.93462562561035
        ],
        [
            0.29438093304634094,
            20.7879581451416
        ]
    ]
}