{
    "speed": 4.982313887504554,
    "steer": 0.004996531177312136,
    "throttle": 0.75,
    "brake": 0.0,
    "wp_4": [
        0.04467522352933884,
        13.117645263671875
    ],
    "wp_3": [
        0.016984133049845695,
        9.393638610839844
    ],
    "wp_2": [
        0.04451435059309006,
        5.774137496948242
    ],
    "wp_1": [
        0.019980963319540024,
        2.5776915550231934
    ],
    "aim": [
        0.019980963319540024,
        2.5776915550231934
    ],
    "target": [
        0.056787230105231935,
        9.169621315951547
    ],
    "desired_speed": 7.331719875335693,
    "angle": 0.004934632065817465,
    "angle_last": 0.032776835743503555,
    "angle_target": 0.003942519553554704,
    "angle_final": 0.003942519553554704,
    "delta": 0.25,
    "agent": "only_traj",
    "steer_traj": 0.004996530963494056,
    "throttle_traj": 0.75,
    "brake_traj": 0.0,
    "plan": [
        [
            0.019980963319540024,
            2.5776915550231934
        ],
        [
            0.04451435059309006,
            5.774137496948242
        ],
        [
            0.016984133049845695,
            9.393638610839844
        ],
        [
            0.04467522352933884,
            13.117645263671875
        ],
        [
            0.1816498041152954,
            17.036746978759766
        ],
        [
            0.38068529963493347,
            20.899171829223633
        ]
    ]
}