{
    "speed": 4.966034753040259,
    "steer": 0.006857673637568951,
    "throttle": 0.75,
    "brake": 0.0,
    "wp_4": [
        0.040674664080142975,
        11.935293197631836
    ],
    "wp_3": [
        -0.016597090288996696,
        8.742622375488281
    ],
    "wp_2": [
        0.02893855608999729,
        5.574398040771484
    ],
    "wp_1": [
        0.02272411808371544,
        2.5492641925811768
    ],
    "aim": [
        0.02272411808371544,
        2.5492641925811768
    ],
    "target": [
        1.0509200141033503,
        9.330782569912136
    ],
    "desired_speed": 6.327121162414551,
    "angle": 0.005674645116892958,
    "angle_last": 0.03733279959287439,
    "angle_target": 0.07140117155892421,
    "angle_final": 0.005674645116892958,
    "delta": 0.25,
    "agent": "only_traj",
    "steer_traj": 0.0068576737337358315,
    "throttle_traj": 0.75,
    "brake_traj": 0.0,
    "plan": [
        [
            0.02272411808371544,
            2.5492641925811768
        ],
        [
            0.02893855608999729,
            5.574398040771484
        ],
        [
            -0.016597090288996696,
            8.742622375488281
        ],
        [
            0.040674664080142975,
            11.935293197631836
        ],
        [
            0.1732456386089325,
            15.190276145935059
        ],
        [
            0.35922521352767944,
            18.35806655883789
        ]
    ]
}