{
    "speed": 4.952513375536152,
    "steer": 0.007730323355644941,
    "throttle": 0.75,
    "brake": 0.0,
    "wp_4": [
        -0.05804329365491867,
        10.344705581665039
    ],
    "wp_3": [
        -0.07635076344013214,
        7.59702730178833
    ],
    "wp_2": [
        -0.003254702314734459,
        4.904698371887207
    ],
    "wp_1": [
        0.024678032845258713,
        2.2955074310302734
    ],
    "aim": [
        0.024678032845258713,
        2.2955074310302734
    ],
    "target": [
        -0.46690915125318727,
        9.346250544600878
    ],
    "desired_speed": 5.529393196105957,
    "angle": 0.006843745829826807,
    "angle_last": 0.035767016671144354,
    "angle_target": -0.031777095020893535,
    "angle_final": 0.006843745829826807,
    "delta": 0.25,
    "agent": "only_traj",
    "steer_traj": 0.007730323169490911,
    "throttle_traj": 0.75,
    "brake_traj": 0.0,
    "plan": [
        [
            0.024678032845258713,
            2.2955074310302734
        ],
        [
            -0.003254702314734459,
            4.904698371887207
        ],
        [
            -0.07635076344013214,
            7.59702730178833
        ],
        [
            -0.05804329365491867,
            10.344705581665039
        ],
        [
            0.05928812921047211,
            13.231073379516602
        ],
        [
            0.22125236690044403,
            16.11085319519043
        ]
    ]
}