{
    "speed": 5.009947779573911,
    "steer": 0.0030706983525305986,
    "throttle": 0.0,
    "brake": 0.0,
    "wp_4": [
        0.034463755786418915,
        11.955789566040039
    ],
    "wp_3": [
        -0.024142978712916374,
        8.864181518554688
    ],
    "wp_2": [
        0.009732866659760475,
        5.753796577453613
    ],
    "wp_1": [
        0.011365141719579697,
        2.7133359909057617
    ],
    "aim": [
        0.011365141719579697,
        2.7133359909057617
    ],
    "target": [
        0.44637140392566804,
        9.162228894737138
    ],
    "desired_speed": 6.19364652633667,
    "angle": 0.002666553915428564,
    "angle_last": 0.03391755322588646,
    "angle_target": 0.030990751147159865,
    "angle_final": 0.002666553915428564,
    "delta": 0.25,
    "agent": "only_traj",
    "steer_traj": 0.0030706983928604345,
    "throttle_traj": 0.0,
    "brake_traj": 0.0,
    "plan": [
        [
            0.011365141719579697,
            2.7133359909057617
        ],
        [
            0.009732866659760475,
            5.753796577453613
        ],
        [
            -0.024142978712916374,
            8.864181518554688
        ],
        [
            0.034463755786418915,
            11.955789566040039
        ],
        [
            0.14686575531959534,
            15.11165714263916
        ],
        [
            0.31104546785354614,
            18.190336227416992
        ]
    ]
}