{
    "speed": 5.0954572137145595,
    "steer": 0.006347874645143747,
    "throttle": 0.0,
    "brake": 0.0,
    "wp_4": [
        0.03812127560377121,
        11.311759948730469
    ],
    "wp_3": [
        -0.014929337427020073,
        8.334264755249023
    ],
    "wp_2": [
        0.021735111251473427,
        5.375944137573242
    ],
    "wp_1": [
        0.02280251309275627,
        2.526691198348999
    ],
    "aim": [
        0.02280251309275627,
        2.526691198348999
    ],
    "target": [
        0.06401087185973764,
        8.979980174335504
    ],
    "desired_speed": 5.974942588806153,
    "angle": 0.005745147847325645,
    "angle_last": 0.03274852840394339,
    "angle_target": 0.004537860408514291,
    "angle_final": 0.004537860408514291,
    "delta": 0.25,
    "agent": "only_traj",
    "steer_traj": 0.006347874799393572,
    "throttle_traj": 0.0,
    "brake_traj": 0.0,
    "plan": [
        [
            0.02280251309275627,
            2.526691198348999
        ],
        [
            0.021735111251473427,
            5.375944137573242
        ],
        [
            -0.014929337427020073,
            8.334264755249023
        ],
        [
            0.03812127560377121,
            11.311759948730469
        ],
        [
            0.1612459123134613,
            14.418651580810547
        ],
        [
            0.31767427921295166,
            17.456884384155273
        ]
    ]
}