{
    "speed": 5.016468526807548,
    "steer": 0.008194527588784695,
    "throttle": 0.0,
    "brake": 0.0,
    "wp_4": [
        0.009378880262374878,
        11.003002166748047
    ],
    "wp_3": [
        -0.03356096148490906,
        8.053393363952637
    ],
    "wp_2": [
        0.022695327177643776,
        5.13206672668457
    ],
    "wp_1": [
        0.024985726922750473,
        2.374845504760742
    ],
    "aim": [
        0.024985726922750473,
        2.374845504760742
    ],
    "target": [
        -0.7032751702660521,
        8.555748789762537
    ],
    "desired_speed": 5.911487674713135,
    "angle": 0.006697655672579312,
    "angle_last": 0.030738176058236304,
    "angle_target": -0.05221221321292838,
    "angle_final": 0.006697655672579312,
    "delta": 0.25,
    "agent": "only_traj",
    "steer_traj": 0.008194527236298413,
    "throttle_traj": 0.0,
    "brake_traj": 0.0,
    "plan": [
        [
            0.024985726922750473,
            2.374845504760742
        ],
        [
            0.022695327177643776,
            5.13206672668457
        ],
        [
            -0.03356096148490906,
            8.053393363952637
        ],
        [
            0.009378880262374878,
            11.003002166748047
        ],
        [
            0.149519681930542,
            14.104433059692383
        ],
        [
            0.2964908182621002,
            17.14599609375
        ]
    ]
}