{
    "speed": 4.9224619605211934,
    "steer": 0.0051020965911448,
    "throttle": 0.75,
    "brake": 0.0,
    "wp_4": [
        0.014735683798789978,
        12.07961654663086
    ],
    "wp_3": [
        -0.019846215844154358,
        8.733748435974121
    ],
    "wp_2": [
        0.03531587868928909,
        5.446244239807129
    ],
    "wp_1": [
        0.016654621809720993,
        2.469475269317627
    ],
    "aim": [
        0.016654621809720993,
        2.469475269317627
    ],
    "target": [
        0.061293624535824376,
        7.9892781964964446
    ],
    "desired_speed": 6.649218559265137,
    "angle": 0.004293429084734823,
    "angle_last": 0.028079486978313452,
    "angle_target": 0.004884041685429503,
    "angle_final": 0.004293429084734823,
    "delta": 0.25,
    "agent": "only_traj",
    "steer_traj": 0.0051020966811211165,
    "throttle_traj": 0.75,
    "brake_traj": 0.0,
    "plan": [
        [
            0.016654621809720993,
            2.469475269317627
        ],
        [
            0.03531587868928909,
            5.446244239807129
        ],
        [
            -0.019846215844154358,
            8.733748435974121
        ],
        [
            0.014735683798789978,
            12.07961654663086
        ],
        [
            0.1391017735004425,
            15.605669021606445
        ],
        [
            0.29271966218948364,
            19.086240768432617
        ]
    ]
}