{
    "speed": 4.807926695371942,
    "steer": -0.00969370361417532,
    "throttle": 0.0,
    "brake": 1.0,
    "wp_4": [
        -0.20815089344978333,
        6.655622482299805
    ],
    "wp_3": [
        -0.15513905882835388,
        5.336004734039307
    ],
    "wp_2": [
        -0.06412108242511749,
        3.96671724319458
    ],
    "wp_1": [
        0.021326851099729538,
        2.1327598094940186
    ],
    "aim": [
        -0.06412108242511749,
        3.96671724319458
    ],
    "target": [
        -0.46940640683043744,
        8.801346637122391
    ],
    "desired_speed": 3.0104778766632077,
    "angle": -0.010289935485131735,
    "angle_last": 0.005228406091118791,
    "angle_target": -0.03392100719528734,
    "angle_final": -0.010289935485131735,
    "delta": 0.0,
    "agent": "only_traj",
    "steer_traj": -0.009693703847405765,
    "throttle_traj": 0.0,
    "brake_traj": 1.0,
    "plan": [
        [
            0.021326851099729538,
            2.1327598094940186
        ],
        [
            -0.06412108242511749,
            3.96671724319458
        ],
        [
            -0.15513905882835388,
            5.336004734039307
        ],
        [
            -0.20815089344978333,
            6.655622482299805
        ],
        [
            -0.13849571347236633,
            8.070152282714844
        ],
        [
            -0.12551146745681763,
            9.651111602783203
        ]
    ]
}