{
    "speed": 4.661100045309599,
    "steer": 0.010587967932224274,
    "throttle": 0.75,
    "brake": 0.0,
    "wp_4": [
        0.017310256138443947,
        13.470468521118164
    ],
    "wp_3": [
        0.0012168586254119873,
        9.66982364654541
    ],
    "wp_2": [
        0.04128860682249069,
        5.977123737335205
    ],
    "wp_1": [
        0.020237620919942856,
        2.6980011463165283
    ],
    "aim": [
        0.020237620919942856,
        2.6980011463165283
    ],
    "target": [
        0.5386683941319866,
        7.0120991825526735
    ],
    "desired_speed": 7.582026386260986,
    "angle": 0.0047751850941930565,
    "angle_last": 0.025954159781577817,
    "angle_target": 0.048809172498608985,
    "angle_final": 0.0047751850941930565,
    "delta": 0.25,
    "agent": "only_traj",
    "steer_traj": 0.010587968018691957,
    "throttle_traj": 0.75,
    "brake_traj": 0.0,
    "plan": [
        [
            0.020237620919942856,
            2.6980011463165283
        ],
        [
            0.04128860682249069,
            5.977123737335205
        ],
        [
            0.0012168586254119873,
            9.66982364654541
        ],
        [
            0.017310256138443947,
            13.470468521118164
        ],
        [
            0.15414807200431824,
            17.53258514404297
        ],
        [
            0.3219815492630005,
            21.647022247314453
        ]
    ]
}