{
    "speed": 4.5092193395069,
    "steer": 0.00445869704708457,
    "throttle": 0.0,
    "brake": 0.0,
    "wp_4": [
        -0.1524774581193924,
        8.386999130249023
    ],
    "wp_3": [
        -0.11377513408660889,
        6.198470592498779
    ],
    "wp_2": [
        -0.03536934033036232,
        4.043028831481934
    ],
    "wp_1": [
        0.009586449712514877,
        1.9181842803955078
    ],
    "aim": [
        0.009586449712514877,
        1.9181842803955078
    ],
    "target": [
        0.6024272401120181,
        7.081682812256032
    ],
    "desired_speed": 4.490640544891358,
    "angle": 0.0031816260698383034,
    "angle_last": 0.012268585632614045,
    "angle_target": 0.05402613690735927,
    "angle_final": 0.0031816260698383034,
    "delta": 0.0,
    "agent": "only_traj",
    "steer_traj": 0.004458697130174147,
    "throttle_traj": 0.0,
    "brake_traj": 0.0,
    "plan": [
        [
            0.009586449712514877,
            1.9181842803955078
        ],
        [
            -0.03536934033036232,
            4.043028831481934
        ],
        [
            -0.11377513408660889,
            6.198470592498779
        ],
        [
            -0.1524774581193924,
            8.386999130249023
        ],
        [
            -0.055561743676662445,
            10.71858024597168
        ],
        [
            -0.008890163153409958,
            13.140079498291016
        ]
    ]
}