{
    "speed": 4.376745453874124,
    "steer": 0.037448253482580185,
    "throttle": 0.0,
    "brake": 1.0,
    "wp_4": [
        -0.211151123046875,
        3.6823487281799316
    ],
    "wp_3": [
        -0.13041889667510986,
        2.865255355834961
    ],
    "wp_2": [
        -0.07465852797031403,
        2.404953956604004
    ],
    "wp_1": [
        -0.009330246597528458,
        1.6675059795379639
    ],
    "aim": [
        -0.211151123046875,
        3.6823487281799316
    ],
    "target": [
        0.40441275816311106,
        7.6796792918345735
    ],
    "desired_speed": 1.7811518549919128,
    "angle": -0.03646473820443615,
    "angle_last": -0.010823449150300509,
    "angle_target": 0.03349353009929648,
    "angle_final": 0.03349353009929648,
    "delta": 0.0,
    "agent": "only_traj",
    "steer_traj": 0.037448253063436625,
    "throttle_traj": 0.0,
    "brake_traj": 1.0,
    "plan": [
        [
            -0.009330246597528458,
            1.6675059795379639
        ],
        [
            -0.07465852797031403,
            2.404953956604004
        ],
        [
            -0.13041889667510986,
            2.865255355834961
        ],
        [
            -0.211151123046875,
            3.6823487281799316
        ],
        [
            -0.21355879306793213,
            4.825874328613281
        ],
        [
            -0.23539230227470398,
            6.109965801239014
        ]
    ]
}