{
    "speed": 4.191577822861731,
    "steer": -0.0044679660350084305,
    "throttle": 0.75,
    "brake": 0.0,
    "wp_4": [
        -0.050752781331539154,
        9.53989315032959
    ],
    "wp_3": [
        -0.0340925008058548,
        6.962301254272461
    ],
    "wp_2": [
        -0.0038028862327337265,
        4.4387054443359375
    ],
    "wp_1": [
        0.007195662707090378,
        2.0933542251586914
    ],
    "aim": [
        0.007195662707090378,
        2.0933542251586914
    ],
    "target": [
        0.5042508927212852,
        6.30795858195856
    ],
    "desired_speed": 5.2254355430603034,
    "angle": 0.0021882888915461156,
    "angle_last": 0.008788376577520214,
    "angle_target": 0.050782659173910775,
    "angle_final": 0.0021882888915461156,
    "delta": 0.25,
    "agent": "only_traj",
    "steer_traj": -0.004467965977710233,
    "throttle_traj": 0.75,
    "brake_traj": 0.0,
    "plan": [
        [
            0.007195662707090378,
            2.0933542251586914
        ],
        [
            -0.0038028862327337265,
            4.4387054443359375
        ],
        [
            -0.0340925008058548,
            6.962301254272461
        ],
        [
            -0.050752781331539154,
            9.53989315032959
        ],
        [
            0.06838358938694,
            12.301280975341797
        ],
        [
            0.10776491463184357,
            15.153841018676758
        ]
    ]
}