{
    "speed": 4.028130224512,
    "steer": 0.015978321433067322,
    "throttle": 0.0,
    "brake": 1.0,
    "wp_4": [
        -0.1661936193704605,
        2.1507296562194824
    ],
    "wp_3": [
        -0.09242702275514603,
        1.3238428831100464
    ],
    "wp_2": [
        -0.04843698441982269,
        0.7570603489875793
    ],
    "wp_1": [
        -0.02656083181500435,
        0.4870712161064148
    ],
    "aim": [
        -0.19211532175540924,
        3.034735918045044
    ],
    "target": [
        0.14311780356309536,
        7.278478834471099
    ],
    "desired_speed": 1.4254019021987916,
    "angle": -0.040247752312733885,
    "angle_last": -0.04717462660499771,
    "angle_target": 0.012516335607233354,
    "angle_final": 0.012516335607233354,
    "delta": 0.0,
    "agent": "only_traj",
    "steer_traj": 0.015978322170117746,
    "throttle_traj": 0.0,
    "brake_traj": 1.0,
    "plan": [
        [
            -0.02656083181500435,
            0.4870712161064148
        ],
        [
            -0.04843698441982269,
            0.7570603489875793
        ],
        [
            -0.09242702275514603,
            1.3238428831100464
        ],
        [
            -0.1661936193704605,
            2.1507296562194824
        ],
        [
            -0.19211532175540924,
            3.034735918045044
        ],
        [
            -0.2668590247631073,
            4.0415520668029785
        ]
    ]
}