{
    "speed": 3.8755542744491764,
    "steer": 0.00029611302306875587,
    "throttle": 0.75,
    "brake": 0.0,
    "wp_4": [
        -0.07340548932552338,
        11.083535194396973
    ],
    "wp_3": [
        -0.04007568955421448,
        7.753938674926758
    ],
    "wp_2": [
        0.022381896153092384,
        4.595663070678711
    ],
    "wp_1": [
        0.0016638897359371185,
        1.9916377067565918
    ],
    "aim": [
        0.0016638897359371185,
        1.9916377067565918
    ],
    "target": [
        -0.3050307700362882,
        4.861531508349771
    ],
    "desired_speed": 6.610643100738526,
    "angle": 0.0005318921268272456,
    "angle_last": 0.001918420528339834,
    "angle_target": -0.03989162537663655,
    "angle_final": 0.0005318921268272456,
    "delta": 0.25,
    "agent": "only_traj",
    "steer_traj": 0.0002961130119821455,
    "throttle_traj": 0.75,
    "brake_traj": 0.0,
    "plan": [
        [
            0.0016638897359371185,
            1.9916377067565918
        ],
        [
            0.022381896153092384,
            4.595663070678711
        ],
        [
            -0.04007568955421448,
            7.753938674926758
        ],
        [
            -0.07340548932552338,
            11.083535194396973
        ],
        [
            0.025571368634700775,
            14.743888854980469
        ],
        [
            0.03693862631917,
            18.516023635864258
        ]
    ]
}