{
    "speed": 3.7340864612045257,
    "steer": -0.020759057253599167,
    "throttle": 0.0,
    "brake": 1.0,
    "wp_4": [
        -0.19968873262405396,
        4.409233093261719
    ],
    "wp_3": [
        -0.11539459228515625,
        3.2682313919067383
    ],
    "wp_2": [
        -0.0568876676261425,
        2.3145737648010254
    ],
    "wp_1": [
        0.004896584898233414,
        1.3102989196777344
    ],
    "aim": [
        -0.11539459228515625,
        3.2682313919067383
    ],
    "target": [
        0.3569646765984853,
        6.756437074833079
    ],
    "desired_speed": 2.328282690048218,
    "angle": -0.022468390448236807,
    "angle_last": -0.03576160817487873,
    "angle_target": 0.033603462334206594,
    "angle_final": -0.022468390448236807,
    "delta": 0.0,
    "agent": "only_traj",
    "steer_traj": -0.020759056705667005,
    "throttle_traj": 0.0,
    "brake_traj": 1.0,
    "plan": [
        [
            0.004896584898233414,
            1.3102989196777344
        ],
        [
            -0.0568876676261425,
            2.3145737648010254
        ],
        [
            -0.11539459228515625,
            3.2682313919067383
        ],
        [
            -0.19968873262405396,
            4.409233093261719
        ],
        [
            -0.2235434651374817,
            5.67611026763916
        ],
        [
            -0.30483371019363403,
            7.1216959953308105
        ]
    ]
}