{
    "speed": 3.592467214722445,
    "steer": 0.011484638787806034,
    "throttle": 0.75,
    "brake": 0.0,
    "wp_4": [
        -0.05745229497551918,
        10.817604064941406
    ],
    "wp_3": [
        -0.026507286354899406,
        7.466748237609863
    ],
    "wp_2": [
        0.030069882050156593,
        4.348100662231445
    ],
    "wp_1": [
        0.004776801913976669,
        1.8233368396759033
    ],
    "aim": [
        0.004776801913976669,
        1.8233368396759033
    ],
    "target": [
        0.1576473446169106,
        5.0932228020595005
    ],
    "desired_speed": 6.609407043457031,
    "angle": 0.0016678284767911442,
    "angle_last": 0.005555648043353179,
    "angle_target": 0.01969860509762717,
    "angle_final": 0.0016678284767911442,
    "delta": 0.25,
    "agent": "only_traj",
    "steer_traj": 0.011484638504211008,
    "throttle_traj": 0.75,
    "brake_traj": 0.0,
    "plan": [
        [
            0.004776801913976669,
            1.8233368396759033
        ],
        [
            0.030069882050156593,
            4.348100662231445
        ],
        [
            -0.026507286354899406,
            7.466748237609863
        ],
        [
            -0.05745229497551918,
            10.817604064941406
        ],
        [
            0.06932389736175537,
            14.51359748840332
        ],
        [
            0.10274991393089294,
            18.343751907348633
        ]
    ]
}