{
    "speed": 3.458466714209657,
    "steer": -0.019565243273973465,
    "throttle": 0.0,
    "brake": 1.0,
    "wp_4": [
        -0.16576918959617615,
        3.7246413230895996
    ],
    "wp_3": [
        -0.0856017917394638,
        2.607588291168213
    ],
    "wp_2": [
        -0.03800633177161217,
        1.8291919231414795
    ],
    "wp_1": [
        -0.005536224693059921,
        1.1437926292419434
    ],
    "aim": [
        -0.16576918959617615,
        3.7246413230895996
    ],
    "target": [
        -0.19718340694349645,
        6.092490472220883
    ],
    "desired_speed": 2.176205563545227,
    "angle": -0.028314728813804604,
    "angle_last": -0.03458066846738353,
    "angle_target": -0.02059700427208984,
    "angle_final": -0.02059700427208984,
    "delta": 0.0,
    "agent": "only_traj",
    "steer_traj": -0.019565242567713935,
    "throttle_traj": 0.0,
    "brake_traj": 1.0,
    "plan": [
        [
            -0.005536224693059921,
            1.1437926292419434
        ],
        [
            -0.03800633177161217,
            1.8291919231414795
        ],
        [
            -0.0856017917394638,
            2.607588291168213
        ],
        [
            -0.16576918959617615,
            3.7246413230895996
        ],
        [
            -0.1949034333229065,
            5.051283836364746
        ],
        [
            -0.27784109115600586,
            6.576638221740723
        ]
    ]
}