{
    "speed": 3.1971629619711908,
    "steer": -0.012747826986014843,
    "throttle": 0.0,
    "brake": 1.0,
    "wp_4": [
        -0.1491345465183258,
        4.245790004730225
    ],
    "wp_3": [
        -0.07226227223873138,
        3.0121638774871826
    ],
    "wp_2": [
        -0.02933185175061226,
        2.014498710632324
    ],
    "wp_1": [
        0.006566841155290604,
        1.1077861785888672
    ],
    "aim": [
        -0.07226227223873138,
        3.0121638774871826
    ],
    "target": [
        -0.3208836516740803,
        5.1628091846177995
    ],
    "desired_speed": 2.412439560890198,
    "angle": -0.015269674627006475,
    "angle_last": -0.04752228323375136,
    "angle_target": -0.03951694384439585,
    "angle_final": -0.015269674627006475,
    "delta": 0.0,
    "agent": "only_traj",
    "steer_traj": -0.012747826527737207,
    "throttle_traj": 0.0,
    "brake_traj": 1.0,
    "plan": [
        [
            0.006566841155290604,
            1.1077861785888672
        ],
        [
            -0.02933185175061226,
            2.014498710632324
        ],
        [
            -0.07226227223873138,
            3.0121638774871826
        ],
        [
            -0.1491345465183258,
            4.245790004730225
        ],
        [
            -0.18181787431240082,
            5.603923797607422
        ],
        [
            -0.2959634065628052,
            7.1302032470703125
        ]
    ]
}