{
    "speed": 3.0694484437765235,
    "steer": -0.07817931473255157,
    "throttle": 0.0,
    "brake": 1.0,
    "wp_4": [
        -0.1910436451435089,
        1.229697585105896
    ],
    "wp_3": [
        -0.13609939813613892,
        0.6982145309448242
    ],
    "wp_2": [
        -0.04508940875530243,
        0.39524832367897034
    ],
    "wp_1": [
        -0.04291265085339546,
        0.2480030506849289
    ],
    "aim": [
        -0.23887047171592712,
        1.9044525623321533
    ],
    "target": [
        -0.6894637008693556,
        5.464789926672887
    ],
    "desired_speed": 0.9960358202457429,
    "angle": -0.07943467252883882,
    "angle_last": -0.02411590796703466,
    "angle_target": -0.07989682083473065,
    "angle_final": -0.07943467252883882,
    "delta": 0.0,
    "agent": "only_traj",
    "steer_traj": -0.07817931557665,
    "throttle_traj": 0.0,
    "brake_traj": 1.0,
    "plan": [
        [
            -0.04291265085339546,
            0.2480030506849289
        ],
        [
            -0.04508940875530243,
            0.39524832367897034
        ],
        [
            -0.13609939813613892,
            0.6982145309448242
        ],
        [
            -0.1910436451435089,
            1.229697585105896
        ],
        [
            -0.23887047171592712,
            1.9044525623321533
        ],
        [
            -0.269763708114624,
            2.7195916175842285
        ]
    ]
}