{
    "speed": 2.88495871406323,
    "steer": 0.023325741291046143,
    "throttle": 0.0,
    "brake": 1.0,
    "wp_4": [
        -0.13795387744903564,
        3.171243667602539
    ],
    "wp_3": [
        -0.05401955544948578,
        2.0406723022460938
    ],
    "wp_2": [
        -0.01412915252149105,
        1.2992267608642578
    ],
    "wp_1": [
        -0.0036612115800380707,
        0.823358952999115
    ],
    "aim": [
        -0.13795387744903564,
        3.171243667602539
    ],
    "target": [
        -0.009158818357297729,
        5.846810238041581
    ],
    "desired_speed": 2.0292675375938414,
    "angle": -0.027676485581362303,
    "angle_last": -0.04386327500438474,
    "angle_target": -0.0009972412052505807,
    "angle_final": -0.0009972412052505807,
    "delta": 0.0,
    "agent": "only_traj",
    "steer_traj": 0.023325741694019905,
    "throttle_traj": 0.0,
    "brake_traj": 1.0,
    "plan": [
        [
            -0.0036612115800380707,
            0.823358952999115
        ],
        [
            -0.01412915252149105,
            1.2992267608642578
        ],
        [
            -0.05401955544948578,
            2.0406723022460938
        ],
        [
            -0.13795387744903564,
            3.171243667602539
        ],
        [
            -0.16977094113826752,
            4.457564830780029
        ],
        [
            -0.2685144543647766,
            5.888432502746582
        ]
    ]
}