{
    "speed": 2.6651401820412213,
    "steer": -0.0003768329625017941,
    "throttle": 0.75,
    "brake": 0.0,
    "wp_4": [
        -0.03708667308092117,
        8.51947021484375
    ],
    "wp_3": [
        0.00672033429145813,
        5.757550239562988
    ],
    "wp_2": [
        0.00843786634504795,
        3.2884364128112793
    ],
    "wp_1": [
        -0.002228502184152603,
        1.3268413543701172
    ],
    "aim": [
        0.00843786634504795,
        3.2884364128112793
    ],
    "target": [
        -0.006660996615140337,
        4.026972123123654
    ],
    "desired_speed": 5.508936738967895,
    "angle": 0.0016335257489595244,
    "angle_last": 0.001167555065583099,
    "angle_target": -0.0010530289636540692,
    "angle_final": -0.0010530289636540692,
    "delta": 0.25,
    "agent": "only_traj",
    "steer_traj": -0.00037683295126587896,
    "throttle_traj": 0.75,
    "brake_traj": 0.0,
    "plan": [
        [
            -0.002228502184152603,
            1.3268413543701172
        ],
        [
            0.00843786634504795,
            3.2884364128112793
        ],
        [
            0.00672033429145813,
            5.757550239562988
        ],
        [
            -0.03708667308092117,
            8.51947021484375
        ],
        [
            0.021468382328748703,
            11.71245288848877
        ],
        [
            0.0276777520775795,
            15.09826374053955
        ]
    ]
}