{
    "speed": 2.4653377034396198,
    "steer": 0.014899030327796936,
    "throttle": 0.0,
    "brake": 1.0,
    "wp_4": [
        -0.2106066346168518,
        3.203784704208374
    ],
    "wp_3": [
        -0.10356555879116058,
        2.1621265411376953
    ],
    "wp_2": [
        -0.04547306150197983,
        1.3756412267684937
    ],
    "wp_1": [
        -0.020933043211698532,
        0.7702481746673584
    ],
    "aim": [
        -0.2106066346168518,
        3.203784704208374
    ],
    "target": [
        0.10871142119111901,
        5.17839811978788
    ],
    "desired_speed": 1.9265827417373658,
    "angle": -0.04178925011741498,
    "angle_last": -0.0370763436991154,
    "angle_target": 0.013362757030874521,
    "angle_final": 0.013362757030874521,
    "delta": 0.0,
    "agent": "only_traj",
    "steer_traj": 0.014899030295647176,
    "throttle_traj": 0.0,
    "brake_traj": 1.0,
    "plan": [
        [
            -0.020933043211698532,
            0.7702481746673584
        ],
        [
            -0.04547306150197983,
            1.3756412267684937
        ],
        [
            -0.10356555879116058,
            2.1621265411376953
        ],
        [
            -0.2106066346168518,
            3.203784704208374
        ],
        [
            -0.25200650095939636,
            4.32498025894165
        ],
        [
            -0.3249296545982361,
            5.5756916999816895
        ]
    ]
}