{
    "speed": 2.293439394172815,
    "steer": -0.02196049503982067,
    "throttle": 0.75,
    "brake": 0.0,
    "wp_4": [
        -0.17095211148262024,
        4.2000579833984375
    ],
    "wp_3": [
        -0.07452116906642914,
        2.7583112716674805
    ],
    "wp_2": [
        -0.01912892423570156,
        1.6223502159118652
    ],
    "wp_1": [
        -0.029048625379800797,
        0.7420411109924316
    ],
    "aim": [
        -0.07452116906642914,
        2.7583112716674805
    ],
    "target": [
        0.36648833456301877,
        5.5593626076207725
    ],
    "desired_speed": 2.8321173191070557,
    "angle": -0.017195332627005403,
    "angle_last": -0.02622378023589137,
    "angle_target": 0.04190707396075867,
    "angle_final": -0.017195332627005403,
    "delta": 0.25,
    "agent": "only_traj",
    "steer_traj": -0.021960494298373934,
    "throttle_traj": 0.75,
    "brake_traj": 0.0,
    "plan": [
        [
            -0.029048625379800797,
            0.7420411109924316
        ],
        [
            -0.01912892423570156,
            1.6223502159118652
        ],
        [
            -0.07452116906642914,
            2.7583112716674805
        ],
        [
            -0.17095211148262024,
            4.2000579833984375
        ],
        [
            -0.1626148521900177,
            5.906022548675537
        ],
        [
            -0.24133829772472382,
            7.816065311431885
        ]
    ]
}