{
    "speed": 2.1357898334905308,
    "steer": -0.0064246999099850655,
    "throttle": 0.75,
    "brake": 0.0,
    "wp_4": [
        -0.12297463417053223,
        4.979547500610352
    ],
    "wp_3": [
        -0.055442314594984055,
        3.268087863922119
    ],
    "wp_2": [
        0.0011589787900447845,
        1.860532522201538
    ],
    "wp_1": [
        -0.030993763357400894,
        0.7739821076393127
    ],
    "aim": [
        -0.055442314594984055,
        3.268087863922119
    ],
    "target": [
        -0.21278271228510373,
        5.444001841429678
    ],
    "desired_speed": 3.3785523414611816,
    "angle": -0.010799012251270019,
    "angle_last": -0.014530268703857208,
    "angle_target": -0.02487008044168752,
    "angle_final": -0.010799012251270019,
    "delta": 0.25,
    "agent": "only_traj",
    "steer_traj": -0.0064247000487715426,
    "throttle_traj": 0.75,
    "brake_traj": 0.0,
    "plan": [
        [
            -0.030993763357400894,
            0.7739821076393127
        ],
        [
            0.0011589787900447845,
            1.860532522201538
        ],
        [
            -0.055442314594984055,
            3.268087863922119
        ],
        [
            -0.12297463417053223,
            4.979547500610352
        ],
        [
            -0.05826539546251297,
            7.001893997192383
        ],
        [
            -0.10880467295646667,
            9.215806007385254
        ]
    ]
}