{
    "speed": 2.0481736341871972,
    "steer": 0.008608265779912472,
    "throttle": 0.75,
    "brake": 0.0,
    "wp_4": [
        -0.03529489040374756,
        8.824803352355957
    ],
    "wp_3": [
        0.014125943183898926,
        5.864044189453125
    ],
    "wp_2": [
        0.02736019529402256,
        3.2213048934936523
    ],
    "wp_1": [
        0.00014367327094078064,
        1.1888971328735352
    ],
    "aim": [
        0.02736019529402256,
        3.2213048934936523
    ],
    "target": [
        0.9944841514695214,
        5.071625553962419
    ],
    "desired_speed": 5.818320178985596,
    "angle": 0.0054069775924192355,
    "angle_last": -0.0035129458996543054,
    "angle_target": 0.1232693631675952,
    "angle_final": 0.0054069775924192355,
    "delta": 0.25,
    "agent": "only_traj",
    "steer_traj": 0.008608265992079337,
    "throttle_traj": 0.75,
    "brake_traj": 0.0,
    "plan": [
        [
            0.00014367327094078064,
            1.1888971328735352
        ],
        [
            0.02736019529402256,
            3.2213048934936523
        ],
        [
            0.014125943183898926,
            5.864044189453125
        ],
        [
            -0.03529489040374756,
            8.824803352355957
        ],
        [
            -0.006421338766813278,
            12.199864387512207
        ],
        [
            -0.025923028588294983,
            15.733892440795898
        ]
    ]
}