{
    "speed": 2.0296582921108857,
    "steer": 0.007152501493692398,
    "throttle": 0.75,
    "brake": 0.0,
    "wp_4": [
        -0.0869445651769638,
        6.178415298461914
    ],
    "wp_3": [
        -0.020825546234846115,
        4.104296684265137
    ],
    "wp_2": [
        0.03619925305247307,
        2.302804470062256
    ],
    "wp_1": [
        -0.0026689954102039337,
        0.9254166483879089
    ],
    "aim": [
        0.03619925305247307,
        2.302804470062256
    ],
    "target": [
        -0.24271936707516167,
        3.9963306116119623
    ],
    "desired_speed": 4.120858287811279,
    "angle": 0.010006578761487377,
    "angle_last": -0.014786097233769573,
    "angle_target": -0.03861801850093696,
    "angle_final": 0.010006578761487377,
    "delta": 0.25,
    "agent": "only_traj",
    "steer_traj": 0.007152501382607758,
    "throttle_traj": 0.75,
    "brake_traj": 0.0,
    "plan": [
        [
            -0.0026689954102039337,
            0.9254166483879089
        ],
        [
            0.03619925305247307,
            2.302804470062256
        ],
        [
            -0.020825546234846115,
            4.104296684265137
        ],
        [
            -0.0869445651769638,
            6.178415298461914
        ],
        [
            -0.0346343033015728,
            8.615599632263184
        ],
        [
            -0.09522314369678497,
            11.223793029785156
        ]
    ]
}