{
    "speed": 2.0888612090509837,
    "steer": 0.005818890407681465,
    "throttle": 0.75,
    "brake": 0.0,
    "wp_4": [
        -0.04610937833786011,
        7.822436332702637
    ],
    "wp_3": [
        -0.0032006502151489258,
        5.294717311859131
    ],
    "wp_2": [
        0.039399705827236176,
        2.9704535007476807
    ],
    "wp_1": [
        0.021804925054311752,
        1.189695119857788
    ],
    "aim": [
        0.039399705827236176,
        2.9704535007476807
    ],
    "target": [
        0.8498787320751782,
        3.994881121722872
    ],
    "desired_speed": 5.075806760787963,
    "angle": 0.00844352791542535,
    "angle_last": -0.01726879510607843,
    "angle_target": 0.13344623885435702,
    "angle_final": 0.00844352791542535,
    "delta": 0.25,
    "agent": "only_traj",
    "steer_traj": 0.0058188903637872375,
    "throttle_traj": 0.75,
    "brake_traj": 0.0,
    "plan": [
        [
            0.021804925054311752,
            1.189695119857788
        ],
        [
            0.039399705827236176,
            2.9704535007476807
        ],
        [
            -0.0032006502151489258,
            5.294717311859131
        ],
        [
            -0.04610937833786011,
            7.822436332702637
        ],
        [
            -0.09932339191436768,
            10.773557662963867
        ],
        [
            -0.18352067470550537,
            13.876749038696289
        ]
    ]
}