{
    "speed": 2.1845243633797398,
    "steer": -0.015810169279575348,
    "throttle": 0.75,
    "brake": 0.0,
    "wp_4": [
        -0.10729054361581802,
        4.347100257873535
    ],
    "wp_3": [
        -0.05639435350894928,
        2.925847053527832
    ],
    "wp_2": [
        0.009161168709397316,
        1.696638822555542
    ],
    "wp_1": [
        -0.008164111524820328,
        0.7825960516929626
    ],
    "aim": [
        -0.05639435350894928,
        2.925847053527832
    ],
    "target": [
        0.3971558072961672,
        5.310983341303936
    ],
    "desired_speed": 2.8589040756225588,
    "angle": -0.01226902074263832,
    "angle_last": -0.03802467751987629,
    "angle_target": 0.04751804037300917,
    "angle_final": -0.01226902074263832,
    "delta": 0.25,
    "agent": "only_traj",
    "steer_traj": -0.015810170073966748,
    "throttle_traj": 0.75,
    "brake_traj": 0.0,
    "plan": [
        [
            -0.008164111524820328,
            0.7825960516929626
        ],
        [
            0.009161168709397316,
            1.696638822555542
        ],
        [
            -0.05639435350894928,
            2.925847053527832
        ],
        [
            -0.10729054361581802,
            4.347100257873535
        ],
        [
            -0.13556869328022003,
            6.052317142486572
        ],
        [
            -0.24746310710906982,
            7.923457145690918
        ]
    ]
}