{
    "speed": 2.3105323146707506,
    "steer": 0.007116444408893585,
    "throttle": 0.75,
    "brake": 0.0,
    "wp_4": [
        0.002419687807559967,
        9.911626815795898
    ],
    "wp_3": [
        0.029825596138834953,
        6.75731897354126
    ],
    "wp_2": [
        0.04266344755887985,
        3.8436527252197266
    ],
    "wp_1": [
        0.012274648994207382,
        1.5074639320373535
    ],
    "aim": [
        0.04266344755887985,
        3.8436527252197266
    ],
    "target": [
        0.2062078544533481,
        35.33882157287111
    ],
    "desired_speed": 6.251964855194092,
    "angle": 0.007066030541815333,
    "angle_last": -6.0816511148305325e-05,
    "angle_target": 0.0037147392472281376,
    "angle_final": 0.0037147392472281376,
    "delta": 0.25,
    "agent": "only_traj",
    "steer_traj": 0.0071164444561772535,
    "throttle_traj": 0.75,
    "brake_traj": 0.0,
    "plan": [
        [
            0.012274648994207382,
            1.5074639320373535
        ],
        [
            0.04266344755887985,
            3.8436527252197266
        ],
        [
            0.029825596138834953,
            6.75731897354126
        ],
        [
            0.002419687807559967,
            9.911626815795898
        ],
        [
            -0.04023885354399681,
            13.453014373779297
        ],
        [
            -0.04059100151062012,
            17.13677406311035
        ]
    ]
}