{
    "speed": 2.461718736119099,
    "steer": 0.0036617082078009844,
    "throttle": 0.75,
    "brake": 0.0,
    "wp_4": [
        -0.002791456878185272,
        9.821968078613281
    ],
    "wp_3": [
        0.011634765192866325,
        6.75771951675415
    ],
    "wp_2": [
        0.035488031804561615,
        3.8802950382232666
    ],
    "wp_1": [
        0.012446817010641098,
        1.5903022289276123
    ],
    "aim": [
        0.012446817010641098,
        1.5903022289276123
    ],
    "target": [
        0.7462376276496593,
        35.72318401170134
    ],
    "desired_speed": 6.085319995880128,
    "angle": 0.004982519280998332,
    "angle_last": -0.00038327733096368507,
    "angle_target": 0.013296702351035125,
    "angle_final": 0.004982519280998332,
    "delta": 0.25,
    "agent": "only_traj",
    "steer_traj": 0.003661708285399061,
    "throttle_traj": 0.75,
    "brake_traj": 0.0,
    "plan": [
        [
            0.012446817010641098,
            1.5903022289276123
        ],
        [
            0.035488031804561615,
            3.8802950382232666
        ],
        [
            0.011634765192866325,
            6.75771951675415
        ],
        [
            -0.002791456878185272,
            9.821968078613281
        ],
        [
            -0.03617562726140022,
            13.252378463745117
        ],
        [
            -0.03831358999013901,
            16.803190231323242
        ]
    ]
}