{
    "speed": 2.6336534653613604,
    "steer": -0.0024771615862846375,
    "throttle": 0.75,
    "brake": 0.0,
    "wp_4": [
        -0.06874097883701324,
        7.7469000816345215
    ],
    "wp_3": [
        -0.02373543195426464,
        5.334784030914307
    ],
    "wp_2": [
        0.01449134387075901,
        3.08206844329834
    ],
    "wp_1": [
        0.016214843839406967,
        1.3022849559783936
    ],
    "aim": [
        0.01449134387075901,
        3.08206844329834
    ],
    "target": [
        -0.022779059386836414,
        35.415797879016104
    ],
    "desired_speed": 4.914451265335083,
    "angle": 0.002993264630727507,
    "angle_last": -0.012570080303054324,
    "angle_target": -0.000409466917882343,
    "angle_final": -0.000409466917882343,
    "delta": 0.25,
    "agent": "only_traj",
    "steer_traj": -0.0024771616348649357,
    "throttle_traj": 0.75,
    "brake_traj": 0.0,
    "plan": [
        [
            0.016214843839406967,
            1.3022849559783936
        ],
        [
            0.01449134387075901,
            3.08206844329834
        ],
        [
            -0.02373543195426464,
            5.334784030914307
        ],
        [
            -0.06874097883701324,
            7.7469000816345215
        ],
        [
            -0.07777316123247147,
            10.598838806152344
        ],
        [
            -0.13678354024887085,
            13.587071418762207
        ]
    ]
}