{
    "speed": 3.0259914641903727,
    "steer": 0.0007663117139600217,
    "throttle": 0.75,
    "brake": 0.0,
    "wp_4": [
        -0.11933635175228119,
        9.370803833007812
    ],
    "wp_3": [
        -0.018126249313354492,
        6.664421558380127
    ],
    "wp_2": [
        0.0024645570665597916,
        4.067703723907471
    ],
    "wp_1": [
        0.0009082518517971039,
        1.7768526077270508
    ],
    "aim": [
        0.0009082518517971039,
        1.7768526077270508
    ],
    "target": [
        0.8717533064265004,
        34.682619339293865
    ],
    "desired_speed": 5.480400276184082,
    "angle": 0.0003253927409205268,
    "angle_last": -0.039765920412284876,
    "angle_target": 0.01599817352008867,
    "angle_final": 0.0003253927409205268,
    "delta": 0.25,
    "agent": "only_traj",
    "steer_traj": 0.0007663116910345035,
    "throttle_traj": 0.75,
    "brake_traj": 0.0,
    "plan": [
        [
            0.0009082518517971039,
            1.7768526077270508
        ],
        [
            0.0024645570665597916,
            4.067703723907471
        ],
        [
            -0.018126249313354492,
            6.664421558380127
        ],
        [
            -0.11933635175228119,
            9.370803833007812
        ],
        [
            -0.320229709148407,
            12.384446144104004
        ],
        [
            -0.5127905607223511,
            15.463174819946289
        ]
    ]
}