{
    "speed": 3.239192070176983,
    "steer": 0.002169261686503887,
    "throttle": 0.0,
    "brake": 0.0,
    "wp_4": [
        -0.141878142952919,
        5.090301513671875
    ],
    "wp_3": [
        -0.03755748271942139,
        3.6715993881225586
    ],
    "wp_2": [
        -0.028093522414565086,
        2.356149196624756
    ],
    "wp_1": [
        -0.0003652907907962799,
        1.206296443939209
    ],
    "aim": [
        -0.03755748271942139,
        3.6715993881225586
    ],
    "target": [
        0.14821471898231636,
        36.01286929274519
    ],
    "desired_speed": 3.0060132503509522,
    "angle": -0.00651185429123457,
    "angle_last": -0.06383785966812393,
    "angle_target": 0.0026200602666744364,
    "angle_final": 0.0026200602666744364,
    "delta": 0.0,
    "agent": "only_traj",
    "steer_traj": 0.002169261678322481,
    "throttle_traj": 0.0,
    "brake_traj": 0.0,
    "plan": [
        [
            -0.0003652907907962799,
            1.206296443939209
        ],
        [
            -0.028093522414565086,
            2.356149196624756
        ],
        [
            -0.03755748271942139,
            3.6715993881225586
        ],
        [
            -0.141878142952919,
            5.090301513671875
        ],
        [
            -0.2370879203081131,
            6.817009925842285
        ],
        [
            -0.4270433783531189,
            8.704976081848145
        ]
    ]
}