{
    "speed": 3.430082690105917,
    "steer": -0.004109239671379328,
    "throttle": 0.75,
    "brake": 0.0,
    "wp_4": [
        -0.09559034556150436,
        7.362537384033203
    ],
    "wp_3": [
        0.0029812920838594437,
        5.287773609161377
    ],
    "wp_2": [
        -0.023771096020936966,
        3.3355135917663574
    ],
    "wp_1": [
        0.010582219809293747,
        1.6118474006652832
    ],
    "aim": [
        -0.023771096020936966,
        3.3355135917663574
    ],
    "target": [
        -0.14141447675599828,
        35.98834688284614
    ],
    "desired_speed": 4.240196561813354,
    "angle": -0.004536867147229995,
    "angle_last": -0.040709852555580635,
    "angle_target": -0.0025015538763484093,
    "angle_final": -0.0025015538763484093,
    "delta": 0.25,
    "agent": "only_traj",
    "steer_traj": -0.004109239641362722,
    "throttle_traj": 0.75,
    "brake_traj": 0.0,
    "plan": [
        [
            0.010582219809293747,
            1.6118474006652832
        ],
        [
            -0.023771096020936966,
            3.3355135917663574
        ],
        [
            0.0029812920838594437,
            5.287773609161377
        ],
        [
            -0.09559034556150436,
            7.362537384033203
        ],
        [
            -0.20626667141914368,
            9.733439445495605
        ],
        [
            -0.3643285632133484,
            12.201835632324219
        ]
    ]
}