{
    "speed": 3.5380953598134077,
    "steer": -0.002393848029896617,
    "throttle": 0.75,
    "brake": 0.0,
    "wp_4": [
        -0.03548455983400345,
        8.80062484741211
    ],
    "wp_3": [
        0.045525938272476196,
        6.224767684936523
    ],
    "wp_2": [
        -0.013059800490736961,
        3.81439471244812
    ],
    "wp_1": [
        -0.0008105672895908356,
        1.702521800994873
    ],
    "aim": [
        -0.013059800490736961,
        3.81439471244812
    ],
    "target": [
        -0.1953583791097505,
        35.68604721544547
    ],
    "desired_speed": 5.161268329620361,
    "angle": -0.002179617082677039,
    "angle_last": -0.025277343689899937,
    "angle_target": -0.0034850529597743275,
    "angle_final": -0.002179617082677039,
    "delta": 0.25,
    "agent": "only_traj",
    "steer_traj": -0.0023938480972893017,
    "throttle_traj": 0.75,
    "brake_traj": 0.0,
    "plan": [
        [
            -0.0008105672895908356,
            1.702521800994873
        ],
        [
            -0.013059800490736961,
            3.81439471244812
        ],
        [
            0.045525938272476196,
            6.224767684936523
        ],
        [
            -0.03548455983400345,
            8.80062484741211
        ],
        [
            -0.12315185368061066,
            11.659342765808105
        ],
        [
            -0.23997412621974945,
            14.600008010864258
        ]
    ]
}