{
    "speed": 3.804212266963443,
    "steer": -0.007071946281939745,
    "throttle": 0.0,
    "brake": 1.0,
    "wp_4": [
        -0.12416023015975952,
        6.58719539642334
    ],
    "wp_3": [
        -0.009660182520747185,
        4.960892677307129
    ],
    "wp_2": [
        -0.034799132496118546,
        3.332454204559326
    ],
    "wp_1": [
        0.006441053003072739,
        1.7277121543884277
    ],
    "aim": [
        -0.034799132496118546,
        3.332454204559326
    ],
    "target": [
        0.4793459023872985,
        35.92530962915818
    ],
    "desired_speed": 3.442595195770264,
    "angle": -0.006647623273736268,
    "angle_last": -0.08550162600459803,
    "angle_target": 0.008493816056501466,
    "angle_final": -0.006647623273736268,
    "delta": 0.0,
    "agent": "only_traj",
    "steer_traj": -0.007071946429993861,
    "throttle_traj": 0.0,
    "brake_traj": 1.0,
    "plan": [
        [
            0.006441053003072739,
            1.7277121543884277
        ],
        [
            -0.034799132496118546,
            3.332454204559326
        ],
        [
            -0.009660182520747185,
            4.960892677307129
        ],
        [
            -0.12416023015975952,
            6.58719539642334
        ],
        [
            -0.338584303855896,
            8.398645401000977
        ],
        [
            -0.5954300165176392,
            10.299530029296875
        ]
    ]
}