{
    "speed": 3.92948191011791,
    "steer": 7.24420578990248e-06,
    "throttle": 0.75,
    "brake": 0.0,
    "wp_4": [
        -0.1298503279685974,
        9.568046569824219
    ],
    "wp_3": [
        -0.005911380052566528,
        6.9987006187438965
    ],
    "wp_2": [
        0.0013283435255289078,
        4.483336448669434
    ],
    "wp_1": [
        -0.0024045147001743317,
        2.0877346992492676
    ],
    "aim": [
        -0.0024045147001743317,
        2.0877346992492676
    ],
    "target": [
        0.2840187597697708,
        34.48154609240621
    ],
    "desired_speed": 5.263601303100586,
    "angle": -0.0007332106894406717,
    "angle_last": -0.049204103480380824,
    "angle_target": 0.005243612591685323,
    "angle_final": -0.0007332106894406717,
    "delta": 0.25,
    "agent": "only_traj",
    "steer_traj": 7.244205801271424e-06,
    "throttle_traj": 0.75,
    "brake_traj": 0.0,
    "plan": [
        [
            -0.0024045147001743317,
            2.0877346992492676
        ],
        [
            0.0013283435255289078,
            4.483336448669434
        ],
        [
            -0.005911380052566528,
            6.9987006187438965
        ],
        [
            -0.1298503279685974,
            9.568046569824219
        ],
        [
            -0.374061644077301,
            12.375956535339355
        ],
        [
            -0.5946722030639648,
            15.224607467651367
        ]
    ]
}