{
    "speed": 4.088980832968302,
    "steer": -0.0010572480969130993,
    "throttle": 0.75,
    "brake": 0.0,
    "wp_4": [
        -0.04647495597600937,
        9.670607566833496
    ],
    "wp_3": [
        0.042347252368927,
        7.118062973022461
    ],
    "wp_2": [
        -0.013366734609007835,
        4.604052543640137
    ],
    "wp_1": [
        0.007306482642889023,
        2.2117960453033447
    ],
    "aim": [
        0.007306482642889023,
        2.2117960453033447
    ],
    "target": [
        1.0157595598526807,
        34.39228497609101
    ],
    "desired_speed": 5.190317249298096,
    "angle": 0.002102987417911734,
    "angle_last": -0.023326262207990403,
    "angle_target": 0.01879679399552734,
    "angle_final": 0.002102987417911734,
    "delta": 0.25,
    "agent": "only_traj",
    "steer_traj": -0.0010572480724429882,
    "throttle_traj": 0.75,
    "brake_traj": 0.0,
    "plan": [
        [
            0.007306482642889023,
            2.2117960453033447
        ],
        [
            -0.013366734609007835,
            4.604052543640137
        ],
        [
            0.042347252368927,
            7.118062973022461
        ],
        [
            -0.04647495597600937,
            9.670607566833496
        ],
        [
            -0.18338102102279663,
            12.39771842956543
        ],
        [
            -0.2853732109069824,
            15.180034637451172
        ]
    ]
}