{
    "speed": 4.229941401205222,
    "steer": -0.004186226520687342,
    "throttle": 0.75,
    "brake": 0.0,
    "wp_4": [
        -0.08690248429775238,
        9.184778213500977
    ],
    "wp_3": [
        -0.002112351357936859,
        6.809961318969727
    ],
    "wp_2": [
        -0.06532168388366699,
        4.460593223571777
    ],
    "wp_1": [
        -0.0071006156504154205,
        2.1796770095825195
    ],
    "aim": [
        -0.0071006156504154205,
        2.1796770095825195
    ],
    "target": [
        0.39653282398312306,
        34.09237099214182
    ],
    "desired_speed": 4.903817462921142,
    "angle": -0.002073825041532619,
    "angle_last": -0.02479414575161692,
    "angle_target": 0.007404273919913403,
    "angle_final": -0.002073825041532619,
    "delta": 0.25,
    "agent": "only_traj",
    "steer_traj": -0.004186226693485963,
    "throttle_traj": 0.75,
    "brake_traj": 0.0,
    "plan": [
        [
            -0.0071006156504154205,
            2.1796770095825195
        ],
        [
            -0.06532168388366699,
            4.460593223571777
        ],
        [
            -0.002112351357936859,
            6.809961318969727
        ],
        [
            -0.08690248429775238,
            9.184778213500977
        ],
        [
            -0.20957213640213013,
            11.793822288513184
        ],
        [
            -0.3123420476913452,
            14.431230545043945
        ]
    ]
}