{
    "speed": 4.5804830877677,
    "steer": 0.004578138701617718,
    "throttle": 0.0,
    "brake": 1.0,
    "wp_4": [
        -0.10020221769809723,
        7.6771626472473145
    ],
    "wp_3": [
        -0.012722201645374298,
        6.035924434661865
    ],
    "wp_2": [
        -0.07872156798839569,
        4.248899936676025
    ],
    "wp_1": [
        0.019029419869184494,
        2.2468833923339844
    ],
    "aim": [
        0.019029419869184494,
        2.2468833923339844
    ],
    "target": [
        -0.5604296722413891,
        33.806258255939426
    ],
    "desired_speed": 3.5818017959594726,
    "angle": 0.005391571721291318,
    "angle_last": -0.0531522563846113,
    "angle_target": -0.010552718659308622,
    "angle_final": 0.005391571721291318,
    "delta": 0.0,
    "agent": "only_traj",
    "steer_traj": 0.004578138545806582,
    "throttle_traj": 0.0,
    "brake_traj": 1.0,
    "plan": [
        [
            0.019029419869184494,
            2.2468833923339844
        ],
        [
            -0.07872156798839569,
            4.248899936676025
        ],
        [
            -0.012722201645374298,
            6.035924434661865
        ],
        [
            -0.10020221769809723,
            7.6771626472473145
        ],
        [
            -0.2208562195301056,
            9.448748588562012
        ],
        [
            -0.36617958545684814,
            11.185280799865723
        ]
    ]
}