{
    "speed": 4.715186504907345,
    "steer": -0.0013434475986286998,
    "throttle": 0.0,
    "brake": 1.0,
    "wp_4": [
        -0.20653042197227478,
        9.136996269226074
    ],
    "wp_3": [
        -0.06695715337991714,
        7.151792049407959
    ],
    "wp_2": [
        -0.06502802670001984,
        4.9824323654174805
    ],
    "wp_1": [
        0.007151138037443161,
        2.6034133434295654
    ],
    "aim": [
        0.007151138037443161,
        2.6034133434295654
    ],
    "target": [
        1.215514150842898,
        33.97600155555392
    ],
    "desired_speed": 4.2490315437316895,
    "angle": 0.0017486523819696283,
    "angle_last": -0.07866096387785793,
    "angle_target": 0.022765788284531994,
    "angle_final": 0.0017486523819696283,
    "delta": 0.0,
    "agent": "only_traj",
    "steer_traj": -0.0013434476343922974,
    "throttle_traj": 0.0,
    "brake_traj": 1.0,
    "plan": [
        [
            0.007151138037443161,
            2.6034133434295654
        ],
        [
            -0.06502802670001984,
            4.9824323654174805
        ],
        [
            -0.06695715337991714,
            7.151792049407959
        ],
        [
            -0.20653042197227478,
            9.136996269226074
        ],
        [
            -0.3814414143562317,
            11.20335578918457
        ],
        [
            -0.629073977470398,
            13.197288513183594
        ]
    ]
}