{
    "speed": 4.68401174533443,
    "steer": -0.0015756427310407162,
    "throttle": 0.75,
    "brake": 0.0,
    "wp_4": [
        -0.10434103012084961,
        9.226591110229492
    ],
    "wp_3": [
        -0.009964283555746078,
        6.9099225997924805
    ],
    "wp_2": [
        -0.059718433767557144,
        4.614500045776367
    ],
    "wp_1": [
        0.001060333102941513,
        2.2680234909057617
    ],
    "aim": [
        0.001060333102941513,
        2.2680234909057617
    ],
    "target": [
        0.2883161125337347,
        33.193349179617776
    ],
    "desired_speed": 4.815383052825927,
    "angle": 0.00029761663829580825,
    "angle_last": -0.032101689253622785,
    "angle_target": 0.005529514999277302,
    "angle_final": 0.00029761663829580825,
    "delta": 0.13137130749149772,
    "agent": "only_traj",
    "steer_traj": -0.0015756427611390354,
    "throttle_traj": 0.75,
    "brake_traj": 0.0,
    "plan": [
        [
            0.001060333102941513,
            2.2680234909057617
        ],
        [
            -0.059718433767557144,
            4.614500045776367
        ],
        [
            -0.009964283555746078,
            6.9099225997924805
        ],
        [
            -0.10434103012084961,
            9.226591110229492
        ],
        [
            -0.26191356778144836,
            11.773547172546387
        ],
        [
            -0.38917404413223267,
            14.295154571533203
        ]
    ]
}