{
    "speed": 4.581045765632081,
    "steer": -0.00035877767368219793,
    "throttle": 0.0,
    "brake": 0.0,
    "wp_4": [
        -0.10658853501081467,
        8.26711368560791
    ],
    "wp_3": [
        -0.007116042077541351,
        6.15144157409668
    ],
    "wp_2": [
        -0.07683408260345459,
        4.114289283752441
    ],
    "wp_1": [
        0.003545846790075302,
        2.0383832454681396
    ],
    "aim": [
        0.003545846790075302,
        2.0383832454681396
    ],
    "target": [
        -0.6445215400726934,
        32.310465842354624
    ],
    "desired_speed": 4.369506931304931,
    "angle": 0.0011074494008869867,
    "angle_last": -0.03874807044397142,
    "angle_target": -0.012697456849906969,
    "angle_final": 0.0011074494008869867,
    "delta": 0.0,
    "agent": "only_traj",
    "steer_traj": -0.00035877768156564074,
    "throttle_traj": 0.0,
    "brake_traj": 0.0,
    "plan": [
        [
            0.003545846790075302,
            2.0383832454681396
        ],
        [
            -0.07683408260345459,
            4.114289283752441
        ],
        [
            -0.007116042077541351,
            6.15144157409668
        ],
        [
            -0.10658853501081467,
            8.26711368560791
        ],
        [
            -0.2595541179180145,
            10.61227798461914
        ],
        [
            -0.4018791913986206,
            12.947749137878418
        ]
    ]
}