{
    "speed": 4.494932856609459,
    "steer": -0.0025488578248769045,
    "throttle": 0.0797109603881836,
    "brake": 0.0,
    "wp_4": [
        -0.1522592306137085,
        8.461281776428223
    ],
    "wp_3": [
        -0.022151492536067963,
        6.3827385902404785
    ],
    "wp_2": [
        -0.07075062394142151,
        4.292428016662598
    ],
    "wp_1": [
        -0.0023043192923069,
        2.163510799407959
    ],
    "aim": [
        -0.0023043192923069,
        2.163510799407959
    ],
    "target": [
        0.8574083117731199,
        32.57975255174764
    ],
    "desired_speed": 4.331216526031494,
    "angle": -0.0006780379391451242,
    "angle_last": -0.05309222661090598,
    "angle_target": 0.0167501923025098,
    "angle_final": -0.0006780379391451242,
    "delta": 0.0,
    "agent": "only_traj",
    "steer_traj": -0.0025488579175451495,
    "throttle_traj": 0.07971095870200098,
    "brake_traj": 0.0,
    "plan": [
        [
            -0.0023043192923069,
            2.163510799407959
        ],
        [
            -0.07075062394142151,
            4.292428016662598
        ],
        [
            -0.022151492536067963,
            6.3827385902404785
        ],
        [
            -0.1522592306137085,
            8.461281776428223
        ],
        [
            -0.31284016370773315,
            10.748224258422852
        ],
        [
            -0.49876388907432556,
            12.972431182861328
        ]
    ]
}