{
    "speed": 4.367699299645447,
    "steer": -0.00455348938703537,
    "throttle": 0.75,
    "brake": 0.0,
    "wp_4": [
        -0.2344224452972412,
        9.524423599243164
    ],
    "wp_3": [
        -0.05942411720752716,
        7.07061767578125
    ],
    "wp_2": [
        -0.04697864130139351,
        4.643641471862793
    ],
    "wp_1": [
        -0.008600015193223953,
        2.2296953201293945
    ],
    "aim": [
        -0.008600015193223953,
        2.2296953201293945
    ],
    "target": [
        1.5174374131408175,
        31.60060934699962
    ],
    "desired_speed": 5.074890518188476,
    "angle": -0.002455404943163998,
    "angle_last": -0.06630424097741552,
    "angle_target": 0.030546536901050882,
    "angle_final": -0.002455404943163998,
    "delta": 0.25,
    "agent": "only_traj",
    "steer_traj": -0.004553489601801468,
    "throttle_traj": 0.75,
    "brake_traj": 0.0,
    "plan": [
        [
            -0.008600015193223953,
            2.2296953201293945
        ],
        [
            -0.04697864130139351,
            4.643641471862793
        ],
        [
            -0.05942411720752716,
            7.07061767578125
        ],
        [
            -0.2344224452972412,
            9.524423599243164
        ],
        [
            -0.5008488893508911,
            12.23482894897461
        ],
        [
            -0.7776442766189575,
            14.882862091064453
        ]
    ]
}