{
    "speed": 4.243306138370132,
    "steer": -0.011580685153603554,
    "throttle": 0.0,
    "brake": 1.0,
    "wp_4": [
        -0.13800111413002014,
        4.789413928985596
    ],
    "wp_3": [
        -0.0578388050198555,
        3.896975517272949
    ],
    "wp_2": [
        -0.04924541339278221,
        2.866748809814453
    ],
    "wp_1": [
        -0.003971260040998459,
        1.5243916511535645
    ],
    "aim": [
        -0.0578388050198555,
        3.896975517272949
    ],
    "target": [
        0.6000750306990097,
        32.42353109302724
    ],
    "desired_speed": 2.159155583381653,
    "angle": -0.009448000833441496,
    "angle_last": -0.09306249363382059,
    "angle_target": 0.011780827338043918,
    "angle_final": -0.009448000833441496,
    "delta": 0.0,
    "agent": "only_traj",
    "steer_traj": -0.011580685617730697,
    "throttle_traj": 0.0,
    "brake_traj": 1.0,
    "plan": [
        [
            -0.003971260040998459,
            1.5243916511535645
        ],
        [
            -0.04924541339278221,
            2.866748809814453
        ],
        [
            -0.0578388050198555,
            3.896975517272949
        ],
        [
            -0.13800111413002014,
            4.789413928985596
        ],
        [
            -0.23840686678886414,
            5.8194732666015625
        ],
        [
            -0.39769333600997925,
            6.90134334564209
        ]
    ]
}