{
    "speed": 4.113649355756891,
    "steer": -0.00714199710637331,
    "throttle": 0.21525198221206665,
    "brake": 0.0,
    "wp_4": [
        -0.03109641745686531,
        7.461764335632324
    ],
    "wp_3": [
        0.04261309280991554,
        5.449797630310059
    ],
    "wp_2": [
        -0.038642335683107376,
        3.5794906616210938
    ],
    "wp_1": [
        0.022954683750867844,
        1.7445788383483887
    ],
    "aim": [
        -0.038642335683107376,
        3.5794906616210938
    ],
    "target": [
        0.45682224443351965,
        32.02999902586835
    ],
    "desired_speed": 4.136192560195923,
    "angle": -0.006872336497429688,
    "angle_last": -0.022342335512554677,
    "angle_target": 0.00907906229877596,
    "angle_final": -0.006872336497429688,
    "delta": 0.022543204439031683,
    "agent": "only_traj",
    "steer_traj": -0.007141996899797482,
    "throttle_traj": 0.21525197539167898,
    "brake_traj": 0.0,
    "plan": [
        [
            0.022954683750867844,
            1.7445788383483887
        ],
        [
            -0.038642335683107376,
            3.5794906616210938
        ],
        [
            0.04261309280991554,
            5.449797630310059
        ],
        [
            -0.03109641745686531,
            7.461764335632324
        ],
        [
            -0.1393217146396637,
            9.74347972869873
        ],
        [
            -0.22124788165092468,
            12.076910018920898
        ]
    ]
}