{
    "speed": 3.983508340802792,
    "steer": 0.0007838239544071257,
    "throttle": 0.0,
    "brake": 1.0,
    "wp_4": [
        -0.07152406871318817,
        6.434589862823486
    ],
    "wp_3": [
        0.012022051960229874,
        4.707156181335449
    ],
    "wp_2": [
        -0.04726824536919594,
        3.1103293895721436
    ],
    "wp_1": [
        0.021155979484319687,
        1.5682926177978516
    ],
    "aim": [
        -0.04726824536919594,
        3.1103293895721436
    ],
    "target": [
        0.07039427263179895,
        32.08979627091841
    ],
    "desired_speed": 3.6044952392578127,
    "angle": -0.00967408009496892,
    "angle_last": -0.026622056155493894,
    "angle_target": 0.0013965284651831537,
    "angle_final": 0.0013965284651831537,
    "delta": 0.0,
    "agent": "only_traj",
    "steer_traj": 0.0007838239414866336,
    "throttle_traj": 0.0,
    "brake_traj": 1.0,
    "plan": [
        [
            0.021155979484319687,
            1.5682926177978516
        ],
        [
            -0.04726824536919594,
            3.1103293895721436
        ],
        [
            0.012022051960229874,
            4.707156181335449
        ],
        [
            -0.07152406871318817,
            6.434589862823486
        ],
        [
            -0.14832374453544617,
            8.464639663696289
        ],
        [
            -0.2364836037158966,
            10.571598052978516
        ]
    ]
}