{
    "speed": 3.8401591857028534,
    "steer": 0.00345791457220912,
    "throttle": 0.75,
    "brake": 0.0,
    "wp_4": [
        0.022750526666641235,
        9.1787109375
    ],
    "wp_3": [
        0.06155139207839966,
        6.709131240844727
    ],
    "wp_2": [
        0.00442015565931797,
        4.314765930175781
    ],
    "wp_1": [
        0.0185600183904171,
        2.036771297454834
    ],
    "aim": [
        0.0185600183904171,
        2.036771297454834
    ],
    "target": [
        0.7564309448773153,
        30.873904089871022
    ],
    "desired_speed": 5.116049098968506,
    "angle": 0.005801003616538193,
    "angle_last": -0.014097841838404622,
    "angle_target": 0.01559448303488394,
    "angle_final": 0.005801003616538193,
    "delta": 0.25,
    "agent": "only_traj",
    "steer_traj": 0.003457914500340103,
    "throttle_traj": 0.75,
    "brake_traj": 0.0,
    "plan": [
        [
            0.0185600183904171,
            2.036771297454834
        ],
        [
            0.00442015565931797,
            4.314765930175781
        ],
        [
            0.06155139207839966,
            6.709131240844727
        ],
        [
            0.022750526666641235,
            9.1787109375
        ],
        [
            -0.06772693991661072,
            11.982325553894043
        ],
        [
            -0.13065940141677856,
            14.823707580566406
        ]
    ]
}