{
    "speed": 3.7008947193991206,
    "steer": 0.005591271445155144,
    "throttle": 0.0,
    "brake": 1.0,
    "wp_4": [
        -0.1335235834121704,
        5.720860481262207
    ],
    "wp_3": [
        -0.02910832315683365,
        4.219639778137207
    ],
    "wp_2": [
        -0.06514321267604828,
        2.800201177597046
    ],
    "wp_1": [
        0.021583151072263718,
        1.418215274810791
    ],
    "aim": [
        -0.06514321267604828,
        2.800201177597046
    ],
    "target": [
        0.4385452435858902,
        31.153823325604364
    ],
    "desired_speed": 3.2229456901550293,
    "angle": -0.014807498493168945,
    "angle_last": -0.03657151682846069,
    "angle_target": 0.00896095903334564,
    "angle_final": 0.00896095903334564,
    "delta": 0.0,
    "agent": "only_traj",
    "steer_traj": 0.0055912713405168075,
    "throttle_traj": 0.0,
    "brake_traj": 1.0,
    "plan": [
        [
            0.021583151072263718,
            1.418215274810791
        ],
        [
            -0.06514321267604828,
            2.800201177597046
        ],
        [
            -0.02910832315683365,
            4.219639778137207
        ],
        [
            -0.1335235834121704,
            5.720860481262207
        ],
        [
            -0.20456621050834656,
            7.541481971740723
        ],
        [
            -0.31514209508895874,
            9.464214324951172
        ]
    ]
}