{
    "speed": 3.5613316913139865,
    "steer": -0.014873456209897995,
    "throttle": 0.75,
    "brake": 0.0,
    "wp_4": [
        -0.06072782352566719,
        7.71815299987793
    ],
    "wp_3": [
        -0.001584421843290329,
        5.616537094116211
    ],
    "wp_2": [
        -0.05637161806225777,
        3.654630422592163
    ],
    "wp_1": [
        0.014306735247373581,
        1.7381513118743896
    ],
    "aim": [
        -0.05637161806225777,
        3.654630422592163
    ],
    "target": [
        -0.4868496345940704,
        29.985057780689875
    ],
    "desired_speed": 4.3785653591156,
    "angle": -0.00981888010537319,
    "angle_last": -0.027694775310139783,
    "angle_target": -0.0103355102642824,
    "angle_final": -0.00981888010537319,
    "delta": 0.25,
    "agent": "only_traj",
    "steer_traj": -0.01487345655205426,
    "throttle_traj": 0.75,
    "brake_traj": 0.0,
    "plan": [
        [
            0.014306735247373581,
            1.7381513118743896
        ],
        [
            -0.05637161806225777,
            3.654630422592163
        ],
        [
            -0.001584421843290329,
            5.616537094116211
        ],
        [
            -0.06072782352566719,
            7.71815299987793
        ],
        [
            -0.16994260251522064,
            10.173079490661621
        ],
        [
            -0.27893322706222534,
            12.676865577697754
        ]
    ]
}