{
    "speed": 3.4282906282922556,
    "steer": 0.011171972379088402,
    "throttle": 0.75,
    "brake": 0.0,
    "wp_4": [
        -0.0886089950799942,
        6.657220840454102
    ],
    "wp_3": [
        -0.004891451448202133,
        4.8911871910095215
    ],
    "wp_2": [
        -0.0599057711660862,
        3.134521722793579
    ],
    "wp_1": [
        0.016146879643201828,
        1.505711555480957
    ],
    "aim": [
        -0.0599057711660862,
        3.134521722793579
    ],
    "target": [
        0.46284089368980397,
        31.386130416085578
    ],
    "desired_speed": 3.746843385696411,
    "angle": -0.01216535364923568,
    "angle_last": -0.031072379745701866,
    "angle_target": 0.009387340980970896,
    "angle_final": 0.009387340980970896,
    "delta": 0.25,
    "agent": "only_traj",
    "steer_traj": 0.011171972756624446,
    "throttle_traj": 0.75,
    "brake_traj": 0.0,
    "plan": [
        [
            0.016146879643201828,
            1.505711555480957
        ],
        [
            -0.0599057711660862,
            3.134521722793579
        ],
        [
            -0.004891451448202133,
            4.8911871910095215
        ],
        [
            -0.0886089950799942,
            6.657220840454102
        ],
        [
            -0.15477249026298523,
            8.736722946166992
        ],
        [
            -0.258713960647583,
            10.864611625671387
        ]
    ]
}