{
    "speed": 3.344163456746928,
    "steer": -0.0017162907170131803,
    "throttle": 0.75,
    "brake": 0.0,
    "wp_4": [
        -0.0433572493493557,
        7.522302627563477
    ],
    "wp_3": [
        0.014090541750192642,
        5.407497406005859
    ],
    "wp_2": [
        -0.031225327402353287,
        3.431699752807617
    ],
    "wp_1": [
        0.024647679179906845,
        1.5808207988739014
    ],
    "aim": [
        -0.031225327402353287,
        3.431699752807617
    ],
    "target": [
        0.11005309377313713,
        30.63759250770358
    ],
    "desired_speed": 4.401877403259277,
    "angle": -0.005792483589650671,
    "angle_last": -0.027369734196637952,
    "angle_target": 0.0022867878457227975,
    "angle_final": 0.0022867878457227975,
    "delta": 0.25,
    "agent": "only_traj",
    "steer_traj": -0.0017162906899256107,
    "throttle_traj": 0.75,
    "brake_traj": 0.0,
    "plan": [
        [
            0.024647679179906845,
            1.5808207988739014
        ],
        [
            -0.031225327402353287,
            3.431699752807617
        ],
        [
            0.014090541750192642,
            5.407497406005859
        ],
        [
            -0.0433572493493557,
            7.522302627563477
        ],
        [
            -0.14798478782176971,
            10.020692825317383
        ],
        [
            -0.25803232192993164,
            12.578815460205078
        ]
    ]
}