{
    "speed": 3.331522289196027,
    "steer": -0.010236578993499279,
    "throttle": 0.75,
    "brake": 0.0,
    "wp_4": [
        -0.04622005298733711,
        8.033239364624023
    ],
    "wp_3": [
        0.011676285415887833,
        5.837761878967285
    ],
    "wp_2": [
        -0.05310945585370064,
        3.71018648147583
    ],
    "wp_1": [
        0.02324826642870903,
        1.7343175411224365
    ],
    "aim": [
        -0.05310945585370064,
        3.71018648147583
    ],
    "target": [
        0.7311542210942653,
        30.160140070202342
    ],
    "desired_speed": 4.600235080718994,
    "angle": -0.009112259090239981,
    "angle_last": -0.02211322061139614,
    "angle_target": 0.01543016977875303,
    "angle_final": -0.009112259090239981,
    "delta": 0.25,
    "agent": "only_traj",
    "steer_traj": -0.01023657878013837,
    "throttle_traj": 0.75,
    "brake_traj": 0.0,
    "plan": [
        [
            0.02324826642870903,
            1.7343175411224365
        ],
        [
            -0.05310945585370064,
            3.71018648147583
        ],
        [
            0.011676285415887833,
            5.837761878967285
        ],
        [
            -0.04622005298733711,
            8.033239364624023
        ],
        [
            -0.14589132368564606,
            10.624441146850586
        ],
        [
            -0.23637010157108307,
            13.228193283081055
        ]
    ]
}