{
    "speed": 3.3925360938715765,
    "steer": -0.005963076371699572,
    "throttle": 0.75,
    "brake": 0.0,
    "wp_4": [
        -0.2139756828546524,
        7.799443244934082
    ],
    "wp_3": [
        -0.10622528940439224,
        5.681852340698242
    ],
    "wp_2": [
        -0.10378409922122955,
        3.6361122131347656
    ],
    "wp_1": [
        -0.007927227765321732,
        1.7465863227844238
    ],
    "aim": [
        -0.10378409922122955,
        3.6361122131347656
    ],
    "target": [
        -0.37369469669817834,
        29.11365398104608
    ],
    "desired_speed": 4.446796512603759,
    "angle": -0.01816582661707344,
    "angle_last": -0.06605880951323974,
    "angle_target": -0.008171024117683149,
    "angle_final": -0.008171024117683149,
    "delta": 0.25,
    "agent": "only_traj",
    "steer_traj": -0.005963076407772974,
    "throttle_traj": 0.75,
    "brake_traj": 0.0,
    "plan": [
        [
            -0.007927227765321732,
            1.7465863227844238
        ],
        [
            -0.10378409922122955,
            3.6361122131347656
        ],
        [
            -0.10622528940439224,
            5.681852340698242
        ],
        [
            -0.2139756828546524,
            7.799443244934082
        ],
        [
            -0.42978227138519287,
            10.323681831359863
        ],
        [
            -0.691372275352478,
            12.835614204406738
        ]
    ]
}