{
    "speed": 3.5106383799769167,
    "steer": -0.005632261745631695,
    "throttle": 0.75,
    "brake": 0.0,
    "wp_4": [
        -0.10132282972335815,
        7.645998954772949
    ],
    "wp_3": [
        0.0029223300516605377,
        5.769975185394287
    ],
    "wp_2": [
        -0.044371578842401505,
        3.7800912857055664
    ],
    "wp_1": [
        0.038834672421216965,
        1.8972811698913574
    ],
    "aim": [
        -0.044371578842401505,
        3.7800912857055664
    ],
    "target": [
        0.6856766212560601,
        30.8490775435113
    ],
    "desired_speed": 4.02663459777832,
    "angle": -0.007472406561510698,
    "angle_last": -0.0407199460573541,
    "angle_target": 0.014147697971769926,
    "angle_final": -0.007472406561510698,
    "delta": 0.25,
    "agent": "only_traj",
    "steer_traj": -0.0056322617955187615,
    "throttle_traj": 0.75,
    "brake_traj": 0.0,
    "plan": [
        [
            0.038834672421216965,
            1.8972811698913574
        ],
        [
            -0.044371578842401505,
            3.7800912857055664
        ],
        [
            0.0029223300516605377,
            5.769975185394287
        ],
        [
            -0.10132282972335815,
            7.645998954772949
        ],
        [
            -0.2091991901397705,
            9.822847366333008
        ],
        [
            -0.34554240107536316,
            11.95154094696045
        ]
    ]
}