{
    "speed": 3.6716355226780344,
    "steer": -0.005295460112392902,
    "throttle": 0.75,
    "brake": 0.0,
    "wp_4": [
        -0.06198640540242195,
        8.29570198059082
    ],
    "wp_3": [
        0.004206303507089615,
        6.011775970458984
    ],
    "wp_2": [
        -0.03893512859940529,
        3.757936954498291
    ],
    "wp_1": [
        0.026991959661245346,
        1.7522447109222412
    ],
    "aim": [
        -0.03893512859940529,
        3.757936954498291
    ],
    "target": [
        0.35020202510023124,
        30.39877668956647
    ],
    "desired_speed": 4.754871654510498,
    "angle": -0.006595637945053394,
    "angle_last": -0.025453790243458597,
    "angle_target": 0.007333705356294255,
    "angle_final": -0.006595637945053394,
    "delta": 0.25,
    "agent": "only_traj",
    "steer_traj": -0.005295459920888975,
    "throttle_traj": 0.75,
    "brake_traj": 0.0,
    "plan": [
        [
            0.026991959661245346,
            1.7522447109222412
        ],
        [
            -0.03893512859940529,
            3.757936954498291
        ],
        [
            0.004206303507089615,
            6.011775970458984
        ],
        [
            -0.06198640540242195,
            8.29570198059082
        ],
        [
            -0.17563758790493011,
            10.96426773071289
        ],
        [
            -0.28237444162368774,
            13.632415771484375
        ]
    ]
}