{
    "speed": 3.8614071931271177,
    "steer": 0.01801028847694397,
    "throttle": 0.75,
    "brake": 0.0,
    "wp_4": [
        0.21888136863708496,
        10.860233306884766
    ],
    "wp_3": [
        0.14222121238708496,
        7.952403545379639
    ],
    "wp_2": [
        0.09886837005615234,
        4.934659957885742
    ],
    "wp_1": [
        0.05504196509718895,
        2.2941455841064453
    ],
    "aim": [
        0.05504196509718895,
        2.2941455841064453
    ],
    "target": [
        1.5803072687071802,
        28.462777364772816
    ],
    "desired_speed": 6.062262725830078,
    "angle": 0.015271060900760873,
    "angle_last": 0.028019077749654227,
    "angle_target": 0.035310081190354906,
    "angle_final": 0.015271060900760873,
    "delta": 0.25,
    "agent": "only_traj",
    "steer_traj": 0.018010288160924433,
    "throttle_traj": 0.75,
    "brake_traj": 0.0,
    "plan": [
        [
            0.05504196509718895,
            2.2941455841064453
        ],
        [
            0.09886837005615234,
            4.934659957885742
        ],
        [
            0.14222121238708496,
            7.952403545379639
        ],
        [
            0.21888136863708496,
            10.860233306884766
        ],
        [
            0.3040306866168976,
            14.141331672668457
        ],
        [
            0.4494740962982178,
            17.443811416625977
        ]
    ]
}