{
    "speed": 4.060636004269995,
    "steer": -0.0086692338809371,
    "throttle": 0.75,
    "brake": 0.0,
    "wp_4": [
        -0.06678111851215363,
        7.881277084350586
    ],
    "wp_3": [
        -0.015306992456316948,
        5.897351264953613
    ],
    "wp_2": [
        -0.03425948694348335,
        3.874932050704956
    ],
    "wp_1": [
        0.02898479625582695,
        1.9661500453948975
    ],
    "aim": [
        -0.03425948694348335,
        3.874932050704956
    ],
    "target": [
        -0.18720260240733552,
        29.707791789114495
    ],
    "desired_speed": 4.245804309844971,
    "angle": -0.00562840726758881,
    "angle_last": -0.02345694649410998,
    "angle_target": -0.004011583949806711,
    "angle_final": -0.004011583949806711,
    "delta": 0.185168305574976,
    "agent": "only_traj",
    "steer_traj": -0.008669234305263375,
    "throttle_traj": 0.75,
    "brake_traj": 0.0,
    "plan": [
        [
            0.02898479625582695,
            1.9661500453948975
        ],
        [
            -0.03425948694348335,
            3.874932050704956
        ],
        [
            -0.015306992456316948,
            5.897351264953613
        ],
        [
            -0.06678111851215363,
            7.881277084350586
        ],
        [
            -0.1429615020751953,
            10.221692085266113
        ],
        [
            -0.22974850237369537,
            12.576018333435059
        ]
    ]
}