{
    "speed": 4.658254194379193,
    "steer": -0.002604012843221426,
    "throttle": 0.75,
    "brake": 0.0,
    "wp_4": [
        -0.14979898929595947,
        10.822765350341797
    ],
    "wp_3": [
        -0.0948019027709961,
        8.074396133422852
    ],
    "wp_2": [
        -0.03889012709259987,
        5.174932479858398
    ],
    "wp_1": [
        0.0012125037610530853,
        2.49503755569458
    ],
    "aim": [
        0.0012125037610530853,
        2.49503755569458
    ],
    "target": [
        -0.1625084325972238,
        28.223669532696654
    ],
    "desired_speed": 5.746699142456055,
    "angle": 0.0003093797418663858,
    "angle_last": -0.0063102119287376385,
    "angle_target": -0.0036655381743431904,
    "angle_final": 0.0003093797418663858,
    "delta": 0.25,
    "agent": "only_traj",
    "steer_traj": -0.0026040127725126885,
    "throttle_traj": 0.75,
    "brake_traj": 0.0,
    "plan": [
        [
            0.0012125037610530853,
            2.49503755569458
        ],
        [
            -0.03889012709259987,
            5.174932479858398
        ],
        [
            -0.0948019027709961,
            8.074396133422852
        ],
        [
            -0.14979898929595947,
            10.822765350341797
        ],
        [
            -0.18578755855560303,
            13.871536254882812
        ],
        [
            -0.21541079878807068,
            16.860036849975586
        ]
    ]
}