{
    "speed": 4.8572854809261194,
    "steer": 0.006781324744224548,
    "throttle": 0.75,
    "brake": 0.0,
    "wp_4": [
        0.011864492669701576,
        12.54012393951416
    ],
    "wp_3": [
        0.024683624505996704,
        9.333016395568848
    ],
    "wp_2": [
        0.02808707393705845,
        5.935484886169434
    ],
    "wp_1": [
        0.029178854078054428,
        2.8357691764831543
    ],
    "aim": [
        0.029178854078054428,
        2.8357691764831543
    ],
    "target": [
        0.628897168231438,
        28.45107505195141
    ],
    "desired_speed": 6.5735170364379885,
    "angle": 0.00655035125947937,
    "angle_last": 0.019059766833366944,
    "angle_target": 0.01406987899507535,
    "angle_final": 0.00655035125947937,
    "delta": 0.25,
    "agent": "only_traj",
    "steer_traj": 0.006781324552792444,
    "throttle_traj": 0.75,
    "brake_traj": 0.0,
    "plan": [
        [
            0.029178854078054428,
            2.8357691764831543
        ],
        [
            0.02808707393705845,
            5.935484886169434
        ],
        [
            0.024683624505996704,
            9.333016395568848
        ],
        [
            0.011864492669701576,
            12.54012393951416
        ],
        [
            0.0518621951341629,
            16.01728630065918
        ],
        [
            0.14920969307422638,
            19.267847061157227
        ]
    ]
}