{
    "speed": 5.056633903338231,
    "steer": -0.005231677554547787,
    "throttle": 0.0,
    "brake": 0.0,
    "wp_4": [
        -0.26406094431877136,
        10.293076515197754
    ],
    "wp_3": [
        -0.13693688809871674,
        7.8519158363342285
    ],
    "wp_2": [
        -0.05922694876790047,
        5.22096586227417
    ],
    "wp_1": [
        -0.013416815549135208,
        2.61348032951355
    ],
    "aim": [
        -0.013416815549135208,
        2.61348032951355
    ],
    "target": [
        -0.2140191326562339,
        28.457022270135145
    ],
    "desired_speed": 5.131384372711182,
    "angle": -0.0032681974543955156,
    "angle_last": -0.03916463609235142,
    "angle_target": -0.004787789863028459,
    "angle_final": -0.0032681974543955156,
    "delta": 0.07475046937295104,
    "agent": "only_traj",
    "steer_traj": -0.005231677615405529,
    "throttle_traj": 0.0,
    "brake_traj": 0.0,
    "plan": [
        [
            -0.013416815549135208,
            2.61348032951355
        ],
        [
            -0.05922694876790047,
            5.22096586227417
        ],
        [
            -0.13693688809871674,
            7.8519158363342285
        ],
        [
            -0.26406094431877136,
            10.293076515197754
        ],
        [
            -0.38571059703826904,
            12.92127799987793
        ],
        [
            -0.5402114987373352,
            15.429515838623047
        ]
    ]
}