{
    "speed": 5.142770453035436,
    "steer": 0.007253687828779221,
    "throttle": 0.0,
    "brake": 0.0,
    "wp_4": [
        0.02438790537416935,
        12.328901290893555
    ],
    "wp_3": [
        0.01885247230529785,
        9.079239845275879
    ],
    "wp_2": [
        0.029925579205155373,
        5.689496994018555
    ],
    "wp_1": [
        0.033468540757894516,
        2.652176856994629
    ],
    "aim": [
        0.033468540757894516,
        2.652176856994629
    ],
    "target": [
        1.1775247395812074,
        28.29947204393232
    ],
    "desired_speed": 6.668327522277832,
    "angle": 0.008033261219279917,
    "angle_last": 0.014162445307477024,
    "angle_target": 0.026474110670976513,
    "angle_final": 0.008033261219279917,
    "delta": 0.25,
    "agent": "only_traj",
    "steer_traj": 0.007253688023551303,
    "throttle_traj": 0.0,
    "brake_traj": 0.0,
    "plan": [
        [
            0.033468540757894516,
            2.652176856994629
        ],
        [
            0.029925579205155373,
            5.689496994018555
        ],
        [
            0.01885247230529785,
            9.079239845275879
        ],
        [
            0.02438790537416935,
            12.328901290893555
        ],
        [
            0.036634281277656555,
            15.909605979919434
        ],
        [
            0.11256252229213715,
            19.322105407714844
        ]
    ]
}