{
    "speed": 4.925934679280651,
    "steer": 0.0019467944512143731,
    "throttle": 0.75,
    "brake": 0.0,
    "wp_4": [
        0.021429704502224922,
        12.137725830078125
    ],
    "wp_3": [
        0.01145121455192566,
        8.926920890808105
    ],
    "wp_2": [
        0.02732410468161106,
        5.573199272155762
    ],
    "wp_1": [
        0.040465857833623886,
        2.603909969329834
    ],
    "aim": [
        0.040465857833623886,
        2.603909969329834
    ],
    "target": [
        0.10981335868037076,
        27.87448957770891
    ],
    "desired_speed": 6.6150566101074215,
    "angle": 0.009892514602348166,
    "angle_last": 0.009245619796957179,
    "angle_target": 0.0025079918879269626,
    "angle_final": 0.0025079918879269626,
    "delta": 0.25,
    "agent": "only_traj",
    "steer_traj": 0.0019467944670296942,
    "throttle_traj": 0.75,
    "brake_traj": 0.0,
    "plan": [
        [
            0.040465857833623886,
            2.603909969329834
        ],
        [
            0.02732410468161106,
            5.573199272155762
        ],
        [
            0.01145121455192566,
            8.926920890808105
        ],
        [
            0.021429704502224922,
            12.137725830078125
        ],
        [
            0.03341390937566757,
            15.706347465515137
        ],
        [
            0.08330012857913971,
            19.14108657836914
        ]
    ]
}