{
    "speed": 4.802409039478925,
    "steer": -0.008781819604337215,
    "throttle": 0.75,
    "brake": 0.0,
    "wp_4": [
        0.058002106845378876,
        12.661330223083496
    ],
    "wp_3": [
        0.021822510287165642,
        9.291572570800781
    ],
    "wp_2": [
        0.03857734054327011,
        5.8115081787109375
    ],
    "wp_1": [
        0.043918218463659286,
        2.723867654800415
    ],
    "aim": [
        0.043918218463659286,
        2.723867654800415
    ],
    "target": [
        -0.3332477541269747,
        26.812366524045586
    ],
    "desired_speed": 6.95140724182129,
    "angle": 0.01026362154725219,
    "angle_last": 0.009243950195160066,
    "angle_target": -0.007912064978702456,
    "angle_final": -0.007912064978702456,
    "delta": 0.25,
    "agent": "only_traj",
    "steer_traj": -0.008781819553901166,
    "throttle_traj": 0.75,
    "brake_traj": 0.0,
    "plan": [
        [
            0.043918218463659286,
            2.723867654800415
        ],
        [
            0.03857734054327011,
            5.8115081787109375
        ],
        [
            0.021822510287165642,
            9.291572570800781
        ],
        [
            0.058002106845378876,
            12.661330223083496
        ],
        [
            0.0774306058883667,
            16.413442611694336
        ],
        [
            0.13098937273025513,
            20.101707458496094
        ]
    ]
}