{
    "speed": 4.717065610121947,
    "steer": 0.010645914822816849,
    "throttle": 0.75,
    "brake": 0.0,
    "wp_4": [
        0.04251310974359512,
        14.422893524169922
    ],
    "wp_3": [
        0.006026074290275574,
        10.543403625488281
    ],
    "wp_2": [
        0.01743532158434391,
        6.6245527267456055
    ],
    "wp_1": [
        0.03613365814089775,
        3.056469678878784
    ],
    "aim": [
        0.03613365814089775,
        3.056469678878784
    ],
    "target": [
        1.3259103033626383,
        26.568934396969638
    ],
    "desired_speed": 7.832263183593749,
    "angle": 0.007525778163947969,
    "angle_last": 0.012570631775910165,
    "angle_target": 0.0317438785610562,
    "angle_final": 0.007525778163947969,
    "delta": 0.25,
    "agent": "only_traj",
    "steer_traj": 0.010645915016444484,
    "throttle_traj": 0.75,
    "brake_traj": 0.0,
    "plan": [
        [
            0.03613365814089775,
            3.056469678878784
        ],
        [
            0.01743532158434391,
            6.6245527267456055
        ],
        [
            0.006026074290275574,
            10.543403625488281
        ],
        [
            0.04251310974359512,
            14.422893524169922
        ],
        [
            0.08520366251468658,
            18.584598541259766
        ],
        [
            0.1652103066444397,
            22.635881423950195
        ]
    ]
}