{
    "speed": 4.723738600878545,
    "steer": 0.004574153572320938,
    "throttle": 0.75,
    "brake": 0.0,
    "wp_4": [
        0.07706648111343384,
        9.520380020141602
    ],
    "wp_3": [
        0.041842758655548096,
        7.107779502868652
    ],
    "wp_2": [
        0.07451596111059189,
        4.564520359039307
    ],
    "wp_1": [
        0.05251779779791832,
        2.3175230026245117
    ],
    "aim": [
        0.05251779779791832,
        2.3175230026245117
    ],
    "target": [
        0.25307204539920036,
        26.841546445443598
    ],
    "desired_speed": 5.113826084136963,
    "angle": 0.014424117443679293,
    "angle_last": -0.0009037377457186567,
    "angle_target": 0.006002109251924856,
    "angle_final": 0.006002109251924856,
    "delta": 0.25,
    "agent": "only_traj",
    "steer_traj": 0.004574153399680212,
    "throttle_traj": 0.75,
    "brake_traj": 0.0,
    "plan": [
        [
            0.05251779779791832,
            2.3175230026245117
        ],
        [
            0.07451596111059189,
            4.564520359039307
        ],
        [
            0.041842758655548096,
            7.107779502868652
        ],
        [
            0.07706648111343384,
            9.520380020141602
        ],
        [
            0.04348716512322426,
            12.289668083190918
        ],
        [
            0.039495617151260376,
            15.101306915283203
        ]
    ]
}