{
    "speed": 4.811888697636876,
    "steer": 0.0029778159223496914,
    "throttle": 0.75,
    "brake": 0.0,
    "wp_4": [
        0.19353336095809937,
        12.167241096496582
    ],
    "wp_3": [
        0.14202862977981567,
        9.035358428955078
    ],
    "wp_2": [
        0.09992292523384094,
        5.732851028442383
    ],
    "wp_1": [
        0.054703082889318466,
        2.7982404232025146
    ],
    "aim": [
        0.054703082889318466,
        2.7982404232025146
    ],
    "target": [
        0.1669007881922933,
        26.98626491986094
    ],
    "desired_speed": 6.42288875579834,
    "angle": 0.012443742039329483,
    "angle_last": 0.016795027886572274,
    "angle_target": 0.003937224636936548,
    "angle_final": 0.003937224636936548,
    "delta": 0.25,
    "agent": "only_traj",
    "steer_traj": 0.002977816009792176,
    "throttle_traj": 0.75,
    "brake_traj": 0.0,
    "plan": [
        [
            0.054703082889318466,
            2.7982404232025146
        ],
        [
            0.09992292523384094,
            5.732851028442383
        ],
        [
            0.14202862977981567,
            9.035358428955078
        ],
        [
            0.19353336095809937,
            12.167241096496582
        ],
        [
            0.26073917746543884,
            15.583001136779785
        ],
        [
            0.34701675176620483,
            18.852622985839844
        ]
    ]
}