{
    "speed": 4.946629953301259,
    "steer": 0.006520865950733423,
    "throttle": 0.75,
    "brake": 0.0,
    "wp_4": [
        0.2210194170475006,
        13.257415771484375
    ],
    "wp_3": [
        0.14674857258796692,
        9.826872825622559
    ],
    "wp_2": [
        0.09938667714595795,
        6.237466812133789
    ],
    "wp_1": [
        0.04972473904490471,
        2.990461826324463
    ],
    "aim": [
        0.04972473904490471,
        2.990461826324463
    ],
    "target": [
        0.2652181715398399,
        25.804277482501767
    ],
    "desired_speed": 7.068769168853761,
    "angle": 0.010584564547252012,
    "angle_last": 0.02326526608732535,
    "angle_target": 0.006542992223947086,
    "angle_final": 0.006542992223947086,
    "delta": 0.25,
    "agent": "only_traj",
    "steer_traj": 0.006520865940959989,
    "throttle_traj": 0.75,
    "brake_traj": 0.0,
    "plan": [
        [
            0.04972473904490471,
            2.990461826324463
        ],
        [
            0.09938667714595795,
            6.237466812133789
        ],
        [
            0.14674857258796692,
            9.826872825622559
        ],
        [
            0.2210194170475006,
            13.257415771484375
        ],
        [
            0.33989444375038147,
            17.0190372467041
        ],
        [
            0.4728877544403076,
            20.656579971313477
        ]
    ]
}