{
    "speed": 5.107631762266652,
    "steer": -0.003587105544283986,
    "throttle": 0.0,
    "brake": 0.0,
    "wp_4": [
        0.16663908958435059,
        11.054788589477539
    ],
    "wp_3": [
        0.10429296642541885,
        8.412224769592285
    ],
    "wp_2": [
        0.08560392260551453,
        5.560969352722168
    ],
    "wp_1": [
        0.04552888497710228,
        2.8317325115203857
    ],
    "aim": [
        0.04552888497710228,
        2.8317325115203857
    ],
    "target": [
        -0.10054766746771097,
        26.508277569202267
    ],
    "desired_speed": 5.528487205505371,
    "angle": 0.010234782970756582,
    "angle_last": 0.008687213886813249,
    "angle_target": -0.002414729739783465,
    "angle_final": -0.002414729739783465,
    "delta": 0.25,
    "agent": "only_traj",
    "steer_traj": -0.0035871056432986354,
    "throttle_traj": 0.0,
    "brake_traj": 0.0,
    "plan": [
        [
            0.04552888497710228,
            2.8317325115203857
        ],
        [
            0.08560392260551453,
            5.560969352722168
        ],
        [
            0.10429296642541885,
            8.412224769592285
        ],
        [
            0.16663908958435059,
            11.054788589477539
        ],
        [
            0.199787437915802,
            13.868301391601562
        ],
        [
            0.23776766657829285,
            16.651405334472656
        ]
    ]
}