{
    "speed": 5.138355330150048,
    "steer": 0.0065874624997377396,
    "throttle": 0.0,
    "brake": 0.0,
    "wp_4": [
        0.09195591509342194,
        14.851974487304688
    ],
    "wp_3": [
        0.036958158016204834,
        10.892976760864258
    ],
    "wp_2": [
        0.024985069409012794,
        6.925988674163818
    ],
    "wp_1": [
        0.03864442929625511,
        3.217022657394409
    ],
    "aim": [
        0.03864442929625511,
        3.217022657394409
    ],
    "target": [
        0.7572591999552492,
        25.9167346652405
    ],
    "desired_speed": 7.979285335540771,
    "angle": 0.007647051967211084,
    "angle_last": 0.00897787638149268,
    "angle_target": 0.018596056291424332,
    "angle_final": 0.007647051967211084,
    "delta": 0.25,
    "agent": "only_traj",
    "steer_traj": 0.0065874626625634205,
    "throttle_traj": 0.0,
    "brake_traj": 0.0,
    "plan": [
        [
            0.03864442929625511,
            3.217022657394409
        ],
        [
            0.024985069409012794,
            6.925988674163818
        ],
        [
            0.036958158016204834,
            10.892976760864258
        ],
        [
            0.09195591509342194,
            14.851974487304688
        ],
        [
            0.1648866832256317,
            19.066936492919922
        ],
        [
            0.22266560792922974,
            23.163772583007812
        ]
    ]
}