{
    "speed": 5.013358800512857,
    "steer": 0.010092825628817081,
    "throttle": 0.0,
    "brake": 0.0,
    "wp_4": [
        0.1691863238811493,
        14.287237167358398
    ],
    "wp_3": [
        0.0886438637971878,
        10.448138236999512
    ],
    "wp_2": [
        0.051631249487400055,
        6.5916361808776855
    ],
    "wp_1": [
        0.050493936985731125,
        3.03402042388916
    ],
    "aim": [
        0.050493936985731125,
        3.03402042388916
    ],
    "target": [
        1.095712410044758,
        25.7264767072903
    ],
    "desired_speed": 7.750501251220704,
    "angle": 0.010594050921099253,
    "angle_last": 0.018012622942613212,
    "angle_target": 0.027097797709311897,
    "angle_final": 0.010594050921099253,
    "delta": 0.25,
    "agent": "only_traj",
    "steer_traj": 0.010092825312231902,
    "throttle_traj": 0.0,
    "brake_traj": 0.0,
    "plan": [
        [
            0.050493936985731125,
            3.03402042388916
        ],
        [
            0.051631249487400055,
            6.5916361808776855
        ],
        [
            0.0886438637971878,
            10.448138236999512
        ],
        [
            0.1691863238811493,
            14.287237167358398
        ],
        [
            0.27388817071914673,
            18.408430099487305
        ],
        [
            0.38703519105911255,
            22.406320571899414
        ]
    ]
}