{
    "speed": 4.919082599316711,
    "steer": 0.007853521034121513,
    "throttle": 0.75,
    "brake": 0.0,
    "wp_4": [
        0.2940020263195038,
        14.203451156616211
    ],
    "wp_3": [
        0.15997043251991272,
        10.445725440979004
    ],
    "wp_2": [
        0.09684479236602783,
        6.641862869262695
    ],
    "wp_1": [
        0.044392164796590805,
        3.10408878326416
    ],
    "aim": [
        0.044392164796590805,
        3.10408878326416
    ],
    "target": [
        1.2436362309580997,
        24.69212948961311
    ],
    "desired_speed": 7.659307384490968,
    "angle": 0.009103779535193248,
    "angle_last": 0.02548902389909995,
    "angle_target": 0.03203672554567811,
    "angle_final": 0.009103779535193248,
    "delta": 0.25,
    "agent": "only_traj",
    "steer_traj": 0.007853520756677754,
    "throttle_traj": 0.75,
    "brake_traj": 0.0,
    "plan": [
        [
            0.044392164796590805,
            3.10408878326416
        ],
        [
            0.09684479236602783,
            6.641862869262695
        ],
        [
            0.15997043251991272,
            10.445725440979004
        ],
        [
            0.2940020263195038,
            14.203451156616211
        ],
        [
            0.4540511965751648,
            18.273073196411133
        ],
        [
            0.613073468208313,
            22.242725372314453
        ]
    ]
}