{
    "speed": 4.795368741904053,
    "steer": 0.01036994531750679,
    "throttle": 0.75,
    "brake": 0.0,
    "wp_4": [
        0.303230881690979,
        10.454256057739258
    ],
    "wp_3": [
        0.17905649542808533,
        7.794152736663818
    ],
    "wp_2": [
        0.14258792996406555,
        5.026458740234375
    ],
    "wp_1": [
        0.06908366084098816,
        2.498093605041504
    ],
    "aim": [
        0.06908366084098816,
        2.498093605041504
    ],
    "target": [
        0.4300541900741675,
        25.219047728146357
    ],
    "desired_speed": 5.6848697662353525,
    "angle": 0.017600914317643,
    "angle_last": 0.027078408918961915,
    "angle_target": 0.010855067566239225,
    "angle_final": 0.010855067566239225,
    "delta": 0.25,
    "agent": "only_traj",
    "steer_traj": 0.010369945546561496,
    "throttle_traj": 0.75,
    "brake_traj": 0.0,
    "plan": [
        [
            0.06908366084098816,
            2.498093605041504
        ],
        [
            0.14258792996406555,
            5.026458740234375
        ],
        [
            0.17905649542808533,
            7.794152736663818
        ],
        [
            0.303230881690979,
            10.454256057739258
        ],
        [
            0.36540791392326355,
            13.549152374267578
        ],
        [
            0.4996189475059509,
            16.70258331298828
        ]
    ]
}