{
    "speed": 4.709930546718502,
    "steer": -0.011424577794969082,
    "throttle": 0.0,
    "brake": 1.0,
    "wp_4": [
        -0.048117488622665405,
        4.301454544067383
    ],
    "wp_3": [
        -0.07967202365398407,
        2.9980220794677734
    ],
    "wp_2": [
        -0.022299963980913162,
        1.8315678834915161
    ],
    "wp_1": [
        0.033182766288518906,
        0.9231867790222168
    ],
    "aim": [
        -0.07967202365398407,
        2.9980220794677734
    ],
    "target": [
        -0.35498274626297643,
        24.71890008182345
    ],
    "desired_speed": 3.0415308237075807,
    "angle": -0.016914080615182434,
    "angle_last": -0.04361329008076228,
    "angle_target": -0.009141729644066818,
    "angle_final": -0.009141729644066818,
    "delta": 0.0,
    "agent": "only_traj",
    "steer_traj": -0.011424577334174107,
    "throttle_traj": 0.0,
    "brake_traj": 1.0,
    "plan": [
        [
            0.033182766288518906,
            0.9231867790222168
        ],
        [
            -0.022299963980913162,
            1.8315678834915161
        ],
        [
            -0.07967202365398407,
            2.9980220794677734
        ],
        [
            -0.048117488622665405,
            4.301454544067383
        ],
        [
            -0.201761856675148,
            6.308572769165039
        ],
        [
            -0.3529825210571289,
            8.51247501373291
        ]
    ]
}