{
    "speed": 4.5724953613685395,
    "steer": 0.006111813709139824,
    "throttle": 0.75,
    "brake": 0.0,
    "wp_4": [
        0.01968502439558506,
        11.349413871765137
    ],
    "wp_3": [
        -0.007215917110443115,
        8.375554084777832
    ],
    "wp_2": [
        0.011456632986664772,
        5.279514789581299
    ],
    "wp_1": [
        0.028969373553991318,
        2.462681293487549
    ],
    "aim": [
        0.028969373553991318,
        2.462681293487549
    ],
    "target": [
        0.2594682171003342,
        23.82114858192017
    ],
    "desired_speed": 6.187536907196045,
    "angle": 0.007488439796485232,
    "angle_last": 0.000490076190908612,
    "angle_target": 0.00693400927353958,
    "angle_final": 0.00693400927353958,
    "delta": 0.25,
    "agent": "only_traj",
    "steer_traj": 0.006111813779030954,
    "throttle_traj": 0.75,
    "brake_traj": 0.0,
    "plan": [
        [
            0.028969373553991318,
            2.462681293487549
        ],
        [
            0.011456632986664772,
            5.279514789581299
        ],
        [
            -0.007215917110443115,
            8.375554084777832
        ],
        [
            0.01968502439558506,
            11.349413871765137
        ],
        [
            0.03570359945297241,
            14.69095516204834
        ],
        [
            0.03819790109992027,
            17.931251525878906
        ]
    ]
}