{
    "speed": 4.5473313157494,
    "steer": 0.0025180561933666468,
    "throttle": 0.75,
    "brake": 0.0,
    "wp_4": [
        -0.11117610335350037,
        9.55501937866211
    ],
    "wp_3": [
        -0.11967352032661438,
        7.114182472229004
    ],
    "wp_2": [
        -0.04099133983254433,
        4.557869911193848
    ],
    "wp_1": [
        0.009379025548696518,
        2.1874756813049316
    ],
    "aim": [
        0.009379025548696518,
        2.1874756813049316
    ],
    "target": [
        0.40050196436537,
        24.050846317531704
    ],
    "desired_speed": 5.179963302612305,
    "angle": 0.002729543437774237,
    "angle_last": -0.023332485269234197,
    "angle_target": 0.010600205186906691,
    "angle_final": 0.002729543437774237,
    "delta": 0.25,
    "agent": "only_traj",
    "steer_traj": 0.0025180562925029076,
    "throttle_traj": 0.75,
    "brake_traj": 0.0,
    "plan": [
        [
            0.009379025548696518,
            2.1874756813049316
        ],
        [
            -0.04099133983254433,
            4.557869911193848
        ],
        [
            -0.11967352032661438,
            7.114182472229004
        ],
        [
            -0.11117610335350037,
            9.55501937866211
        ],
        [
            -0.16930285096168518,
            12.351317405700684
        ],
        [
            -0.27130454778671265,
            15.133150100708008
        ]
    ]
}