{
    "speed": 4.724394860824972,
    "steer": 0.009146567434072495,
    "throttle": 0.75,
    "brake": 0.0,
    "wp_4": [
        -0.016499239951372147,
        12.639756202697754
    ],
    "wp_3": [
        -0.02827662043273449,
        9.324386596679688
    ],
    "wp_2": [
        0.007505381479859352,
        5.8774895668029785
    ],
    "wp_1": [
        0.030358757823705673,
        2.7437548637390137
    ],
    "aim": [
        0.030358757823705673,
        2.7437548637390137
    ],
    "target": [
        0.258977747384904,
        24.139915174244756
    ],
    "desired_speed": 6.835790634155273,
    "angle": 0.007043718590526624,
    "angle_last": 0.0018650691618229567,
    "angle_target": 0.006829519848280294,
    "angle_final": 0.006829519848280294,
    "delta": 0.25,
    "agent": "only_traj",
    "steer_traj": 0.009146567498670821,
    "throttle_traj": 0.75,
    "brake_traj": 0.0,
    "plan": [
        [
            0.030358757823705673,
            2.7437548637390137
        ],
        [
            0.007505381479859352,
            5.8774895668029785
        ],
        [
            -0.02827662043273449,
            9.324386596679688
        ],
        [
            -0.016499239951372147,
            12.639756202697754
        ],
        [
            -0.0022935112938284874,
            16.3229923248291
        ],
        [
            0.007989359088242054,
            19.83289909362793
        ]
    ]
}