{
    "speed": 4.876695281317868,
    "steer": -0.002669295994564891,
    "throttle": 0.75,
    "brake": 0.0,
    "wp_4": [
        -0.2204863429069519,
        12.43311595916748
    ],
    "wp_3": [
        -0.16348230838775635,
        9.286555290222168
    ],
    "wp_2": [
        -0.05967077985405922,
        5.9589033126831055
    ],
    "wp_1": [
        -0.011444780975580215,
        2.8703384399414062
    ],
    "aim": [
        -0.011444780975580215,
        2.8703384399414062
    ],
    "target": [
        -1.176345240478636,
        22.563573634811796
    ],
    "desired_speed": 6.573538017272949,
    "angle": -0.0025383537960842638,
    "angle_last": -0.01426639572892238,
    "angle_target": -0.0331599621303696,
    "angle_final": -0.0025383537960842638,
    "delta": 0.25,
    "agent": "only_traj",
    "steer_traj": -0.0026692960517801408,
    "throttle_traj": 0.75,
    "brake_traj": 0.0,
    "plan": [
        [
            -0.011444780975580215,
            2.8703384399414062
        ],
        [
            -0.05967077985405922,
            5.9589033126831055
        ],
        [
            -0.16348230838775635,
            9.286555290222168
        ],
        [
            -0.2204863429069519,
            12.43311595916748
        ],
        [
            -0.26329222321510315,
            15.914102554321289
        ],
        [
            -0.3391941785812378,
            19.30055809020996
        ]
    ]
}