{
    "speed": 5.048382276588848,
    "steer": 0.008485742844641209,
    "throttle": 0.0,
    "brake": 0.0,
    "wp_4": [
        0.03681911528110504,
        13.648530960083008
    ],
    "wp_3": [
        0.009355425834655762,
        10.122626304626465
    ],
    "wp_2": [
        0.026107067242264748,
        6.456921577453613
    ],
    "wp_1": [
        0.024980660527944565,
        3.062061309814453
    ],
    "aim": [
        0.024980660527944565,
        3.062061309814453
    ],
    "target": [
        -0.6846101820990539,
        22.351297287679188
    ],
    "desired_speed": 7.198511981964111,
    "angle": 0.005193496235360948,
    "angle_last": 0.004441795971705655,
    "angle_target": -0.019493282794314348,
    "angle_final": 0.005193496235360948,
    "delta": 0.25,
    "agent": "only_traj",
    "steer_traj": 0.008485742938286522,
    "throttle_traj": 0.0,
    "brake_traj": 0.0,
    "plan": [
        [
            0.024980660527944565,
            3.062061309814453
        ],
        [
            0.026107067242264748,
            6.456921577453613
        ],
        [
            0.009355425834655762,
            10.122626304626465
        ],
        [
            0.03681911528110504,
            13.648530960083008
        ],
        [
            0.07797442376613617,
            17.4375057220459
        ],
        [
            0.10323478281497955,
            21.057884216308594
        ]
    ]
}