{
    "speed": 5.1922905728007525,
    "steer": 0.005211391486227512,
    "throttle": 0.0,
    "brake": 0.0,
    "wp_4": [
        0.030837589874863625,
        13.13972282409668
    ],
    "wp_3": [
        0.004332780838012695,
        9.772174835205078
    ],
    "wp_2": [
        0.01958560384809971,
        6.244915962219238
    ],
    "wp_1": [
        0.023953672498464584,
        2.977466106414795
    ],
    "aim": [
        0.023953672498464584,
        2.977466106414795
    ],
    "target": [
        0.15098425197120557,
        22.704147799268636
    ],
    "desired_speed": 6.915834045410157,
    "angle": 0.005121475685112702,
    "angle_last": 0.010878718027507228,
    "angle_target": 0.004233505881596867,
    "angle_final": 0.004233505881596867,
    "delta": 0.25,
    "agent": "only_traj",
    "steer_traj": 0.005211391383958432,
    "throttle_traj": 0.0,
    "brake_traj": 0.0,
    "plan": [
        [
            0.023953672498464584,
            2.977466106414795
        ],
        [
            0.01958560384809971,
            6.244915962219238
        ],
        [
            0.004332780838012695,
            9.772174835205078
        ],
        [
            0.030837589874863625,
            13.13972282409668
        ],
        [
            0.07718703150749207,
            16.799762725830078
        ],
        [
            0.13642647862434387,
            20.266111373901367
        ]
    ]
}