{
    "speed": 5.112443237983278,
    "steer": 0.0012079569278284907,
    "throttle": 0.0,
    "brake": 0.0,
    "wp_4": [
        -0.20797671377658844,
        9.998379707336426
    ],
    "wp_3": [
        -0.1787186563014984,
        7.519631385803223
    ],
    "wp_2": [
        -0.058379802852869034,
        4.8709306716918945
    ],
    "wp_1": [
        0.0009278617799282074,
        2.4049277305603027
    ],
    "aim": [
        0.0009278617799282074,
        2.4049277305603027
    ],
    "target": [
        -0.28438982499123555,
        22.671311012379803
    ],
    "desired_speed": 5.258764934539794,
    "angle": 0.00024563130961293344,
    "angle_last": -0.025201452699122016,
    "angle_target": -0.007985364864560024,
    "angle_final": 0.00024563130961293344,
    "delta": 0.14632169655651595,
    "agent": "only_traj",
    "steer_traj": 0.001207956958749677,
    "throttle_traj": 0.0,
    "brake_traj": 0.0,
    "plan": [
        [
            0.0009278617799282074,
            2.4049277305603027
        ],
        [
            -0.058379802852869034,
            4.8709306716918945
        ],
        [
            -0.1787186563014984,
            7.519631385803223
        ],
        [
            -0.20797671377658844,
            9.998379707336426
        ],
        [
            -0.28542178869247437,
            12.772427558898926
        ],
        [
            -0.39523395895957947,
            15.544967651367188
        ]
    ]
}