{
    "speed": 4.963513042566113,
    "steer": 0.0007649310864508152,
    "throttle": 0.6718040108680725,
    "brake": 0.0,
    "wp_4": [
        -0.2608215808868408,
        9.395411491394043
    ],
    "wp_3": [
        -0.21091756224632263,
        7.031776428222656
    ],
    "wp_2": [
        -0.07092532515525818,
        4.542557716369629
    ],
    "wp_1": [
        0.009293939918279648,
        2.22794771194458
    ],
    "aim": [
        0.009293939918279648,
        2.22794771194458
    ],
    "target": [
        -0.03792876287861608,
        21.26669228670539
    ],
    "desired_speed": 5.080548000335693,
    "angle": 0.002655625612756544,
    "angle_last": -0.03385697197932529,
    "angle_target": -0.0011353987006074134,
    "angle_final": -0.0011353987006074134,
    "delta": 0.1170349577695795,
    "agent": "only_traj",
    "steer_traj": 0.0007649311121018729,
    "throttle_traj": 0.6718039929268864,
    "brake_traj": 0.0,
    "plan": [
        [
            0.009293939918279648,
            2.22794771194458
        ],
        [
            -0.07092532515525818,
            4.542557716369629
        ],
        [
            -0.21091756224632263,
            7.031776428222656
        ],
        [
            -0.2608215808868408,
            9.395411491394043
        ],
        [
            -0.3641585111618042,
            12.132936477661133
        ],
        [
            -0.5123922824859619,
            14.91757583618164
        ]
    ]
}