{
    "speed": 4.908728448964602,
    "steer": 0.0074256425723433495,
    "throttle": 0.75,
    "brake": 0.0,
    "wp_4": [
        -0.0959930345416069,
        11.589351654052734
    ],
    "wp_3": [
        -0.08151134848594666,
        8.619197845458984
    ],
    "wp_2": [
        -0.017895463854074478,
        5.4838104248046875
    ],
    "wp_1": [
        0.018741991370916367,
        2.618337392807007
    ],
    "aim": [
        0.018741991370916367,
        2.618337392807007
    ],
    "target": [
        -0.5630559656220875,
        22.152676467632077
    ],
    "desired_speed": 6.195419216156006,
    "angle": 0.004556846713724982,
    "angle_last": -0.006279324295491025,
    "angle_target": -0.016177521532211844,
    "angle_final": 0.004556846713724982,
    "delta": 0.25,
    "agent": "only_traj",
    "steer_traj": 0.007425642678075083,
    "throttle_traj": 0.75,
    "brake_traj": 0.0,
    "plan": [
        [
            0.018741991370916367,
            2.618337392807007
        ],
        [
            -0.017895463854074478,
            5.4838104248046875
        ],
        [
            -0.08151134848594666,
            8.619197845458984
        ],
        [
            -0.0959930345416069,
            11.589351654052734
        ],
        [
            -0.12443043291568756,
            14.917884826660156
        ],
        [
            -0.15587474405765533,
            18.105693817138672
        ]
    ]
}