{
    "speed": 4.853765365134563,
    "steer": 0.007319563999772072,
    "throttle": 0.75,
    "brake": 0.0,
    "wp_4": [
        -0.0676346942782402,
        10.961509704589844
    ],
    "wp_3": [
        -0.07373756170272827,
        8.08120059967041
    ],
    "wp_2": [
        -0.008380357176065445,
        5.0775556564331055
    ],
    "wp_1": [
        0.023088868707418442,
        2.3938028812408447
    ],
    "aim": [
        0.023088868707418442,
        2.3938028812408447
    ],
    "target": [
        -0.39847558122559007,
        22.07862641392281
    ],
    "desired_speed": 6.001653099060058,
    "angle": 0.006140160454324715,
    "angle_last": -0.005098005133041931,
    "angle_target": -0.011488481705834852,
    "angle_final": 0.006140160454324715,
    "delta": 0.25,
    "agent": "only_traj",
    "steer_traj": 0.007319563846530468,
    "throttle_traj": 0.75,
    "brake_traj": 0.0,
    "plan": [
        [
            0.023088868707418442,
            2.3938028812408447
        ],
        [
            -0.008380357176065445,
            5.0775556564331055
        ],
        [
            -0.07373756170272827,
            8.08120059967041
        ],
        [
            -0.0676346942782402,
            10.961509704589844
        ],
        [
            -0.09611417353153229,
            14.237998008728027
        ],
        [
            -0.12141026556491852,
            17.396808624267578
        ]
    ]
}