{
    "speed": 4.877817039925157,
    "steer": 0.005388795863837004,
    "throttle": 0.75,
    "brake": 0.0,
    "wp_4": [
        -0.05502182990312576,
        11.972137451171875
    ],
    "wp_3": [
        -0.0621827207505703,
        8.842556953430176
    ],
    "wp_2": [
        -0.006171707063913345,
        5.562762260437012
    ],
    "wp_1": [
        0.02520328387618065,
        2.6121602058410645
    ],
    "aim": [
        0.02520328387618065,
        2.6121602058410645
    ],
    "target": [
        0.16282861760329967,
        22.006065869165553
    ],
    "desired_speed": 6.479338359832763,
    "angle": 0.00614220951107572,
    "angle_last": -0.004006844467637005,
    "angle_target": 0.0047104296783898976,
    "angle_final": 0.0047104296783898976,
    "delta": 0.25,
    "agent": "only_traj",
    "steer_traj": 0.005388795693981497,
    "throttle_traj": 0.75,
    "brake_traj": 0.0,
    "plan": [
        [
            0.02520328387618065,
            2.6121602058410645
        ],
        [
            -0.006171707063913345,
            5.562762260437012
        ],
        [
            -0.0621827207505703,
            8.842556953430176
        ],
        [
            -0.05502182990312576,
            11.972137451171875
        ],
        [
            -0.07073789834976196,
            15.482507705688477
        ],
        [
            -0.09167969226837158,
            18.809751510620117
        ]
    ]
}