{
    "speed": 4.97619365762311,
    "steer": 0.004490348976105452,
    "throttle": 0.75,
    "brake": 0.0,
    "wp_4": [
        -0.10752130299806595,
        13.551939964294434
    ],
    "wp_3": [
        -0.0851353108882904,
        9.984402656555176
    ],
    "wp_2": [
        -0.028063539415597916,
        6.299345970153809
    ],
    "wp_1": [
        0.014813896268606186,
        2.923424005508423
    ],
    "aim": [
        0.014813896268606186,
        2.923424005508423
    ],
    "target": [
        0.3296598890901465,
        20.81663256523497
    ],
    "desired_speed": 7.3023118019104,
    "angle": 0.003225946408452608,
    "angle_last": -0.000548264344914882,
    "angle_target": 0.010080903394210987,
    "angle_final": 0.003225946408452608,
    "delta": 0.25,
    "agent": "only_traj",
    "steer_traj": 0.004490348846428275,
    "throttle_traj": 0.75,
    "brake_traj": 0.0,
    "plan": [
        [
            0.014813896268606186,
            2.923424005508423
        ],
        [
            -0.028063539415597916,
            6.299345970153809
        ],
        [
            -0.0851353108882904,
            9.984402656555176
        ],
        [
            -0.10752130299806595,
            13.551939964294434
        ],
        [
            -0.11716681718826294,
            17.45223045349121
        ],
        [
            -0.12037596106529236,
            21.17840576171875
        ]
    ]
}