{
    "speed": 5.116495188203896,
    "steer": 0.004525013733655214,
    "throttle": 0.0,
    "brake": 0.0,
    "wp_4": [
        -0.13873456418514252,
        14.298666954040527
    ],
    "wp_3": [
        -0.11270508170127869,
        10.580375671386719
    ],
    "wp_2": [
        -0.03889906778931618,
        6.725606918334961
    ],
    "wp_1": [
        0.013159628957509995,
        3.1712594032287598
    ],
    "aim": [
        0.013159628957509995,
        3.1712594032287598
    ],
    "target": [
        -0.4740858657138788,
        20.957785792928604
    ],
    "desired_speed": 7.565929317474366,
    "angle": 0.0026417375614441845,
    "angle_last": -0.000772522222663634,
    "angle_target": -0.014398513976080952,
    "angle_final": 0.0026417375614441845,
    "delta": 0.25,
    "agent": "only_traj",
    "steer_traj": 0.004525013819534255,
    "throttle_traj": 0.0,
    "brake_traj": 0.0,
    "plan": [
        [
            0.013159628957509995,
            3.1712594032287598
        ],
        [
            -0.03889906778931618,
            6.725606918334961
        ],
        [
            -0.11270508170127869,
            10.580375671386719
        ],
        [
            -0.13873456418514252,
            14.298666954040527
        ],
        [
            -0.1471436768770218,
            18.294755935668945
        ],
        [
            -0.15174315869808197,
            22.08489227294922
        ]
    ]
}