{
    "speed": 5.215808123741204,
    "steer": 0.005319467280060053,
    "throttle": 0.0,
    "brake": 0.0,
    "wp_4": [
        -0.08467208594083786,
        14.212841987609863
    ],
    "wp_3": [
        -0.0767650306224823,
        10.441905975341797
    ],
    "wp_2": [
        -0.027748946100473404,
        6.596168518066406
    ],
    "wp_1": [
        0.014630194753408432,
        3.0600810050964355
    ],
    "aim": [
        0.014630194753408432,
        3.0600810050964355
    ],
    "target": [
        0.5295667360731336,
        21.338494789204518
    ],
    "desired_speed": 7.6550473213195795,
    "angle": 0.0030436562486040463,
    "angle_last": 0.004688821146687784,
    "angle_target": 0.0157960282557837,
    "angle_final": 0.0030436562486040463,
    "delta": 0.25,
    "agent": "only_traj",
    "steer_traj": 0.005319467272844289,
    "throttle_traj": 0.0,
    "brake_traj": 0.0,
    "plan": [
        [
            0.014630194753408432,
            3.0600810050964355
        ],
        [
            -0.027748946100473404,
            6.596168518066406
        ],
        [
            -0.0767650306224823,
            10.441905975341797
        ],
        [
            -0.08467208594083786,
            14.212841987609863
        ],
        [
            -0.07614295184612274,
            18.302919387817383
        ],
        [
            -0.04746173694729805,
            22.197010040283203
        ]
    ]
}