{
    "speed": 5.099071754835349,
    "steer": 0.007253640331327915,
    "throttle": 0.0,
    "brake": 0.0,
    "wp_4": [
        -0.08691766858100891,
        12.278654098510742
    ],
    "wp_3": [
        -0.07866722345352173,
        9.025208473205566
    ],
    "wp_2": [
        -0.019080165773630142,
        5.633484840393066
    ],
    "wp_1": [
        0.019529160112142563,
        2.5916385650634766
    ],
    "aim": [
        0.019529160112142563,
        2.5916385650634766
    ],
    "target": [
        0.7984392480672327,
        20.704363015655275
    ],
    "desired_speed": 6.7879145622253425,
    "angle": 0.004797117590527875,
    "angle_last": -0.0025191533754174503,
    "angle_target": 0.024538328450718593,
    "angle_final": 0.004797117590527875,
    "delta": 0.25,
    "agent": "only_traj",
    "steer_traj": 0.007253640242008499,
    "throttle_traj": 0.0,
    "brake_traj": 0.0,
    "plan": [
        [
            0.019529160112142563,
            2.5916385650634766
        ],
        [
            -0.019080165773630142,
            5.633484840393066
        ],
        [
            -0.07866722345352173,
            9.025208473205566
        ],
        [
            -0.08691766858100891,
            12.278654098510742
        ],
        [
            -0.09631841629743576,
            15.973620414733887
        ],
        [
            -0.11051246523857117,
            19.560606002807617
        ]
    ]
}