{
    "speed": 4.978943027856566,
    "steer": 0.006639495026320219,
    "throttle": 0.75,
    "brake": 0.0,
    "wp_4": [
        -0.05441250652074814,
        12.212994575500488
    ],
    "wp_3": [
        -0.06938767433166504,
        8.984151840209961
    ],
    "wp_2": [
        -0.013914857059717178,
        5.630810737609863
    ],
    "wp_1": [
        0.020026173442602158,
        2.6026387214660645
    ],
    "aim": [
        0.020026173442602158,
        2.6026387214660645
    ],
    "target": [
        1.142853211913125,
        20.224341086483573
    ],
    "desired_speed": 6.71777925491333,
    "angle": 0.004898432063216397,
    "angle_last": -0.001775118101830728,
    "angle_target": 0.03593639961624433,
    "angle_final": 0.004898432063216397,
    "delta": 0.25,
    "agent": "only_traj",
    "steer_traj": 0.00663949524505034,
    "throttle_traj": 0.75,
    "brake_traj": 0.0,
    "plan": [
        [
            0.020026173442602158,
            2.6026387214660645
        ],
        [
            -0.013914857059717178,
            5.630810737609863
        ],
        [
            -0.06938767433166504,
            8.984151840209961
        ],
        [
            -0.05441250652074814,
            12.212994575500488
        ],
        [
            -0.054039884358644485,
            15.866050720214844
        ],
        [
            -0.06388404220342636,
            19.39638900756836
        ]
    ]
}