{
    "speed": 4.918034029580967,
    "steer": 0.005554507486522198,
    "throttle": 0.75,
    "brake": 0.0,
    "wp_4": [
        -0.11728068441152573,
        12.88320541381836
    ],
    "wp_3": [
        -0.10347944498062134,
        9.494087219238281
    ],
    "wp_2": [
        -0.03450993075966835,
        5.953278064727783
    ],
    "wp_1": [
        0.016180839389562607,
        2.743013381958008
    ],
    "aim": [
        0.016180839389562607,
        2.743013381958008
    ],
    "target": [
        0.5332646517200847,
        19.556170386729395
    ],
    "desired_speed": 7.010677623748778,
    "angle": 0.0037553619601193742,
    "angle_last": -0.006692626631267574,
    "angle_target": 0.017355275019572233,
    "angle_final": 0.0037553619601193742,
    "delta": 0.25,
    "agent": "only_traj",
    "steer_traj": 0.005554507530803022,
    "throttle_traj": 0.75,
    "brake_traj": 0.0,
    "plan": [
        [
            0.016180839389562607,
            2.743013381958008
        ],
        [
            -0.03450993075966835,
            5.953278064727783
        ],
        [
            -0.10347944498062134,
            9.494087219238281
        ],
        [
            -0.11728068441152573,
            12.88320541381836
        ],
        [
            -0.15142472088336945,
            16.654329299926758
        ],
        [
            -0.18941833078861237,
            20.268253326416016
        ]
    ]
}