{
    "speed": 4.866086128696098,
    "steer": 0.0031591940205544233,
    "throttle": 0.75,
    "brake": 0.0,
    "wp_4": [
        -0.13654068112373352,
        13.034611701965332
    ],
    "wp_3": [
        -0.13393449783325195,
        9.604521751403809
    ],
    "wp_2": [
        -0.04460612311959267,
        6.038439750671387
    ],
    "wp_1": [
        0.005809571593999863,
        2.8017420768737793
    ],
    "aim": [
        0.005809571593999863,
        2.8017420768737793
    ],
    "target": [
        -1.03975335349802,
        19.73438145908692
    ],
    "desired_speed": 7.088132286071778,
    "angle": 0.001320095957046717,
    "angle_last": -0.0071492627227783155,
    "angle_target": -0.03351085856678272,
    "angle_final": 0.001320095957046717,
    "delta": 0.25,
    "agent": "only_traj",
    "steer_traj": 0.003159193975527353,
    "throttle_traj": 0.75,
    "brake_traj": 0.0,
    "plan": [
        [
            0.005809571593999863,
            2.8017420768737793
        ],
        [
            -0.04460612311959267,
            6.038439750671387
        ],
        [
            -0.13393449783325195,
            9.604521751403809
        ],
        [
            -0.13654068112373352,
            13.034611701965332
        ],
        [
            -0.17705535888671875,
            16.856294631958008
        ],
        [
            -0.2182018756866455,
            20.52011489868164
        ]
    ]
}