{
    "speed": 4.891306994574294,
    "steer": 0.0014082445995882154,
    "throttle": 0.75,
    "brake": 0.0,
    "wp_4": [
        -0.03828632831573486,
        12.103382110595703
    ],
    "wp_3": [
        -0.05262225866317749,
        8.94379997253418
    ],
    "wp_2": [
        0.0024865809828042984,
        5.626972675323486
    ],
    "wp_1": [
        0.03272533044219017,
        2.6319572925567627
    ],
    "aim": [
        0.03272533044219017,
        2.6319572925567627
    ],
    "target": [
        -0.025821017104840138,
        19.297553736427837
    ],
    "desired_speed": 6.599824523925781,
    "angle": 0.007915250728620251,
    "angle_last": -0.0012025205764113257,
    "angle_target": -0.0008518261146459379,
    "angle_final": -0.0008518261146459379,
    "delta": 0.25,
    "agent": "only_traj",
    "steer_traj": 0.0014082445979803511,
    "throttle_traj": 0.75,
    "brake_traj": 0.0,
    "plan": [
        [
            0.03272533044219017,
            2.6319572925567627
        ],
        [
            0.0024865809828042984,
            5.626972675323486
        ],
        [
            -0.05262225866317749,
            8.94379997253418
        ],
        [
            -0.03828632831573486,
            12.103382110595703
        ],
        [
            -0.037932898849248886,
            15.673608779907227
        ],
        [
            -0.04446345567703247,
            19.130868911743164
        ]
    ]
}