{
    "speed": 4.989447292574276,
    "steer": 0.006106529384851456,
    "throttle": 0.75,
    "brake": 0.0,
    "wp_4": [
        -0.10613594949245453,
        14.499761581420898
    ],
    "wp_3": [
        -0.09115862846374512,
        10.68768310546875
    ],
    "wp_2": [
        -0.03383741155266762,
        6.79037618637085
    ],
    "wp_1": [
        0.01467612013220787,
        3.161868095397949
    ],
    "aim": [
        0.01467612013220787,
        3.161868095397949
    ],
    "target": [
        -0.45151666771084736,
        18.193894588532817
    ],
    "desired_speed": 7.737736034393311,
    "angle": 0.002954939680384658,
    "angle_last": -0.005323401375652352,
    "angle_target": -0.01579570817960244,
    "angle_final": 0.002954939680384658,
    "delta": 0.25,
    "agent": "only_traj",
    "steer_traj": 0.0061065295531174905,
    "throttle_traj": 0.75,
    "brake_traj": 0.0,
    "plan": [
        [
            0.01467612013220787,
            3.161868095397949
        ],
        [
            -0.03383741155266762,
            6.79037618637085
        ],
        [
            -0.09115862846374512,
            10.68768310546875
        ],
        [
            -0.10613594949245453,
            14.499761581420898
        ],
        [
            -0.12067223340272903,
            18.581558227539062
        ],
        [
            -0.1534833312034607,
            22.50527000427246
        ]
    ]
}