{
    "speed": 5.129081712400629,
    "steer": 0.0038791741244494915,
    "throttle": 0.0,
    "brake": 0.0,
    "wp_4": [
        -0.09933148324489594,
        15.002538681030273
    ],
    "wp_3": [
        -0.10249224305152893,
        11.041810989379883
    ],
    "wp_2": [
        -0.04098198190331459,
        7.054754257202148
    ],
    "wp_1": [
        0.010387208312749863,
        3.302243232727051
    ],
    "aim": [
        0.010387208312749863,
        3.302243232727051
    ],
    "target": [
        -0.13872253458721523,
        20.09422875068583
    ],
    "desired_speed": 8.043630218505859,
    "angle": 0.002002507746121769,
    "angle_last": -0.0012564031798636484,
    "angle_target": -0.004394898979623524,
    "angle_final": 0.002002507746121769,
    "delta": 0.25,
    "agent": "only_traj",
    "steer_traj": 0.003879174217756824,
    "throttle_traj": 0.0,
    "brake_traj": 0.0,
    "plan": [
        [
            0.010387208312749863,
            3.302243232727051
        ],
        [
            -0.04098198190331459,
            7.054754257202148
        ],
        [
            -0.10249224305152893,
            11.041810989379883
        ],
        [
            -0.09933148324489594,
            15.002538681030273
        ],
        [
            -0.10250366479158401,
            19.266803741455078
        ],
        [
            -0.11068154871463776,
            23.41048240661621
        ]
    ]
}