{
    "speed": 5.1583867519103155,
    "steer": 0.002627690089866519,
    "throttle": 0.0,
    "brake": 0.0,
    "wp_4": [
        -0.17602452635765076,
        14.701748847961426
    ],
    "wp_3": [
        -0.12806186079978943,
        10.765012741088867
    ],
    "wp_2": [
        -0.056726399809122086,
        6.800487041473389
    ],
    "wp_1": [
        0.0023147426545619965,
        3.1240057945251465
    ],
    "aim": [
        0.0023147426545619965,
        3.1240057945251465
    ],
    "target": [
        -0.5148862532079697,
        19.142605150177396
    ],
    "desired_speed": 7.972714710235596,
    "angle": 0.00047171057114035546,
    "angle_last": -0.006591463940560608,
    "angle_target": -0.017119287216935074,
    "angle_final": 0.00047171057114035546,
    "delta": 0.25,
    "agent": "only_traj",
    "steer_traj": 0.0026276900397840036,
    "throttle_traj": 0.0,
    "brake_traj": 0.0,
    "plan": [
        [
            0.0023147426545619965,
            3.1240057945251465
        ],
        [
            -0.056726399809122086,
            6.800487041473389
        ],
        [
            -0.12806186079978943,
            10.765012741088867
        ],
        [
            -0.17602452635765076,
            14.701748847961426
        ],
        [
            -0.21372070908546448,
            18.94285774230957
        ],
        [
            -0.2562883198261261,
            23.053997039794922
        ]
    ]
}