{
    "speed": 4.983470452876153,
    "steer": 0.004543643444776535,
    "throttle": 0.75,
    "brake": 0.0,
    "wp_4": [
        -0.09803858399391174,
        13.807514190673828
    ],
    "wp_3": [
        -0.07813555002212524,
        10.056087493896484
    ],
    "wp_2": [
        -0.031002584844827652,
        6.291668891906738
    ],
    "wp_1": [
        0.00968289002776146,
        2.8531274795532227
    ],
    "aim": [
        0.00968289002776146,
        2.8531274795532227
    ],
    "target": [
        -0.3652847709614788,
        17.926547752338152
    ],
    "desired_speed": 7.6061633110046385,
    "angle": 0.0021605127889213972,
    "angle_last": -0.000405968737206283,
    "angle_target": -0.012970446595089375,
    "angle_final": 0.0021605127889213972,
    "delta": 0.25,
    "agent": "only_traj",
    "steer_traj": 0.004543643479337206,
    "throttle_traj": 0.75,
    "brake_traj": 0.0,
    "plan": [
        [
            0.00968289002776146,
            2.8531274795532227
        ],
        [
            -0.031002584844827652,
            6.291668891906738
        ],
        [
            -0.07813555002212524,
            10.056087493896484
        ],
        [
            -0.09803858399391174,
            13.807514190673828
        ],
        [
            -0.09107425063848495,
            17.91530418395996
        ],
        [
            -0.09359502792358398,
            21.86794090270996
        ]
    ]
}