{
    "speed": 4.894685161069387,
    "steer": 0.0028163609094917774,
    "throttle": 0.75,
    "brake": 0.0,
    "wp_4": [
        -0.1440260410308838,
        12.518463134765625
    ],
    "wp_3": [
        -0.10552316904067993,
        9.287070274353027
    ],
    "wp_2": [
        -0.037138912826776505,
        5.912702560424805
    ],
    "wp_1": [
        -0.0026618577539920807,
        2.753392219543457
    ],
    "aim": [
        -0.0026618577539920807,
        2.753392219543457
    ],
    "target": [
        -0.8435543950260289,
        17.395062831819057
    ],
    "desired_speed": 6.731453132629395,
    "angle": -0.0006154278717533407,
    "angle_last": -0.0031089022647526623,
    "angle_target": -0.03084800784938514,
    "angle_final": -0.0006154278717533407,
    "delta": 0.25,
    "agent": "only_traj",
    "steer_traj": 0.002816360973206547,
    "throttle_traj": 0.75,
    "brake_traj": 0.0,
    "plan": [
        [
            -0.0026618577539920807,
            2.753392219543457
        ],
        [
            -0.037138912826776505,
            5.912702560424805
        ],
        [
            -0.10552316904067993,
            9.287070274353027
        ],
        [
            -0.1440260410308838,
            12.518463134765625
        ],
        [
            -0.17341497540473938,
            16.11062240600586
        ],
        [
            -0.19036129117012024,
            19.580753326416016
        ]
    ]
}