{
    "speed": 4.993530732886199,
    "steer": 0.0032437373884022236,
    "throttle": 0.75,
    "brake": 0.0,
    "wp_4": [
        -0.16688218712806702,
        11.55643367767334
    ],
    "wp_3": [
        -0.13247862458229065,
        8.630695343017578
    ],
    "wp_2": [
        -0.04519224539399147,
        5.528115272521973
    ],
    "wp_1": [
        0.00206201896071434,
        2.6249051094055176
    ],
    "aim": [
        0.00206201896071434,
        2.6249051094055176
    ],
    "target": [
        0.3293297946120749,
        17.75830884159669
    ],
    "desired_speed": 6.229033088684082,
    "angle": 0.0005000938016912974,
    "angle_last": -0.0032652377057551763,
    "angle_target": 0.011804830654401967,
    "angle_final": 0.0005000938016912974,
    "delta": 0.25,
    "agent": "only_traj",
    "steer_traj": 0.0032437372932228614,
    "throttle_traj": 0.75,
    "brake_traj": 0.0,
    "plan": [
        [
            0.00206201896071434,
            2.6249051094055176
        ],
        [
            -0.04519224539399147,
            5.528115272521973
        ],
        [
            -0.13247862458229065,
            8.630695343017578
        ],
        [
            -0.16688218712806702,
            11.55643367767334
        ],
        [
            -0.187269389629364,
            14.904794692993164
        ],
        [
            -0.20414793491363525,
            18.195568084716797
        ]
    ]
}