{
    "speed": 5.133939453100852,
    "steer": 0.000415731716202572,
    "throttle": 0.0,
    "brake": 0.0,
    "wp_4": [
        -0.23911160230636597,
        14.746875762939453
    ],
    "wp_3": [
        -0.15892508625984192,
        10.849127769470215
    ],
    "wp_2": [
        -0.07221110165119171,
        6.892473220825195
    ],
    "wp_1": [
        -0.008741933852434158,
        3.205150604248047
    ],
    "aim": [
        -0.008741933852434158,
        3.205150604248047
    ],
    "target": [
        0.2518222488823789,
        16.98008613068952
    ],
    "desired_speed": 7.887762546539307,
    "angle": -0.001736337805543211,
    "angle_last": -0.009925127492462276,
    "angle_target": 0.009440663005787045,
    "angle_final": -0.001736337805543211,
    "delta": 0.25,
    "agent": "only_traj",
    "steer_traj": 0.0004157317212657096,
    "throttle_traj": 0.0,
    "brake_traj": 0.0,
    "plan": [
        [
            -0.008741933852434158,
            3.205150604248047
        ],
        [
            -0.07221110165119171,
            6.892473220825195
        ],
        [
            -0.15892508625984192,
            10.849127769470215
        ],
        [
            -0.23911160230636597,
            14.746875762939453
        ],
        [
            -0.2968900203704834,
            18.913644790649414
        ],
        [
            -0.3593766689300537,
            22.921348571777344
        ]
    ]
}