{
    "speed": 5.200878945829687,
    "steer": -0.0002687078376766294,
    "throttle": 0.0,
    "brake": 0.0,
    "wp_4": [
        -0.244076669216156,
        14.961750030517578
    ],
    "wp_3": [
        -0.1787852942943573,
        10.996891975402832
    ],
    "wp_2": [
        -0.08320671319961548,
        6.99339485168457
    ],
    "wp_1": [
        -0.014824453741312027,
        3.2487130165100098
    ],
    "aim": [
        -0.014824453741312027,
        3.2487130165100098
    ],
    "target": [
        -0.35692149624558955,
        17.605934615152172
    ],
    "desired_speed": 7.994293689727783,
    "angle": -0.0029049831725323928,
    "angle_last": -0.007897927346802492,
    "angle_target": -0.012904294250120787,
    "angle_final": -0.0029049831725323928,
    "delta": 0.25,
    "agent": "only_traj",
    "steer_traj": -0.000268707828330121,
    "throttle_traj": 0.0,
    "brake_traj": 0.0,
    "plan": [
        [
            -0.014824453741312027,
            3.2487130165100098
        ],
        [
            -0.08320671319961548,
            6.99339485168457
        ],
        [
            -0.1787852942943573,
            10.996891975402832
        ],
        [
            -0.244076669216156,
            14.961750030517578
        ],
        [
            -0.30787381529808044,
            19.176637649536133
        ],
        [
            -0.35817950963974,
            23.23134994506836
        ]
    ]
}