{
    "speed": 5.091074622020984,
    "steer": 0.008136275224387646,
    "throttle": 0.0,
    "brake": 0.0,
    "wp_4": [
        -0.1390330195426941,
        11.056225776672363
    ],
    "wp_3": [
        -0.1023484468460083,
        8.129203796386719
    ],
    "wp_2": [
        -0.027882907539606094,
        5.084806442260742
    ],
    "wp_1": [
        0.017703380435705185,
        2.3494043350219727
    ],
    "aim": [
        0.017703380435705185,
        2.3494043350219727
    ],
    "target": [
        0.3541287794263751,
        16.550119748172108
    ],
    "desired_speed": 6.195337104797363,
    "angle": 0.004797041699537097,
    "angle_last": -0.009956394580662779,
    "angle_target": 0.01361990060161886,
    "angle_final": 0.004797041699537097,
    "delta": 0.25,
    "agent": "only_traj",
    "steer_traj": 0.00813627532510691,
    "throttle_traj": 0.0,
    "brake_traj": 0.0,
    "plan": [
        [
            0.017703380435705185,
            2.3494043350219727
        ],
        [
            -0.027882907539606094,
            5.084806442260742
        ],
        [
            -0.1023484468460083,
            8.129203796386719
        ],
        [
            -0.1390330195426941,
            11.056225776672363
        ],
        [
            -0.17537647485733032,
            14.443431854248047
        ],
        [
            -0.2284330129623413,
            17.835617065429688
        ]
    ]
}