{
    "speed": 4.992003504857785,
    "steer": 0.0018482011510059237,
    "throttle": 0.75,
    "brake": 0.0,
    "wp_4": [
        -0.1979212462902069,
        11.356683731079102
    ],
    "wp_3": [
        -0.137420654296875,
        8.46548843383789
    ],
    "wp_2": [
        -0.05358422175049782,
        5.384371757507324
    ],
    "wp_1": [
        0.003810163587331772,
        2.556155204772949
    ],
    "aim": [
        0.003810163587331772,
        2.556155204772949
    ],
    "target": [
        -0.6667726113019226,
        16.214701272266453
    ],
    "desired_speed": 6.104285717010499,
    "angle": 0.0009489131211519131,
    "angle_last": -0.0188289620944909,
    "angle_target": -0.026164010122203325,
    "angle_final": 0.0009489131211519131,
    "delta": 0.25,
    "agent": "only_traj",
    "steer_traj": 0.0018482011598241583,
    "throttle_traj": 0.75,
    "brake_traj": 0.0,
    "plan": [
        [
            0.003810163587331772,
            2.556155204772949
        ],
        [
            -0.05358422175049782,
            5.384371757507324
        ],
        [
            -0.137420654296875,
            8.46548843383789
        ],
        [
            -0.1979212462902069,
            11.356683731079102
        ],
        [
            -0.26329612731933594,
            14.619552612304688
        ],
        [
            -0.35775864124298096,
            17.812461853027344
        ]
    ]
}