{
    "speed": 4.929513307676774,
    "steer": 0.005101771559566259,
    "throttle": 0.75,
    "brake": 0.0,
    "wp_4": [
        -0.10327219218015671,
        11.809623718261719
    ],
    "wp_3": [
        -0.07099667191505432,
        8.722773551940918
    ],
    "wp_2": [
        -0.027788791805505753,
        5.490110397338867
    ],
    "wp_1": [
        0.012169655412435532,
        2.5440573692321777
    ],
    "aim": [
        0.012169655412435532,
        2.5440573692321777
    ],
    "target": [
        -0.4006999570078751,
        16.060617852143416
    ],
    "desired_speed": 6.421766853332519,
    "angle": 0.0030452499594103817,
    "angle_last": -0.006394754492464241,
    "angle_target": -0.015879875151708835,
    "angle_final": 0.0030452499594103817,
    "delta": 0.25,
    "agent": "only_traj",
    "steer_traj": 0.005101771731652272,
    "throttle_traj": 0.75,
    "brake_traj": 0.0,
    "plan": [
        [
            0.012169655412435532,
            2.5440573692321777
        ],
        [
            -0.027788791805505753,
            5.490110397338867
        ],
        [
            -0.07099667191505432,
            8.722773551940918
        ],
        [
            -0.10327219218015671,
            11.809623718261719
        ],
        [
            -0.11578847467899323,
            15.265952110290527
        ],
        [
            -0.14925517141819,
            18.59755516052246
        ]
    ]
}