{
    "speed": 4.876886553275031,
    "steer": 0.0017315814038738608,
    "throttle": 0.75,
    "brake": 0.0,
    "wp_4": [
        -0.16880688071250916,
        12.156535148620605
    ],
    "wp_3": [
        -0.11567836999893188,
        8.99632453918457
    ],
    "wp_2": [
        -0.048724446445703506,
        5.679417610168457
    ],
    "wp_1": [
        0.0023309849202632904,
        2.6450915336608887
    ],
    "aim": [
        0.0023309849202632904,
        2.6450915336608887
    ],
    "target": [
        -0.7402940835887226,
        15.565311329202556
    ],
    "desired_speed": 6.523800563812256,
    "angle": 0.0005610342672859668,
    "angle_last": -0.016104171961600477,
    "angle_target": -0.03025515986916332,
    "angle_final": 0.0005610342672859668,
    "delta": 0.25,
    "agent": "only_traj",
    "steer_traj": 0.0017315813715704995,
    "throttle_traj": 0.75,
    "brake_traj": 0.0,
    "plan": [
        [
            0.0023309849202632904,
            2.6450915336608887
        ],
        [
            -0.048724446445703506,
            5.679417610168457
        ],
        [
            -0.11567836999893188,
            8.99632453918457
        ],
        [
            -0.16880688071250916,
            12.156535148620605
        ],
        [
            -0.21199658513069153,
            15.630135536193848
        ],
        [
            -0.2960384786128998,
            18.951709747314453
        ]
    ]
}