{
    "speed": 4.901982485602769,
    "steer": 0.006161820143461227,
    "throttle": 0.75,
    "brake": 0.0,
    "wp_4": [
        -0.16143390536308289,
        12.091242790222168
    ],
    "wp_3": [
        -0.10375729203224182,
        8.974885940551758
    ],
    "wp_2": [
        -0.04067692533135414,
        5.68438720703125
    ],
    "wp_1": [
        0.01754697784781456,
        2.669189929962158
    ],
    "aim": [
        0.01754697784781456,
        2.669189929962158
    ],
    "target": [
        -0.310748976772274,
        15.8323277826386
    ],
    "desired_speed": 6.453549098968507,
    "angle": 0.004184980858913176,
    "angle_last": -0.015144833947176799,
    "angle_target": -0.012493648922395122,
    "angle_final": 0.004184980858913176,
    "delta": 0.25,
    "agent": "only_traj",
    "steer_traj": 0.0061618199367504045,
    "throttle_traj": 0.75,
    "brake_traj": 0.0,
    "plan": [
        [
            0.01754697784781456,
            2.669189929962158
        ],
        [
            -0.04067692533135414,
            5.68438720703125
        ],
        [
            -0.10375729203224182,
            8.974885940551758
        ],
        [
            -0.16143390536308289,
            12.091242790222168
        ],
        [
            -0.20918014645576477,
            15.522130966186523
        ],
        [
            -0.2871761620044708,
            18.80010223388672
        ]
    ]
}