{
    "speed": 5.00043676758052,
    "steer": 0.0021439355332404375,
    "throttle": 0.0,
    "brake": 0.0,
    "wp_4": [
        -0.15438732504844666,
        13.156207084655762
    ],
    "wp_3": [
        -0.10319188237190247,
        9.718497276306152
    ],
    "wp_2": [
        -0.048658791929483414,
        6.140711784362793
    ],
    "wp_1": [
        0.006824161857366562,
        2.841184139251709
    ],
    "aim": [
        0.006824161857366562,
        2.841184139251709
    ],
    "target": [
        0.9613115874019768,
        15.88976961432677
    ],
    "desired_speed": 7.028758239746094,
    "angle": 0.0015290997456491075,
    "angle_last": -0.007434916412066404,
    "angle_target": 0.038467829659564426,
    "angle_final": 0.0015290997456491075,
    "delta": 0.25,
    "agent": "only_traj",
    "steer_traj": 0.002143935544281017,
    "throttle_traj": 0.0,
    "brake_traj": 0.0,
    "plan": [
        [
            0.006824161857366562,
            2.841184139251709
        ],
        [
            -0.048658791929483414,
            6.140711784362793
        ],
        [
            -0.10319188237190247,
            9.718497276306152
        ],
        [
            -0.15438732504844666,
            13.156207084655762
        ],
        [
            -0.1733294129371643,
            16.882720947265625
        ],
        [
            -0.21454346179962158,
            20.411527633666992
        ]
    ]
}