{
    "speed": 5.110132431769786,
    "steer": -0.003573115449398756,
    "throttle": 0.0,
    "brake": 0.0,
    "wp_4": [
        -0.2733854651451111,
        14.520471572875977
    ],
    "wp_3": [
        -0.18183207511901855,
        10.687689781188965
    ],
    "wp_2": [
        -0.08394578099250793,
        6.778311729431152
    ],
    "wp_1": [
        -0.02174154296517372,
        3.1441264152526855
    ],
    "aim": [
        -0.02174154296517372,
        3.1441264152526855
    ],
    "target": [
        0.17249409277184075,
        15.074988318699129
    ],
    "desired_speed": 7.6903835296630865,
    "angle": -0.00440208474760841,
    "angle_last": -0.017759506252448456,
    "angle_target": 0.0072841421545363745,
    "angle_final": -0.00440208474760841,
    "delta": 0.25,
    "agent": "only_traj",
    "steer_traj": -0.0035731154455447985,
    "throttle_traj": 0.0,
    "brake_traj": 0.0,
    "plan": [
        [
            -0.02174154296517372,
            3.1441264152526855
        ],
        [
            -0.08394578099250793,
            6.778311729431152
        ],
        [
            -0.18183207511901855,
            10.687689781188965
        ],
        [
            -0.2733854651451111,
            14.520471572875977
        ],
        [
            -0.35690340399742126,
            18.54916000366211
        ],
        [
            -0.46337658166885376,
            22.364883422851562
        ]
    ]
}