{
    "speed": 4.935552246503753,
    "steer": -0.00021135136194061488,
    "throttle": 0.75,
    "brake": 0.0,
    "wp_4": [
        -0.1958167850971222,
        12.663278579711914
    ],
    "wp_3": [
        -0.12252786755561829,
        9.271484375
    ],
    "wp_2": [
        -0.05571833625435829,
        5.781512260437012
    ],
    "wp_1": [
        -0.011767927557229996,
        2.620955228805542
    ],
    "aim": [
        -0.011767927557229996,
        2.620955228805542
    ],
    "target": [
        -1.5618976388798702,
        14.768660659917394
    ],
    "desired_speed": 6.907630920410157,
    "angle": -0.002858310213203972,
    "angle_last": -0.018096234578530084,
    "angle_target": -0.06707801894098474,
    "angle_final": -0.002858310213203972,
    "delta": 0.25,
    "agent": "only_traj",
    "steer_traj": -0.00021135136542518472,
    "throttle_traj": 0.75,
    "brake_traj": 0.0,
    "plan": [
        [
            -0.011767927557229996,
            2.620955228805542
        ],
        [
            -0.05571833625435829,
            5.781512260437012
        ],
        [
            -0.12252786755561829,
            9.271484375
        ],
        [
            -0.1958167850971222,
            12.663278579711914
        ],
        [
            -0.23879575729370117,
            16.364734649658203
        ],
        [
            -0.33893442153930664,
            19.88662338256836
        ]
    ]
}