{
    "speed": 4.828201744561601,
    "steer": -0.0009542545303702354,
    "throttle": 0.75,
    "brake": 0.0,
    "wp_4": [
        -0.1537177860736847,
        13.105154991149902
    ],
    "wp_3": [
        -0.09750127792358398,
        9.555941581726074
    ],
    "wp_2": [
        -0.043018586933612823,
        5.952641487121582
    ],
    "wp_1": [
        -0.011878374963998795,
        2.6599340438842773
    ],
    "aim": [
        -0.011878374963998795,
        2.6599340438842773
    ],
    "target": [
        -0.7004357968083055,
        12.675383415692421
    ],
    "desired_speed": 7.210148906707763,
    "angle": -0.0028429043420760544,
    "angle_last": -0.007919783952146531,
    "angle_target": -0.03514357018253442,
    "angle_final": -0.0028429043420760544,
    "delta": 0.25,
    "agent": "only_traj",
    "steer_traj": -0.0009542545107685056,
    "throttle_traj": 0.75,
    "brake_traj": 0.0,
    "plan": [
        [
            -0.011878374963998795,
            2.6599340438842773
        ],
        [
            -0.043018586933612823,
            5.952641487121582
        ],
        [
            -0.09750127792358398,
            9.555941581726074
        ],
        [
            -0.1537177860736847,
            13.105154991149902
        ],
        [
            -0.1596049666404724,
            16.965700149536133
        ],
        [
            -0.20586466789245605,
            20.684009552001953
        ]
    ]
}