{
    "speed": 4.751422884845454,
    "steer": -0.0016126263653859496,
    "throttle": 0.75,
    "brake": 0.0,
    "wp_4": [
        -0.07862601429224014,
        11.956676483154297
    ],
    "wp_3": [
        -0.043792784214019775,
        8.763158798217773
    ],
    "wp_2": [
        -0.021395063027739525,
        5.493661880493164
    ],
    "wp_1": [
        -0.01302388682961464,
        2.469935417175293
    ],
    "aim": [
        -0.01302388682961464,
        2.469935417175293
    ],
    "target": [
        0.9645544795902863,
        13.565460890779942
    ],
    "desired_speed": 6.534382247924804,
    "angle": -0.0033568381316241252,
    "angle_last": -0.004109069632214863,
    "angle_target": 0.04518996836960079,
    "angle_final": -0.0033568381316241252,
    "delta": 0.25,
    "agent": "only_traj",
    "steer_traj": -0.0016126264055585746,
    "throttle_traj": 0.75,
    "brake_traj": 0.0,
    "plan": [
        [
            -0.01302388682961464,
            2.469935417175293
        ],
        [
            -0.021395063027739525,
            5.493661880493164
        ],
        [
            -0.043792784214019775,
            8.763158798217773
        ],
        [
            -0.07862601429224014,
            11.956676483154297
        ],
        [
            -0.05835932865738869,
            15.458565711975098
        ],
        [
            -0.07996243983507156,
            18.805484771728516
        ]
    ]
}