{
    "speed": 4.763114866321755,
    "steer": -0.005627304781228304,
    "throttle": 0.75,
    "brake": 0.0,
    "wp_4": [
        -0.24582555890083313,
        13.315138816833496
    ],
    "wp_3": [
        -0.14520615339279175,
        9.745567321777344
    ],
    "wp_2": [
        -0.06739398837089539,
        6.105403900146484
    ],
    "wp_1": [
        -0.03129858151078224,
        2.7664477825164795
    ],
    "aim": [
        -0.03129858151078224,
        2.7664477825164795
    ],
    "target": [
        -0.5183834058835125,
        14.092144660579823
    ],
    "desired_speed": 7.1800721168518065,
    "angle": -0.007202158743350526,
    "angle_last": -0.02212528727892983,
    "angle_target": -0.023407678632989246,
    "angle_final": -0.007202158743350526,
    "delta": 0.25,
    "agent": "only_traj",
    "steer_traj": -0.005627304877986288,
    "throttle_traj": 0.75,
    "brake_traj": 0.0,
    "plan": [
        [
            -0.03129858151078224,
            2.7664477825164795
        ],
        [
            -0.06739398837089539,
            6.105403900146484
        ],
        [
            -0.14520615339279175,
            9.745567321777344
        ],
        [
            -0.24582555890083313,
            13.315138816833496
        ],
        [
            -0.3041034936904907,
            17.116748809814453
        ],
        [
            -0.429089218378067,
            20.711565017700195
        ]
    ]
}