{
    "speed": 4.99043476139529,
    "steer": -0.004123723600059748,
    "throttle": 0.75,
    "brake": 0.0,
    "wp_4": [
        -0.27986741065979004,
        14.941999435424805
    ],
    "wp_3": [
        -0.18549844622612,
        10.919673919677734
    ],
    "wp_2": [
        -0.08142299950122833,
        6.923209190368652
    ],
    "wp_1": [
        -0.03072609379887581,
        3.169374465942383
    ],
    "aim": [
        -0.03072609379887581,
        3.169374465942383
    ],
    "target": [
        -0.7742617043387726,
        14.350606261250638
    ],
    "desired_speed": 7.995835781097412,
    "angle": -0.006171634979577158,
    "angle_last": -0.017351592177017143,
    "angle_target": -0.034314429312936684,
    "angle_final": -0.006171634979577158,
    "delta": 0.25,
    "agent": "only_traj",
    "steer_traj": -0.004123723465205024,
    "throttle_traj": 0.75,
    "brake_traj": 0.0,
    "plan": [
        [
            -0.03072609379887581,
            3.169374465942383
        ],
        [
            -0.08142299950122833,
            6.923209190368652
        ],
        [
            -0.18549844622612,
            10.919673919677734
        ],
        [
            -0.27986741065979004,
            14.941999435424805
        ],
        [
            -0.3590797185897827,
            19.139575958251953
        ],
        [
            -0.46852123737335205,
            23.153921127319336
        ]
    ]
}