{
    "speed": 5.15194187549009,
    "steer": -0.0015330668538808823,
    "throttle": 0.0,
    "brake": 0.0,
    "wp_4": [
        -0.2116391658782959,
        15.272796630859375
    ],
    "wp_3": [
        -0.14778351783752441,
        11.113224029541016
    ],
    "wp_2": [
        -0.06815491616725922,
        7.026043891906738
    ],
    "wp_1": [
        -0.01820545271039009,
        3.1674370765686035
    ],
    "aim": [
        -0.01820545271039009,
        3.1674370765686035
    ],
    "target": [
        -0.1567722178023971,
        13.633839952996526
    ],
    "desired_speed": 8.228883934020995,
    "angle": -0.0036590360569018006,
    "angle_last": -0.011632902457937798,
    "angle_target": -0.007320013697442356,
    "angle_final": -0.0036590360569018006,
    "delta": 0.25,
    "agent": "only_traj",
    "steer_traj": -0.0015330668639650384,
    "throttle_traj": 0.0,
    "brake_traj": 0.0,
    "plan": [
        [
            -0.01820545271039009,
            3.1674370765686035
        ],
        [
            -0.06815491616725922,
            7.026043891906738
        ],
        [
            -0.14778351783752441,
            11.113224029541016
        ],
        [
            -0.2116391658782959,
            15.272796630859375
        ],
        [
            -0.2677067518234253,
            19.589473724365234
        ],
        [
            -0.34350281953811646,
            23.737001419067383
        ]
    ]
}