{
    "speed": 5.234078551327273,
    "steer": -0.005826383363455534,
    "throttle": 0.0,
    "brake": 0.0,
    "wp_4": [
        -0.32228055596351624,
        15.477973937988281
    ],
    "wp_3": [
        -0.22609522938728333,
        11.310632705688477
    ],
    "wp_2": [
        -0.09808897972106934,
        7.201202392578125
    ],
    "wp_1": [
        -0.03547573462128639,
        3.3053622245788574
    ],
    "aim": [
        -0.03547573462128639,
        3.3053622245788574
    ],
    "target": [
        -0.3529093689113376,
        12.554238657775976
    ],
    "desired_speed": 8.260101699829102,
    "angle": -0.006832417836280502,
    "angle_last": -0.021399845298083697,
    "angle_target": -0.017891163077385523,
    "angle_final": -0.006832417836280502,
    "delta": 0.25,
    "agent": "only_traj",
    "steer_traj": -0.005826383478825482,
    "throttle_traj": 0.0,
    "brake_traj": 0.0,
    "plan": [
        [
            -0.03547573462128639,
            3.3053622245788574
        ],
        [
            -0.09808897972106934,
            7.201202392578125
        ],
        [
            -0.22609522938728333,
            11.310632705688477
        ],
        [
            -0.32228055596351624,
            15.477973937988281
        ],
        [
            -0.4236603081226349,
            19.794010162353516
        ],
        [
            -0.5633643865585327,
            23.948471069335938
        ]
    ]
}