{
    "speed": 5.113137647985728,
    "steer": -0.006944034248590469,
    "throttle": 0.0,
    "brake": 0.0,
    "wp_4": [
        -0.3360120952129364,
        14.641138076782227
    ],
    "wp_3": [
        -0.2285062074661255,
        10.511883735656738
    ],
    "wp_2": [
        -0.08334323763847351,
        6.477322101593018
    ],
    "wp_1": [
        -0.038168761879205704,
        2.810656785964966
    ],
    "aim": [
        -0.038168761879205704,
        2.810656785964966
    ],
    "target": [
        -0.7610395906434253,
        12.346672802270527
    ],
    "desired_speed": 8.133177375793457,
    "angle": -0.008644770587047997,
    "angle_last": -0.026900196636694965,
    "angle_target": -0.03919117807748517,
    "angle_final": -0.008644770587047997,
    "delta": 0.25,
    "agent": "only_traj",
    "steer_traj": -0.006944034368880133,
    "throttle_traj": 0.0,
    "brake_traj": 0.0,
    "plan": [
        [
            -0.038168761879205704,
            2.810656785964966
        ],
        [
            -0.08334323763847351,
            6.477322101593018
        ],
        [
            -0.2285062074661255,
            10.511883735656738
        ],
        [
            -0.3360120952129364,
            14.641138076782227
        ],
        [
            -0.4572256803512573,
            18.9702091217041
        ],
        [
            -0.6332658529281616,
            23.133895874023438
        ]
    ]
}