{
    "speed": 4.920331949178889,
    "steer": -0.0059164147824049,
    "throttle": 0.75,
    "brake": 0.0,
    "wp_4": [
        -0.28381097316741943,
        14.808916091918945
    ],
    "wp_3": [
        -0.2052137553691864,
        10.638631820678711
    ],
    "wp_2": [
        -0.07859230041503906,
        6.585702896118164
    ],
    "wp_1": [
        -0.03329933062195778,
        2.8685879707336426
    ],
    "aim": [
        -0.03329933062195778,
        2.8685879707336426
    ],
    "target": [
        -0.18696399961763807,
        12.520561266442247
    ],
    "desired_speed": 8.215288257598878,
    "angle": -0.007389685381562766,
    "angle_last": -0.020844626809552437,
    "angle_target": -0.009505654798366982,
    "angle_final": -0.007389685381562766,
    "delta": 0.25,
    "agent": "only_traj",
    "steer_traj": -0.005916414551821892,
    "throttle_traj": 0.75,
    "brake_traj": 0.0,
    "plan": [
        [
            -0.03329933062195778,
            2.8685879707336426
        ],
        [
            -0.07859230041503906,
            6.585702896118164
        ],
        [
            -0.2052137553691864,
            10.638631820678711
        ],
        [
            -0.28381097316741943,
            14.808916091918945
        ],
        [
            -0.38019970059394836,
            19.176225662231445
        ],
        [
            -0.5185627341270447,
            23.40048599243164
        ]
    ]
}