{
    "speed": 4.7241155051240336,
    "steer": -0.0033402801491320133,
    "throttle": 0.75,
    "brake": 0.0,
    "wp_4": [
        -0.19991767406463623,
        14.33847427368164
    ],
    "wp_3": [
        -0.14814338088035583,
        10.225263595581055
    ],
    "wp_2": [
        -0.047545142471790314,
        6.247104644775391
    ],
    "wp_1": [
        -0.021421972662210464,
        2.6545796394348145
    ],
    "aim": [
        -0.021421972662210464,
        2.6545796394348145
    ],
    "target": [
        0.8446272291889217,
        10.982500780283926
    ],
    "desired_speed": 8.113558769226074,
    "angle": -0.005137240775274115,
    "angle_last": -0.013672472835094382,
    "angle_target": 0.04886410114820994,
    "angle_final": -0.005137240775274115,
    "delta": 0.25,
    "agent": "only_traj",
    "steer_traj": -0.003340280257792091,
    "throttle_traj": 0.75,
    "brake_traj": 0.0,
    "plan": [
        [
            -0.021421972662210464,
            2.6545796394348145
        ],
        [
            -0.047545142471790314,
            6.247104644775391
        ],
        [
            -0.14814338088035583,
            10.225263595581055
        ],
        [
            -0.19991767406463623,
            14.33847427368164
        ],
        [
            -0.2694653868675232,
            18.689971923828125
        ],
        [
            -0.36065396666526794,
            22.93524932861328
        ]
    ]
}