{
    "speed": 4.733043323088551,
    "steer": -0.007312302943319082,
    "throttle": 0.75,
    "brake": 0.0,
    "wp_4": [
        -0.29412078857421875,
        14.611360549926758
    ],
    "wp_3": [
        -0.209130197763443,
        10.477115631103516
    ],
    "wp_2": [
        -0.07608973979949951,
        6.46396541595459
    ],
    "wp_1": [
        -0.033198241144418716,
        2.799057960510254
    ],
    "aim": [
        -0.033198241144418716,
        2.799057960510254
    ],
    "target": [
        0.17250993485937086,
        10.577953750320695
    ],
    "desired_speed": 8.14711685180664,
    "angle": -0.007550270718048842,
    "angle_last": -0.022142210969873306,
    "angle_target": 0.010381355715738567,
    "angle_final": -0.007550270718048842,
    "delta": 0.25,
    "agent": "only_traj",
    "steer_traj": -0.007312302775896998,
    "throttle_traj": 0.75,
    "brake_traj": 0.0,
    "plan": [
        [
            -0.033198241144418716,
            2.799057960510254
        ],
        [
            -0.07608973979949951,
            6.46396541595459
        ],
        [
            -0.209130197763443,
            10.477115631103516
        ],
        [
            -0.29412078857421875,
            14.611360549926758
        ],
        [
            -0.3941322863101959,
            18.958913803100586
        ],
        [
            -0.5403029918670654,
            23.159828186035156
        ]
    ]
}