{
    "speed": 4.822370075845714,
    "steer": -0.005249381996691227,
    "throttle": 0.75,
    "brake": 0.0,
    "wp_4": [
        -0.28201401233673096,
        15.070819854736328
    ],
    "wp_3": [
        -0.20362091064453125,
        10.907609939575195
    ],
    "wp_2": [
        -0.08290943503379822,
        6.846379280090332
    ],
    "wp_1": [
        -0.029368314892053604,
        3.0555813312530518
    ],
    "aim": [
        -0.029368314892053604,
        3.0555813312530518
    ],
    "target": [
        -0.3102209658944443,
        10.862981645141698
    ],
    "desired_speed": 8.227377796173096,
    "angle": -0.0061185871770233925,
    "angle_last": -0.01992642171213039,
    "angle_target": -0.01817540945650848,
    "angle_final": -0.0061185871770233925,
    "delta": 0.25,
    "agent": "only_traj",
    "steer_traj": -0.005249382163834125,
    "throttle_traj": 0.75,
    "brake_traj": 0.0,
    "plan": [
        [
            -0.029368314892053604,
            3.0555813312530518
        ],
        [
            -0.08290943503379822,
            6.846379280090332
        ],
        [
            -0.20362091064453125,
            10.907609939575195
        ],
        [
            -0.28201401233673096,
            15.070819854736328
        ],
        [
            -0.36883363127708435,
            19.42157745361328
        ],
        [
            -0.5002319812774658,
            23.618192672729492
        ]
    ]
}