{
    "speed": 4.95733647138372,
    "steer": -0.004904062021523714,
    "throttle": 0.75,
    "brake": 0.0,
    "wp_4": [
        -0.25894227623939514,
        15.155293464660645
    ],
    "wp_3": [
        -0.18950802087783813,
        10.993141174316406
    ],
    "wp_2": [
        -0.08097140491008759,
        6.931943893432617
    ],
    "wp_1": [
        -0.025568652898073196,
        3.1105499267578125
    ],
    "aim": [
        -0.025568652898073196,
        3.1105499267578125
    ],
    "target": [
        -0.212489257574403,
        10.975620127086929
    ],
    "desired_speed": 8.23759183883667,
    "angle": -0.005232863423654295,
    "angle_last": -0.01723851460075804,
    "angle_target": -0.012323491889267438,
    "angle_final": -0.005232863423654295,
    "delta": 0.25,
    "agent": "only_traj",
    "steer_traj": -0.00490406202895905,
    "throttle_traj": 0.75,
    "brake_traj": 0.0,
    "plan": [
        [
            -0.025568652898073196,
            3.1105499267578125
        ],
        [
            -0.08097140491008759,
            6.931943893432617
        ],
        [
            -0.18950802087783813,
            10.993141174316406
        ],
        [
            -0.25894227623939514,
            15.155293464660645
        ],
        [
            -0.3332774341106415,
            19.50379753112793
        ],
        [
            -0.4469289183616638,
            23.69992446899414
        ]
    ]
}