{
    "speed": 5.118124083109974,
    "steer": -0.0039890543557703495,
    "throttle": 0.0,
    "brake": 0.0,
    "wp_4": [
        -0.19463151693344116,
        15.313599586486816
    ],
    "wp_3": [
        -0.1524931788444519,
        11.115982055664062
    ],
    "wp_2": [
        -0.06986930966377258,
        7.022391319274902
    ],
    "wp_1": [
        -0.019559238106012344,
        3.150601387023926
    ],
    "aim": [
        -0.019559238106012344,
        3.150601387023926
    ],
    "target": [
        1.0646776554449737,
        10.25283337769182
    ],
    "desired_speed": 8.338307666778565,
    "angle": -0.003952127063286125,
    "angle_last": -0.00885073873601927,
    "angle_target": 0.065871958851375,
    "angle_final": -0.003952127063286125,
    "delta": 0.25,
    "agent": "only_traj",
    "steer_traj": -0.003989054313842214,
    "throttle_traj": 0.0,
    "brake_traj": 0.0,
    "plan": [
        [
            -0.019559238106012344,
            3.150601387023926
        ],
        [
            -0.06986930966377258,
            7.022391319274902
        ],
        [
            -0.1524931788444519,
            11.115982055664062
        ],
        [
            -0.19463151693344116,
            15.313599586486816
        ],
        [
            -0.24237847328186035,
            19.71133804321289
        ],
        [
            -0.301927387714386,
            23.994325637817383
        ]
    ]
}