{
    "speed": 5.099903242824678,
    "steer": -0.006101792678236961,
    "throttle": 0.0,
    "brake": 0.0,
    "wp_4": [
        -0.23637670278549194,
        14.52210807800293
    ],
    "wp_3": [
        -0.18252161145210266,
        10.364322662353516
    ],
    "wp_2": [
        -0.06672683358192444,
        6.348794937133789
    ],
    "wp_1": [
        -0.02694622054696083,
        2.703702449798584
    ],
    "aim": [
        -0.02694622054696083,
        2.703702449798584
    ],
    "target": [
        0.7777609036001378,
        10.02039101813427
    ],
    "desired_speed": 8.223391342163087,
    "angle": -0.006344590547560036,
    "angle_last": -0.01392245775871685,
    "angle_target": 0.0493141658313292,
    "angle_final": -0.006344590547560036,
    "delta": 0.25,
    "agent": "only_traj",
    "steer_traj": -0.006101792618163869,
    "throttle_traj": 0.0,
    "brake_traj": 0.0,
    "plan": [
        [
            -0.02694622054696083,
            2.703702449798584
        ],
        [
            -0.06672683358192444,
            6.348794937133789
        ],
        [
            -0.18252161145210266,
            10.364322662353516
        ],
        [
            -0.23637670278549194,
            14.52210807800293
        ],
        [
            -0.3131954073905945,
            18.935623168945312
        ],
        [
            -0.407743364572525,
            23.258243560791016
        ]
    ]
}