{
    "speed": 5.006429213950126,
    "steer": -0.010937271639704704,
    "throttle": 0.0,
    "brake": 0.0,
    "wp_4": [
        -0.3373888432979584,
        14.607946395874023
    ],
    "wp_3": [
        -0.24873408675193787,
        10.489740371704102
    ],
    "wp_2": [
        -0.09514215588569641,
        6.504359245300293
    ],
    "wp_1": [
        -0.04573783650994301,
        2.8351054191589355
    ],
    "aim": [
        -0.04573783650994301,
        2.8351054191589355
    ],
    "target": [
        -1.0615393456288444,
        9.151679115781867
    ],
    "desired_speed": 8.186580276489257,
    "angle": -0.010269444917621696,
    "angle_last": -0.024030454711418722,
    "angle_target": -0.07351550516010014,
    "angle_final": -0.010269444917621696,
    "delta": 0.25,
    "agent": "only_traj",
    "steer_traj": -0.01093727199862494,
    "throttle_traj": 0.0,
    "brake_traj": 0.0,
    "plan": [
        [
            -0.04573783650994301,
            2.8351054191589355
        ],
        [
            -0.09514215588569641,
            6.504359245300293
        ],
        [
            -0.24873408675193787,
            10.489740371704102
        ],
        [
            -0.3373888432979584,
            14.607946395874023
        ],
        [
            -0.45628637075424194,
            18.99176597595215
        ],
        [
            -0.6187084317207336,
            23.292633056640625
        ]
    ]
}