{
    "speed": 4.919797067921543,
    "steer": 0.0029705173801630735,
    "throttle": 0.75,
    "brake": 0.0,
    "wp_4": [
        -0.2016245424747467,
        14.613113403320312
    ],
    "wp_3": [
        -0.15513572096824646,
        10.473291397094727
    ],
    "wp_2": [
        -0.05928594246506691,
        6.502032279968262
    ],
    "wp_1": [
        -0.025381986051797867,
        2.8222856521606445
    ],
    "aim": [
        -0.025381986051797867,
        2.8222856521606445
    ],
    "target": [
        0.029036846956634332,
        10.228746075350065
    ],
    "desired_speed": 8.190725135803222,
    "angle": -0.0057252441718214355,
    "angle_last": -0.01238202242790664,
    "angle_target": 0.001807199153144974,
    "angle_final": 0.001807199153144974,
    "delta": 0.25,
    "agent": "only_traj",
    "steer_traj": 0.002970517310469641,
    "throttle_traj": 0.75,
    "brake_traj": 0.0,
    "plan": [
        [
            -0.025381986051797867,
            2.8222856521606445
        ],
        [
            -0.05928594246506691,
            6.502032279968262
        ],
        [
            -0.15513572096824646,
            10.473291397094727
        ],
        [
            -0.2016245424747467,
            14.613113403320312
        ],
        [
            -0.26220327615737915,
            18.990489959716797
        ],
        [
            -0.3459603190422058,
            23.29629135131836
        ]
    ]
}