{
    "speed": 4.793145014940871,
    "steer": -0.010507140308618546,
    "throttle": 0.75,
    "brake": 0.0,
    "wp_4": [
        -0.2539685368537903,
        14.498979568481445
    ],
    "wp_3": [
        -0.19355490803718567,
        10.373841285705566
    ],
    "wp_2": [
        -0.07084745168685913,
        6.393188953399658
    ],
    "wp_1": [
        -0.03198826685547829,
        2.7542614936828613
    ],
    "aim": [
        -0.03198826685547829,
        2.7542614936828613
    ],
    "target": [
        -0.5915058221157433,
        9.42552132053953
    ],
    "desired_speed": 8.167425441741944,
    "angle": -0.0073934040401108835,
    "angle_last": -0.016444543055239447,
    "angle_target": -0.03989923894156353,
    "angle_final": -0.0073934040401108835,
    "delta": 0.25,
    "agent": "only_traj",
    "steer_traj": -0.010507140708438301,
    "throttle_traj": 0.75,
    "brake_traj": 0.0,
    "plan": [
        [
            -0.03198826685547829,
            2.7542614936828613
        ],
        [
            -0.07084745168685913,
            6.393188953399658
        ],
        [
            -0.19355490803718567,
            10.373841285705566
        ],
        [
            -0.2539685368537903,
            14.498979568481445
        ],
        [
            -0.3397904634475708,
            18.876426696777344
        ],
        [
            -0.45067107677459717,
            23.168010711669922
        ]
    ]
}