{
    "speed": 4.705599990239396,
    "steer": -0.004538881126791239,
    "throttle": 0.75,
    "brake": 0.0,
    "wp_4": [
        -0.13861405849456787,
        14.110488891601562
    ],
    "wp_3": [
        -0.12011170387268066,
        10.000825881958008
    ],
    "wp_2": [
        -0.038392312824726105,
        6.072864532470703
    ],
    "wp_1": [
        -0.016839567571878433,
        2.5361928939819336
    ],
    "aim": [
        -0.016839567571878433,
        2.5361928939819336
    ],
    "target": [
        0.7808185395641782,
        9.53448267352412
    ],
    "desired_speed": 8.097495079040527,
    "angle": -0.004226852449902194,
    "angle_last": -0.0059380425099627215,
    "angle_target": 0.052019362786439406,
    "angle_final": -0.004226852449902194,
    "delta": 0.25,
    "agent": "only_traj",
    "steer_traj": -0.004538881084417869,
    "throttle_traj": 0.75,
    "brake_traj": 0.0,
    "plan": [
        [
            -0.016839567571878433,
            2.5361928939819336
        ],
        [
            -0.038392312824726105,
            6.072864532470703
        ],
        [
            -0.12011170387268066,
            10.000825881958008
        ],
        [
            -0.13861405849456787,
            14.110488891601562
        ],
        [
            -0.1802729070186615,
            18.475658416748047
        ],
        [
            -0.2204095721244812,
            22.778587341308594
        ]
    ]
}