{
    "speed": 4.798478707112498,
    "steer": -0.005140780471265316,
    "throttle": 0.75,
    "brake": 0.0,
    "wp_4": [
        -0.217752605676651,
        15.025426864624023
    ],
    "wp_3": [
        -0.16366565227508545,
        10.877481460571289
    ],
    "wp_2": [
        -0.06730136275291443,
        6.840031623840332
    ],
    "wp_1": [
        -0.0224708653986454,
        3.0520453453063965
    ],
    "aim": [
        -0.0224708653986454,
        3.0520453453063965
    ],
    "target": [
        -0.0512628292859254,
        8.011218534280799
    ],
    "desired_speed": 8.216191864013672,
    "angle": -0.004687055417979497,
    "angle_last": -0.012861881162595425,
    "angle_target": -0.0040735981876559,
    "angle_final": -0.0040735981876559,
    "delta": 0.25,
    "agent": "only_traj",
    "steer_traj": -0.00514078041080996,
    "throttle_traj": 0.75,
    "brake_traj": 0.0,
    "plan": [
        [
            -0.0224708653986454,
            3.0520453453063965
        ],
        [
            -0.06730136275291443,
            6.840031623840332
        ],
        [
            -0.16366565227508545,
            10.877481460571289
        ],
        [
            -0.217752605676651,
            15.025426864624023
        ],
        [
            -0.27952250838279724,
            19.37394905090332
        ],
        [
            -0.36470168828964233,
            23.589458465576172
        ]
    ]
}