{
    "speed": 4.932211829473569,
    "steer": -0.0036319002974778414,
    "throttle": 0.75,
    "brake": 0.0,
    "wp_4": [
        -0.13611263036727905,
        15.019105911254883
    ],
    "wp_3": [
        -0.10594123601913452,
        10.864105224609375
    ],
    "wp_2": [
        -0.04783574119210243,
        6.8444414138793945
    ],
    "wp_1": [
        -0.010257098823785782,
        3.049530506134033
    ],
    "aim": [
        -0.010257098823785782,
        3.049530506134033
    ],
    "target": [
        0.963087284985148,
        8.462494642004335
    ],
    "desired_speed": 8.208779430389404,
    "angle": -0.0021412162413434114,
    "angle_last": -0.004650627742406096,
    "angle_target": 0.07214111029935404,
    "angle_final": -0.0021412162413434114,
    "delta": 0.25,
    "agent": "only_traj",
    "steer_traj": -0.0036319002632576344,
    "throttle_traj": 0.75,
    "brake_traj": 0.0,
    "plan": [
        [
            -0.010257098823785782,
            3.049530506134033
        ],
        [
            -0.04783574119210243,
            6.8444414138793945
        ],
        [
            -0.10594123601913452,
            10.864105224609375
        ],
        [
            -0.13611263036727905,
            15.019105911254883
        ],
        [
            -0.15960273146629333,
            19.358352661132812
        ],
        [
            -0.19037464261054993,
            23.570587158203125
        ]
    ]
}