{
    "speed": 5.092098296592422,
    "steer": -0.0048012337647378445,
    "throttle": 0.0,
    "brake": 0.0,
    "wp_4": [
        -0.1558385193347931,
        15.287425994873047
    ],
    "wp_3": [
        -0.11827020347118378,
        11.139310836791992
    ],
    "wp_2": [
        -0.05753864720463753,
        7.096734046936035
    ],
    "wp_1": [
        -0.012784499675035477,
        3.229276180267334
    ],
    "aim": [
        -0.012784499675035477,
        3.229276180267334
    ],
    "target": [
        0.7205502837175916,
        8.432018205227216
    ],
    "desired_speed": 8.2121431350708,
    "angle": -0.002520291740279119,
    "angle_last": -0.0063670542808303005,
    "angle_target": 0.05426990742930852,
    "angle_final": -0.002520291740279119,
    "delta": 0.25,
    "agent": "only_traj",
    "steer_traj": -0.0048012337731648865,
    "throttle_traj": 0.0,
    "brake_traj": 0.0,
    "plan": [
        [
            -0.012784499675035477,
            3.229276180267334
        ],
        [
            -0.05753864720463753,
            7.096734046936035
        ],
        [
            -0.11827020347118378,
            11.139310836791992
        ],
        [
            -0.1558385193347931,
            15.287425994873047
        ],
        [
            -0.18662646412849426,
            19.597248077392578
        ],
        [
            -0.22824516892433167,
            23.75843048095703
        ]
    ]
}