{
    "speed": 5.2238201989635105,
    "steer": -0.0063453372567892075,
    "throttle": 0.0,
    "brake": 0.0,
    "wp_4": [
        -0.20294588804244995,
        15.369129180908203
    ],
    "wp_3": [
        -0.15020614862442017,
        11.213254928588867
    ],
    "wp_2": [
        -0.07261572778224945,
        7.149772644042969
    ],
    "wp_1": [
        -0.02089982107281685,
        3.265934467315674
    ],
    "aim": [
        -0.02089982107281685,
        3.265934467315674
    ],
    "target": [
        -0.06343719645001022,
        7.9254394111689725
    ],
    "desired_speed": 8.225823020935058,
    "angle": -0.004073856212493908,
    "angle_last": -0.009560850736728263,
    "angle_target": -0.005095554836953985,
    "angle_final": -0.004073856212493908,
    "delta": 0.25,
    "agent": "only_traj",
    "steer_traj": -0.006345337484741822,
    "throttle_traj": 0.0,
    "brake_traj": 0.0,
    "plan": [
        [
            -0.02089982107281685,
            3.265934467315674
        ],
        [
            -0.07261572778224945,
            7.149772644042969
        ],
        [
            -0.15020614862442017,
            11.213254928588867
        ],
        [
            -0.20294588804244995,
            15.369129180908203
        ],
        [
            -0.25252360105514526,
            19.681602478027344
        ],
        [
            -0.31480422616004944,
            23.828319549560547
        ]
    ]
}