{
    "speed": 5.092134482177927,
    "steer": -0.008037443272769451,
    "throttle": 0.0,
    "brake": 0.0,
    "wp_4": [
        -0.2412039041519165,
        14.767684936523438
    ],
    "wp_3": [
        -0.1775694191455841,
        10.630170822143555
    ],
    "wp_2": [
        -0.06948357820510864,
        6.615977764129639
    ],
    "wp_1": [
        -0.02748984470963478,
        2.9009275436401367
    ],
    "aim": [
        -0.02748984470963478,
        2.9009275436401367
    ],
    "target": [
        -0.7066220569788826,
        7.98462256756384
    ],
    "desired_speed": 8.185284233093261,
    "angle": -0.006032526793481231,
    "angle_last": -0.015247438566708545,
    "angle_target": -0.05619309729989082,
    "angle_final": -0.006032526793481231,
    "delta": 0.25,
    "agent": "only_traj",
    "steer_traj": -0.008037442857896473,
    "throttle_traj": 0.0,
    "brake_traj": 0.0,
    "plan": [
        [
            -0.02748984470963478,
            2.9009275436401367
        ],
        [
            -0.06948357820510864,
            6.615977764129639
        ],
        [
            -0.1775694191455841,
            10.630170822143555
        ],
        [
            -0.2412039041519165,
            14.767684936523438
        ],
        [
            -0.3145240545272827,
            19.129093170166016
        ],
        [
            -0.41587963700294495,
            23.360126495361328
        ]
    ]
}