{
    "speed": 4.99603564677675,
    "steer": -0.004203892312943935,
    "throttle": 0.75,
    "brake": 0.0,
    "wp_4": [
        -0.11928865313529968,
        14.491771697998047
    ],
    "wp_3": [
        -0.10183781385421753,
        10.35601806640625
    ],
    "wp_2": [
        -0.03656337410211563,
        6.3809380531311035
    ],
    "wp_1": [
        -0.012377593666315079,
        2.7352893352508545
    ],
    "aim": [
        -0.012377593666315079,
        2.7352893352508545
    ],
    "target": [
        0.8495078264523401,
        7.5826004555230675
    ],
    "desired_speed": 8.163287830352784,
    "angle": -0.0028807739464742368,
    "angle_last": -0.0039773987632151725,
    "angle_target": 0.07102677810041873,
    "angle_final": -0.0028807739464742368,
    "delta": 0.25,
    "agent": "only_traj",
    "steer_traj": -0.004203892464521036,
    "throttle_traj": 0.75,
    "brake_traj": 0.0,
    "plan": [
        [
            -0.012377593666315079,
            2.7352893352508545
        ],
        [
            -0.03656337410211563,
            6.3809380531311035
        ],
        [
            -0.10183781385421753,
            10.35601806640625
        ],
        [
            -0.11928865313529968,
            14.491771697998047
        ],
        [
            -0.14757388830184937,
            18.863224029541016
        ],
        [
            -0.17431113123893738,
            23.142681121826172
        ]
    ]
}