{
    "speed": 4.926647418160648,
    "steer": -0.00915257353335619,
    "throttle": 0.75,
    "brake": 0.0,
    "wp_4": [
        -0.2114315927028656,
        14.795614242553711
    ],
    "wp_3": [
        -0.16666212677955627,
        10.683992385864258
    ],
    "wp_2": [
        -0.06923872232437134,
        6.703244686126709
    ],
    "wp_1": [
        -0.03084034100174904,
        2.9718029499053955
    ],
    "aim": [
        -0.03084034100174904,
        2.9718029499053955
    ],
    "target": [
        -0.7478625322030168,
        6.391394746494404
    ],
    "desired_speed": 8.181708812713623,
    "angle": -0.00660633857475308,
    "angle_last": -0.010733442435237897,
    "angle_target": -0.07415421909756703,
    "angle_final": -0.00660633857475308,
    "delta": 0.25,
    "agent": "only_traj",
    "steer_traj": -0.009152573692738605,
    "throttle_traj": 0.75,
    "brake_traj": 0.0,
    "plan": [
        [
            -0.03084034100174904,
            2.9718029499053955
        ],
        [
            -0.06923872232437134,
            6.703244686126709
        ],
        [
            -0.16666212677955627,
            10.683992385864258
        ],
        [
            -0.2114315927028656,
            14.795614242553711
        ],
        [
            -0.27126163244247437,
            19.153400421142578
        ],
        [
            -0.34326136112213135,
            23.423423767089844
        ]
    ]
}