{
    "speed": 4.86927066042615,
    "steer": -0.004347115755081177,
    "throttle": 0.75,
    "brake": 0.0,
    "wp_4": [
        -0.13850943744182587,
        14.510416030883789
    ],
    "wp_3": [
        -0.1085411012172699,
        10.405508041381836
    ],
    "wp_2": [
        -0.03941712528467178,
        6.456060409545898
    ],
    "wp_1": [
        -0.013602707535028458,
        2.8016905784606934
    ],
    "aim": [
        -0.013602707535028458,
        2.8016905784606934
    ],
    "target": [
        -0.14676182742959534,
        6.20654260190563
    ],
    "desired_speed": 8.103968143463135,
    "angle": -0.0030908402089475174,
    "angle_last": -0.006662497907928742,
    "angle_target": -0.01505090337646118,
    "angle_final": -0.0030908402089475174,
    "delta": 0.25,
    "agent": "only_traj",
    "steer_traj": -0.004347115839591895,
    "throttle_traj": 0.75,
    "brake_traj": 0.0,
    "plan": [
        [
            -0.013602707535028458,
            2.8016905784606934
        ],
        [
            -0.03941712528467178,
            6.456060409545898
        ],
        [
            -0.1085411012172699,
            10.405508041381836
        ],
        [
            -0.13850943744182587,
            14.510416030883789
        ],
        [
            -0.17362619936466217,
            18.841856002807617
        ],
        [
            -0.21777735650539398,
            23.06043243408203
        ]
    ]
}