{
    "speed": 4.8914428267923045,
    "steer": -0.004058077931404114,
    "throttle": 0.75,
    "brake": 0.0,
    "wp_4": [
        -0.11162073165178299,
        14.73411750793457
    ],
    "wp_3": [
        -0.08705699443817139,
        10.617570877075195
    ],
    "wp_2": [
        -0.03370121866464615,
        6.653512001037598
    ],
    "wp_1": [
        -0.0078055597841739655,
        2.931208372116089
    ],
    "aim": [
        -0.0078055597841739655,
        2.931208372116089
    ],
    "target": [
        0.4189653492889974,
        6.477704598743368
    ],
    "desired_speed": 8.133564853668213,
    "angle": -0.0016952048885415787,
    "angle_last": -0.004981588353188603,
    "angle_target": 0.04111805822268873,
    "angle_final": -0.0016952048885415787,
    "delta": 0.25,
    "agent": "only_traj",
    "steer_traj": -0.004058077886433803,
    "throttle_traj": 0.75,
    "brake_traj": 0.0,
    "plan": [
        [
            -0.0078055597841739655,
            2.931208372116089
        ],
        [
            -0.03370121866464615,
            6.653512001037598
        ],
        [
            -0.08705699443817139,
            10.617570877075195
        ],
        [
            -0.11162073165178299,
            14.73411750793457
        ],
        [
            -0.13703757524490356,
            19.053176879882812
        ],
        [
            -0.16999126970767975,
            23.264394760131836
        ]
    ]
}