{
    "speed": 4.987911922271109,
    "steer": -0.0035091640893369913,
    "throttle": 0.75,
    "brake": 0.0,
    "wp_4": [
        -0.08146017789840698,
        15.065990447998047
    ],
    "wp_3": [
        -0.06831836700439453,
        10.920639991760254
    ],
    "wp_2": [
        -0.032688118517398834,
        6.920502662658691
    ],
    "wp_1": [
        -0.0036280490458011627,
        3.1066431999206543
    ],
    "aim": [
        -0.0036280490458011627,
        3.1066431999206543
    ],
    "target": [
        0.8777198709725897,
        6.742764359714118
    ],
    "desired_speed": 8.195557594299316,
    "angle": -0.0007434559731956908,
    "angle_last": -0.00122278347094903,
    "angle_target": 0.0824067696244851,
    "angle_final": -0.0007434559731956908,
    "delta": 0.25,
    "agent": "only_traj",
    "steer_traj": -0.003509164041961419,
    "throttle_traj": 0.75,
    "brake_traj": 0.0,
    "plan": [
        [
            -0.0036280490458011627,
            3.1066431999206543
        ],
        [
            -0.032688118517398834,
            6.920502662658691
        ],
        [
            -0.06831836700439453,
            10.920639991760254
        ],
        [
            -0.08146017789840698,
            15.065990447998047
        ],
        [
            -0.0891515240073204,
            19.38637924194336
        ],
        [
            -0.09723570942878723,
            23.595232009887695
        ]
    ]
}