{
    "speed": 5.1263870033828765,
    "steer": -0.005766180343925953,
    "throttle": 0.0,
    "brake": 0.0,
    "wp_4": [
        -0.13042257726192474,
        15.302619934082031
    ],
    "wp_3": [
        -0.10514464974403381,
        11.144500732421875
    ],
    "wp_2": [
        -0.050059977918863297,
        7.103654384613037
    ],
    "wp_1": [
        -0.012798849493265152,
        3.231200933456421
    ],
    "aim": [
        -0.012798849493265152,
        3.231200933456421
    ],
    "target": [
        0.41437743262968496,
        5.623550580797618
    ],
    "desired_speed": 8.234204578399657,
    "angle": -0.0025216577781131213,
    "angle_last": -0.004811668424836842,
    "angle_target": 0.0468253934263666,
    "angle_final": -0.0025216577781131213,
    "delta": 0.25,
    "agent": "only_traj",
    "steer_traj": -0.005766180131807052,
    "throttle_traj": 0.0,
    "brake_traj": 0.0,
    "plan": [
        [
            -0.012798849493265152,
            3.231200933456421
        ],
        [
            -0.050059977918863297,
            7.103654384613037
        ],
        [
            -0.10514464974403381,
            11.144500732421875
        ],
        [
            -0.13042257726192474,
            15.302619934082031
        ],
        [
            -0.1586998552083969,
            19.623823165893555
        ],
        [
            -0.1903848797082901,
            23.815868377685547
        ]
    ]
}