{
    "speed": 5.199924938230442,
    "steer": -0.003964315168559551,
    "throttle": 0.0,
    "brake": 0.0,
    "wp_4": [
        -0.08811280131340027,
        15.30119514465332
    ],
    "wp_3": [
        -0.07330507040023804,
        11.141891479492188
    ],
    "wp_2": [
        -0.03797319903969765,
        7.11136531829834
    ],
    "wp_1": [
        -0.0065044499933719635,
        3.2331440448760986
    ],
    "aim": [
        -0.0065044499933719635,
        3.2331440448760986
    ],
    "target": [
        0.14729330618804518,
        7.047037955461542
    ],
    "desired_speed": 8.235979270935058,
    "angle": -0.0012807641879033606,
    "angle_last": -0.0012711260320745648,
    "angle_target": 0.01330433866454643,
    "angle_final": -0.0012807641879033606,
    "delta": 0.25,
    "agent": "only_traj",
    "steer_traj": -0.003964315041646376,
    "throttle_traj": 0.0,
    "brake_traj": 0.0,
    "plan": [
        [
            -0.0065044499933719635,
            3.2331440448760986
        ],
        [
            -0.03797319903969765,
            7.11136531829834
        ],
        [
            -0.07330507040023804,
            11.141891479492188
        ],
        [
            -0.08811280131340027,
            15.30119514465332
        ],
        [
            -0.09732743352651596,
            19.622827529907227
        ],
        [
            -0.10571363568305969,
            23.822765350341797
        ]
    ]
}