{
    "speed": 4.979138947265503,
    "steer": -0.0038948978763073683,
    "throttle": 0.75,
    "brake": 0.0,
    "wp_4": [
        -0.09621988981962204,
        14.689123153686523
    ],
    "wp_3": [
        -0.07951480150222778,
        10.543537139892578
    ],
    "wp_2": [
        -0.02706853114068508,
        6.566807270050049
    ],
    "wp_1": [
        -0.006642375141382217,
        2.8595118522644043
    ],
    "aim": [
        -0.006642375141382217,
        2.8595118522644043
    ],
    "target": [
        -0.011252075332921982,
        5.813820791242557
    ],
    "desired_speed": 8.179008102416992,
    "angle": -0.0014787637828429525,
    "angle_last": -0.004990012253164952,
    "angle_target": -0.0012321130888457534,
    "angle_final": -0.0012321130888457534,
    "delta": 0.25,
    "agent": "only_traj",
    "steer_traj": -0.003894897928276794,
    "throttle_traj": 0.75,
    "brake_traj": 0.0,
    "plan": [
        [
            -0.006642375141382217,
            2.8595118522644043
        ],
        [
            -0.02706853114068508,
            6.566807270050049
        ],
        [
            -0.07951480150222778,
            10.543537139892578
        ],
        [
            -0.09621988981962204,
            14.689123153686523
        ],
        [
            -0.12268249690532684,
            19.043228149414062
        ],
        [
            -0.15609903633594513,
            23.306385040283203
        ]
    ]
}