{
    "speed": 4.91610120002695,
    "steer": -0.004086693283170462,
    "throttle": 0.75,
    "brake": 0.0,
    "wp_4": [
        -0.08013904094696045,
        14.80851936340332
    ],
    "wp_3": [
        -0.06751105189323425,
        10.66023063659668
    ],
    "wp_2": [
        -0.022382324561476707,
        6.665392875671387
    ],
    "wp_1": [
        -0.004182819277048111,
        2.9269981384277344
    ],
    "aim": [
        -0.004182819277048111,
        2.9269981384277344
    ],
    "target": [
        1.0556577204489281,
        4.764936796419794
    ],
    "desired_speed": 8.191574573516846,
    "angle": -0.0009097331339901123,
    "angle_last": -0.003037564733421418,
    "angle_target": 0.1387993190342633,
    "angle_final": -0.0009097331339901123,
    "delta": 0.25,
    "agent": "only_traj",
    "steer_traj": -0.004086693509116695,
    "throttle_traj": 0.75,
    "brake_traj": 0.0,
    "plan": [
        [
            -0.004182819277048111,
            2.9269981384277344
        ],
        [
            -0.022382324561476707,
            6.665392875671387
        ],
        [
            -0.06751105189323425,
            10.66023063659668
        ],
        [
            -0.08013904094696045,
            14.80851936340332
        ],
        [
            -0.09844717383384705,
            19.16059112548828
        ],
        [
            -0.11870166659355164,
            23.405529022216797
        ]
    ]
}