{
    "speed": 4.886263908077375,
    "steer": -0.011679518967866898,
    "throttle": 0.75,
    "brake": 0.0,
    "wp_4": [
        -0.0444171205163002,
        13.212602615356445
    ],
    "wp_3": [
        -0.07624843716621399,
        9.145028114318848
    ],
    "wp_2": [
        -0.01717544160783291,
        5.382124423980713
    ],
    "wp_1": [
        -0.029579464346170425,
        2.1454789638519287
    ],
    "aim": [
        -0.029579464346170425,
        2.1454789638519287
    ],
    "target": [
        -0.7272622879827744,
        5.4417996937330715
    ],
    "desired_speed": 8.022092914581298,
    "angle": -0.008776441456047687,
    "angle_last": 0.006987635148341742,
    "angle_target": -0.08457905755555281,
    "angle_final": -0.008776441456047687,
    "delta": 0.25,
    "agent": "only_traj",
    "steer_traj": -0.011679518765321225,
    "throttle_traj": 0.75,
    "brake_traj": 0.0,
    "plan": [
        [
            -0.029579464346170425,
            2.1454789638519287
        ],
        [
            -0.01717544160783291,
            5.382124423980713
        ],
        [
            -0.07624843716621399,
            9.145028114318848
        ],
        [
            -0.0444171205163002,
            13.212602615356445
        ],
        [
            -0.058695558458566666,
            17.651382446289062
        ],
        [
            -0.008769236505031586,
            22.19980239868164
        ]
    ]
}