{
    "speed": 4.983352032655653,
    "steer": -0.0010887626558542252,
    "throttle": 0.75,
    "brake": 0.0,
    "wp_4": [
        0.0014808271080255508,
        15.623604774475098
    ],
    "wp_3": [
        -0.022705793380737305,
        11.441753387451172
    ],
    "wp_2": [
        -0.023830091580748558,
        7.378303527832031
    ],
    "wp_1": [
        -0.0009185411036014557,
        3.433892250061035
    ],
    "aim": [
        -0.0009185411036014557,
        3.433892250061035
    ],
    "target": [
        -0.7083739806344465,
        4.528647171744462
    ],
    "desired_speed": 8.280779170989991,
    "angle": -0.00017025131985006517,
    "angle_last": 0.0075581836170101405,
    "angle_target": -0.0987800442199165,
    "angle_final": -0.00017025131985006517,
    "delta": 0.25,
    "agent": "only_traj",
    "steer_traj": -0.0010887626191267764,
    "throttle_traj": 0.75,
    "brake_traj": 0.0,
    "plan": [
        [
            -0.0009185411036014557,
            3.433892250061035
        ],
        [
            -0.023830091580748558,
            7.378303527832031
        ],
        [
            -0.022705793380737305,
            11.441753387451172
        ],
        [
            0.0014808271080255508,
            15.623604774475098
        ],
        [
            0.03695844113826752,
            19.93750762939453
        ],
        [
            0.0867980569601059,
            24.13526153564453
        ]
    ]
}