{
    "speed": 5.121978179570035,
    "steer": -0.0032938180956989527,
    "throttle": 0.0,
    "brake": 0.0,
    "wp_4": [
        0.025158314034342766,
        15.542231559753418
    ],
    "wp_3": [
        0.00033339858055114746,
        11.36798095703125
    ],
    "wp_2": [
        -0.012032633647322655,
        7.3325958251953125
    ],
    "wp_1": [
        0.0006755553185939789,
        3.403252601623535
    ],
    "aim": [
        0.0006755553185939789,
        3.403252601623535
    ],
    "target": [
        -0.5584005186901984,
        5.246610115578536
    ],
    "desired_speed": 8.234475708007812,
    "angle": 0.000126406563100822,
    "angle_last": 0.007955017607787883,
    "angle_target": -0.06750179381153944,
    "angle_final": 0.000126406563100822,
    "delta": 0.25,
    "agent": "only_traj",
    "steer_traj": -0.00329381804486154,
    "throttle_traj": 0.0,
    "brake_traj": 0.0,
    "plan": [
        [
            0.0006755553185939789,
            3.403252601623535
        ],
        [
            -0.012032633647322655,
            7.3325958251953125
        ],
        [
            0.00033339858055114746,
            11.36798095703125
        ],
        [
            0.025158314034342766,
            15.542231559753418
        ],
        [
            0.06346720457077026,
            19.824186325073242
        ],
        [
            0.11551019549369812,
            23.988832473754883
        ]
    ]
}