{
    "speed": 5.168580644960361,
    "steer": -0.003987547475844622,
    "throttle": 0.0,
    "brake": 0.0,
    "wp_4": [
        0.01619609445333481,
        15.664579391479492
    ],
    "wp_3": [
        -0.017329141497612,
        11.507148742675781
    ],
    "wp_2": [
        -0.019059499725699425,
        7.4603142738342285
    ],
    "wp_1": [
        -0.003125149756669998,
        3.502772331237793
    ],
    "aim": [
        -0.003125149756669998,
        3.502772331237793
    ],
    "target": [
        -0.7364733649646039,
        2.867961325447756
    ],
    "desired_speed": 8.286186981201173,
    "angle": -0.0005679960025171411,
    "angle_last": 0.008207734607078352,
    "angle_target": -0.16002208519585687,
    "angle_final": -0.0005679960025171411,
    "delta": 0.25,
    "agent": "only_traj",
    "steer_traj": -0.003987547552255041,
    "throttle_traj": 0.0,
    "brake_traj": 0.0,
    "plan": [
        [
            -0.003125149756669998,
            3.502772331237793
        ],
        [
            -0.019059499725699425,
            7.4603142738342285
        ],
        [
            -0.017329141497612,
            11.507148742675781
        ],
        [
            0.01619609445333481,
            15.664579391479492
        ],
        [
            0.04965990409255028,
            19.9780330657959
        ],
        [
            0.10432197898626328,
            24.21759033203125
        ]
    ]
}