{
    "speed": 5.0431178378867605,
    "steer": -0.0019154218025505543,
    "throttle": 0.0,
    "brake": 0.0,
    "wp_4": [
        0.05335914343595505,
        15.448404312133789
    ],
    "wp_3": [
        0.012945979833602905,
        11.253637313842773
    ],
    "wp_2": [
        7.306970655918121e-05,
        7.221498966217041
    ],
    "wp_1": [
        0.0056384168565273285,
        3.3097147941589355
    ],
    "aim": [
        0.0056384168565273285,
        3.3097147941589355
    ],
    "target": [
        1.1507543497941075,
        2.860484137209088
    ],
    "desired_speed": 8.285085678100586,
    "angle": 0.001084530321672055,
    "angle_last": 0.011827203630249665,
    "angle_target": 0.24349561638730274,
    "angle_final": 0.001084530321672055,
    "delta": 0.25,
    "agent": "only_traj",
    "steer_traj": -0.001915421837329497,
    "throttle_traj": 0.0,
    "brake_traj": 0.0,
    "plan": [
        [
            0.0056384168565273285,
            3.3097147941589355
        ],
        [
            7.306970655918121e-05,
            7.221498966217041
        ],
        [
            0.012945979833602905,
            11.253637313842773
        ],
        [
            0.05335914343595505,
            15.448404312133789
        ],
        [
            0.10515540838241577,
            19.775588989257812
        ],
        [
            0.1840391755104065,
            24.021167755126953
        ]
    ]
}