{
    "speed": 5.000320043837711,
    "steer": -0.0038316796999424696,
    "throttle": 0.0,
    "brake": 0.0,
    "wp_4": [
        0.0028725583106279373,
        15.363336563110352
    ],
    "wp_3": [
        -0.016029298305511475,
        11.19415283203125
    ],
    "wp_2": [
        -0.014149462804198265,
        7.180903434753418
    ],
    "wp_1": [
        -0.0019221045076847076,
        3.2899837493896484
    ],
    "aim": [
        -0.0019221045076847076,
        3.2899837493896484
    ],
    "target": [
        0.058338983026230806,
        3.5902260516126896
    ],
    "desired_speed": 8.236182975769044,
    "angle": -0.0003718936823469972,
    "angle_last": 0.006891177699063006,
    "angle_target": 0.010343772579196435,
    "angle_final": -0.0003718936823469972,
    "delta": 0.25,
    "agent": "only_traj",
    "steer_traj": -0.003831679789483195,
    "throttle_traj": 0.0,
    "brake_traj": 0.0,
    "plan": [
        [
            -0.0019221045076847076,
            3.2899837493896484
        ],
        [
            -0.014149462804198265,
            7.180903434753418
        ],
        [
            -0.016029298305511475,
            11.19415283203125
        ],
        [
            0.0028725583106279373,
            15.363336563110352
        ],
        [
            0.026048844680190086,
            19.665237426757812
        ],
        [
            0.07167443633079529,
            23.880069732666016
        ]
    ]
}