{
    "speed": 4.867860685687527,
    "steer": -0.0023456227499991655,
    "throttle": 0.75,
    "brake": 0.0,
    "wp_4": [
        0.02828431874513626,
        15.13395881652832
    ],
    "wp_3": [
        -0.0031104236841201782,
        10.936858177185059
    ],
    "wp_2": [
        -0.005900135263800621,
        6.922784805297852
    ],
    "wp_1": [
        0.002685796469449997,
        3.097158432006836
    ],
    "aim": [
        0.002685796469449997,
        3.097158432006836
    ],
    "target": [
        0.12282049940132211,
        3.780647131869352
    ],
    "desired_speed": 8.263516807556153,
    "angle": 0.0005520791303741722,
    "angle_last": 0.00993099133467257,
    "angle_target": 0.020674362432515546,
    "angle_final": 0.0005520791303741722,
    "delta": 0.25,
    "agent": "only_traj",
    "steer_traj": -0.0023456227251588274,
    "throttle_traj": 0.75,
    "brake_traj": 0.0,
    "plan": [
        [
            0.002685796469449997,
            3.097158432006836
        ],
        [
            -0.005900135263800621,
            6.922784805297852
        ],
        [
            -0.0031104236841201782,
            10.936858177185059
        ],
        [
            0.02828431874513626,
            15.13395881652832
        ],
        [
            0.06339158117771149,
            19.48575782775879
        ],
        [
            0.1299978345632553,
            23.75516128540039
        ]
    ]
}