{
    "speed": 4.7510590500979015,
    "steer": -0.0018852067878469825,
    "throttle": 0.75,
    "brake": 0.0,
    "wp_4": [
        0.05007604509592056,
        15.254307746887207
    ],
    "wp_3": [
        0.00653974711894989,
        11.069976806640625
    ],
    "wp_2": [
        -0.0030519869178533554,
        7.0558977127075195
    ],
    "wp_1": [
        0.005581270903348923,
        3.1933884620666504
    ],
    "aim": [
        0.005581270903348923,
        3.1933884620666504
    ],
    "target": [
        0.45774538016173655,
        2.8097385817704357
    ],
    "desired_speed": 8.256241035461427,
    "angle": 0.0011126858792506631,
    "angle_last": 0.011797757925827834,
    "angle_target": 0.10281097282362459,
    "angle_final": 0.0011126858792506631,
    "delta": 0.25,
    "agent": "only_traj",
    "steer_traj": -0.0018852067879886539,
    "throttle_traj": 0.75,
    "brake_traj": 0.0,
    "plan": [
        [
            0.005581270903348923,
            3.1933884620666504
        ],
        [
            -0.0030519869178533554,
            7.0558977127075195
        ],
        [
            0.00653974711894989,
            11.069976806640625
        ],
        [
            0.05007604509592056,
            15.254307746887207
        ],
        [
            0.09730727970600128,
            19.584964752197266
        ],
        [
            0.1760358214378357,
            23.83275604248047
        ]
    ]
}