{
    "speed": 4.669364935988588,
    "steer": -0.002427733037620783,
    "throttle": 0.75,
    "brake": 0.0,
    "wp_4": [
        0.05519969016313553,
        15.121265411376953
    ],
    "wp_3": [
        0.0061902254819869995,
        10.945894241333008
    ],
    "wp_2": [
        -0.001143505796790123,
        6.948296546936035
    ],
    "wp_1": [
        0.002900790423154831,
        3.1232612133026123
    ],
    "aim": [
        0.002900790423154831,
        3.1232612133026123
    ],
    "target": [
        0.10132978332485051,
        1.5122647706092336
    ],
    "desired_speed": 8.246511077880859,
    "angle": 0.0005912388816155786,
    "angle_last": 0.012257126093006578,
    "angle_target": 0.042593243240770524,
    "angle_final": 0.0005912388816155786,
    "delta": 0.25,
    "agent": "only_traj",
    "steer_traj": -0.002427732982630997,
    "throttle_traj": 0.75,
    "brake_traj": 0.0,
    "plan": [
        [
            0.002900790423154831,
            3.1232612133026123
        ],
        [
            -0.001143505796790123,
            6.948296546936035
        ],
        [
            0.0061902254819869995,
            10.945894241333008
        ],
        [
            0.05519969016313553,
            15.121265411376953
        ],
        [
            0.09870289266109467,
            19.461410522460938
        ],
        [
            0.1810564547777176,
            23.738231658935547
        ]
    ]
}